ISO-10303-21;
HEADER;
FILE_DESCRIPTION(('auto-generated'),'2;1');
FILE_SCHEMA(('CONFIG_CONTROL_DESIGN'));
ENDSEC;
DATA;
#10=CARTESIAN_POINT('',(0.0,0.0,0.0));
#11=DIRECTION('',(0.0,0.0,1.0));
#12=DIRECTION('',(1.0,0.0,0.0));
#13=AXIS2_PLACEMENT_3D('',#10,#11,#12);
#14=CARTESIAN_POINT('',(-0.03426,-0.028138,0.0));
#15=VERTEX_POINT('',#14);
#16=CARTESIAN_POINT('',(-0.03426,-0.039114,0.0));
#17=VERTEX_POINT('',#16);
#18=CARTESIAN_POINT('',(0.019398,-0.039114,0.0));
#19=VERTEX_POINT('',#18);
#20=CARTESIAN_POINT('',(-0.031821,0.049911,0.0));
#21=VERTEX_POINT('',#20);
#22=CARTESIAN_POINT('',(0.005984,0.049911,0.0));
#23=VERTEX_POINT('',#22);
#24=CARTESIAN_POINT('',(0.005984,0.016984,0.0));
#25=VERTEX_POINT('',#24);
#26=CARTESIAN_POINT('',(0.038911,-0.033931,0.0));
#27=VERTEX_POINT('',#26);
#28=CARTESIAN_POINT('',(0.038911,-0.022955,0.0));
#29=VERTEX_POINT('',#28);
#30=CARTESIAN_POINT('',(0.019398,0.060886,0.0));
#31=VERTEX_POINT('',#30);
#32=CARTESIAN_POINT('',(0.005984,0.006008,0.0));
#33=VERTEX_POINT('',#32);
#34=CARTESIAN_POINT('',(0.005984,-0.028138,0.0));
#35=VERTEX_POINT('',#34);
#36=CARTESIAN_POINT('',(-0.029382,0.006008,0.0));
#37=VERTEX_POINT('',#36);
#38=CARTESIAN_POINT('',(-0.029382,0.016984,0.0));
#39=VERTEX_POINT('',#38);
#40=CARTESIAN_POINT('',(0.088442,-0.035719,0.0));
#41=VERTEX_POINT('',#40);
#42=CARTESIAN_POINT('',(0.121838,-0.039114,0.0));
#43=VERTEX_POINT('',#42);
#44=CARTESIAN_POINT('',(0.078749,-0.039055,0.0));
#45=VERTEX_POINT('',#44);
#46=CARTESIAN_POINT('',(0.072307,-0.039723,0.0));
#47=VERTEX_POINT('',#46);
#48=CARTESIAN_POINT('',(-0.031821,0.060886,0.0));
#49=VERTEX_POINT('',#48);
#50=CARTESIAN_POINT('',(0.108023,0.034548,0.0));
#51=VERTEX_POINT('',#50);
#52=CARTESIAN_POINT('',(0.102162,0.043897,0.0));
#53=VERTEX_POINT('',#52);
#54=CARTESIAN_POINT('',(0.159642,0.060886,0.0));
#55=VERTEX_POINT('',#54);
#56=CARTESIAN_POINT('',(0.072176,0.050025,0.0));
#57=VERTEX_POINT('',#56);
#58=CARTESIAN_POINT('',(0.079661,0.047323,0.0));
#59=VERTEX_POINT('',#58);
#60=CARTESIAN_POINT('',(0.040703,-0.023948,0.0));
#61=VERTEX_POINT('',#60);
#62=CARTESIAN_POINT('',(0.086582,0.042693,0.0));
#63=VERTEX_POINT('',#62);
#64=CARTESIAN_POINT('',(0.092621,0.036026,0.0));
#65=VERTEX_POINT('',#64);
#66=CARTESIAN_POINT('',(0.099886,0.009819,0.0));
#67=VERTEX_POINT('',#66);
#68=CARTESIAN_POINT('',(0.098874,-0.001006,0.0));
#69=VERTEX_POINT('',#68);
#70=CARTESIAN_POINT('',(0.096157,-0.009608,0.0));
#71=VERTEX_POINT('',#70);
#72=CARTESIAN_POINT('',(0.073905,-0.028311,0.0));
#73=VERTEX_POINT('',#72);
#74=CARTESIAN_POINT('',(0.064578,-0.029357,0.0));
#75=VERTEX_POINT('',#74);
#76=CARTESIAN_POINT('',(0.081191,-0.025629,0.0));
#77=VERTEX_POINT('',#76);
#78=CARTESIAN_POINT('',(0.087329,-0.021492,0.0));
#79=VERTEX_POINT('',#78);
#80=CARTESIAN_POINT('',(0.092021,-0.016542,0.0));
#81=VERTEX_POINT('',#80);
#82=CARTESIAN_POINT('',(0.051304,-0.027884,0.0));
#83=VERTEX_POINT('',#82);
#84=CARTESIAN_POINT('',(0.096744,0.028305,0.0));
#85=VERTEX_POINT('',#84);
#86=CARTESIAN_POINT('',(0.099409,0.0176,0.0));
#87=VERTEX_POINT('',#86);
#88=CARTESIAN_POINT('',(0.093134,0.05258,0.0));
#89=VERTEX_POINT('',#88);
#90=CARTESIAN_POINT('',(0.173057,0.060886,0.0));
#91=VERTEX_POINT('',#90);
#92=CARTESIAN_POINT('',(0.173057,-0.039114,0.0));
#93=VERTEX_POINT('',#92);
#94=CARTESIAN_POINT('',(0.096486,-0.030582,0.0));
#95=VERTEX_POINT('',#94);
#96=CARTESIAN_POINT('',(0.103997,-0.022675,0.0));
#97=VERTEX_POINT('',#96);
#98=CARTESIAN_POINT('',(0.121838,-0.028138,0.0));
#99=VERTEX_POINT('',#98);
#100=CARTESIAN_POINT('',(0.109324,-0.013166,0.0));
#101=VERTEX_POINT('',#100);
#102=CARTESIAN_POINT('',(0.159642,-0.028138,0.0));
#103=VERTEX_POINT('',#102);
#104=CARTESIAN_POINT('',(0.112334,-0.002581,0.0));
#105=VERTEX_POINT('',#104);
#106=CARTESIAN_POINT('',(0.113301,0.009,0.0));
#107=VERTEX_POINT('',#106);
#108=CARTESIAN_POINT('',(0.111862,0.023217,0.0));
#109=VERTEX_POINT('',#108);
#110=CARTESIAN_POINT('',(0.083635,0.058047,0.0));
#111=VERTEX_POINT('',#110);
#112=CARTESIAN_POINT('',(0.072487,0.061286,0.0));
#113=VERTEX_POINT('',#112);
#114=CARTESIAN_POINT('',(0.062443,0.062106,0.0));
#115=VERTEX_POINT('',#114);
#116=CARTESIAN_POINT('',(0.050472,0.06128,0.0));
#117=VERTEX_POINT('',#116);
#118=CARTESIAN_POINT('',(0.038911,0.058143,0.0));
#119=VERTEX_POINT('',#118);
#120=CARTESIAN_POINT('',(0.038911,0.044728,0.0));
#121=VERTEX_POINT('',#120);
#122=CARTESIAN_POINT('',(0.050175,0.049551,0.0));
#123=VERTEX_POINT('',#122);
#124=CARTESIAN_POINT('',(0.062329,0.05113,0.0));
#125=VERTEX_POINT('',#124);
#126=CARTESIAN_POINT('',(0.066426,-0.040333,0.0));
#127=VERTEX_POINT('',#126);
#128=CARTESIAN_POINT('',(0.063692,-0.040286,0.0));
#129=VERTEX_POINT('',#128);
#130=CARTESIAN_POINT('',(0.059675,-0.039723,0.0));
#131=VERTEX_POINT('',#130);
#132=CARTESIAN_POINT('',(0.04957,-0.038307,0.0));
#133=VERTEX_POINT('',#132);
#134=CARTESIAN_POINT('',(-0.141577,-0.039114,0.0));
#135=VERTEX_POINT('',#134);
#136=CARTESIAN_POINT('',(-0.129267,-0.011706,0.0));
#137=VERTEX_POINT('',#136);
#138=CARTESIAN_POINT('',(-0.123532,-0.02065,0.0));
#139=VERTEX_POINT('',#138);
#140=CARTESIAN_POINT('',(-0.217187,-0.039114,0.0));
#141=VERTEX_POINT('',#140);
#142=CARTESIAN_POINT('',(-0.231821,-0.039114,0.0));
#143=VERTEX_POINT('',#142);
#144=CARTESIAN_POINT('',(-0.192797,0.060886,0.0));
#145=VERTEX_POINT('',#144);
#146=CARTESIAN_POINT('',(-0.179382,0.060886,0.0));
#147=VERTEX_POINT('',#146);
#148=CARTESIAN_POINT('',(-0.115301,-0.028531,0.0));
#149=VERTEX_POINT('',#148);
#150=CARTESIAN_POINT('',(-0.10486,-0.034599,0.0));
#151=VERTEX_POINT('',#150);
#152=CARTESIAN_POINT('',(-0.093337,-0.038034,0.0));
#153=VERTEX_POINT('',#152);
#154=CARTESIAN_POINT('',(-0.080964,-0.039114,0.0));
#155=VERTEX_POINT('',#154);
#156=CARTESIAN_POINT('',(-0.053772,-0.039114,0.0));
#157=VERTEX_POINT('',#156);
#158=CARTESIAN_POINT('',(-0.053772,0.060886,0.0));
#159=VERTEX_POINT('',#158);
#160=CARTESIAN_POINT('',(-0.081993,0.060886,0.0));
#161=VERTEX_POINT('',#160);
#162=CARTESIAN_POINT('',(-0.119129,0.047848,0.0));
#163=VERTEX_POINT('',#162);
#164=CARTESIAN_POINT('',(-0.1262,0.040006,0.0));
#165=VERTEX_POINT('',#164);
#166=CARTESIAN_POINT('',(-0.130847,0.031406,0.0));
#167=VERTEX_POINT('',#166);
#168=CARTESIAN_POINT('',(-0.09644,0.059342,0.0));
#169=VERTEX_POINT('',#168);
#170=CARTESIAN_POINT('',(-0.10814,0.055234,0.0));
#171=VERTEX_POINT('',#170);
#172=CARTESIAN_POINT('',(-0.119024,0.047939,0.0));
#173=VERTEX_POINT('',#172);
#174=CARTESIAN_POINT('',(-0.156211,-0.039114,0.0));
#175=VERTEX_POINT('',#174);
#176=CARTESIAN_POINT('',(-0.165758,-0.011065,0.0));
#177=VERTEX_POINT('',#176);
#178=CARTESIAN_POINT('',(-0.207069,-0.011065,0.0));
#179=VERTEX_POINT('',#178);
#180=CARTESIAN_POINT('',(-0.133533,0.021554,0.0));
#181=VERTEX_POINT('',#180);
#182=CARTESIAN_POINT('',(-0.13426,0.012144,0.0));
#183=VERTEX_POINT('',#182);
#184=CARTESIAN_POINT('',(-0.132857,-0.001239,0.0));
#185=VERTEX_POINT('',#184);
#186=CARTESIAN_POINT('',(-0.192797,0.060886,0.001));
#187=VERTEX_POINT('',#186);
#188=CARTESIAN_POINT('',(-0.231821,-0.039114,0.001));
#189=VERTEX_POINT('',#188);
#190=CARTESIAN_POINT('',(-0.217187,-0.039114,0.001));
#191=VERTEX_POINT('',#190);
#192=CARTESIAN_POINT('',(-0.207069,-0.011065,0.001));
#193=VERTEX_POINT('',#192);
#194=CARTESIAN_POINT('',(-0.165758,-0.011065,0.001));
#195=VERTEX_POINT('',#194);
#196=CARTESIAN_POINT('',(-0.156211,-0.039114,0.001));
#197=VERTEX_POINT('',#196);
#198=CARTESIAN_POINT('',(-0.141577,-0.039114,0.001));
#199=VERTEX_POINT('',#198);
#200=CARTESIAN_POINT('',(-0.179382,0.060886,0.001));
#201=VERTEX_POINT('',#200);
#202=CARTESIAN_POINT('',(-0.16913,-8.9e-05,0.001));
#203=VERTEX_POINT('',#202);
#204=CARTESIAN_POINT('',(-0.202572,-8.9e-05,0.001));
#205=VERTEX_POINT('',#204);
#206=CARTESIAN_POINT('',(-0.18405,0.041679,0.001));
#207=VERTEX_POINT('',#206);
#208=CARTESIAN_POINT('',(-0.185013,0.045147,0.001));
#209=VERTEX_POINT('',#208);
#210=CARTESIAN_POINT('',(-0.185651,0.048691,0.001));
#211=VERTEX_POINT('',#210);
#212=CARTESIAN_POINT('',(-0.185975,0.048691,0.001));
#213=VERTEX_POINT('',#212);
#214=CARTESIAN_POINT('',(-0.186628,0.045158,0.001));
#215=VERTEX_POINT('',#214);
#216=CARTESIAN_POINT('',(-0.187518,0.041679,0.001));
#217=VERTEX_POINT('',#216);
#218=CARTESIAN_POINT('',(-0.16913,-8.9e-05,0.0));
#219=VERTEX_POINT('',#218);
#220=CARTESIAN_POINT('',(-0.202572,-8.9e-05,0.0));
#221=VERTEX_POINT('',#220);
#222=CARTESIAN_POINT('',(-0.18405,0.041679,0.0));
#223=VERTEX_POINT('',#222);
#224=CARTESIAN_POINT('',(-0.185013,0.045147,-0.0));
#225=VERTEX_POINT('',#224);
#226=CARTESIAN_POINT('',(-0.185651,0.048691,0.0));
#227=VERTEX_POINT('',#226);
#228=CARTESIAN_POINT('',(-0.185975,0.048691,0.0));
#229=VERTEX_POINT('',#228);
#230=CARTESIAN_POINT('',(-0.186628,0.045158,0.0));
#231=VERTEX_POINT('',#230);
#232=CARTESIAN_POINT('',(-0.187518,0.041679,0.0));
#233=VERTEX_POINT('',#232);
#234=CARTESIAN_POINT('',(-0.080964,-0.039114,0.001));
#235=VERTEX_POINT('',#234);
#236=CARTESIAN_POINT('',(-0.053772,-0.039114,0.001));
#237=VERTEX_POINT('',#236);
#238=CARTESIAN_POINT('',(-0.053772,0.060886,0.001));
#239=VERTEX_POINT('',#238);
#240=CARTESIAN_POINT('',(-0.081993,0.060886,0.001));
#241=VERTEX_POINT('',#240);
#242=CARTESIAN_POINT('',(-0.13426,0.012144,0.001));
#243=VERTEX_POINT('',#242);
#244=CARTESIAN_POINT('',(-0.133533,0.021554,0.001));
#245=VERTEX_POINT('',#244);
#246=CARTESIAN_POINT('',(-0.130847,0.031406,0.001));
#247=VERTEX_POINT('',#246);
#248=CARTESIAN_POINT('',(-0.1262,0.040006,0.001));
#249=VERTEX_POINT('',#248);
#250=CARTESIAN_POINT('',(-0.119129,0.047848,0.001));
#251=VERTEX_POINT('',#250);
#252=CARTESIAN_POINT('',(-0.119024,0.047939,0.001));
#253=VERTEX_POINT('',#252);
#254=CARTESIAN_POINT('',(-0.10814,0.055234,0.001));
#255=VERTEX_POINT('',#254);
#256=CARTESIAN_POINT('',(-0.09644,0.059342,0.001));
#257=VERTEX_POINT('',#256);
#258=CARTESIAN_POINT('',(-0.093337,-0.038034,0.001));
#259=VERTEX_POINT('',#258);
#260=CARTESIAN_POINT('',(-0.10486,-0.034599,0.001));
#261=VERTEX_POINT('',#260);
#262=CARTESIAN_POINT('',(-0.115301,-0.028531,0.001));
#263=VERTEX_POINT('',#262);
#264=CARTESIAN_POINT('',(-0.123532,-0.02065,0.001));
#265=VERTEX_POINT('',#264);
#266=CARTESIAN_POINT('',(-0.129267,-0.011706,0.001));
#267=VERTEX_POINT('',#266);
#268=CARTESIAN_POINT('',(-0.132857,-0.001239,0.001));
#269=VERTEX_POINT('',#268);
#270=CARTESIAN_POINT('',(-0.114187,0.035888,0.001));
#271=VERTEX_POINT('',#270);
#272=CARTESIAN_POINT('',(-0.10933,0.041045,0.001));
#273=VERTEX_POINT('',#272);
#274=CARTESIAN_POINT('',(-0.102026,0.045764,0.001));
#275=VERTEX_POINT('',#274);
#276=CARTESIAN_POINT('',(-0.093771,0.048653,0.001));
#277=VERTEX_POINT('',#276);
#278=CARTESIAN_POINT('',(-0.081935,0.049911,0.001));
#279=VERTEX_POINT('',#278);
#280=CARTESIAN_POINT('',(-0.067187,0.049911,0.001));
#281=VERTEX_POINT('',#280);
#282=CARTESIAN_POINT('',(-0.067187,-0.028138,0.001));
#283=VERTEX_POINT('',#282);
#284=CARTESIAN_POINT('',(-0.081383,-0.028138,0.001));
#285=VERTEX_POINT('',#284);
#286=CARTESIAN_POINT('',(-0.091933,-0.027156,0.001));
#287=VERTEX_POINT('',#286);
#288=CARTESIAN_POINT('',(-0.100348,-0.024529,0.001));
#289=VERTEX_POINT('',#288);
#290=CARTESIAN_POINT('',(-0.107168,-0.02048,0.001));
#291=VERTEX_POINT('',#290);
#292=CARTESIAN_POINT('',(-0.112777,-0.01494,0.001));
#293=VERTEX_POINT('',#292);
#294=CARTESIAN_POINT('',(-0.116994,-0.008045,0.001));
#295=VERTEX_POINT('',#294);
#296=CARTESIAN_POINT('',(-0.119927,0.001355,0.001));
#297=VERTEX_POINT('',#296);
#298=CARTESIAN_POINT('',(-0.120845,0.011858,0.001));
#299=VERTEX_POINT('',#298);
#300=CARTESIAN_POINT('',(-0.119996,0.021811,0.001));
#301=VERTEX_POINT('',#300);
#302=CARTESIAN_POINT('',(-0.117661,0.02972,0.001));
#303=VERTEX_POINT('',#302);
#304=CARTESIAN_POINT('',(-0.081935,0.049911,0.0));
#305=VERTEX_POINT('',#304);
#306=CARTESIAN_POINT('',(-0.067187,0.049911,0.0));
#307=VERTEX_POINT('',#306);
#308=CARTESIAN_POINT('',(-0.093771,0.048653,0.0));
#309=VERTEX_POINT('',#308);
#310=CARTESIAN_POINT('',(-0.102026,0.045764,0.0));
#311=VERTEX_POINT('',#310);
#312=CARTESIAN_POINT('',(-0.10933,0.041045,0.0));
#313=VERTEX_POINT('',#312);
#314=CARTESIAN_POINT('',(-0.114187,0.035888,0.0));
#315=VERTEX_POINT('',#314);
#316=CARTESIAN_POINT('',(-0.117661,0.02972,-0.0));
#317=VERTEX_POINT('',#316);
#318=CARTESIAN_POINT('',(-0.119996,0.021811,0.0));
#319=VERTEX_POINT('',#318);
#320=CARTESIAN_POINT('',(-0.120845,0.011858,0.0));
#321=VERTEX_POINT('',#320);
#322=CARTESIAN_POINT('',(-0.119927,0.001355,0.0));
#323=VERTEX_POINT('',#322);
#324=CARTESIAN_POINT('',(-0.116994,-0.008045,-0.0));
#325=VERTEX_POINT('',#324);
#326=CARTESIAN_POINT('',(-0.112777,-0.01494,-0.0));
#327=VERTEX_POINT('',#326);
#328=CARTESIAN_POINT('',(-0.107168,-0.02048,0.0));
#329=VERTEX_POINT('',#328);
#330=CARTESIAN_POINT('',(-0.100348,-0.024529,0.0));
#331=VERTEX_POINT('',#330);
#332=CARTESIAN_POINT('',(-0.091933,-0.027156,0.0));
#333=VERTEX_POINT('',#332);
#334=CARTESIAN_POINT('',(-0.081383,-0.028138,0.0));
#335=VERTEX_POINT('',#334);
#336=CARTESIAN_POINT('',(-0.067187,-0.028138,0.0));
#337=VERTEX_POINT('',#336);
#338=CARTESIAN_POINT('',(-0.03426,-0.028138,0.001));
#339=VERTEX_POINT('',#338);
#340=CARTESIAN_POINT('',(-0.03426,-0.039114,0.001));
#341=VERTEX_POINT('',#340);
#342=CARTESIAN_POINT('',(0.019398,-0.039114,0.001));
#343=VERTEX_POINT('',#342);
#344=CARTESIAN_POINT('',(0.019398,0.060886,0.001));
#345=VERTEX_POINT('',#344);
#346=CARTESIAN_POINT('',(-0.031821,0.060886,0.001));
#347=VERTEX_POINT('',#346);
#348=CARTESIAN_POINT('',(-0.031821,0.049911,0.001));
#349=VERTEX_POINT('',#348);
#350=CARTESIAN_POINT('',(0.005984,0.049911,0.001));
#351=VERTEX_POINT('',#350);
#352=CARTESIAN_POINT('',(0.005984,0.016984,0.001));
#353=VERTEX_POINT('',#352);
#354=CARTESIAN_POINT('',(-0.029382,0.016984,0.001));
#355=VERTEX_POINT('',#354);
#356=CARTESIAN_POINT('',(-0.029382,0.006008,0.001));
#357=VERTEX_POINT('',#356);
#358=CARTESIAN_POINT('',(0.005984,0.006008,0.001));
#359=VERTEX_POINT('',#358);
#360=CARTESIAN_POINT('',(0.005984,-0.028138,0.001));
#361=VERTEX_POINT('',#360);
#362=CARTESIAN_POINT('',(0.038911,-0.022955,0.001));
#363=VERTEX_POINT('',#362);
#364=CARTESIAN_POINT('',(0.038911,-0.033931,0.001));
#365=VERTEX_POINT('',#364);
#366=CARTESIAN_POINT('',(0.04957,-0.038307,0.001));
#367=VERTEX_POINT('',#366);
#368=CARTESIAN_POINT('',(0.066426,-0.040333,0.001));
#369=VERTEX_POINT('',#368);
#370=CARTESIAN_POINT('',(0.063692,-0.040286,0.001));
#371=VERTEX_POINT('',#370);
#372=CARTESIAN_POINT('',(0.078749,-0.039055,0.001));
#373=VERTEX_POINT('',#372);
#374=CARTESIAN_POINT('',(0.088442,-0.035719,0.001));
#375=VERTEX_POINT('',#374);
#376=CARTESIAN_POINT('',(0.096486,-0.030582,0.001));
#377=VERTEX_POINT('',#376);
#378=CARTESIAN_POINT('',(0.103997,-0.022675,0.001));
#379=VERTEX_POINT('',#378);
#380=CARTESIAN_POINT('',(0.109324,-0.013166,0.001));
#381=VERTEX_POINT('',#380);
#382=CARTESIAN_POINT('',(0.112334,-0.002581,0.001));
#383=VERTEX_POINT('',#382);
#384=CARTESIAN_POINT('',(0.113301,0.009,0.001));
#385=VERTEX_POINT('',#384);
#386=CARTESIAN_POINT('',(0.062443,0.062106,0.001));
#387=VERTEX_POINT('',#386);
#388=CARTESIAN_POINT('',(0.072487,0.061286,0.001));
#389=VERTEX_POINT('',#388);
#390=CARTESIAN_POINT('',(0.083635,0.058047,0.001));
#391=VERTEX_POINT('',#390);
#392=CARTESIAN_POINT('',(0.093134,0.05258,0.001));
#393=VERTEX_POINT('',#392);
#394=CARTESIAN_POINT('',(0.102162,0.043897,0.001));
#395=VERTEX_POINT('',#394);
#396=CARTESIAN_POINT('',(0.108023,0.034548,0.001));
#397=VERTEX_POINT('',#396);
#398=CARTESIAN_POINT('',(0.111862,0.023217,0.001));
#399=VERTEX_POINT('',#398);
#400=CARTESIAN_POINT('',(0.038911,0.058143,0.001));
#401=VERTEX_POINT('',#400);
#402=CARTESIAN_POINT('',(0.050472,0.06128,0.001));
#403=VERTEX_POINT('',#402);
#404=CARTESIAN_POINT('',(0.038911,0.044728,0.001));
#405=VERTEX_POINT('',#404);
#406=CARTESIAN_POINT('',(0.062329,0.05113,0.001));
#407=VERTEX_POINT('',#406);
#408=CARTESIAN_POINT('',(0.050175,0.049551,0.001));
#409=VERTEX_POINT('',#408);
#410=CARTESIAN_POINT('',(0.099886,0.009819,0.001));
#411=VERTEX_POINT('',#410);
#412=CARTESIAN_POINT('',(0.099409,0.0176,0.001));
#413=VERTEX_POINT('',#412);
#414=CARTESIAN_POINT('',(0.096744,0.028305,0.001));
#415=VERTEX_POINT('',#414);
#416=CARTESIAN_POINT('',(0.092621,0.036026,0.001));
#417=VERTEX_POINT('',#416);
#418=CARTESIAN_POINT('',(0.086582,0.042693,0.001));
#419=VERTEX_POINT('',#418);
#420=CARTESIAN_POINT('',(0.079661,0.047323,0.001));
#421=VERTEX_POINT('',#420);
#422=CARTESIAN_POINT('',(0.072176,0.050025,0.001));
#423=VERTEX_POINT('',#422);
#424=CARTESIAN_POINT('',(0.064578,-0.029357,0.001));
#425=VERTEX_POINT('',#424);
#426=CARTESIAN_POINT('',(0.073905,-0.028311,0.001));
#427=VERTEX_POINT('',#426);
#428=CARTESIAN_POINT('',(0.081191,-0.025629,0.001));
#429=VERTEX_POINT('',#428);
#430=CARTESIAN_POINT('',(0.087329,-0.021492,0.001));
#431=VERTEX_POINT('',#430);
#432=CARTESIAN_POINT('',(0.092021,-0.016542,0.001));
#433=VERTEX_POINT('',#432);
#434=CARTESIAN_POINT('',(0.096157,-0.009608,0.001));
#435=VERTEX_POINT('',#434);
#436=CARTESIAN_POINT('',(0.098874,-0.001006,0.001));
#437=VERTEX_POINT('',#436);
#438=CARTESIAN_POINT('',(0.040703,-0.023948,0.001));
#439=VERTEX_POINT('',#438);
#440=CARTESIAN_POINT('',(0.051304,-0.027884,0.001));
#441=VERTEX_POINT('',#440);
#442=CARTESIAN_POINT('',(0.121838,-0.028138,0.001));
#443=VERTEX_POINT('',#442);
#444=CARTESIAN_POINT('',(0.121838,-0.039114,0.001));
#445=VERTEX_POINT('',#444);
#446=CARTESIAN_POINT('',(0.173057,-0.039114,0.001));
#447=VERTEX_POINT('',#446);
#448=CARTESIAN_POINT('',(0.173057,0.060886,0.001));
#449=VERTEX_POINT('',#448);
#450=CARTESIAN_POINT('',(0.159642,0.060886,0.001));
#451=VERTEX_POINT('',#450);
#452=CARTESIAN_POINT('',(0.159642,-0.028138,0.001));
#453=VERTEX_POINT('',#452);
#454=DIRECTION('',(-0.36353933069075556,-0.9315788506835679,0.0));
#455=VECTOR('',#454,1000.0);
#456=LINE('',#186,#455);
#457=EDGE_CURVE('',#187,#189,#456,.T.);
#458=DIRECTION('',(0.36352355703414435,0.9315384302842978,-0.009315384302842978));
#459=VECTOR('',#458,1000.0);
#460=LINE('',#188,#459);
#461=EDGE_CURVE('',#189,#145,#460,.T.);
#462=VECTOR('',#11,1000.0);
#463=LINE('',#144,#462);
#464=EDGE_CURVE('',#145,#187,#463,.T.);
#465=ORIENTED_EDGE('',*,*,#457,.T.);
#466=ORIENTED_EDGE('',*,*,#461,.T.);
#467=ORIENTED_EDGE('',*,*,#464,.T.);
#468=DIRECTION('',(0.931578850683568,-0.3635393306907556,0.0));
#469=AXIS2_PLACEMENT_3D('',#186,#468,#454);
#470=PLANE('',#469);
#471=EDGE_LOOP('',(#465,#466,#467));
#472=FACE_BOUND('',#471,.T.);
#473=ADVANCED_FACE('',(#472),#470,.T.);
#474=DIRECTION('',(0.0,0.0,-1.0));
#475=VECTOR('',#474,1000.0);
#476=LINE('',#188,#475);
#477=EDGE_CURVE('',#189,#143,#476,.T.);
#478=DIRECTION('',(0.36353933069075556,0.9315788506835679,0.0));
#479=VECTOR('',#478,1000.0);
#480=LINE('',#142,#479);
#481=EDGE_CURVE('',#143,#145,#480,.T.);
#482=ORIENTED_EDGE('',*,*,#461,.F.);
#483=ORIENTED_EDGE('',*,*,#477,.T.);
#484=ORIENTED_EDGE('',*,*,#481,.T.);
#485=DIRECTION('',(-0.36352355703414435,-0.9315384302842978,0.009315384302842978));
#486=AXIS2_PLACEMENT_3D('',#144,#468,#485);
#487=PLANE('',#486);
#488=EDGE_LOOP('',(#482,#483,#484));
#489=FACE_BOUND('',#488,.T.);
#490=ADVANCED_FACE('',(#489),#487,.T.);
#491=VECTOR('',#12,1000.0);
#492=LINE('',#188,#491);
#493=EDGE_CURVE('',#189,#191,#492,.T.);
#494=DIRECTION('',(-0.9976733761130233,0.0,-0.0681750291180144));
#495=VECTOR('',#494,1000.0);
#496=LINE('',#190,#495);
#497=EDGE_CURVE('',#191,#143,#496,.T.);
#498=ORIENTED_EDGE('',*,*,#493,.T.);
#499=ORIENTED_EDGE('',*,*,#497,.T.);
#500=ORIENTED_EDGE('',*,*,#477,.F.);
#501=DIRECTION('',(-0.0,1.0,0.0));
#502=AXIS2_PLACEMENT_3D('',#188,#501,#12);
#503=PLANE('',#502);
#504=EDGE_LOOP('',(#498,#499,#500));
#505=FACE_BOUND('',#504,.T.);
#506=ADVANCED_FACE('',(#505),#503,.T.);
#507=DIRECTION('',(0.0,0.0,-1.0));
#508=VECTOR('',#507,1000.0);
#509=LINE('',#190,#508);
#510=EDGE_CURVE('',#191,#141,#509,.T.);
#511=DIRECTION('',(-1.0,0.0,0.0));
#512=VECTOR('',#511,1000.0);
#513=LINE('',#140,#512);
#514=EDGE_CURVE('',#141,#143,#513,.T.);
#515=ORIENTED_EDGE('',*,*,#497,.F.);
#516=ORIENTED_EDGE('',*,*,#510,.T.);
#517=ORIENTED_EDGE('',*,*,#514,.T.);
#518=DIRECTION('',(0.9976733761130233,0.0,0.0681750291180144));
#519=AXIS2_PLACEMENT_3D('',#142,#501,#518);
#520=PLANE('',#519);
#521=EDGE_LOOP('',(#515,#516,#517));
#522=FACE_BOUND('',#521,.T.);
#523=ADVANCED_FACE('',(#522),#520,.T.);
#524=DIRECTION('',(0.3393238656849418,0.9406696094679723,0.0));
#525=VECTOR('',#524,1000.0);
#526=LINE('',#190,#525);
#527=EDGE_CURVE('',#191,#193,#526,.T.);
#528=DIRECTION('',(-0.33913320650520434,-0.9401410663435945,-0.03351781048677651));
#529=VECTOR('',#528,1000.0);
#530=LINE('',#192,#529);
#531=EDGE_CURVE('',#193,#141,#530,.T.);
#532=ORIENTED_EDGE('',*,*,#527,.T.);
#533=ORIENTED_EDGE('',*,*,#531,.T.);
#534=ORIENTED_EDGE('',*,*,#510,.F.);
#535=DIRECTION('',(-0.9406696094679723,0.3393238656849418,0.0));
#536=AXIS2_PLACEMENT_3D('',#190,#535,#524);
#537=PLANE('',#536);
#538=EDGE_LOOP('',(#532,#533,#534));
#539=FACE_BOUND('',#538,.T.);
#540=ADVANCED_FACE('',(#539),#537,.T.);
#541=DIRECTION('',(0.0,0.0,-1.0));
#542=VECTOR('',#541,1000.0);
#543=LINE('',#192,#542);
#544=EDGE_CURVE('',#193,#179,#543,.T.);
#545=DIRECTION('',(-0.3393238656849418,-0.9406696094679723,0.0));
#546=VECTOR('',#545,1000.0);
#547=LINE('',#178,#546);
#548=EDGE_CURVE('',#179,#141,#547,.T.);
#549=ORIENTED_EDGE('',*,*,#531,.F.);
#550=ORIENTED_EDGE('',*,*,#544,.T.);
#551=ORIENTED_EDGE('',*,*,#548,.T.);
#552=DIRECTION('',(0.33913320650520434,0.9401410663435945,0.03351781048677651));
#553=AXIS2_PLACEMENT_3D('',#140,#535,#552);
#554=PLANE('',#553);
#555=EDGE_LOOP('',(#549,#550,#551));
#556=FACE_BOUND('',#555,.T.);
#557=ADVANCED_FACE('',(#556),#554,.T.);
#558=LINE('',#192,#491);
#559=EDGE_CURVE('',#193,#195,#558,.T.);
#560=DIRECTION('',(-0.9997071482793339,0.0,-0.02419953882208936));
#561=VECTOR('',#560,1000.0);
#562=LINE('',#194,#561);
#563=EDGE_CURVE('',#195,#179,#562,.T.);
#564=ORIENTED_EDGE('',*,*,#559,.T.);
#565=ORIENTED_EDGE('',*,*,#563,.T.);
#566=ORIENTED_EDGE('',*,*,#544,.F.);
#567=AXIS2_PLACEMENT_3D('',#192,#501,#12);
#568=PLANE('',#567);
#569=EDGE_LOOP('',(#564,#565,#566));
#570=FACE_BOUND('',#569,.T.);
#571=ADVANCED_FACE('',(#570),#568,.T.);
#572=DIRECTION('',(0.0,0.0,-1.0));
#573=VECTOR('',#572,1000.0);
#574=LINE('',#194,#573);
#575=EDGE_CURVE('',#195,#177,#574,.T.);
#576=LINE('',#176,#512);
#577=EDGE_CURVE('',#177,#179,#576,.T.);
#578=ORIENTED_EDGE('',*,*,#563,.F.);
#579=ORIENTED_EDGE('',*,*,#575,.T.);
#580=ORIENTED_EDGE('',*,*,#577,.T.);
#581=DIRECTION('',(0.9997071482793339,0.0,0.02419953882208936));
#582=AXIS2_PLACEMENT_3D('',#178,#501,#581);
#583=PLANE('',#582);
#584=EDGE_LOOP('',(#578,#579,#580));
#585=FACE_BOUND('',#584,.T.);
#586=ADVANCED_FACE('',(#585),#583,.T.);
#587=DIRECTION('',(0.32221553355925875,-0.9466663350585158,0.0));
#588=VECTOR('',#587,1000.0);
#589=LINE('',#194,#588);
#590=EDGE_CURVE('',#195,#197,#589,.T.);
#591=DIRECTION('',(-0.32203217349755375,0.9461276248489459,-0.03373124264141131));
#592=VECTOR('',#591,1000.0);
#593=LINE('',#196,#592);
#594=EDGE_CURVE('',#197,#177,#593,.T.);
#595=ORIENTED_EDGE('',*,*,#590,.T.);
#596=ORIENTED_EDGE('',*,*,#594,.T.);
#597=ORIENTED_EDGE('',*,*,#575,.F.);
#598=DIRECTION('',(0.9466663350585158,0.32221553355925875,0.0));
#599=AXIS2_PLACEMENT_3D('',#194,#598,#587);
#600=PLANE('',#599);
#601=EDGE_LOOP('',(#595,#596,#597));
#602=FACE_BOUND('',#601,.T.);
#603=ADVANCED_FACE('',(#602),#600,.T.);
#604=DIRECTION('',(0.0,0.0,-1.0));
#605=VECTOR('',#604,1000.0);
#606=LINE('',#196,#605);
#607=EDGE_CURVE('',#197,#175,#606,.T.);
#608=DIRECTION('',(-0.32221553355925875,0.9466663350585158,0.0));
#609=VECTOR('',#608,1000.0);
#610=LINE('',#174,#609);
#611=EDGE_CURVE('',#175,#177,#610,.T.);
#612=ORIENTED_EDGE('',*,*,#594,.F.);
#613=ORIENTED_EDGE('',*,*,#607,.T.);
#614=ORIENTED_EDGE('',*,*,#611,.T.);
#615=DIRECTION('',(0.32203217349755375,-0.9461276248489459,0.03373124264141131));
#616=AXIS2_PLACEMENT_3D('',#176,#598,#615);
#617=PLANE('',#616);
#618=EDGE_LOOP('',(#612,#613,#614));
#619=FACE_BOUND('',#618,.T.);
#620=ADVANCED_FACE('',(#619),#617,.T.);
#621=LINE('',#196,#491);
#622=EDGE_CURVE('',#197,#199,#621,.T.);
#623=LINE('',#198,#495);
#624=EDGE_CURVE('',#199,#175,#623,.T.);
#625=ORIENTED_EDGE('',*,*,#622,.T.);
#626=ORIENTED_EDGE('',*,*,#624,.T.);
#627=ORIENTED_EDGE('',*,*,#607,.F.);
#628=AXIS2_PLACEMENT_3D('',#196,#501,#12);
#629=PLANE('',#628);
#630=EDGE_LOOP('',(#625,#626,#627));
#631=FACE_BOUND('',#630,.T.);
#632=ADVANCED_FACE('',(#631),#629,.T.);
#633=DIRECTION('',(0.0,0.0,-1.0));
#634=VECTOR('',#633,1000.0);
#635=LINE('',#198,#634);
#636=EDGE_CURVE('',#199,#135,#635,.T.);
#637=LINE('',#134,#512);
#638=EDGE_CURVE('',#135,#175,#637,.T.);
#639=ORIENTED_EDGE('',*,*,#624,.F.);
#640=ORIENTED_EDGE('',*,*,#636,.T.);
#641=ORIENTED_EDGE('',*,*,#638,.T.);
#642=AXIS2_PLACEMENT_3D('',#174,#501,#518);
#643=PLANE('',#642);
#644=EDGE_LOOP('',(#639,#640,#641));
#645=FACE_BOUND('',#644,.T.);
#646=ADVANCED_FACE('',(#645),#643,.T.);
#647=DIRECTION('',(-0.3536233904005292,0.9353878862598313,0.0));
#648=VECTOR('',#647,1000.0);
#649=LINE('',#198,#648);
#650=EDGE_CURVE('',#199,#201,#649,.T.);
#651=DIRECTION('',(0.3536079212675537,-0.9353469680400838,-0.009353469680400838));
#652=VECTOR('',#651,1000.0);
#653=LINE('',#200,#652);
#654=EDGE_CURVE('',#201,#135,#653,.T.);
#655=ORIENTED_EDGE('',*,*,#650,.T.);
#656=ORIENTED_EDGE('',*,*,#654,.T.);
#657=ORIENTED_EDGE('',*,*,#636,.F.);
#658=DIRECTION('',(-0.9353878862598313,-0.35362339040052926,0.0));
#659=AXIS2_PLACEMENT_3D('',#198,#658,#647);
#660=PLANE('',#659);
#661=EDGE_LOOP('',(#655,#656,#657));
#662=FACE_BOUND('',#661,.T.);
#663=ADVANCED_FACE('',(#662),#660,.T.);
#664=DIRECTION('',(0.0,0.0,-1.0));
#665=VECTOR('',#664,1000.0);
#666=LINE('',#200,#665);
#667=EDGE_CURVE('',#201,#147,#666,.T.);
#668=DIRECTION('',(0.3536233904005292,-0.9353878862598313,0.0));
#669=VECTOR('',#668,1000.0);
#670=LINE('',#146,#669);
#671=EDGE_CURVE('',#147,#135,#670,.T.);
#672=ORIENTED_EDGE('',*,*,#654,.F.);
#673=ORIENTED_EDGE('',*,*,#667,.T.);
#674=ORIENTED_EDGE('',*,*,#671,.T.);
#675=DIRECTION('',(-0.9353878862598313,-0.35362339040052926,-0.0));
#676=DIRECTION('',(-0.3536079212675537,0.9353469680400838,0.009353469680400838));
#677=AXIS2_PLACEMENT_3D('',#134,#675,#676);
#678=PLANE('',#677);
#679=EDGE_LOOP('',(#672,#673,#674));
#680=FACE_BOUND('',#679,.T.);
#681=ADVANCED_FACE('',(#680),#678,.T.);
#682=LINE('',#200,#512);
#683=EDGE_CURVE('',#201,#187,#682,.T.);
#684=DIRECTION('',(0.9972331647277994,0.0,-0.07433717217501311));
#685=VECTOR('',#684,1000.0);
#686=LINE('',#186,#685);
#687=EDGE_CURVE('',#187,#147,#686,.T.);
#688=ORIENTED_EDGE('',*,*,#683,.T.);
#689=ORIENTED_EDGE('',*,*,#687,.T.);
#690=ORIENTED_EDGE('',*,*,#667,.F.);
#691=DIRECTION('',(-0.0,-1.0,-0.0));
#692=AXIS2_PLACEMENT_3D('',#200,#691,#511);
#693=PLANE('',#692);
#694=EDGE_LOOP('',(#688,#689,#690));
#695=FACE_BOUND('',#694,.T.);
#696=ADVANCED_FACE('',(#695),#693,.T.);
#697=LINE('',#144,#491);
#698=EDGE_CURVE('',#145,#147,#697,.T.);
#699=ORIENTED_EDGE('',*,*,#687,.F.);
#700=ORIENTED_EDGE('',*,*,#464,.F.);
#701=ORIENTED_EDGE('',*,*,#698,.T.);
#702=DIRECTION('',(-0.9972331647277994,0.0,0.07433717217501311));
#703=AXIS2_PLACEMENT_3D('',#146,#691,#702);
#704=PLANE('',#703);
#705=EDGE_LOOP('',(#699,#700,#701));
#706=FACE_BOUND('',#705,.T.);
#707=ADVANCED_FACE('',(#706),#704,.T.);
#708=DIRECTION('',(0.29366966888655105,-0.9559069649165988,0.0));
#709=VECTOR('',#708,1000.0);
#710=LINE('',#202,#709);
#711=EDGE_CURVE('',#203,#195,#710,.T.);
#712=DIRECTION('',(-0.9583135232300721,0.28571872741275783,0.0));
#713=VECTOR('',#712,1000.0);
#714=LINE('',#194,#713);
#715=EDGE_CURVE('',#195,#205,#714,.T.);
#716=LINE('',#204,#491);
#717=EDGE_CURVE('',#205,#203,#716,.T.);
#718=ORIENTED_EDGE('',*,*,#711,.T.);
#719=ORIENTED_EDGE('',*,*,#715,.T.);
#720=ORIENTED_EDGE('',*,*,#717,.T.);
#721=DIRECTION('',(-0.0,-0.0,-1.0));
#722=AXIS2_PLACEMENT_3D('',#202,#721,#708);
#723=PLANE('',#722);
#724=EDGE_LOOP('',(#718,#719,#720));
#725=FACE_BOUND('',#724,.T.);
#726=ADVANCED_FACE('',(#725),#723,.T.);
#727=DIRECTION('',(0.37912520031379704,0.9253453855112821,0.0));
#728=VECTOR('',#727,1000.0);
#729=LINE('',#192,#728);
#730=EDGE_CURVE('',#193,#205,#729,.T.);
#731=ORIENTED_EDGE('',*,*,#715,.F.);
#732=ORIENTED_EDGE('',*,*,#559,.F.);
#733=ORIENTED_EDGE('',*,*,#730,.T.);
#734=DIRECTION('',(0.9583135232300721,-0.28571872741275783,0.0));
#735=AXIS2_PLACEMENT_3D('',#204,#721,#734);
#736=PLANE('',#735);
#737=EDGE_LOOP('',(#731,#732,#733));
#738=FACE_BOUND('',#737,.T.);
#739=ADVANCED_FACE('',(#738),#736,.T.);
#740=DIRECTION('',(0.23616180363105405,0.971713745146032,0.0));
#741=VECTOR('',#740,1000.0);
#742=LINE('',#206,#741);
#743=EDGE_CURVE('',#207,#201,#742,.T.);
#744=DIRECTION('',(0.16580719564348273,-0.9861581890715322,0.0));
#745=VECTOR('',#744,1000.0);
#746=LINE('',#200,#745);
#747=EDGE_CURVE('',#201,#203,#746,.T.);
#748=DIRECTION('',(-0.33639352773911585,0.9417215058047855,0.0));
#749=VECTOR('',#748,1000.0);
#750=LINE('',#202,#749);
#751=EDGE_CURVE('',#203,#207,#750,.T.);
#752=ORIENTED_EDGE('',*,*,#743,.T.);
#753=ORIENTED_EDGE('',*,*,#747,.T.);
#754=ORIENTED_EDGE('',*,*,#751,.T.);
#755=DIRECTION('',(0.0,0.0,-1.0));
#756=AXIS2_PLACEMENT_3D('',#206,#755,#740);
#757=PLANE('',#756);
#758=EDGE_LOOP('',(#752,#753,#754));
#759=FACE_BOUND('',#758,.T.);
#760=ADVANCED_FACE('',(#759),#757,.T.);
#761=DIRECTION('',(-0.5767662013527689,0.8169092660614747,0.0));
#762=VECTOR('',#761,1000.0);
#763=LINE('',#198,#762);
#764=EDGE_CURVE('',#199,#203,#763,.T.);
#765=ORIENTED_EDGE('',*,*,#747,.F.);
#766=ORIENTED_EDGE('',*,*,#650,.F.);
#767=ORIENTED_EDGE('',*,*,#764,.T.);
#768=DIRECTION('',(0.0,0.0,-1.0));
#769=DIRECTION('',(-0.16580719564348273,0.9861581890715322,0.0));
#770=AXIS2_PLACEMENT_3D('',#202,#768,#769);
#771=PLANE('',#770);
#772=EDGE_LOOP('',(#765,#766,#767));
#773=FACE_BOUND('',#772,.T.);
#774=ADVANCED_FACE('',(#773),#771,.T.);
#775=DIRECTION('',(-0.6529524418146831,0.7573989099069545,0.0));
#776=VECTOR('',#775,1000.0);
#777=LINE('',#198,#776);
#778=EDGE_CURVE('',#199,#195,#777,.T.);
#779=ORIENTED_EDGE('',*,*,#764,.F.);
#780=ORIENTED_EDGE('',*,*,#778,.T.);
#781=ORIENTED_EDGE('',*,*,#711,.F.);
#782=DIRECTION('',(0.5767662013527689,-0.8169092660614747,0.0));
#783=AXIS2_PLACEMENT_3D('',#202,#721,#782);
#784=PLANE('',#783);
#785=EDGE_LOOP('',(#779,#780,#781));
#786=FACE_BOUND('',#785,.T.);
#787=ADVANCED_FACE('',(#786),#784,.T.);
#788=ORIENTED_EDGE('',*,*,#778,.F.);
#789=ORIENTED_EDGE('',*,*,#622,.F.);
#790=ORIENTED_EDGE('',*,*,#590,.F.);
#791=DIRECTION('',(0.6529524418146831,-0.7573989099069545,0.0));
#792=AXIS2_PLACEMENT_3D('',#194,#721,#791);
#793=PLANE('',#792);
#794=EDGE_LOOP('',(#788,#789,#790));
#795=FACE_BOUND('',#794,.T.);
#796=ADVANCED_FACE('',(#795),#793,.T.);
#797=DIRECTION('',(-0.2675578842342994,0.9635417887066784,0.0));
#798=VECTOR('',#797,1000.0);
#799=LINE('',#206,#798);
#800=EDGE_CURVE('',#207,#209,#799,.T.);
#801=DIRECTION('',(0.3368631112976044,0.9415536332290888,0.0));
#802=VECTOR('',#801,1000.0);
#803=LINE('',#208,#802);
#804=EDGE_CURVE('',#209,#201,#803,.T.);
#805=ORIENTED_EDGE('',*,*,#800,.T.);
#806=ORIENTED_EDGE('',*,*,#804,.T.);
#807=ORIENTED_EDGE('',*,*,#743,.F.);
#808=DIRECTION('',(0.0,0.0,-1.0));
#809=AXIS2_PLACEMENT_3D('',#206,#808,#797);
#810=PLANE('',#809);
#811=EDGE_LOOP('',(#805,#806,#807));
#812=FACE_BOUND('',#811,.T.);
#813=ADVANCED_FACE('',(#812),#810,.T.);
#814=DIRECTION('',(-0.1771745172969539,0.9841794503141139,0.0));
#815=VECTOR('',#814,1000.0);
#816=LINE('',#208,#815);
#817=EDGE_CURVE('',#209,#211,#816,.T.);
#818=DIRECTION('',(0.4571914602206892,0.889368297558033,0.0));
#819=VECTOR('',#818,1000.0);
#820=LINE('',#210,#819);
#821=EDGE_CURVE('',#211,#201,#820,.T.);
#822=ORIENTED_EDGE('',*,*,#804,.F.);
#823=ORIENTED_EDGE('',*,*,#817,.T.);
#824=ORIENTED_EDGE('',*,*,#821,.T.);
#825=DIRECTION('',(-0.0,0.0,-1.0));
#826=DIRECTION('',(-0.3368631112976044,-0.9415536332290888,0.0));
#827=AXIS2_PLACEMENT_3D('',#200,#825,#826);
#828=PLANE('',#827);
#829=EDGE_LOOP('',(#822,#823,#824));
#830=FACE_BOUND('',#829,.T.);
#831=ADVANCED_FACE('',(#830),#828,.T.);
#832=DIRECTION('',(-0.5055724220775183,0.862784171177631,0.0));
#833=VECTOR('',#832,1000.0);
#834=LINE('',#210,#833);
#835=EDGE_CURVE('',#211,#187,#834,.T.);
#836=ORIENTED_EDGE('',*,*,#821,.F.);
#837=ORIENTED_EDGE('',*,*,#835,.T.);
#838=ORIENTED_EDGE('',*,*,#683,.F.);
#839=DIRECTION('',(-0.4571914602206892,-0.889368297558033,0.0));
#840=AXIS2_PLACEMENT_3D('',#200,#825,#839);
#841=PLANE('',#840);
#842=EDGE_LOOP('',(#836,#837,#838));
#843=FACE_BOUND('',#842,.T.);
#844=ADVANCED_FACE('',(#843),#841,.T.);
#845=LINE('',#210,#512);
#846=EDGE_CURVE('',#211,#213,#845,.T.);
#847=DIRECTION('',(-0.48821106746923304,0.8727255889456617,0.0));
#848=VECTOR('',#847,1000.0);
#849=LINE('',#212,#848);
#850=EDGE_CURVE('',#213,#187,#849,.T.);
#851=ORIENTED_EDGE('',*,*,#835,.F.);
#852=ORIENTED_EDGE('',*,*,#846,.T.);
#853=ORIENTED_EDGE('',*,*,#850,.T.);
#854=DIRECTION('',(0.5055724220775183,-0.862784171177631,0.0));
#855=AXIS2_PLACEMENT_3D('',#186,#721,#854);
#856=PLANE('',#855);
#857=EDGE_LOOP('',(#851,#852,#853));
#858=FACE_BOUND('',#857,.T.);
#859=ADVANCED_FACE('',(#858),#856,.T.);
#860=DIRECTION('',(-0.18175037909045008,-0.9833447003469727,0.0));
#861=VECTOR('',#860,1000.0);
#862=LINE('',#212,#861);
#863=EDGE_CURVE('',#213,#215,#862,.T.);
#864=DIRECTION('',(-0.3651468764761964,0.9309499227131808,0.0));
#865=VECTOR('',#864,1000.0);
#866=LINE('',#214,#865);
#867=EDGE_CURVE('',#215,#187,#866,.T.);
#868=ORIENTED_EDGE('',*,*,#850,.F.);
#869=ORIENTED_EDGE('',*,*,#863,.T.);
#870=ORIENTED_EDGE('',*,*,#867,.T.);
#871=DIRECTION('',(0.0,-0.0,-1.0));
#872=DIRECTION('',(0.48821106746923304,-0.8727255889456617,0.0));
#873=AXIS2_PLACEMENT_3D('',#186,#871,#872);
#874=PLANE('',#873);
#875=EDGE_LOOP('',(#868,#869,#870));
#876=FACE_BOUND('',#875,.T.);
#877=ADVANCED_FACE('',(#876),#874,.T.);
#878=DIRECTION('',(-0.2478393282821627,-0.9688011495434171,0.0));
#879=VECTOR('',#878,1000.0);
#880=LINE('',#214,#879);
#881=EDGE_CURVE('',#215,#217,#880,.T.);
#882=DIRECTION('',(-0.2650199617375768,0.9642429257612488,0.0));
#883=VECTOR('',#882,1000.0);
#884=LINE('',#216,#883);
#885=EDGE_CURVE('',#217,#187,#884,.T.);
#886=ORIENTED_EDGE('',*,*,#881,.T.);
#887=ORIENTED_EDGE('',*,*,#885,.T.);
#888=ORIENTED_EDGE('',*,*,#867,.F.);
#889=AXIS2_PLACEMENT_3D('',#214,#825,#878);
#890=PLANE('',#889);
#891=EDGE_LOOP('',(#886,#887,#888));
#892=FACE_BOUND('',#891,.T.);
#893=ADVANCED_FACE('',(#892),#890,.T.);
#894=LINE('',#216,#546);
#895=EDGE_CURVE('',#217,#205,#894,.T.);
#896=DIRECTION('',(0.15829048855688124,0.987392587187297,0.0));
#897=VECTOR('',#896,1000.0);
#898=LINE('',#204,#897);
#899=EDGE_CURVE('',#205,#187,#898,.T.);
#900=ORIENTED_EDGE('',*,*,#885,.F.);
#901=ORIENTED_EDGE('',*,*,#895,.T.);
#902=ORIENTED_EDGE('',*,*,#899,.T.);
#903=DIRECTION('',(0.2650199617375768,-0.9642429257612488,0.0));
#904=AXIS2_PLACEMENT_3D('',#186,#871,#903);
#905=PLANE('',#904);
#906=EDGE_LOOP('',(#900,#901,#902));
#907=FACE_BOUND('',#906,.T.);
#908=ADVANCED_FACE('',(#907),#905,.T.);
#909=DIRECTION('',(-0.5997407896145618,-0.8001943421897596,0.0));
#910=VECTOR('',#909,1000.0);
#911=LINE('',#204,#910);
#912=EDGE_CURVE('',#205,#189,#911,.T.);
#913=ORIENTED_EDGE('',*,*,#899,.F.);
#914=ORIENTED_EDGE('',*,*,#912,.T.);
#915=ORIENTED_EDGE('',*,*,#457,.F.);
#916=DIRECTION('',(0.0,0.0,-1.0));
#917=DIRECTION('',(-0.15829048855688124,-0.987392587187297,0.0));
#918=AXIS2_PLACEMENT_3D('',#186,#916,#917);
#919=PLANE('',#918);
#920=EDGE_LOOP('',(#913,#914,#915));
#921=FACE_BOUND('',#920,.T.);
#922=ADVANCED_FACE('',(#921),#919,.T.);
#923=DIRECTION('',(-0.6616649581045988,-0.7497996287118576,0.0));
#924=VECTOR('',#923,1000.0);
#925=LINE('',#192,#924);
#926=EDGE_CURVE('',#193,#189,#925,.T.);
#927=ORIENTED_EDGE('',*,*,#912,.F.);
#928=ORIENTED_EDGE('',*,*,#730,.F.);
#929=ORIENTED_EDGE('',*,*,#926,.T.);
#930=DIRECTION('',(0.5997407896145618,0.8001943421897596,0.0));
#931=AXIS2_PLACEMENT_3D('',#188,#871,#930);
#932=PLANE('',#931);
#933=EDGE_LOOP('',(#927,#928,#929));
#934=FACE_BOUND('',#933,.T.);
#935=ADVANCED_FACE('',(#934),#932,.T.);
#936=ORIENTED_EDGE('',*,*,#926,.F.);
#937=ORIENTED_EDGE('',*,*,#527,.F.);
#938=ORIENTED_EDGE('',*,*,#493,.F.);
#939=DIRECTION('',(0.6616649581045988,0.7497996287118576,0.0));
#940=AXIS2_PLACEMENT_3D('',#188,#871,#939);
#941=PLANE('',#940);
#942=EDGE_LOOP('',(#936,#937,#938));
#943=FACE_BOUND('',#942,.T.);
#944=ADVANCED_FACE('',(#943),#941,.T.);
#945=DIRECTION('',(0.9995532193127895,0.0,-0.029889157924549655));
#946=VECTOR('',#945,1000.0);
#947=LINE('',#204,#946);
#948=EDGE_CURVE('',#205,#219,#947,.T.);
#949=LINE('',#218,#462);
#950=EDGE_CURVE('',#219,#203,#949,.T.);
#951=ORIENTED_EDGE('',*,*,#717,.F.);
#952=ORIENTED_EDGE('',*,*,#948,.T.);
#953=ORIENTED_EDGE('',*,*,#950,.T.);
#954=AXIS2_PLACEMENT_3D('',#202,#691,#511);
#955=PLANE('',#954);
#956=EDGE_LOOP('',(#951,#952,#953));
#957=FACE_BOUND('',#956,.T.);
#958=ADVANCED_FACE('',(#957),#955,.T.);
#959=DIRECTION('',(0.0,0.0,-1.0));
#960=VECTOR('',#959,1000.0);
#961=LINE('',#204,#960);
#962=EDGE_CURVE('',#205,#221,#961,.T.);
#963=LINE('',#220,#491);
#964=EDGE_CURVE('',#221,#219,#963,.T.);
#965=ORIENTED_EDGE('',*,*,#948,.F.);
#966=ORIENTED_EDGE('',*,*,#962,.T.);
#967=ORIENTED_EDGE('',*,*,#964,.T.);
#968=DIRECTION('',(-0.9995532193127895,0.0,0.029889157924549655));
#969=AXIS2_PLACEMENT_3D('',#218,#691,#968);
#970=PLANE('',#969);
#971=EDGE_LOOP('',(#965,#966,#967));
#972=FACE_BOUND('',#971,.T.);
#973=ADVANCED_FACE('',(#972),#970,.T.);
#974=DIRECTION('',(-0.3363080585246656,0.941482237832322,-0.022540754592806026));
#975=VECTOR('',#974,1000.0);
#976=LINE('',#202,#975);
#977=EDGE_CURVE('',#203,#223,#976,.T.);
#978=LINE('',#222,#462);
#979=EDGE_CURVE('',#223,#207,#978,.T.);
#980=ORIENTED_EDGE('',*,*,#751,.F.);
#981=ORIENTED_EDGE('',*,*,#977,.T.);
#982=ORIENTED_EDGE('',*,*,#979,.T.);
#983=DIRECTION('',(0.9417215058047855,0.3363935277391159,0.0));
#984=DIRECTION('',(0.33639352773911585,-0.9417215058047855,0.0));
#985=AXIS2_PLACEMENT_3D('',#206,#983,#984);
#986=PLANE('',#985);
#987=EDGE_LOOP('',(#980,#981,#982));
#988=FACE_BOUND('',#987,.T.);
#989=ADVANCED_FACE('',(#988),#986,.T.);
#990=LINE('',#218,#749);
#991=EDGE_CURVE('',#219,#223,#990,.T.);
#992=ORIENTED_EDGE('',*,*,#977,.F.);
#993=ORIENTED_EDGE('',*,*,#950,.F.);
#994=ORIENTED_EDGE('',*,*,#991,.T.);
#995=DIRECTION('',(0.3363080585246656,-0.941482237832322,0.022540754592806026));
#996=AXIS2_PLACEMENT_3D('',#222,#983,#995);
#997=PLANE('',#996);
#998=EDGE_LOOP('',(#992,#993,#994));
#999=FACE_BOUND('',#998,.T.);
#1000=ADVANCED_FACE('',(#999),#997,.T.);
#1001=DIRECTION('',(-0.2675578842342994,0.9635417887066784,-0.0));
#1002=VECTOR('',#1001,1000.0);
#1003=LINE('',#222,#1002);
#1004=EDGE_CURVE('',#223,#225,#1003,.T.);
#1005=DIRECTION('',(0.2577928169540088,-0.9283753781894956,0.26769762923572543));
#1006=VECTOR('',#1005,1000.0);
#1007=LINE('',#224,#1006);
#1008=EDGE_CURVE('',#225,#207,#1007,.T.);
#1009=ORIENTED_EDGE('',*,*,#979,.F.);
#1010=ORIENTED_EDGE('',*,*,#1004,.T.);
#1011=ORIENTED_EDGE('',*,*,#1008,.T.);
#1012=DIRECTION('',(0.9635417887066784,0.2675578842342994,0.0));
#1013=DIRECTION('',(0.0,0.0,-1.0));
#1014=AXIS2_PLACEMENT_3D('',#206,#1012,#1013);
#1015=PLANE('',#1014);
#1016=EDGE_LOOP('',(#1009,#1010,#1011));
#1017=FACE_BOUND('',#1016,.T.);
#1018=ADVANCED_FACE('',(#1017),#1015,.T.);
#1019=LINE('',#224,#462);
#1020=EDGE_CURVE('',#225,#209,#1019,.T.);
#1021=ORIENTED_EDGE('',*,*,#1008,.F.);
#1022=ORIENTED_EDGE('',*,*,#1020,.T.);
#1023=ORIENTED_EDGE('',*,*,#800,.F.);
#1024=DIRECTION('',(0.9635417887066784,0.2675578842342994,-0.0));
#1025=DIRECTION('',(-0.2577928169540088,0.9283753781894956,-0.26769762923572543));
#1026=AXIS2_PLACEMENT_3D('',#206,#1024,#1025);
#1027=PLANE('',#1026);
#1028=EDGE_LOOP('',(#1021,#1022,#1023));
#1029=FACE_BOUND('',#1028,.T.);
#1030=ADVANCED_FACE('',(#1029),#1027,.T.);
#1031=LINE('',#224,#815);
#1032=EDGE_CURVE('',#225,#227,#1031,.T.);
#1033=DIRECTION('',(0.1707141119010358,-0.9482928096822428,0.2675769779013102));
#1034=VECTOR('',#1033,1000.0);
#1035=LINE('',#226,#1034);
#1036=EDGE_CURVE('',#227,#209,#1035,.T.);
#1037=ORIENTED_EDGE('',*,*,#1020,.F.);
#1038=ORIENTED_EDGE('',*,*,#1032,.T.);
#1039=ORIENTED_EDGE('',*,*,#1036,.T.);
#1040=DIRECTION('',(0.9841794503141139,0.17717451729695388,0.0));
#1041=DIRECTION('',(0.0,0.0,-1.0));
#1042=AXIS2_PLACEMENT_3D('',#208,#1040,#1041);
#1043=PLANE('',#1042);
#1044=EDGE_LOOP('',(#1037,#1038,#1039));
#1045=FACE_BOUND('',#1044,.T.);
#1046=ADVANCED_FACE('',(#1045),#1043,.T.);
#1047=LINE('',#226,#462);
#1048=EDGE_CURVE('',#227,#211,#1047,.T.);
#1049=ORIENTED_EDGE('',*,*,#1036,.F.);
#1050=ORIENTED_EDGE('',*,*,#1048,.T.);
#1051=ORIENTED_EDGE('',*,*,#817,.F.);
#1052=DIRECTION('',(0.9841794503141139,0.17717451729695388,-0.0));
#1053=DIRECTION('',(-0.1707141119010358,0.9482928096822428,-0.2675769779013102));
#1054=AXIS2_PLACEMENT_3D('',#208,#1052,#1053);
#1055=PLANE('',#1054);
#1056=EDGE_LOOP('',(#1049,#1050,#1051));
#1057=FACE_BOUND('',#1056,.T.);
#1058=ADVANCED_FACE('',(#1057),#1055,.T.);
#1059=DIRECTION('',(-0.3082255154756966,0.0,-0.9513133193694605));
#1060=VECTOR('',#1059,1000.0);
#1061=LINE('',#210,#1060);
#1062=EDGE_CURVE('',#211,#229,#1061,.T.);
#1063=LINE('',#228,#462);
#1064=EDGE_CURVE('',#229,#213,#1063,.T.);
#1065=ORIENTED_EDGE('',*,*,#846,.F.);
#1066=ORIENTED_EDGE('',*,*,#1062,.T.);
#1067=ORIENTED_EDGE('',*,*,#1064,.T.);
#1068=AXIS2_PLACEMENT_3D('',#212,#501,#12);
#1069=PLANE('',#1068);
#1070=EDGE_LOOP('',(#1065,#1066,#1067));
#1071=FACE_BOUND('',#1070,.T.);
#1072=ADVANCED_FACE('',(#1071),#1069,.T.);
#1073=LINE('',#226,#512);
#1074=EDGE_CURVE('',#227,#229,#1073,.T.);
#1075=ORIENTED_EDGE('',*,*,#1062,.F.);
#1076=ORIENTED_EDGE('',*,*,#1048,.F.);
#1077=ORIENTED_EDGE('',*,*,#1074,.T.);
#1078=DIRECTION('',(0.3082255154756966,0.0,0.9513133193694605));
#1079=AXIS2_PLACEMENT_3D('',#228,#501,#1078);
#1080=PLANE('',#1079);
#1081=EDGE_LOOP('',(#1075,#1076,#1077));
#1082=FACE_BOUND('',#1081,.T.);
#1083=ADVANCED_FACE('',(#1082),#1080,.T.);
#1084=LINE('',#228,#861);
#1085=EDGE_CURVE('',#229,#231,#1084,.T.);
#1086=DIRECTION('',(0.17509472604419962,0.947334865412205,0.2681389372805561));
#1087=VECTOR('',#1086,1000.0);
#1088=LINE('',#230,#1087);
#1089=EDGE_CURVE('',#231,#213,#1088,.T.);
#1090=ORIENTED_EDGE('',*,*,#1064,.F.);
#1091=ORIENTED_EDGE('',*,*,#1085,.T.);
#1092=ORIENTED_EDGE('',*,*,#1089,.T.);
#1093=DIRECTION('',(-0.9833447003469729,0.18175037909045008,0.0));
#1094=DIRECTION('',(0.0,0.0,-1.0));
#1095=AXIS2_PLACEMENT_3D('',#212,#1093,#1094);
#1096=PLANE('',#1095);
#1097=EDGE_LOOP('',(#1090,#1091,#1092));
#1098=FACE_BOUND('',#1097,.T.);
#1099=ADVANCED_FACE('',(#1098),#1096,.T.);
#1100=LINE('',#230,#462);
#1101=EDGE_CURVE('',#231,#215,#1100,.T.);
#1102=ORIENTED_EDGE('',*,*,#1089,.F.);
#1103=ORIENTED_EDGE('',*,*,#1101,.T.);
#1104=ORIENTED_EDGE('',*,*,#863,.F.);
#1105=DIRECTION('',(-0.17509472604419962,-0.947334865412205,-0.2681389372805561));
#1106=AXIS2_PLACEMENT_3D('',#212,#1093,#1105);
#1107=PLANE('',#1106);
#1108=EDGE_LOOP('',(#1102,#1103,#1104));
#1109=FACE_BOUND('',#1108,.T.);
#1110=ADVANCED_FACE('',(#1109),#1107,.T.);
#1111=LINE('',#230,#879);
#1112=EDGE_CURVE('',#231,#233,#1111,.T.);
#1113=DIRECTION('',(0.23875489077526377,0.9332901854012808,0.26826392221939693));
#1114=VECTOR('',#1113,1000.0);
#1115=LINE('',#232,#1114);
#1116=EDGE_CURVE('',#233,#215,#1115,.T.);
#1117=ORIENTED_EDGE('',*,*,#1101,.F.);
#1118=ORIENTED_EDGE('',*,*,#1112,.T.);
#1119=ORIENTED_EDGE('',*,*,#1116,.T.);
#1120=DIRECTION('',(-0.9688011495434171,0.2478393282821627,0.0));
#1121=DIRECTION('',(0.0,0.0,-1.0));
#1122=AXIS2_PLACEMENT_3D('',#214,#1120,#1121);
#1123=PLANE('',#1122);
#1124=EDGE_LOOP('',(#1117,#1118,#1119));
#1125=FACE_BOUND('',#1124,.T.);
#1126=ADVANCED_FACE('',(#1125),#1123,.T.);
#1127=LINE('',#232,#462);
#1128=EDGE_CURVE('',#233,#217,#1127,.T.);
#1129=ORIENTED_EDGE('',*,*,#1116,.F.);
#1130=ORIENTED_EDGE('',*,*,#1128,.T.);
#1131=ORIENTED_EDGE('',*,*,#881,.F.);
#1132=DIRECTION('',(-0.23875489077526377,-0.9332901854012808,-0.26826392221939693));
#1133=AXIS2_PLACEMENT_3D('',#214,#1120,#1132);
#1134=PLANE('',#1133);
#1135=EDGE_LOOP('',(#1129,#1130,#1131));
#1136=FACE_BOUND('',#1135,.T.);
#1137=ADVANCED_FACE('',(#1136),#1134,.T.);
#1138=DIRECTION('',(-0.33898280905200384,-0.9405230482585417,-0.022517789893184776));
#1139=VECTOR('',#1138,1000.0);
#1140=LINE('',#216,#1139);
#1141=EDGE_CURVE('',#217,#221,#1140,.T.);
#1142=ORIENTED_EDGE('',*,*,#895,.F.);
#1143=ORIENTED_EDGE('',*,*,#1141,.T.);
#1144=ORIENTED_EDGE('',*,*,#962,.F.);
#1145=AXIS2_PLACEMENT_3D('',#204,#535,#524);
#1146=PLANE('',#1145);
#1147=EDGE_LOOP('',(#1142,#1143,#1144));
#1148=FACE_BOUND('',#1147,.T.);
#1149=ADVANCED_FACE('',(#1148),#1146,.T.);
#1150=LINE('',#232,#546);
#1151=EDGE_CURVE('',#233,#221,#1150,.T.);
#1152=ORIENTED_EDGE('',*,*,#1141,.F.);
#1153=ORIENTED_EDGE('',*,*,#1128,.F.);
#1154=ORIENTED_EDGE('',*,*,#1151,.T.);
#1155=DIRECTION('',(0.33898280905200384,0.9405230482585417,0.022517789893184776));
#1156=AXIS2_PLACEMENT_3D('',#220,#535,#1155);
#1157=PLANE('',#1156);
#1158=EDGE_LOOP('',(#1152,#1153,#1154));
#1159=FACE_BOUND('',#1158,.T.);
#1160=ADVANCED_FACE('',(#1159),#1157,.T.);
#1161=LINE('',#234,#491);
#1162=EDGE_CURVE('',#235,#237,#1161,.T.);
#1163=DIRECTION('',(-0.9993244656201264,0.0,-0.03675067908282313));
#1164=VECTOR('',#1163,1000.0);
#1165=LINE('',#236,#1164);
#1166=EDGE_CURVE('',#237,#155,#1165,.T.);
#1167=LINE('',#154,#462);
#1168=EDGE_CURVE('',#155,#235,#1167,.T.);
#1169=ORIENTED_EDGE('',*,*,#1162,.T.);
#1170=ORIENTED_EDGE('',*,*,#1166,.T.);
#1171=ORIENTED_EDGE('',*,*,#1168,.T.);
#1172=AXIS2_PLACEMENT_3D('',#234,#501,#12);
#1173=PLANE('',#1172);
#1174=EDGE_LOOP('',(#1169,#1170,#1171));
#1175=FACE_BOUND('',#1174,.T.);
#1176=ADVANCED_FACE('',(#1175),#1173,.T.);
#1177=DIRECTION('',(0.0,0.0,-1.0));
#1178=VECTOR('',#1177,1000.0);
#1179=LINE('',#236,#1178);
#1180=EDGE_CURVE('',#237,#157,#1179,.T.);
#1181=LINE('',#156,#512);
#1182=EDGE_CURVE('',#157,#155,#1181,.T.);
#1183=ORIENTED_EDGE('',*,*,#1166,.F.);
#1184=ORIENTED_EDGE('',*,*,#1180,.T.);
#1185=ORIENTED_EDGE('',*,*,#1182,.T.);
#1186=DIRECTION('',(0.9993244656201264,0.0,0.03675067908282313));
#1187=AXIS2_PLACEMENT_3D('',#154,#501,#1186);
#1188=PLANE('',#1187);
#1189=EDGE_LOOP('',(#1183,#1184,#1185));
#1190=FACE_BOUND('',#1189,.T.);
#1191=ADVANCED_FACE('',(#1190),#1188,.T.);
#1192=DIRECTION('',(0.0,1.0,0.0));
#1193=VECTOR('',#1192,1000.0);
#1194=LINE('',#236,#1193);
#1195=EDGE_CURVE('',#237,#239,#1194,.T.);
#1196=DIRECTION('',(0.0,-0.9999500037496875,-0.009999500037496875));
#1197=VECTOR('',#1196,1000.0);
#1198=LINE('',#238,#1197);
#1199=EDGE_CURVE('',#239,#157,#1198,.T.);
#1200=ORIENTED_EDGE('',*,*,#1195,.T.);
#1201=ORIENTED_EDGE('',*,*,#1199,.T.);
#1202=ORIENTED_EDGE('',*,*,#1180,.F.);
#1203=DIRECTION('',(-1.0,0.0,-0.0));
#1204=AXIS2_PLACEMENT_3D('',#236,#1203,#1192);
#1205=PLANE('',#1204);
#1206=EDGE_LOOP('',(#1200,#1201,#1202));
#1207=FACE_BOUND('',#1206,.T.);
#1208=ADVANCED_FACE('',(#1207),#1205,.T.);
#1209=DIRECTION('',(0.0,0.0,-1.0));
#1210=VECTOR('',#1209,1000.0);
#1211=LINE('',#238,#1210);
#1212=EDGE_CURVE('',#239,#159,#1211,.T.);
#1213=DIRECTION('',(0.0,-1.0,0.0));
#1214=VECTOR('',#1213,1000.0);
#1215=LINE('',#158,#1214);
#1216=EDGE_CURVE('',#159,#157,#1215,.T.);
#1217=ORIENTED_EDGE('',*,*,#1199,.F.);
#1218=ORIENTED_EDGE('',*,*,#1212,.T.);
#1219=ORIENTED_EDGE('',*,*,#1216,.T.);
#1220=DIRECTION('',(0.0,0.9999500037496875,0.009999500037496875));
#1221=AXIS2_PLACEMENT_3D('',#156,#511,#1220);
#1222=PLANE('',#1221);
#1223=EDGE_LOOP('',(#1217,#1218,#1219));
#1224=FACE_BOUND('',#1223,.T.);
#1225=ADVANCED_FACE('',(#1224),#1222,.T.);
#1226=LINE('',#238,#512);
#1227=EDGE_CURVE('',#239,#241,#1226,.T.);
#1228=DIRECTION('',(0.9993727849607458,0.0,-0.035412380318229186));
#1229=VECTOR('',#1228,1000.0);
#1230=LINE('',#240,#1229);
#1231=EDGE_CURVE('',#241,#159,#1230,.T.);
#1232=ORIENTED_EDGE('',*,*,#1227,.T.);
#1233=ORIENTED_EDGE('',*,*,#1231,.T.);
#1234=ORIENTED_EDGE('',*,*,#1212,.F.);
#1235=AXIS2_PLACEMENT_3D('',#238,#691,#511);
#1236=PLANE('',#1235);
#1237=EDGE_LOOP('',(#1232,#1233,#1234));
#1238=FACE_BOUND('',#1237,.T.);
#1239=ADVANCED_FACE('',(#1238),#1236,.T.);
#1240=DIRECTION('',(0.0,0.0,-1.0));
#1241=VECTOR('',#1240,1000.0);
#1242=LINE('',#240,#1241);
#1243=EDGE_CURVE('',#241,#161,#1242,.T.);
#1244=LINE('',#160,#491);
#1245=EDGE_CURVE('',#161,#159,#1244,.T.);
#1246=ORIENTED_EDGE('',*,*,#1231,.F.);
#1247=ORIENTED_EDGE('',*,*,#1243,.T.);
#1248=ORIENTED_EDGE('',*,*,#1245,.T.);
#1249=DIRECTION('',(-0.9993727849607458,0.0,0.035412380318229186));
#1250=AXIS2_PLACEMENT_3D('',#158,#691,#1249);
#1251=PLANE('',#1250);
#1252=EDGE_LOOP('',(#1246,#1247,#1248));
#1253=FACE_BOUND('',#1252,.T.);
#1254=ADVANCED_FACE('',(#1253),#1251,.T.);
#1255=DIRECTION('',(0.0,0.0,-1.0));
#1256=VECTOR('',#1255,1000.0);
#1257=LINE('',#242,#1256);
#1258=EDGE_CURVE('',#243,#183,#1257,.T.);
#1259=DIRECTION('',(0.07702869215928762,0.9970288765047026,0.0));
#1260=VECTOR('',#1259,1000.0);
#1261=LINE('',#182,#1260);
#1262=EDGE_CURVE('',#183,#181,#1261,.T.);
#1263=DIRECTION('',(-0.07659992570470153,-0.9914790933717519,0.10536440949752943));
#1264=VECTOR('',#1263,1000.0);
#1265=LINE('',#180,#1264);
#1266=EDGE_CURVE('',#181,#243,#1265,.T.);
#1267=ORIENTED_EDGE('',*,*,#1258,.T.);
#1268=ORIENTED_EDGE('',*,*,#1262,.T.);
#1269=ORIENTED_EDGE('',*,*,#1266,.T.);
#1270=DIRECTION('',(0.9970288765047027,-0.07702869215928763,0.0));
#1271=DIRECTION('',(0.0,0.0,-1.0));
#1272=AXIS2_PLACEMENT_3D('',#242,#1270,#1271);
#1273=PLANE('',#1272);
#1274=EDGE_LOOP('',(#1267,#1268,#1269));
#1275=FACE_BOUND('',#1274,.T.);
#1276=ADVANCED_FACE('',(#1275),#1273,.T.);
#1277=LINE('',#180,#462);
#1278=EDGE_CURVE('',#181,#245,#1277,.T.);
#1279=DIRECTION('',(-0.07702869215928762,-0.9970288765047026,0.0));
#1280=VECTOR('',#1279,1000.0);
#1281=LINE('',#244,#1280);
#1282=EDGE_CURVE('',#245,#243,#1281,.T.);
#1283=ORIENTED_EDGE('',*,*,#1266,.F.);
#1284=ORIENTED_EDGE('',*,*,#1278,.T.);
#1285=ORIENTED_EDGE('',*,*,#1282,.T.);
#1286=DIRECTION('',(0.07659992570470153,0.9914790933717519,-0.10536440949752943));
#1287=AXIS2_PLACEMENT_3D('',#242,#1270,#1286);
#1288=PLANE('',#1287);
#1289=EDGE_LOOP('',(#1283,#1284,#1285));
#1290=FACE_BOUND('',#1289,.T.);
#1291=ADVANCED_FACE('',(#1290),#1288,.T.);
#1292=DIRECTION('',(0.26303454268835214,0.9647864164428983,0.0));
#1293=VECTOR('',#1292,1000.0);
#1294=LINE('',#180,#1293);
#1295=EDGE_CURVE('',#181,#167,#1294,.T.);
#1296=DIRECTION('',(-0.2617823061735936,-0.9601933285265168,0.09746176700431552));
#1297=VECTOR('',#1296,1000.0);
#1298=LINE('',#166,#1297);
#1299=EDGE_CURVE('',#167,#245,#1298,.T.);
#1300=ORIENTED_EDGE('',*,*,#1278,.F.);
#1301=ORIENTED_EDGE('',*,*,#1295,.T.);
#1302=ORIENTED_EDGE('',*,*,#1299,.T.);
#1303=DIRECTION('',(0.9647864164428983,-0.26303454268835214,0.0));
#1304=DIRECTION('',(0.0,0.0,-1.0));
#1305=AXIS2_PLACEMENT_3D('',#244,#1303,#1304);
#1306=PLANE('',#1305);
#1307=EDGE_LOOP('',(#1300,#1301,#1302));
#1308=FACE_BOUND('',#1307,.T.);
#1309=ADVANCED_FACE('',(#1308),#1306,.T.);
#1310=LINE('',#166,#462);
#1311=EDGE_CURVE('',#167,#247,#1310,.T.);
#1312=DIRECTION('',(-0.26303454268835214,-0.9647864164428983,0.0));
#1313=VECTOR('',#1312,1000.0);
#1314=LINE('',#246,#1313);
#1315=EDGE_CURVE('',#247,#245,#1314,.T.);
#1316=ORIENTED_EDGE('',*,*,#1299,.F.);
#1317=ORIENTED_EDGE('',*,*,#1311,.T.);
#1318=ORIENTED_EDGE('',*,*,#1315,.T.);
#1319=DIRECTION('',(0.2617823061735936,0.9601933285265168,-0.09746176700431552));
#1320=AXIS2_PLACEMENT_3D('',#244,#1303,#1319);
#1321=PLANE('',#1320);
#1322=EDGE_LOOP('',(#1316,#1317,#1318));
#1323=FACE_BOUND('',#1322,.T.);
#1324=ADVANCED_FACE('',(#1323),#1321,.T.);
#1325=DIRECTION('',(0.4753865088788799,0.8797770553816181,0.0));
#1326=VECTOR('',#1325,1000.0);
#1327=LINE('',#166,#1326);
#1328=EDGE_CURVE('',#167,#165,#1327,.T.);
#1329=DIRECTION('',(-0.47291835223635004,-0.8752093456493699,0.10176852856388027));
#1330=VECTOR('',#1329,1000.0);
#1331=LINE('',#164,#1330);
#1332=EDGE_CURVE('',#165,#247,#1331,.T.);
#1333=ORIENTED_EDGE('',*,*,#1311,.F.);
#1334=ORIENTED_EDGE('',*,*,#1328,.T.);
#1335=ORIENTED_EDGE('',*,*,#1332,.T.);
#1336=DIRECTION('',(0.8797770553816181,-0.47538650887887984,0.0));
#1337=DIRECTION('',(0.0,0.0,-1.0));
#1338=AXIS2_PLACEMENT_3D('',#246,#1336,#1337);
#1339=PLANE('',#1338);
#1340=EDGE_LOOP('',(#1333,#1334,#1335));
#1341=FACE_BOUND('',#1340,.T.);
#1342=ADVANCED_FACE('',(#1341),#1339,.T.);
#1343=LINE('',#164,#462);
#1344=EDGE_CURVE('',#165,#249,#1343,.T.);
#1345=DIRECTION('',(-0.4753865088788799,-0.8797770553816181,0.0));
#1346=VECTOR('',#1345,1000.0);
#1347=LINE('',#248,#1346);
#1348=EDGE_CURVE('',#249,#247,#1347,.T.);
#1349=ORIENTED_EDGE('',*,*,#1332,.F.);
#1350=ORIENTED_EDGE('',*,*,#1344,.T.);
#1351=ORIENTED_EDGE('',*,*,#1348,.T.);
#1352=DIRECTION('',(0.47291835223635004,0.8752093456493699,-0.10176852856388027));
#1353=AXIS2_PLACEMENT_3D('',#246,#1336,#1352);
#1354=PLANE('',#1353);
#1355=EDGE_LOOP('',(#1349,#1350,#1351));
#1356=FACE_BOUND('',#1355,.T.);
#1357=ADVANCED_FACE('',(#1356),#1354,.T.);
#1358=DIRECTION('',(0.6696551050561739,0.7426722293664985,0.0));
#1359=VECTOR('',#1358,1000.0);
#1360=LINE('',#164,#1359);
#1361=EDGE_CURVE('',#165,#163,#1360,.T.);
#1362=DIRECTION('',(-0.6666721105414627,-0.739363978343395,0.09428257821262367));
#1363=VECTOR('',#1362,1000.0);
#1364=LINE('',#162,#1363);
#1365=EDGE_CURVE('',#163,#249,#1364,.T.);
#1366=ORIENTED_EDGE('',*,*,#1344,.F.);
#1367=ORIENTED_EDGE('',*,*,#1361,.T.);
#1368=ORIENTED_EDGE('',*,*,#1365,.T.);
#1369=DIRECTION('',(0.7426722293664985,-0.6696551050561739,0.0));
#1370=DIRECTION('',(0.0,0.0,-1.0));
#1371=AXIS2_PLACEMENT_3D('',#248,#1369,#1370);
#1372=PLANE('',#1371);
#1373=EDGE_LOOP('',(#1366,#1367,#1368));
#1374=FACE_BOUND('',#1373,.T.);
#1375=ADVANCED_FACE('',(#1374),#1372,.T.);
#1376=LINE('',#162,#462);
#1377=EDGE_CURVE('',#163,#251,#1376,.T.);
#1378=DIRECTION('',(-0.6696551050561739,-0.7426722293664985,0.0));
#1379=VECTOR('',#1378,1000.0);
#1380=LINE('',#250,#1379);
#1381=EDGE_CURVE('',#251,#249,#1380,.T.);
#1382=ORIENTED_EDGE('',*,*,#1365,.F.);
#1383=ORIENTED_EDGE('',*,*,#1377,.T.);
#1384=ORIENTED_EDGE('',*,*,#1381,.T.);
#1385=DIRECTION('',(0.6666721105414627,0.739363978343395,-0.09428257821262367));
#1386=AXIS2_PLACEMENT_3D('',#248,#1369,#1385);
#1387=PLANE('',#1386);
#1388=EDGE_LOOP('',(#1382,#1383,#1384));
#1389=FACE_BOUND('',#1388,.T.);
#1390=ADVANCED_FACE('',(#1389),#1387,.T.);
#1391=DIRECTION('',(0.7556890827897962,0.6549305384178666,0.0));
#1392=VECTOR('',#1391,1000.0);
#1393=LINE('',#162,#1392);
#1394=EDGE_CURVE('',#163,#173,#1393,.T.);
#1395=DIRECTION('',(-0.1040008787238746,-0.09013409489403061,0.990484559275053));
#1396=VECTOR('',#1395,1000.0);
#1397=LINE('',#172,#1396);
#1398=EDGE_CURVE('',#173,#251,#1397,.T.);
#1399=ORIENTED_EDGE('',*,*,#1377,.F.);
#1400=ORIENTED_EDGE('',*,*,#1394,.T.);
#1401=ORIENTED_EDGE('',*,*,#1398,.T.);
#1402=DIRECTION('',(0.6549305384178666,-0.7556890827897962,0.0));
#1403=DIRECTION('',(0.0,0.0,-1.0));
#1404=AXIS2_PLACEMENT_3D('',#250,#1402,#1403);
#1405=PLANE('',#1404);
#1406=EDGE_LOOP('',(#1399,#1400,#1401));
#1407=FACE_BOUND('',#1406,.T.);
#1408=ADVANCED_FACE('',(#1407),#1405,.T.);
#1409=LINE('',#172,#462);
#1410=EDGE_CURVE('',#173,#253,#1409,.T.);
#1411=DIRECTION('',(-0.7556890827897962,-0.6549305384178666,0.0));
#1412=VECTOR('',#1411,1000.0);
#1413=LINE('',#252,#1412);
#1414=EDGE_CURVE('',#253,#251,#1413,.T.);
#1415=ORIENTED_EDGE('',*,*,#1398,.F.);
#1416=ORIENTED_EDGE('',*,*,#1410,.T.);
#1417=ORIENTED_EDGE('',*,*,#1414,.T.);
#1418=DIRECTION('',(0.1040008787238746,0.09013409489403061,-0.990484559275053));
#1419=AXIS2_PLACEMENT_3D('',#250,#1402,#1418);
#1420=PLANE('',#1419);
#1421=EDGE_LOOP('',(#1415,#1416,#1417));
#1422=FACE_BOUND('',#1421,.T.);
#1423=ADVANCED_FACE('',(#1422),#1420,.T.);
#1424=DIRECTION('',(0.8306739708924246,0.5567591526699955,0.0));
#1425=VECTOR('',#1424,1000.0);
#1426=LINE('',#172,#1425);
#1427=EDGE_CURVE('',#173,#171,#1426,.T.);
#1428=DIRECTION('',(-0.8282652165068026,-0.5551446852643439,0.0760993399951123));
#1429=VECTOR('',#1428,1000.0);
#1430=LINE('',#170,#1429);
#1431=EDGE_CURVE('',#171,#253,#1430,.T.);
#1432=ORIENTED_EDGE('',*,*,#1410,.F.);
#1433=ORIENTED_EDGE('',*,*,#1427,.T.);
#1434=ORIENTED_EDGE('',*,*,#1431,.T.);
#1435=DIRECTION('',(0.5567591526699956,-0.8306739708924246,0.0));
#1436=DIRECTION('',(0.0,0.0,-1.0));
#1437=AXIS2_PLACEMENT_3D('',#252,#1435,#1436);
#1438=PLANE('',#1437);
#1439=EDGE_LOOP('',(#1432,#1433,#1434));
#1440=FACE_BOUND('',#1439,.T.);
#1441=ADVANCED_FACE('',(#1440),#1438,.T.);
#1442=LINE('',#170,#462);
#1443=EDGE_CURVE('',#171,#255,#1442,.T.);
#1444=DIRECTION('',(-0.8306739708924246,-0.5567591526699955,0.0));
#1445=VECTOR('',#1444,1000.0);
#1446=LINE('',#254,#1445);
#1447=EDGE_CURVE('',#255,#253,#1446,.T.);
#1448=ORIENTED_EDGE('',*,*,#1431,.F.);
#1449=ORIENTED_EDGE('',*,*,#1443,.T.);
#1450=ORIENTED_EDGE('',*,*,#1447,.T.);
#1451=DIRECTION('',(0.8282652165068026,0.5551446852643439,-0.0760993399951123));
#1452=AXIS2_PLACEMENT_3D('',#252,#1435,#1451);
#1453=PLANE('',#1452);
#1454=EDGE_LOOP('',(#1448,#1449,#1450));
#1455=FACE_BOUND('',#1454,.T.);
#1456=ADVANCED_FACE('',(#1455),#1453,.T.);
#1457=DIRECTION('',(0.9435310090061761,0.3312842209399463,0.0));
#1458=VECTOR('',#1457,1000.0);
#1459=LINE('',#170,#1458);
#1460=EDGE_CURVE('',#171,#169,#1459,.T.);
#1461=DIRECTION('',(-0.9404778121374462,-0.33021220959492553,0.08038271898610651));
#1462=VECTOR('',#1461,1000.0);
#1463=LINE('',#168,#1462);
#1464=EDGE_CURVE('',#169,#255,#1463,.T.);
#1465=ORIENTED_EDGE('',*,*,#1443,.F.);
#1466=ORIENTED_EDGE('',*,*,#1460,.T.);
#1467=ORIENTED_EDGE('',*,*,#1464,.T.);
#1468=DIRECTION('',(0.3312842209399463,-0.9435310090061763,0.0));
#1469=DIRECTION('',(0.0,0.0,-1.0));
#1470=AXIS2_PLACEMENT_3D('',#254,#1468,#1469);
#1471=PLANE('',#1470);
#1472=EDGE_LOOP('',(#1465,#1466,#1467));
#1473=FACE_BOUND('',#1472,.T.);
#1474=ADVANCED_FACE('',(#1473),#1471,.T.);
#1475=LINE('',#168,#462);
#1476=EDGE_CURVE('',#169,#257,#1475,.T.);
#1477=DIRECTION('',(-0.9435310090061761,-0.3312842209399463,0.0));
#1478=VECTOR('',#1477,1000.0);
#1479=LINE('',#256,#1478);
#1480=EDGE_CURVE('',#257,#255,#1479,.T.);
#1481=ORIENTED_EDGE('',*,*,#1464,.F.);
#1482=ORIENTED_EDGE('',*,*,#1476,.T.);
#1483=ORIENTED_EDGE('',*,*,#1480,.T.);
#1484=DIRECTION('',(0.9404778121374462,0.33021220959492553,-0.08038271898610651));
#1485=AXIS2_PLACEMENT_3D('',#254,#1468,#1484);
#1486=PLANE('',#1485);
#1487=EDGE_LOOP('',(#1481,#1482,#1483));
#1488=FACE_BOUND('',#1487,.T.);
#1489=ADVANCED_FACE('',(#1488),#1486,.T.);
#1490=DIRECTION('',(0.9943374998325236,0.10626822868010105,0.0));
#1491=VECTOR('',#1490,1000.0);
#1492=LINE('',#168,#1491);
#1493=EDGE_CURVE('',#169,#161,#1492,.T.);
#1494=DIRECTION('',(-0.9919906976539805,-0.10601741795374468,0.06866413079905727));
#1495=VECTOR('',#1494,1000.0);
#1496=LINE('',#160,#1495);
#1497=EDGE_CURVE('',#161,#257,#1496,.T.);
#1498=ORIENTED_EDGE('',*,*,#1476,.F.);
#1499=ORIENTED_EDGE('',*,*,#1493,.T.);
#1500=ORIENTED_EDGE('',*,*,#1497,.T.);
#1501=DIRECTION('',(0.10626822868010105,-0.9943374998325236,0.0));
#1502=DIRECTION('',(0.0,0.0,-1.0));
#1503=AXIS2_PLACEMENT_3D('',#256,#1501,#1502);
#1504=PLANE('',#1503);
#1505=EDGE_LOOP('',(#1498,#1499,#1500));
#1506=FACE_BOUND('',#1505,.T.);
#1507=ADVANCED_FACE('',(#1506),#1504,.T.);
#1508=DIRECTION('',(-0.9943374998325236,-0.10626822868010105,0.0));
#1509=VECTOR('',#1508,1000.0);
#1510=LINE('',#240,#1509);
#1511=EDGE_CURVE('',#241,#257,#1510,.T.);
#1512=ORIENTED_EDGE('',*,*,#1497,.F.);
#1513=ORIENTED_EDGE('',*,*,#1243,.F.);
#1514=ORIENTED_EDGE('',*,*,#1511,.T.);
#1515=DIRECTION('',(0.9919906976539805,0.10601741795374468,-0.06866413079905727));
#1516=AXIS2_PLACEMENT_3D('',#256,#1501,#1515);
#1517=PLANE('',#1516);
#1518=EDGE_LOOP('',(#1512,#1513,#1514));
#1519=FACE_BOUND('',#1518,.T.);
#1520=ADVANCED_FACE('',(#1519),#1517,.T.);
#1521=DIRECTION('',(-0.9962121353751193,0.08695620352421665,0.0));
#1522=VECTOR('',#1521,1000.0);
#1523=LINE('',#154,#1522);
#1524=EDGE_CURVE('',#155,#153,#1523,.T.);
#1525=DIRECTION('',(0.9929986955591542,-0.08667571253567367,0.08025528938488269));
#1526=VECTOR('',#1525,1000.0);
#1527=LINE('',#152,#1526);
#1528=EDGE_CURVE('',#153,#235,#1527,.T.);
#1529=ORIENTED_EDGE('',*,*,#1168,.F.);
#1530=ORIENTED_EDGE('',*,*,#1524,.T.);
#1531=ORIENTED_EDGE('',*,*,#1528,.T.);
#1532=DIRECTION('',(0.08695620352421667,0.9962121353751194,0.0));
#1533=DIRECTION('',(0.0,0.0,-1.0));
#1534=AXIS2_PLACEMENT_3D('',#234,#1532,#1533);
#1535=PLANE('',#1534);
#1536=EDGE_LOOP('',(#1529,#1530,#1531));
#1537=FACE_BOUND('',#1536,.T.);
#1538=ADVANCED_FACE('',(#1537),#1535,.T.);
#1539=LINE('',#152,#462);
#1540=EDGE_CURVE('',#153,#259,#1539,.T.);
#1541=DIRECTION('',(0.9962121353751193,-0.08695620352421665,0.0));
#1542=VECTOR('',#1541,1000.0);
#1543=LINE('',#258,#1542);
#1544=EDGE_CURVE('',#259,#235,#1543,.T.);
#1545=ORIENTED_EDGE('',*,*,#1528,.F.);
#1546=ORIENTED_EDGE('',*,*,#1540,.T.);
#1547=ORIENTED_EDGE('',*,*,#1544,.T.);
#1548=DIRECTION('',(0.08695620352421667,0.9962121353751194,-0.0));
#1549=DIRECTION('',(-0.9929986955591542,0.08667571253567367,-0.08025528938488269));
#1550=AXIS2_PLACEMENT_3D('',#234,#1548,#1549);
#1551=PLANE('',#1550);
#1552=EDGE_LOOP('',(#1545,#1546,#1547));
#1553=FACE_BOUND('',#1552,.T.);
#1554=ADVANCED_FACE('',(#1553),#1551,.T.);
#1555=LINE('',#152,#713);
#1556=EDGE_CURVE('',#153,#151,#1555,.T.);
#1557=DIRECTION('',(0.9550290077447466,-0.284693625063196,0.08288024019307015));
#1558=VECTOR('',#1557,1000.0);
#1559=LINE('',#150,#1558);
#1560=EDGE_CURVE('',#151,#259,#1559,.T.);
#1561=ORIENTED_EDGE('',*,*,#1540,.F.);
#1562=ORIENTED_EDGE('',*,*,#1556,.T.);
#1563=ORIENTED_EDGE('',*,*,#1560,.T.);
#1564=DIRECTION('',(0.2856764909100703,0.9583261149219031,0.0));
#1565=DIRECTION('',(0.0,0.0,-1.0));
#1566=AXIS2_PLACEMENT_3D('',#258,#1564,#1565);
#1567=PLANE('',#1566);
#1568=EDGE_LOOP('',(#1561,#1562,#1563));
#1569=FACE_BOUND('',#1568,.T.);
#1570=ADVANCED_FACE('',(#1569),#1567,.T.);
#1571=LINE('',#150,#462);
#1572=EDGE_CURVE('',#151,#261,#1571,.T.);
#1573=VECTOR('',#734,1000.0);
#1574=LINE('',#260,#1573);
#1575=EDGE_CURVE('',#261,#259,#1574,.T.);
#1576=ORIENTED_EDGE('',*,*,#1560,.F.);
#1577=ORIENTED_EDGE('',*,*,#1572,.T.);
#1578=ORIENTED_EDGE('',*,*,#1575,.T.);
#1579=DIRECTION('',(0.2856764909100703,0.9583261149219031,-0.0));
#1580=DIRECTION('',(-0.9550290077447466,0.284693625063196,-0.08288024019307015));
#1581=AXIS2_PLACEMENT_3D('',#258,#1579,#1580);
#1582=PLANE('',#1581);
#1583=EDGE_LOOP('',(#1576,#1577,#1578));
#1584=FACE_BOUND('',#1583,.T.);
#1585=ADVANCED_FACE('',(#1584),#1582,.T.);
#1586=DIRECTION('',(-0.8645916888502286,0.5024750855227643,0.0));
#1587=VECTOR('',#1586,1000.0);
#1588=LINE('',#150,#1587);
#1589=EDGE_CURVE('',#151,#149,#1588,.T.);
#1590=DIRECTION('',(0.8616425685831754,-0.5007611441588644,0.08252490839796715));
#1591=VECTOR('',#1590,1000.0);
#1592=LINE('',#148,#1591);
#1593=EDGE_CURVE('',#149,#261,#1592,.T.);
#1594=ORIENTED_EDGE('',*,*,#1572,.F.);
#1595=ORIENTED_EDGE('',*,*,#1589,.T.);
#1596=ORIENTED_EDGE('',*,*,#1593,.T.);
#1597=DIRECTION('',(0.5024750855227643,0.8645916888502287,0.0));
#1598=DIRECTION('',(0.0,0.0,-1.0));
#1599=AXIS2_PLACEMENT_3D('',#260,#1597,#1598);
#1600=PLANE('',#1599);
#1601=EDGE_LOOP('',(#1594,#1595,#1596));
#1602=FACE_BOUND('',#1601,.T.);
#1603=ADVANCED_FACE('',(#1602),#1600,.T.);
#1604=LINE('',#148,#462);
#1605=EDGE_CURVE('',#149,#263,#1604,.T.);
#1606=DIRECTION('',(0.8645916888502286,-0.5024750855227643,0.0));
#1607=VECTOR('',#1606,1000.0);
#1608=LINE('',#262,#1607);
#1609=EDGE_CURVE('',#263,#261,#1608,.T.);
#1610=ORIENTED_EDGE('',*,*,#1593,.F.);
#1611=ORIENTED_EDGE('',*,*,#1605,.T.);
#1612=ORIENTED_EDGE('',*,*,#1609,.T.);
#1613=DIRECTION('',(0.5024750855227643,0.8645916888502287,-0.0));
#1614=DIRECTION('',(-0.8616425685831754,0.5007611441588644,-0.08252490839796715));
#1615=AXIS2_PLACEMENT_3D('',#260,#1613,#1614);
#1616=PLANE('',#1615);
#1617=EDGE_LOOP('',(#1610,#1611,#1612));
#1618=FACE_BOUND('',#1617,.T.);
#1619=ADVANCED_FACE('',(#1618),#1616,.T.);
#1620=DIRECTION('',(-0.7222968181473828,0.6915831884120425,0.0));
#1621=VECTOR('',#1620,1000.0);
#1622=LINE('',#148,#1621);
#1623=EDGE_CURVE('',#149,#139,#1622,.T.);
#1624=DIRECTION('',(0.7195317078456072,-0.6889356566068798,0.08741728925350589));
#1625=VECTOR('',#1624,1000.0);
#1626=LINE('',#138,#1625);
#1627=EDGE_CURVE('',#139,#263,#1626,.T.);
#1628=ORIENTED_EDGE('',*,*,#1605,.F.);
#1629=ORIENTED_EDGE('',*,*,#1623,.T.);
#1630=ORIENTED_EDGE('',*,*,#1627,.T.);
#1631=DIRECTION('',(0.6915831884120425,0.7222968181473829,0.0));
#1632=DIRECTION('',(0.0,0.0,-1.0));
#1633=AXIS2_PLACEMENT_3D('',#262,#1631,#1632);
#1634=PLANE('',#1633);
#1635=EDGE_LOOP('',(#1628,#1629,#1630));
#1636=FACE_BOUND('',#1635,.T.);
#1637=ADVANCED_FACE('',(#1636),#1634,.T.);
#1638=LINE('',#138,#462);
#1639=EDGE_CURVE('',#139,#265,#1638,.T.);
#1640=DIRECTION('',(0.7222968181473828,-0.6915831884120425,0.0));
#1641=VECTOR('',#1640,1000.0);
#1642=LINE('',#264,#1641);
#1643=EDGE_CURVE('',#265,#263,#1642,.T.);
#1644=ORIENTED_EDGE('',*,*,#1627,.F.);
#1645=ORIENTED_EDGE('',*,*,#1639,.T.);
#1646=ORIENTED_EDGE('',*,*,#1643,.T.);
#1647=DIRECTION('',(0.6915831884120425,0.7222968181473829,-0.0));
#1648=DIRECTION('',(-0.7195317078456072,0.6889356566068798,-0.08741728925350589));
#1649=AXIS2_PLACEMENT_3D('',#262,#1647,#1648);
#1650=PLANE('',#1649);
#1651=EDGE_LOOP('',(#1644,#1645,#1646));
#1652=FACE_BOUND('',#1651,.T.);
#1653=ADVANCED_FACE('',(#1652),#1650,.T.);
#1654=DIRECTION('',(-0.539777290721802,0.8418078619382401,0.0));
#1655=VECTOR('',#1654,1000.0);
#1656=LINE('',#138,#1655);
#1657=EDGE_CURVE('',#139,#137,#1656,.T.);
#1658=DIRECTION('',(0.5374022381663048,-0.8381038566973741,0.09370570848584234));
#1659=VECTOR('',#1658,1000.0);
#1660=LINE('',#136,#1659);
#1661=EDGE_CURVE('',#137,#265,#1660,.T.);
#1662=ORIENTED_EDGE('',*,*,#1639,.F.);
#1663=ORIENTED_EDGE('',*,*,#1657,.T.);
#1664=ORIENTED_EDGE('',*,*,#1661,.T.);
#1665=DIRECTION('',(0.8418078619382402,0.539777290721802,0.0));
#1666=DIRECTION('',(0.0,0.0,-1.0));
#1667=AXIS2_PLACEMENT_3D('',#264,#1665,#1666);
#1668=PLANE('',#1667);
#1669=EDGE_LOOP('',(#1662,#1663,#1664));
#1670=FACE_BOUND('',#1669,.T.);
#1671=ADVANCED_FACE('',(#1670),#1668,.T.);
#1672=LINE('',#136,#462);
#1673=EDGE_CURVE('',#137,#267,#1672,.T.);
#1674=DIRECTION('',(0.539777290721802,-0.8418078619382401,0.0));
#1675=VECTOR('',#1674,1000.0);
#1676=LINE('',#266,#1675);
#1677=EDGE_CURVE('',#267,#265,#1676,.T.);
#1678=ORIENTED_EDGE('',*,*,#1661,.F.);
#1679=ORIENTED_EDGE('',*,*,#1673,.T.);
#1680=ORIENTED_EDGE('',*,*,#1677,.T.);
#1681=DIRECTION('',(0.8418078619382402,0.539777290721802,-0.0));
#1682=DIRECTION('',(-0.5374022381663048,0.8381038566973741,-0.09370570848584234));
#1683=AXIS2_PLACEMENT_3D('',#264,#1681,#1682);
#1684=PLANE('',#1683);
#1685=EDGE_LOOP('',(#1678,#1679,#1680));
#1686=FACE_BOUND('',#1685,.T.);
#1687=ADVANCED_FACE('',(#1686),#1684,.T.);
#1688=DIRECTION('',(-0.3244306018480439,0.9459095012655894,0.0));
#1689=VECTOR('',#1688,1000.0);
#1690=LINE('',#136,#1689);
#1691=EDGE_CURVE('',#137,#185,#1690,.T.);
#1692=DIRECTION('',(0.32311387304656175,-0.9420704482390952,0.0900038643583735));
#1693=VECTOR('',#1692,1000.0);
#1694=LINE('',#184,#1693);
#1695=EDGE_CURVE('',#185,#267,#1694,.T.);
#1696=ORIENTED_EDGE('',*,*,#1673,.F.);
#1697=ORIENTED_EDGE('',*,*,#1691,.T.);
#1698=ORIENTED_EDGE('',*,*,#1695,.T.);
#1699=DIRECTION('',(0.9459095012655894,0.3244306018480439,0.0));
#1700=DIRECTION('',(0.0,0.0,-1.0));
#1701=AXIS2_PLACEMENT_3D('',#266,#1699,#1700);
#1702=PLANE('',#1701);
#1703=EDGE_LOOP('',(#1696,#1697,#1698));
#1704=FACE_BOUND('',#1703,.T.);
#1705=ADVANCED_FACE('',(#1704),#1702,.T.);
#1706=LINE('',#184,#462);
#1707=EDGE_CURVE('',#185,#269,#1706,.T.);
#1708=DIRECTION('',(0.3244306018480439,-0.9459095012655894,0.0));
#1709=VECTOR('',#1708,1000.0);
#1710=LINE('',#268,#1709);
#1711=EDGE_CURVE('',#269,#267,#1710,.T.);
#1712=ORIENTED_EDGE('',*,*,#1695,.F.);
#1713=ORIENTED_EDGE('',*,*,#1707,.T.);
#1714=ORIENTED_EDGE('',*,*,#1711,.T.);
#1715=DIRECTION('',(0.9459095012655894,0.3244306018480439,-0.0));
#1716=DIRECTION('',(-0.32311387304656175,0.9420704482390952,-0.0900038643583735));
#1717=AXIS2_PLACEMENT_3D('',#266,#1715,#1716);
#1718=PLANE('',#1717);
#1719=EDGE_LOOP('',(#1712,#1713,#1714));
#1720=FACE_BOUND('',#1719,.T.);
#1721=ADVANCED_FACE('',(#1720),#1718,.T.);
#1722=DIRECTION('',(-0.1042631171825514,0.994549748577404,0.0));
#1723=VECTOR('',#1722,1000.0);
#1724=LINE('',#184,#1723);
#1725=EDGE_CURVE('',#185,#183,#1724,.T.);
#1726=DIRECTION('',(0.10397640082001729,-0.9918148055412,0.07411005047756108));
#1727=VECTOR('',#1726,1000.0);
#1728=LINE('',#182,#1727);
#1729=EDGE_CURVE('',#183,#269,#1728,.T.);
#1730=ORIENTED_EDGE('',*,*,#1707,.F.);
#1731=ORIENTED_EDGE('',*,*,#1725,.T.);
#1732=ORIENTED_EDGE('',*,*,#1729,.T.);
#1733=DIRECTION('',(0.9945497485774041,0.10426311718255142,0.0));
#1734=DIRECTION('',(0.0,0.0,-1.0));
#1735=AXIS2_PLACEMENT_3D('',#268,#1733,#1734);
#1736=PLANE('',#1735);
#1737=EDGE_LOOP('',(#1730,#1731,#1732));
#1738=FACE_BOUND('',#1737,.T.);
#1739=ADVANCED_FACE('',(#1738),#1736,.T.);
#1740=DIRECTION('',(0.1042631171825514,-0.994549748577404,0.0));
#1741=VECTOR('',#1740,1000.0);
#1742=LINE('',#242,#1741);
#1743=EDGE_CURVE('',#243,#269,#1742,.T.);
#1744=ORIENTED_EDGE('',*,*,#1729,.F.);
#1745=ORIENTED_EDGE('',*,*,#1258,.F.);
#1746=ORIENTED_EDGE('',*,*,#1743,.T.);
#1747=DIRECTION('',(0.9945497485774041,0.10426311718255142,-0.0));
#1748=DIRECTION('',(-0.10397640082001729,0.9918148055412,-0.07411005047756108));
#1749=AXIS2_PLACEMENT_3D('',#268,#1747,#1748);
#1750=PLANE('',#1749);
#1751=EDGE_LOOP('',(#1744,#1745,#1746));
#1752=FACE_BOUND('',#1751,.T.);
#1753=ADVANCED_FACE('',(#1752),#1750,.T.);
#1754=DIRECTION('',(0.9459638907690077,-0.32427198053664924,0.0));
#1755=VECTOR('',#1754,1000.0);
#1756=LINE('',#248,#1755);
#1757=EDGE_CURVE('',#249,#271,#1756,.T.);
#1758=DIRECTION('',(-0.9656649898290754,-0.2597905452829482,0.0));
#1759=VECTOR('',#1758,1000.0);
#1760=LINE('',#270,#1759);
#1761=EDGE_CURVE('',#271,#247,#1760,.T.);
#1762=ORIENTED_EDGE('',*,*,#1348,.F.);
#1763=ORIENTED_EDGE('',*,*,#1757,.T.);
#1764=ORIENTED_EDGE('',*,*,#1761,.T.);
#1765=DIRECTION('',(0.0,0.0,-1.0));
#1766=AXIS2_PLACEMENT_3D('',#246,#1765,#1325);
#1767=PLANE('',#1766);
#1768=EDGE_LOOP('',(#1762,#1763,#1764));
#1769=FACE_BOUND('',#1768,.T.);
#1770=ADVANCED_FACE('',(#1769),#1767,.T.);
#1771=DIRECTION('',(0.38189217597978603,-0.9242068848074138,0.0));
#1772=VECTOR('',#1771,1000.0);
#1773=LINE('',#250,#1772);
#1774=EDGE_CURVE('',#251,#271,#1773,.T.);
#1775=ORIENTED_EDGE('',*,*,#1757,.F.);
#1776=ORIENTED_EDGE('',*,*,#1381,.F.);
#1777=ORIENTED_EDGE('',*,*,#1774,.T.);
#1778=DIRECTION('',(0.0,0.0,-1.0));
#1779=DIRECTION('',(-0.9459638907690077,0.32427198053664924,0.0));
#1780=AXIS2_PLACEMENT_3D('',#270,#1778,#1779);
#1781=PLANE('',#1780);
#1782=EDGE_LOOP('',(#1775,#1776,#1777));
#1783=FACE_BOUND('',#1782,.T.);
#1784=ADVANCED_FACE('',(#1783),#1781,.T.);
#1785=DIRECTION('',(0.8214430531684065,-0.5702905491075284,0.0));
#1786=VECTOR('',#1785,1000.0);
#1787=LINE('',#250,#1786);
#1788=EDGE_CURVE('',#251,#273,#1787,.T.);
#1789=DIRECTION('',(-0.6856156387437582,-0.727963732551278,0.0));
#1790=VECTOR('',#1789,1000.0);
#1791=LINE('',#272,#1790);
#1792=EDGE_CURVE('',#273,#271,#1791,.T.);
#1793=ORIENTED_EDGE('',*,*,#1774,.F.);
#1794=ORIENTED_EDGE('',*,*,#1788,.T.);
#1795=ORIENTED_EDGE('',*,*,#1792,.T.);
#1796=DIRECTION('',(0.0,0.0,-1.0));
#1797=DIRECTION('',(-0.38189217597978603,0.9242068848074138,0.0));
#1798=AXIS2_PLACEMENT_3D('',#270,#1796,#1797);
#1799=PLANE('',#1798);
#1800=EDGE_LOOP('',(#1793,#1794,#1795));
#1801=FACE_BOUND('',#1800,.T.);
#1802=ADVANCED_FACE('',(#1801),#1799,.T.);
#1803=DIRECTION('',(0.8149359136583811,-0.5795510819848234,0.0));
#1804=VECTOR('',#1803,1000.0);
#1805=LINE('',#252,#1804);
#1806=EDGE_CURVE('',#253,#273,#1805,.T.);
#1807=ORIENTED_EDGE('',*,*,#1788,.F.);
#1808=ORIENTED_EDGE('',*,*,#1414,.F.);
#1809=ORIENTED_EDGE('',*,*,#1806,.T.);
#1810=DIRECTION('',(0.0,0.0,-1.0));
#1811=DIRECTION('',(-0.8214430531684065,0.5702905491075284,0.0));
#1812=AXIS2_PLACEMENT_3D('',#272,#1810,#1811);
#1813=PLANE('',#1812);
#1814=EDGE_LOOP('',(#1807,#1808,#1809));
#1815=FACE_BOUND('',#1814,.T.);
#1816=ADVANCED_FACE('',(#1815),#1813,.T.);
#1817=DIRECTION('',(0.9919127750541799,-0.1269214193283236,0.0));
#1818=VECTOR('',#1817,1000.0);
#1819=LINE('',#252,#1818);
#1820=EDGE_CURVE('',#253,#275,#1819,.T.);
#1821=DIRECTION('',(-0.8399432807489198,-0.5426741979537456,0.0));
#1822=VECTOR('',#1821,1000.0);
#1823=LINE('',#274,#1822);
#1824=EDGE_CURVE('',#275,#273,#1823,.T.);
#1825=ORIENTED_EDGE('',*,*,#1806,.F.);
#1826=ORIENTED_EDGE('',*,*,#1820,.T.);
#1827=ORIENTED_EDGE('',*,*,#1824,.T.);
#1828=DIRECTION('',(0.0,0.0,-1.0));
#1829=DIRECTION('',(-0.8149359136583811,0.5795510819848234,0.0));
#1830=AXIS2_PLACEMENT_3D('',#272,#1828,#1829);
#1831=PLANE('',#1830);
#1832=EDGE_LOOP('',(#1825,#1826,#1827));
#1833=FACE_BOUND('',#1832,.T.);
#1834=ADVANCED_FACE('',(#1833),#1831,.T.);
#1835=DIRECTION('',(0.5423976117741445,-0.8401219142134695,0.0));
#1836=VECTOR('',#1835,1000.0);
#1837=LINE('',#254,#1836);
#1838=EDGE_CURVE('',#255,#275,#1837,.T.);
#1839=ORIENTED_EDGE('',*,*,#1820,.F.);
#1840=ORIENTED_EDGE('',*,*,#1447,.F.);
#1841=ORIENTED_EDGE('',*,*,#1838,.T.);
#1842=DIRECTION('',(0.0,0.0,-1.0));
#1843=DIRECTION('',(-0.9919127750541799,0.1269214193283236,0.0));
#1844=AXIS2_PLACEMENT_3D('',#274,#1842,#1843);
#1845=PLANE('',#1844);
#1846=EDGE_LOOP('',(#1839,#1840,#1841));
#1847=FACE_BOUND('',#1846,.T.);
#1848=ADVANCED_FACE('',(#1847),#1845,.T.);
#1849=DIRECTION('',(0.9091796251171755,-0.4164041417562897,0.0));
#1850=VECTOR('',#1849,1000.0);
#1851=LINE('',#254,#1850);
#1852=EDGE_CURVE('',#255,#277,#1851,.T.);
#1853=DIRECTION('',(-0.94386726885103,-0.3303249593834796,0.0));
#1854=VECTOR('',#1853,1000.0);
#1855=LINE('',#276,#1854);
#1856=EDGE_CURVE('',#277,#275,#1855,.T.);
#1857=ORIENTED_EDGE('',*,*,#1838,.F.);
#1858=ORIENTED_EDGE('',*,*,#1852,.T.);
#1859=ORIENTED_EDGE('',*,*,#1856,.T.);
#1860=DIRECTION('',(0.0,0.0,-1.0));
#1861=DIRECTION('',(-0.5423976117741445,0.8401219142134695,0.0));
#1862=AXIS2_PLACEMENT_3D('',#274,#1860,#1861);
#1863=PLANE('',#1862);
#1864=EDGE_LOOP('',(#1857,#1858,#1859));
#1865=FACE_BOUND('',#1864,.T.);
#1866=ADVANCED_FACE('',(#1865),#1863,.T.);
#1867=DIRECTION('',(0.24225797389373846,-0.9702118707194324,0.0));
#1868=VECTOR('',#1867,1000.0);
#1869=LINE('',#256,#1868);
#1870=EDGE_CURVE('',#257,#277,#1869,.T.);
#1871=ORIENTED_EDGE('',*,*,#1852,.F.);
#1872=ORIENTED_EDGE('',*,*,#1480,.F.);
#1873=ORIENTED_EDGE('',*,*,#1870,.T.);
#1874=DIRECTION('',(0.0,0.0,-1.0));
#1875=DIRECTION('',(-0.9091796251171755,0.4164041417562897,0.0));
#1876=AXIS2_PLACEMENT_3D('',#276,#1874,#1875);
#1877=PLANE('',#1876);
#1878=EDGE_LOOP('',(#1871,#1872,#1873));
#1879=FACE_BOUND('',#1878,.T.);
#1880=ADVANCED_FACE('',(#1879),#1877,.T.);
#1881=DIRECTION('',(0.8383709794848213,-0.545100083248628,0.0));
#1882=VECTOR('',#1881,1000.0);
#1883=LINE('',#256,#1882);
#1884=EDGE_CURVE('',#257,#279,#1883,.T.);
#1885=LINE('',#278,#1509);
#1886=EDGE_CURVE('',#279,#277,#1885,.T.);
#1887=ORIENTED_EDGE('',*,*,#1870,.F.);
#1888=ORIENTED_EDGE('',*,*,#1884,.T.);
#1889=ORIENTED_EDGE('',*,*,#1886,.T.);
#1890=DIRECTION('',(0.0,0.0,-1.0));
#1891=DIRECTION('',(-0.24225797389373846,0.9702118707194324,0.0));
#1892=AXIS2_PLACEMENT_3D('',#276,#1890,#1891);
#1893=PLANE('',#1892);
#1894=EDGE_LOOP('',(#1887,#1888,#1889));
#1895=FACE_BOUND('',#1894,.T.);
#1896=ADVANCED_FACE('',(#1895),#1893,.T.);
#1897=DIRECTION('',(0.005284664245260897,-0.9999860360644117,0.0));
#1898=VECTOR('',#1897,1000.0);
#1899=LINE('',#240,#1898);
#1900=EDGE_CURVE('',#241,#279,#1899,.T.);
#1901=ORIENTED_EDGE('',*,*,#1884,.F.);
#1902=ORIENTED_EDGE('',*,*,#1511,.F.);
#1903=ORIENTED_EDGE('',*,*,#1900,.T.);
#1904=DIRECTION('',(0.0,0.0,-1.0));
#1905=DIRECTION('',(-0.8383709794848213,0.545100083248628,0.0));
#1906=AXIS2_PLACEMENT_3D('',#278,#1904,#1905);
#1907=PLANE('',#1906);
#1908=EDGE_LOOP('',(#1901,#1902,#1903));
#1909=FACE_BOUND('',#1908,.T.);
#1910=ADVANCED_FACE('',(#1909),#1907,.T.);
#1911=DIRECTION('',(0.8033601056708599,-0.595493526930818,0.0));
#1912=VECTOR('',#1911,1000.0);
#1913=LINE('',#240,#1912);
#1914=EDGE_CURVE('',#241,#281,#1913,.T.);
#1915=LINE('',#280,#512);
#1916=EDGE_CURVE('',#281,#279,#1915,.T.);
#1917=ORIENTED_EDGE('',*,*,#1900,.F.);
#1918=ORIENTED_EDGE('',*,*,#1914,.T.);
#1919=ORIENTED_EDGE('',*,*,#1916,.T.);
#1920=DIRECTION('',(0.0,0.0,-1.0));
#1921=DIRECTION('',(-0.005284664245260897,0.9999860360644117,0.0));
#1922=AXIS2_PLACEMENT_3D('',#278,#1920,#1921);
#1923=PLANE('',#1922);
#1924=EDGE_LOOP('',(#1917,#1918,#1919));
#1925=FACE_BOUND('',#1924,.T.);
#1926=ADVANCED_FACE('',(#1925),#1923,.T.);
#1927=DIRECTION('',(-0.7739830044107823,-0.6332063714803088,0.0));
#1928=VECTOR('',#1927,1000.0);
#1929=LINE('',#238,#1928);
#1930=EDGE_CURVE('',#239,#281,#1929,.T.);
#1931=ORIENTED_EDGE('',*,*,#1914,.F.);
#1932=ORIENTED_EDGE('',*,*,#1227,.F.);
#1933=ORIENTED_EDGE('',*,*,#1930,.T.);
#1934=DIRECTION('',(0.0,0.0,-1.0));
#1935=DIRECTION('',(-0.8033601056708599,0.595493526930818,0.0));
#1936=AXIS2_PLACEMENT_3D('',#280,#1934,#1935);
#1937=PLANE('',#1936);
#1938=EDGE_LOOP('',(#1931,#1932,#1933));
#1939=FACE_BOUND('',#1938,.T.);
#1940=ADVANCED_FACE('',(#1939),#1937,.T.);
#1941=DIRECTION('',(-0.14900741369308482,-0.9888360787635622,0.0));
#1942=VECTOR('',#1941,1000.0);
#1943=LINE('',#238,#1942);
#1944=EDGE_CURVE('',#239,#283,#1943,.T.);
#1945=LINE('',#282,#1193);
#1946=EDGE_CURVE('',#283,#281,#1945,.T.);
#1947=ORIENTED_EDGE('',*,*,#1930,.F.);
#1948=ORIENTED_EDGE('',*,*,#1944,.T.);
#1949=ORIENTED_EDGE('',*,*,#1946,.T.);
#1950=DIRECTION('',(0.7739830044107823,0.6332063714803088,0.0));
#1951=AXIS2_PLACEMENT_3D('',#280,#871,#1950);
#1952=PLANE('',#1951);
#1953=EDGE_LOOP('',(#1947,#1948,#1949));
#1954=FACE_BOUND('',#1953,.T.);
#1955=ADVANCED_FACE('',(#1954),#1952,.T.);
#1956=DIRECTION('',(-0.7739547287063385,0.6332409319627862,0.0));
#1957=VECTOR('',#1956,1000.0);
#1958=LINE('',#236,#1957);
#1959=EDGE_CURVE('',#237,#283,#1958,.T.);
#1960=ORIENTED_EDGE('',*,*,#1944,.F.);
#1961=ORIENTED_EDGE('',*,*,#1195,.F.);
#1962=ORIENTED_EDGE('',*,*,#1959,.T.);
#1963=DIRECTION('',(0.0,0.0,-1.0));
#1964=DIRECTION('',(0.14900741369308482,0.9888360787635622,0.0));
#1965=AXIS2_PLACEMENT_3D('',#282,#1963,#1964);
#1966=PLANE('',#1965);
#1967=EDGE_LOOP('',(#1960,#1961,#1962));
#1968=FACE_BOUND('',#1967,.T.);
#1969=ADVANCED_FACE('',(#1968),#1966,.T.);
#1970=DIRECTION('',(-0.9292683810447606,0.36940530043632236,0.0));
#1971=VECTOR('',#1970,1000.0);
#1972=LINE('',#236,#1971);
#1973=EDGE_CURVE('',#237,#285,#1972,.T.);
#1974=LINE('',#284,#491);
#1975=EDGE_CURVE('',#285,#283,#1974,.T.);
#1976=ORIENTED_EDGE('',*,*,#1959,.F.);
#1977=ORIENTED_EDGE('',*,*,#1973,.T.);
#1978=ORIENTED_EDGE('',*,*,#1975,.T.);
#1979=DIRECTION('',(0.7739547287063385,-0.6332409319627862,0.0));
#1980=AXIS2_PLACEMENT_3D('',#282,#721,#1979);
#1981=PLANE('',#1980);
#1982=EDGE_LOOP('',(#1976,#1977,#1978));
#1983=FACE_BOUND('',#1982,.T.);
#1984=ADVANCED_FACE('',(#1983),#1981,.T.);
#1985=DIRECTION('',(-0.038146413568648646,0.9992721606908949,0.0));
#1986=VECTOR('',#1985,1000.0);
#1987=LINE('',#234,#1986);
#1988=EDGE_CURVE('',#235,#285,#1987,.T.);
#1989=ORIENTED_EDGE('',*,*,#1973,.F.);
#1990=ORIENTED_EDGE('',*,*,#1162,.F.);
#1991=ORIENTED_EDGE('',*,*,#1988,.T.);
#1992=DIRECTION('',(0.9292683810447606,-0.36940530043632236,0.0));
#1993=AXIS2_PLACEMENT_3D('',#284,#721,#1992);
#1994=PLANE('',#1993);
#1995=EDGE_LOOP('',(#1989,#1990,#1991));
#1996=FACE_BOUND('',#1995,.T.);
#1997=ADVANCED_FACE('',(#1996),#1994,.T.);
#1998=DIRECTION('',(-0.6759757443721318,0.7369238719301623,0.0));
#1999=VECTOR('',#1998,1000.0);
#2000=LINE('',#234,#1999);
#2001=EDGE_CURVE('',#235,#287,#2000,.T.);
#2002=DIRECTION('',(0.9956959514402992,-0.09267994543264205,0.0));
#2003=VECTOR('',#2002,1000.0);
#2004=LINE('',#286,#2003);
#2005=EDGE_CURVE('',#287,#285,#2004,.T.);
#2006=ORIENTED_EDGE('',*,*,#1988,.F.);
#2007=ORIENTED_EDGE('',*,*,#2001,.T.);
#2008=ORIENTED_EDGE('',*,*,#2005,.T.);
#2009=DIRECTION('',(0.038146413568648646,-0.9992721606908949,0.0));
#2010=AXIS2_PLACEMENT_3D('',#284,#721,#2009);
#2011=PLANE('',#2010);
#2012=EDGE_LOOP('',(#2006,#2007,#2008));
#2013=FACE_BOUND('',#2012,.T.);
#2014=ADVANCED_FACE('',(#2013),#2011,.T.);
#2015=DIRECTION('',(0.1280060521203483,0.9917733867273121,0.0));
#2016=VECTOR('',#2015,1000.0);
#2017=LINE('',#258,#2016);
#2018=EDGE_CURVE('',#259,#287,#2017,.T.);
#2019=ORIENTED_EDGE('',*,*,#2001,.F.);
#2020=ORIENTED_EDGE('',*,*,#1544,.F.);
#2021=ORIENTED_EDGE('',*,*,#2018,.T.);
#2022=DIRECTION('',(0.6759757443721318,-0.7369238719301623,0.0));
#2023=AXIS2_PLACEMENT_3D('',#286,#721,#2022);
#2024=PLANE('',#2023);
#2025=EDGE_LOOP('',(#2019,#2020,#2021));
#2026=FACE_BOUND('',#2025,.T.);
#2027=ADVANCED_FACE('',(#2026),#2024,.T.);
#2028=DIRECTION('',(-0.46075255645332774,0.8875286371276834,0.0));
#2029=VECTOR('',#2028,1000.0);
#2030=LINE('',#258,#2029);
#2031=EDGE_CURVE('',#259,#289,#2030,.T.);
#2032=DIRECTION('',(0.9545667305493853,-0.29799724315546455,0.0));
#2033=VECTOR('',#2032,1000.0);
#2034=LINE('',#288,#2033);
#2035=EDGE_CURVE('',#289,#287,#2034,.T.);
#2036=ORIENTED_EDGE('',*,*,#2018,.F.);
#2037=ORIENTED_EDGE('',*,*,#2031,.T.);
#2038=ORIENTED_EDGE('',*,*,#2035,.T.);
#2039=DIRECTION('',(-0.1280060521203483,-0.9917733867273121,0.0));
#2040=AXIS2_PLACEMENT_3D('',#286,#825,#2039);
#2041=PLANE('',#2040);
#2042=EDGE_LOOP('',(#2036,#2037,#2038));
#2043=FACE_BOUND('',#2042,.T.);
#2044=ADVANCED_FACE('',(#2043),#2041,.T.);
#2045=DIRECTION('',(0.4088945693970756,0.9125816298378904,0.0));
#2046=VECTOR('',#2045,1000.0);
#2047=LINE('',#260,#2046);
#2048=EDGE_CURVE('',#261,#289,#2047,.T.);
#2049=ORIENTED_EDGE('',*,*,#2031,.F.);
#2050=ORIENTED_EDGE('',*,*,#1575,.F.);
#2051=ORIENTED_EDGE('',*,*,#2048,.T.);
#2052=DIRECTION('',(0.46075255645332774,-0.8875286371276834,0.0));
#2053=AXIS2_PLACEMENT_3D('',#288,#721,#2052);
#2054=PLANE('',#2053);
#2055=EDGE_LOOP('',(#2049,#2050,#2051));
#2056=FACE_BOUND('',#2055,.T.);
#2057=ADVANCED_FACE('',(#2056),#2054,.T.);
#2058=DIRECTION('',(-0.1613264214279684,0.986901102314333,0.0));
#2059=VECTOR('',#2058,1000.0);
#2060=LINE('',#260,#2059);
#2061=EDGE_CURVE('',#261,#291,#2060,.T.);
#2062=DIRECTION('',(0.8598754987770375,-0.5105037968545786,0.0));
#2063=VECTOR('',#2062,1000.0);
#2064=LINE('',#290,#2063);
#2065=EDGE_CURVE('',#291,#289,#2064,.T.);
#2066=ORIENTED_EDGE('',*,*,#2048,.F.);
#2067=ORIENTED_EDGE('',*,*,#2061,.T.);
#2068=ORIENTED_EDGE('',*,*,#2065,.T.);
#2069=DIRECTION('',(-0.4088945693970756,-0.9125816298378904,0.0));
#2070=AXIS2_PLACEMENT_3D('',#288,#825,#2069);
#2071=PLANE('',#2070);
#2072=EDGE_LOOP('',(#2066,#2067,#2068));
#2073=FACE_BOUND('',#2072,.T.);
#2074=ADVANCED_FACE('',(#2073),#2071,.T.);
#2075=DIRECTION('',(0.7106803799927809,0.7035150300408063,0.0));
#2076=VECTOR('',#2075,1000.0);
#2077=LINE('',#262,#2076);
#2078=EDGE_CURVE('',#263,#291,#2077,.T.);
#2079=ORIENTED_EDGE('',*,*,#2061,.F.);
#2080=ORIENTED_EDGE('',*,*,#1609,.F.);
#2081=ORIENTED_EDGE('',*,*,#2078,.T.);
#2082=DIRECTION('',(0.1613264214279684,-0.986901102314333,0.0));
#2083=AXIS2_PLACEMENT_3D('',#290,#721,#2082);
#2084=PLANE('',#2083);
#2085=EDGE_LOOP('',(#2079,#2080,#2081));
#2086=FACE_BOUND('',#2085,.T.);
#2087=ADVANCED_FACE('',(#2086),#2084,.T.);
#2088=DIRECTION('',(0.18258919686961161,0.9831892926524933,0.0));
#2089=VECTOR('',#2088,1000.0);
#2090=LINE('',#262,#2089);
#2091=EDGE_CURVE('',#263,#293,#2090,.T.);
#2092=DIRECTION('',(0.7114693660477702,-0.702717113193911,0.0));
#2093=VECTOR('',#2092,1000.0);
#2094=LINE('',#292,#2093);
#2095=EDGE_CURVE('',#293,#291,#2094,.T.);
#2096=ORIENTED_EDGE('',*,*,#2078,.F.);
#2097=ORIENTED_EDGE('',*,*,#2091,.T.);
#2098=ORIENTED_EDGE('',*,*,#2095,.T.);
#2099=DIRECTION('',(-0.7106803799927809,-0.7035150300408063,0.0));
#2100=AXIS2_PLACEMENT_3D('',#290,#825,#2099);
#2101=PLANE('',#2100);
#2102=EDGE_LOOP('',(#2096,#2097,#2098));
#2103=FACE_BOUND('',#2102,.T.);
#2104=ADVANCED_FACE('',(#2103),#2101,.T.);
#2105=DIRECTION('',(0.8832379677504251,0.4689250391310951,0.0));
#2106=VECTOR('',#2105,1000.0);
#2107=LINE('',#264,#2106);
#2108=EDGE_CURVE('',#265,#293,#2107,.T.);
#2109=ORIENTED_EDGE('',*,*,#2091,.F.);
#2110=ORIENTED_EDGE('',*,*,#1643,.F.);
#2111=ORIENTED_EDGE('',*,*,#2108,.T.);
#2112=DIRECTION('',(-0.18258919686961161,-0.9831892926524933,0.0));
#2113=AXIS2_PLACEMENT_3D('',#292,#825,#2112);
#2114=PLANE('',#2113);
#2115=EDGE_LOOP('',(#2109,#2110,#2111));
#2116=FACE_BOUND('',#2115,.T.);
#2117=ADVANCED_FACE('',(#2116),#2114,.T.);
#2118=DIRECTION('',(0.4604322753156308,0.8876948348659415,0.0));
#2119=VECTOR('',#2118,1000.0);
#2120=LINE('',#264,#2119);
#2121=EDGE_CURVE('',#265,#295,#2120,.T.);
#2122=DIRECTION('',(0.5217552611495889,-0.8530952159417635,0.0));
#2123=VECTOR('',#2122,1000.0);
#2124=LINE('',#294,#2123);
#2125=EDGE_CURVE('',#295,#293,#2124,.T.);
#2126=ORIENTED_EDGE('',*,*,#2108,.F.);
#2127=ORIENTED_EDGE('',*,*,#2121,.T.);
#2128=ORIENTED_EDGE('',*,*,#2125,.T.);
#2129=DIRECTION('',(-0.8832379677504251,-0.4689250391310951,0.0));
#2130=AXIS2_PLACEMENT_3D('',#292,#825,#2129);
#2131=PLANE('',#2130);
#2132=EDGE_LOOP('',(#2126,#2127,#2128));
#2133=FACE_BOUND('',#2132,.T.);
#2134=ADVANCED_FACE('',(#2133),#2131,.T.);
#2135=DIRECTION('',(0.9582742535186435,0.28585040675725215,0.0));
#2136=VECTOR('',#2135,1000.0);
#2137=LINE('',#266,#2136);
#2138=EDGE_CURVE('',#267,#295,#2137,.T.);
#2139=ORIENTED_EDGE('',*,*,#2121,.F.);
#2140=ORIENTED_EDGE('',*,*,#1677,.F.);
#2141=ORIENTED_EDGE('',*,*,#2138,.T.);
#2142=DIRECTION('',(-0.4604322753156308,-0.8876948348659415,0.0));
#2143=AXIS2_PLACEMENT_3D('',#294,#825,#2142);
#2144=PLANE('',#2143);
#2145=EDGE_LOOP('',(#2139,#2140,#2141));
#2146=FACE_BOUND('',#2145,.T.);
#2147=ADVANCED_FACE('',(#2146),#2144,.T.);
#2148=DIRECTION('',(0.5816799478030262,0.8134177514192008,0.0));
#2149=VECTOR('',#2148,1000.0);
#2150=LINE('',#266,#2149);
#2151=EDGE_CURVE('',#267,#297,#2150,.T.);
#2152=DIRECTION('',(0.29785862845740235,-0.9546099923285296,0.0));
#2153=VECTOR('',#2152,1000.0);
#2154=LINE('',#296,#2153);
#2155=EDGE_CURVE('',#297,#295,#2154,.T.);
#2156=ORIENTED_EDGE('',*,*,#2138,.F.);
#2157=ORIENTED_EDGE('',*,*,#2151,.T.);
#2158=ORIENTED_EDGE('',*,*,#2155,.T.);
#2159=DIRECTION('',(-0.9582742535186435,-0.28585040675725215,0.0));
#2160=AXIS2_PLACEMENT_3D('',#294,#825,#2159);
#2161=PLANE('',#2160);
#2162=EDGE_LOOP('',(#2156,#2157,#2158));
#2163=FACE_BOUND('',#2162,.T.);
#2164=ADVANCED_FACE('',(#2163),#2161,.T.);
#2165=DIRECTION('',(0.9804638428142978,0.19669939739058692,0.0));
#2166=VECTOR('',#2165,1000.0);
#2167=LINE('',#268,#2166);
#2168=EDGE_CURVE('',#269,#297,#2167,.T.);
#2169=ORIENTED_EDGE('',*,*,#2151,.F.);
#2170=ORIENTED_EDGE('',*,*,#1711,.F.);
#2171=ORIENTED_EDGE('',*,*,#2168,.T.);
#2172=DIRECTION('',(-0.5816799478030262,-0.8134177514192008,0.0));
#2173=AXIS2_PLACEMENT_3D('',#296,#825,#2172);
#2174=PLANE('',#2173);
#2175=EDGE_LOOP('',(#2169,#2170,#2171));
#2176=FACE_BOUND('',#2175,.T.);
#2177=ADVANCED_FACE('',(#2176),#2174,.T.);
#2178=DIRECTION('',(0.6759208080097663,0.7369742609477109,0.0));
#2179=VECTOR('',#2178,1000.0);
#2180=LINE('',#268,#2179);
#2181=EDGE_CURVE('',#269,#299,#2180,.T.);
#2182=DIRECTION('',(0.08707164466040933,-0.9962020521441077,0.0));
#2183=VECTOR('',#2182,1000.0);
#2184=LINE('',#298,#2183);
#2185=EDGE_CURVE('',#299,#297,#2184,.T.);
#2186=ORIENTED_EDGE('',*,*,#2168,.F.);
#2187=ORIENTED_EDGE('',*,*,#2181,.T.);
#2188=ORIENTED_EDGE('',*,*,#2185,.T.);
#2189=DIRECTION('',(-0.9804638428142978,-0.19669939739058692,0.0));
#2190=AXIS2_PLACEMENT_3D('',#296,#825,#2189);
#2191=PLANE('',#2190);
#2192=EDGE_LOOP('',(#2186,#2187,#2188));
#2193=FACE_BOUND('',#2192,.T.);
#2194=ADVANCED_FACE('',(#2193),#2191,.T.);
#2195=DIRECTION('',(0.9997728186366185,-0.021314575186736694,0.0));
#2196=VECTOR('',#2195,1000.0);
#2197=LINE('',#242,#2196);
#2198=EDGE_CURVE('',#243,#299,#2197,.T.);
#2199=ORIENTED_EDGE('',*,*,#2181,.F.);
#2200=ORIENTED_EDGE('',*,*,#1743,.F.);
#2201=ORIENTED_EDGE('',*,*,#2198,.T.);
#2202=DIRECTION('',(-0.6759208080097663,-0.7369742609477109,0.0));
#2203=AXIS2_PLACEMENT_3D('',#298,#825,#2202);
#2204=PLANE('',#2203);
#2205=EDGE_LOOP('',(#2199,#2200,#2201));
#2206=FACE_BOUND('',#2205,.T.);
#2207=ADVANCED_FACE('',(#2206),#2204,.T.);
#2208=DIRECTION('',(0.827803059378914,0.561018800828377,0.0));
#2209=VECTOR('',#2208,1000.0);
#2210=LINE('',#242,#2209);
#2211=EDGE_CURVE('',#243,#301,#2210,.T.);
#2212=DIRECTION('',(-0.08499226243236828,-0.9963816112949032,0.0));
#2213=VECTOR('',#2212,1000.0);
#2214=LINE('',#300,#2213);
#2215=EDGE_CURVE('',#301,#299,#2214,.T.);
#2216=ORIENTED_EDGE('',*,*,#2198,.F.);
#2217=ORIENTED_EDGE('',*,*,#2211,.T.);
#2218=ORIENTED_EDGE('',*,*,#2215,.T.);
#2219=DIRECTION('',(0.0,0.0,-1.0));
#2220=DIRECTION('',(-0.9997728186366185,0.021314575186736694,0.0));
#2221=AXIS2_PLACEMENT_3D('',#298,#2219,#2220);
#2222=PLANE('',#2221);
#2223=EDGE_LOOP('',(#2216,#2217,#2218));
#2224=FACE_BOUND('',#2223,.T.);
#2225=ADVANCED_FACE('',(#2224),#2222,.T.);
#2226=DIRECTION('',(0.9998198335120092,0.018981583601432112,0.0));
#2227=VECTOR('',#2226,1000.0);
#2228=LINE('',#244,#2227);
#2229=EDGE_CURVE('',#245,#301,#2228,.T.);
#2230=ORIENTED_EDGE('',*,*,#2211,.F.);
#2231=ORIENTED_EDGE('',*,*,#1282,.F.);
#2232=ORIENTED_EDGE('',*,*,#2229,.T.);
#2233=DIRECTION('',(-0.827803059378914,-0.561018800828377,0.0));
#2234=AXIS2_PLACEMENT_3D('',#300,#825,#2233);
#2235=PLANE('',#2234);
#2236=EDGE_LOOP('',(#2230,#2231,#2232));
#2237=FACE_BOUND('',#2236,.T.);
#2238=ADVANCED_FACE('',(#2237),#2235,.T.);
#2239=DIRECTION('',(0.8892135741265644,0.45749231642625504,0.0));
#2240=VECTOR('',#2239,1000.0);
#2241=LINE('',#244,#2240);
#2242=EDGE_CURVE('',#245,#303,#2241,.T.);
#2243=DIRECTION('',(-0.28315096092775577,-0.9590753533094719,0.0));
#2244=VECTOR('',#2243,1000.0);
#2245=LINE('',#302,#2244);
#2246=EDGE_CURVE('',#303,#301,#2245,.T.);
#2247=ORIENTED_EDGE('',*,*,#2229,.F.);
#2248=ORIENTED_EDGE('',*,*,#2242,.T.);
#2249=ORIENTED_EDGE('',*,*,#2246,.T.);
#2250=DIRECTION('',(-0.9998198335120092,-0.018981583601432112,0.0));
#2251=AXIS2_PLACEMENT_3D('',#300,#825,#2250);
#2252=PLANE('',#2251);
#2253=EDGE_LOOP('',(#2247,#2248,#2249));
#2254=FACE_BOUND('',#2253,.T.);
#2255=ADVANCED_FACE('',(#2254),#2252,.T.);
#2256=LINE('',#246,#1818);
#2257=EDGE_CURVE('',#247,#303,#2256,.T.);
#2258=ORIENTED_EDGE('',*,*,#2242,.F.);
#2259=ORIENTED_EDGE('',*,*,#1315,.F.);
#2260=ORIENTED_EDGE('',*,*,#2257,.T.);
#2261=DIRECTION('',(-0.8892135741265644,-0.45749231642625504,0.0));
#2262=AXIS2_PLACEMENT_3D('',#302,#825,#2261);
#2263=PLANE('',#2262);
#2264=EDGE_LOOP('',(#2258,#2259,#2260));
#2265=FACE_BOUND('',#2264,.T.);
#2266=ADVANCED_FACE('',(#2265),#2263,.T.);
#2267=DIRECTION('',(-0.490744053940151,-0.8713037779800946,0.0));
#2268=VECTOR('',#2267,1000.0);
#2269=LINE('',#270,#2268);
#2270=EDGE_CURVE('',#271,#303,#2269,.T.);
#2271=ORIENTED_EDGE('',*,*,#2257,.F.);
#2272=ORIENTED_EDGE('',*,*,#1761,.F.);
#2273=ORIENTED_EDGE('',*,*,#2270,.T.);
#2274=DIRECTION('',(0.0,0.0,-1.0));
#2275=AXIS2_PLACEMENT_3D('',#302,#2274,#1843);
#2276=PLANE('',#2275);
#2277=EDGE_LOOP('',(#2271,#2272,#2273));
#2278=FACE_BOUND('',#2277,.T.);
#2279=ADVANCED_FACE('',(#2278),#2276,.T.);
#2280=DIRECTION('',(-0.9977090830267271,0.0,-0.06765046670916242));
#2281=VECTOR('',#2280,1000.0);
#2282=LINE('',#280,#2281);
#2283=EDGE_CURVE('',#281,#305,#2282,.T.);
#2284=LINE('',#304,#462);
#2285=EDGE_CURVE('',#305,#279,#2284,.T.);
#2286=ORIENTED_EDGE('',*,*,#1916,.F.);
#2287=ORIENTED_EDGE('',*,*,#2283,.T.);
#2288=ORIENTED_EDGE('',*,*,#2285,.T.);
#2289=AXIS2_PLACEMENT_3D('',#278,#501,#12);
#2290=PLANE('',#2289);
#2291=EDGE_LOOP('',(#2286,#2287,#2288));
#2292=FACE_BOUND('',#2291,.T.);
#2293=ADVANCED_FACE('',(#2292),#2290,.T.);
#2294=DIRECTION('',(0.0,0.0,-1.0));
#2295=VECTOR('',#2294,1000.0);
#2296=LINE('',#280,#2295);
#2297=EDGE_CURVE('',#281,#307,#2296,.T.);
#2298=LINE('',#306,#512);
#2299=EDGE_CURVE('',#307,#305,#2298,.T.);
#2300=ORIENTED_EDGE('',*,*,#2283,.F.);
#2301=ORIENTED_EDGE('',*,*,#2297,.T.);
#2302=ORIENTED_EDGE('',*,*,#2299,.T.);
#2303=DIRECTION('',(0.9977090830267271,0.0,0.06765046670916242));
#2304=AXIS2_PLACEMENT_3D('',#304,#501,#2303);
#2305=PLANE('',#2304);
#2306=EDGE_LOOP('',(#2300,#2301,#2302));
#2307=FACE_BOUND('',#2306,.T.);
#2308=ADVANCED_FACE('',(#2307),#2305,.T.);
#2309=LINE('',#304,#1509);
#2310=EDGE_CURVE('',#305,#309,#2309,.T.);
#2311=DIRECTION('',(0.9909080571932661,0.10531956200989558,0.08371984261517963));
#2312=VECTOR('',#2311,1000.0);
#2313=LINE('',#308,#2312);
#2314=EDGE_CURVE('',#309,#279,#2313,.T.);
#2315=ORIENTED_EDGE('',*,*,#2285,.F.);
#2316=ORIENTED_EDGE('',*,*,#2310,.T.);
#2317=ORIENTED_EDGE('',*,*,#2314,.T.);
#2318=DIRECTION('',(-0.10569060668508966,0.9943990625792735,0.0));
#2319=DIRECTION('',(0.0,0.0,-1.0));
#2320=AXIS2_PLACEMENT_3D('',#278,#2318,#2319);
#2321=PLANE('',#2320);
#2322=EDGE_LOOP('',(#2315,#2316,#2317));
#2323=FACE_BOUND('',#2322,.T.);
#2324=ADVANCED_FACE('',(#2323),#2321,.T.);
#2325=LINE('',#308,#462);
#2326=EDGE_CURVE('',#309,#277,#2325,.T.);
#2327=ORIENTED_EDGE('',*,*,#2314,.F.);
#2328=ORIENTED_EDGE('',*,*,#2326,.T.);
#2329=ORIENTED_EDGE('',*,*,#1886,.F.);
#2330=DIRECTION('',(-0.9909080571932661,-0.10531956200989558,-0.08371984261517963));
#2331=AXIS2_PLACEMENT_3D('',#278,#2318,#2330);
#2332=PLANE('',#2331);
#2333=EDGE_LOOP('',(#2327,#2328,#2329));
#2334=FACE_BOUND('',#2333,.T.);
#2335=ADVANCED_FACE('',(#2334),#2332,.T.);
#2336=LINE('',#308,#1854);
#2337=EDGE_CURVE('',#309,#311,#2336,.T.);
#2338=DIRECTION('',(0.9377573469137882,0.328186671742451,0.1135987094989445));
#2339=VECTOR('',#2338,1000.0);
#2340=LINE('',#310,#2339);
#2341=EDGE_CURVE('',#311,#277,#2340,.T.);
#2342=ORIENTED_EDGE('',*,*,#2326,.F.);
#2343=ORIENTED_EDGE('',*,*,#2337,.T.);
#2344=ORIENTED_EDGE('',*,*,#2341,.T.);
#2345=DIRECTION('',(-0.3303249593834796,0.9438672688510301,0.0));
#2346=DIRECTION('',(0.0,0.0,-1.0));
#2347=AXIS2_PLACEMENT_3D('',#276,#2345,#2346);
#2348=PLANE('',#2347);
#2349=EDGE_LOOP('',(#2342,#2343,#2344));
#2350=FACE_BOUND('',#2349,.T.);
#2351=ADVANCED_FACE('',(#2350),#2348,.T.);
#2352=LINE('',#310,#462);
#2353=EDGE_CURVE('',#311,#275,#2352,.T.);
#2354=ORIENTED_EDGE('',*,*,#2341,.F.);
#2355=ORIENTED_EDGE('',*,*,#2353,.T.);
#2356=ORIENTED_EDGE('',*,*,#1856,.F.);
#2357=DIRECTION('',(-0.9377573469137882,-0.328186671742451,-0.1135987094989445));
#2358=AXIS2_PLACEMENT_3D('',#276,#2345,#2357);
#2359=PLANE('',#2358);
#2360=EDGE_LOOP('',(#2354,#2355,#2356));
#2361=FACE_BOUND('',#2360,.T.);
#2362=ADVANCED_FACE('',(#2361),#2359,.T.);
#2363=LINE('',#310,#1822);
#2364=EDGE_CURVE('',#311,#313,#2363,.T.);
#2365=DIRECTION('',(0.8344438623782042,0.5391211098798948,0.11424477852932712));
#2366=VECTOR('',#2365,1000.0);
#2367=LINE('',#312,#2366);
#2368=EDGE_CURVE('',#313,#275,#2367,.T.);
#2369=ORIENTED_EDGE('',*,*,#2353,.F.);
#2370=ORIENTED_EDGE('',*,*,#2364,.T.);
#2371=ORIENTED_EDGE('',*,*,#2368,.T.);
#2372=DIRECTION('',(-0.5426741979537457,0.8399432807489199,0.0));
#2373=DIRECTION('',(0.0,0.0,-1.0));
#2374=AXIS2_PLACEMENT_3D('',#274,#2372,#2373);
#2375=PLANE('',#2374);
#2376=EDGE_LOOP('',(#2369,#2370,#2371));
#2377=FACE_BOUND('',#2376,.T.);
#2378=ADVANCED_FACE('',(#2377),#2375,.T.);
#2379=LINE('',#312,#462);
#2380=EDGE_CURVE('',#313,#273,#2379,.T.);
#2381=ORIENTED_EDGE('',*,*,#2368,.F.);
#2382=ORIENTED_EDGE('',*,*,#2380,.T.);
#2383=ORIENTED_EDGE('',*,*,#1824,.F.);
#2384=DIRECTION('',(-0.8344438623782042,-0.5391211098798948,-0.11424477852932712));
#2385=AXIS2_PLACEMENT_3D('',#274,#2372,#2384);
#2386=PLANE('',#2385);
#2387=EDGE_LOOP('',(#2381,#2382,#2383));
#2388=FACE_BOUND('',#2387,.T.);
#2389=ADVANCED_FACE('',(#2388),#2386,.T.);
#2390=LINE('',#312,#1790);
#2391=EDGE_CURVE('',#313,#315,#2390,.T.);
#2392=DIRECTION('',(0.6788851889678742,0.7208175662975754,0.13977459109900642));
#2393=VECTOR('',#2392,1000.0);
#2394=LINE('',#314,#2393);
#2395=EDGE_CURVE('',#315,#273,#2394,.T.);
#2396=ORIENTED_EDGE('',*,*,#2380,.F.);
#2397=ORIENTED_EDGE('',*,*,#2391,.T.);
#2398=ORIENTED_EDGE('',*,*,#2395,.T.);
#2399=DIRECTION('',(-0.727963732551278,0.6856156387437582,0.0));
#2400=DIRECTION('',(0.0,0.0,-1.0));
#2401=AXIS2_PLACEMENT_3D('',#272,#2399,#2400);
#2402=PLANE('',#2401);
#2403=EDGE_LOOP('',(#2396,#2397,#2398));
#2404=FACE_BOUND('',#2403,.T.);
#2405=ADVANCED_FACE('',(#2404),#2402,.T.);
#2406=LINE('',#314,#462);
#2407=EDGE_CURVE('',#315,#271,#2406,.T.);
#2408=ORIENTED_EDGE('',*,*,#2395,.F.);
#2409=ORIENTED_EDGE('',*,*,#2407,.T.);
#2410=ORIENTED_EDGE('',*,*,#1792,.F.);
#2411=DIRECTION('',(-0.6788851889678742,-0.7208175662975754,-0.13977459109900642));
#2412=AXIS2_PLACEMENT_3D('',#272,#2399,#2411);
#2413=PLANE('',#2412);
#2414=EDGE_LOOP('',(#2408,#2409,#2410));
#2415=FACE_BOUND('',#2414,.T.);
#2416=ADVANCED_FACE('',(#2415),#2413,.T.);
#2417=DIRECTION('',(-0.490744053940151,-0.8713037779800946,-0.0));
#2418=VECTOR('',#2417,1000.0);
#2419=LINE('',#314,#2418);
#2420=EDGE_CURVE('',#315,#317,#2419,.T.);
#2421=DIRECTION('',(0.48591975205277205,0.8627383507949037,0.13987327347517886));
#2422=VECTOR('',#2421,1000.0);
#2423=LINE('',#316,#2422);
#2424=EDGE_CURVE('',#317,#271,#2423,.T.);
#2425=ORIENTED_EDGE('',*,*,#2407,.F.);
#2426=ORIENTED_EDGE('',*,*,#2420,.T.);
#2427=ORIENTED_EDGE('',*,*,#2424,.T.);
#2428=DIRECTION('',(-0.8713037779800947,0.490744053940151,0.0));
#2429=DIRECTION('',(0.0,0.0,-1.0));
#2430=AXIS2_PLACEMENT_3D('',#270,#2428,#2429);
#2431=PLANE('',#2430);
#2432=EDGE_LOOP('',(#2425,#2426,#2427));
#2433=FACE_BOUND('',#2432,.T.);
#2434=ADVANCED_FACE('',(#2433),#2431,.T.);
#2435=LINE('',#316,#462);
#2436=EDGE_CURVE('',#317,#303,#2435,.T.);
#2437=ORIENTED_EDGE('',*,*,#2424,.F.);
#2438=ORIENTED_EDGE('',*,*,#2436,.T.);
#2439=ORIENTED_EDGE('',*,*,#2270,.F.);
#2440=DIRECTION('',(-0.48591975205277205,-0.8627383507949037,-0.13987327347517886));
#2441=AXIS2_PLACEMENT_3D('',#270,#2428,#2440);
#2442=PLANE('',#2441);
#2443=EDGE_LOOP('',(#2437,#2438,#2439));
#2444=FACE_BOUND('',#2443,.T.);
#2445=ADVANCED_FACE('',(#2444),#2442,.T.);
#2446=LINE('',#316,#2244);
#2447=EDGE_CURVE('',#317,#319,#2446,.T.);
#2448=DIRECTION('',(0.28109178884713665,0.9521006244077088,0.12038192241847376));
#2449=VECTOR('',#2448,1000.0);
#2450=LINE('',#318,#2449);
#2451=EDGE_CURVE('',#319,#303,#2450,.T.);
#2452=ORIENTED_EDGE('',*,*,#2436,.F.);
#2453=ORIENTED_EDGE('',*,*,#2447,.T.);
#2454=ORIENTED_EDGE('',*,*,#2451,.T.);
#2455=DIRECTION('',(-0.959075353309472,0.2831509609277558,0.0));
#2456=DIRECTION('',(0.0,0.0,-1.0));
#2457=AXIS2_PLACEMENT_3D('',#302,#2455,#2456);
#2458=PLANE('',#2457);
#2459=EDGE_LOOP('',(#2452,#2453,#2454));
#2460=FACE_BOUND('',#2459,.T.);
#2461=ADVANCED_FACE('',(#2460),#2458,.T.);
#2462=LINE('',#318,#462);
#2463=EDGE_CURVE('',#319,#301,#2462,.T.);
#2464=ORIENTED_EDGE('',*,*,#2451,.F.);
#2465=ORIENTED_EDGE('',*,*,#2463,.T.);
#2466=ORIENTED_EDGE('',*,*,#2246,.F.);
#2467=DIRECTION('',(-0.28109178884713665,-0.9521006244077088,-0.12038192241847376));
#2468=AXIS2_PLACEMENT_3D('',#302,#2455,#2467);
#2469=PLANE('',#2468);
#2470=EDGE_LOOP('',(#2464,#2465,#2466));
#2471=FACE_BOUND('',#2470,.T.);
#2472=ADVANCED_FACE('',(#2471),#2469,.T.);
#2473=LINE('',#318,#2213);
#2474=EDGE_CURVE('',#319,#321,#2473,.T.);
#2475=DIRECTION('',(0.08456955157683416,0.991426085800049,0.0996107792424444));
#2476=VECTOR('',#2475,1000.0);
#2477=LINE('',#320,#2476);
#2478=EDGE_CURVE('',#321,#301,#2477,.T.);
#2479=ORIENTED_EDGE('',*,*,#2463,.F.);
#2480=ORIENTED_EDGE('',*,*,#2474,.T.);
#2481=ORIENTED_EDGE('',*,*,#2478,.T.);
#2482=DIRECTION('',(-0.9963816112949032,0.08499226243236829,0.0));
#2483=DIRECTION('',(0.0,0.0,-1.0));
#2484=AXIS2_PLACEMENT_3D('',#300,#2482,#2483);
#2485=PLANE('',#2484);
#2486=EDGE_LOOP('',(#2479,#2480,#2481));
#2487=FACE_BOUND('',#2486,.T.);
#2488=ADVANCED_FACE('',(#2487),#2485,.T.);
#2489=LINE('',#320,#462);
#2490=EDGE_CURVE('',#321,#299,#2489,.T.);
#2491=ORIENTED_EDGE('',*,*,#2478,.F.);
#2492=ORIENTED_EDGE('',*,*,#2490,.T.);
#2493=ORIENTED_EDGE('',*,*,#2215,.F.);
#2494=DIRECTION('',(-0.08456955157683416,-0.991426085800049,-0.0996107792424444));
#2495=AXIS2_PLACEMENT_3D('',#300,#2482,#2494);
#2496=PLANE('',#2495);
#2497=EDGE_LOOP('',(#2491,#2492,#2493));
#2498=FACE_BOUND('',#2497,.T.);
#2499=ADVANCED_FACE('',(#2498),#2496,.T.);
#2500=LINE('',#320,#2183);
#2501=EDGE_CURVE('',#321,#323,#2500,.T.);
#2502=DIRECTION('',(-0.08668260257174298,0.9917509529531898,0.09442549299754259));
#2503=VECTOR('',#2502,1000.0);
#2504=LINE('',#322,#2503);
#2505=EDGE_CURVE('',#323,#299,#2504,.T.);
#2506=ORIENTED_EDGE('',*,*,#2490,.F.);
#2507=ORIENTED_EDGE('',*,*,#2501,.T.);
#2508=ORIENTED_EDGE('',*,*,#2505,.T.);
#2509=DIRECTION('',(-0.9962020521441077,-0.08707164466040933,-0.0));
#2510=DIRECTION('',(0.0,0.0,-1.0));
#2511=AXIS2_PLACEMENT_3D('',#298,#2509,#2510);
#2512=PLANE('',#2511);
#2513=EDGE_LOOP('',(#2506,#2507,#2508));
#2514=FACE_BOUND('',#2513,.T.);
#2515=ADVANCED_FACE('',(#2514),#2512,.T.);
#2516=LINE('',#322,#462);
#2517=EDGE_CURVE('',#323,#297,#2516,.T.);
#2518=ORIENTED_EDGE('',*,*,#2505,.F.);
#2519=ORIENTED_EDGE('',*,*,#2517,.T.);
#2520=ORIENTED_EDGE('',*,*,#2185,.F.);
#2521=DIRECTION('',(-0.9962020521441077,-0.08707164466040933,0.0));
#2522=DIRECTION('',(0.08668260257174298,-0.9917509529531898,-0.09442549299754259));
#2523=AXIS2_PLACEMENT_3D('',#298,#2521,#2522);
#2524=PLANE('',#2523);
#2525=EDGE_LOOP('',(#2518,#2519,#2520));
#2526=FACE_BOUND('',#2525,.T.);
#2527=ADVANCED_FACE('',(#2526),#2524,.T.);
#2528=DIRECTION('',(0.29785862845740235,-0.9546099923285296,-0.0));
#2529=VECTOR('',#2528,1000.0);
#2530=LINE('',#322,#2529);
#2531=EDGE_CURVE('',#323,#325,#2530,.T.);
#2532=DIRECTION('',(-0.29633446002032343,0.9497251701981029,0.10103459257426627));
#2533=VECTOR('',#2532,1000.0);
#2534=LINE('',#324,#2533);
#2535=EDGE_CURVE('',#325,#297,#2534,.T.);
#2536=ORIENTED_EDGE('',*,*,#2517,.F.);
#2537=ORIENTED_EDGE('',*,*,#2531,.T.);
#2538=ORIENTED_EDGE('',*,*,#2535,.T.);
#2539=DIRECTION('',(-0.9546099923285295,-0.29785862845740235,-0.0));
#2540=DIRECTION('',(0.0,0.0,-1.0));
#2541=AXIS2_PLACEMENT_3D('',#296,#2539,#2540);
#2542=PLANE('',#2541);
#2543=EDGE_LOOP('',(#2536,#2537,#2538));
#2544=FACE_BOUND('',#2543,.T.);
#2545=ADVANCED_FACE('',(#2544),#2542,.T.);
#2546=LINE('',#324,#462);
#2547=EDGE_CURVE('',#325,#295,#2546,.T.);
#2548=ORIENTED_EDGE('',*,*,#2535,.F.);
#2549=ORIENTED_EDGE('',*,*,#2547,.T.);
#2550=ORIENTED_EDGE('',*,*,#2155,.F.);
#2551=DIRECTION('',(-0.9546099923285295,-0.29785862845740235,0.0));
#2552=DIRECTION('',(0.29633446002032343,-0.9497251701981029,-0.10103459257426627));
#2553=AXIS2_PLACEMENT_3D('',#296,#2551,#2552);
#2554=PLANE('',#2553);
#2555=EDGE_LOOP('',(#2548,#2549,#2550));
#2556=FACE_BOUND('',#2555,.T.);
#2557=ADVANCED_FACE('',(#2556),#2554,.T.);
#2558=LINE('',#324,#2123);
#2559=EDGE_CURVE('',#325,#327,#2558,.T.);
#2560=DIRECTION('',(-0.5178069466923768,0.8466395298657671,0.12279035966146006));
#2561=VECTOR('',#2560,1000.0);
#2562=LINE('',#326,#2561);
#2563=EDGE_CURVE('',#327,#295,#2562,.T.);
#2564=ORIENTED_EDGE('',*,*,#2547,.F.);
#2565=ORIENTED_EDGE('',*,*,#2559,.T.);
#2566=ORIENTED_EDGE('',*,*,#2563,.T.);
#2567=DIRECTION('',(-0.8530952159417636,-0.521755261149589,-0.0));
#2568=DIRECTION('',(0.0,0.0,-1.0));
#2569=AXIS2_PLACEMENT_3D('',#294,#2567,#2568);
#2570=PLANE('',#2569);
#2571=EDGE_LOOP('',(#2564,#2565,#2566));
#2572=FACE_BOUND('',#2571,.T.);
#2573=ADVANCED_FACE('',(#2572),#2570,.T.);
#2574=LINE('',#326,#462);
#2575=EDGE_CURVE('',#327,#293,#2574,.T.);
#2576=ORIENTED_EDGE('',*,*,#2563,.F.);
#2577=ORIENTED_EDGE('',*,*,#2575,.T.);
#2578=ORIENTED_EDGE('',*,*,#2125,.F.);
#2579=DIRECTION('',(-0.8530952159417636,-0.521755261149589,0.0));
#2580=DIRECTION('',(0.5178069466923768,-0.8466395298657671,-0.12279035966146006));
#2581=AXIS2_PLACEMENT_3D('',#294,#2579,#2580);
#2582=PLANE('',#2581);
#2583=EDGE_LOOP('',(#2576,#2577,#2578));
#2584=FACE_BOUND('',#2583,.T.);
#2585=ADVANCED_FACE('',(#2584),#2582,.T.);
#2586=LINE('',#326,#2093);
#2587=EDGE_CURVE('',#327,#329,#2586,.T.);
#2588=DIRECTION('',(-0.705813940075371,0.6971312583379488,0.125835967209016));
#2589=VECTOR('',#2588,1000.0);
#2590=LINE('',#328,#2589);
#2591=EDGE_CURVE('',#329,#293,#2590,.T.);
#2592=ORIENTED_EDGE('',*,*,#2575,.F.);
#2593=ORIENTED_EDGE('',*,*,#2587,.T.);
#2594=ORIENTED_EDGE('',*,*,#2591,.T.);
#2595=DIRECTION('',(-0.702717113193911,-0.7114693660477702,-0.0));
#2596=DIRECTION('',(0.0,0.0,-1.0));
#2597=AXIS2_PLACEMENT_3D('',#292,#2595,#2596);
#2598=PLANE('',#2597);
#2599=EDGE_LOOP('',(#2592,#2593,#2594));
#2600=FACE_BOUND('',#2599,.T.);
#2601=ADVANCED_FACE('',(#2600),#2598,.T.);
#2602=LINE('',#328,#462);
#2603=EDGE_CURVE('',#329,#291,#2602,.T.);
#2604=ORIENTED_EDGE('',*,*,#2591,.F.);
#2605=ORIENTED_EDGE('',*,*,#2603,.T.);
#2606=ORIENTED_EDGE('',*,*,#2095,.F.);
#2607=DIRECTION('',(-0.702717113193911,-0.7114693660477702,0.0));
#2608=DIRECTION('',(0.705813940075371,-0.6971312583379488,-0.125835967209016));
#2609=AXIS2_PLACEMENT_3D('',#292,#2607,#2608);
#2610=PLANE('',#2609);
#2611=EDGE_LOOP('',(#2604,#2605,#2606));
#2612=FACE_BOUND('',#2611,.T.);
#2613=ADVANCED_FACE('',(#2612),#2610,.T.);
#2614=LINE('',#328,#2063);
#2615=EDGE_CURVE('',#329,#331,#2614,.T.);
#2616=DIRECTION('',(-0.8531213986613313,0.5064939212873507,0.12509111417321586));
#2617=VECTOR('',#2616,1000.0);
#2618=LINE('',#330,#2617);
#2619=EDGE_CURVE('',#331,#291,#2618,.T.);
#2620=ORIENTED_EDGE('',*,*,#2603,.F.);
#2621=ORIENTED_EDGE('',*,*,#2615,.T.);
#2622=ORIENTED_EDGE('',*,*,#2619,.T.);
#2623=DIRECTION('',(-0.5105037968545786,-0.8598754987770376,-0.0));
#2624=DIRECTION('',(0.0,0.0,-1.0));
#2625=AXIS2_PLACEMENT_3D('',#290,#2623,#2624);
#2626=PLANE('',#2625);
#2627=EDGE_LOOP('',(#2620,#2621,#2622));
#2628=FACE_BOUND('',#2627,.T.);
#2629=ADVANCED_FACE('',(#2628),#2626,.T.);
#2630=LINE('',#330,#462);
#2631=EDGE_CURVE('',#331,#289,#2630,.T.);
#2632=ORIENTED_EDGE('',*,*,#2619,.F.);
#2633=ORIENTED_EDGE('',*,*,#2631,.T.);
#2634=ORIENTED_EDGE('',*,*,#2065,.F.);
#2635=DIRECTION('',(-0.5105037968545786,-0.8598754987770376,0.0));
#2636=DIRECTION('',(0.8531213986613313,-0.5064939212873507,-0.12509111417321586));
#2637=AXIS2_PLACEMENT_3D('',#290,#2635,#2636);
#2638=PLANE('',#2637);
#2639=EDGE_LOOP('',(#2632,#2633,#2634));
#2640=FACE_BOUND('',#2639,.T.);
#2641=ADVANCED_FACE('',(#2640),#2638,.T.);
#2642=LINE('',#330,#2033);
#2643=EDGE_CURVE('',#331,#333,#2642,.T.);
#2644=DIRECTION('',(-0.9484837860682885,0.2960982657161489,0.11271346239670682));
#2645=VECTOR('',#2644,1000.0);
#2646=LINE('',#332,#2645);
#2647=EDGE_CURVE('',#333,#289,#2646,.T.);
#2648=ORIENTED_EDGE('',*,*,#2631,.F.);
#2649=ORIENTED_EDGE('',*,*,#2643,.T.);
#2650=ORIENTED_EDGE('',*,*,#2647,.T.);
#2651=DIRECTION('',(-0.29799724315546455,-0.9545667305493855,-0.0));
#2652=DIRECTION('',(0.0,0.0,-1.0));
#2653=AXIS2_PLACEMENT_3D('',#288,#2651,#2652);
#2654=PLANE('',#2653);
#2655=EDGE_LOOP('',(#2648,#2649,#2650));
#2656=FACE_BOUND('',#2655,.T.);
#2657=ADVANCED_FACE('',(#2656),#2654,.T.);
#2658=LINE('',#332,#462);
#2659=EDGE_CURVE('',#333,#287,#2658,.T.);
#2660=ORIENTED_EDGE('',*,*,#2647,.F.);
#2661=ORIENTED_EDGE('',*,*,#2659,.T.);
#2662=ORIENTED_EDGE('',*,*,#2035,.F.);
#2663=DIRECTION('',(-0.29799724315546455,-0.9545667305493855,0.0));
#2664=DIRECTION('',(0.9484837860682885,-0.2960982657161489,-0.11271346239670682));
#2665=AXIS2_PLACEMENT_3D('',#288,#2663,#2664);
#2666=PLANE('',#2665);
#2667=EDGE_LOOP('',(#2660,#2661,#2662));
#2668=FACE_BOUND('',#2667,.T.);
#2669=ADVANCED_FACE('',(#2668),#2666,.T.);
#2670=LINE('',#332,#2003);
#2671=EDGE_CURVE('',#333,#335,#2670,.T.);
#2672=DIRECTION('',(-0.9912908513888298,0.09226991621458111,0.09396121814112127));
#2673=VECTOR('',#2672,1000.0);
#2674=LINE('',#334,#2673);
#2675=EDGE_CURVE('',#335,#287,#2674,.T.);
#2676=ORIENTED_EDGE('',*,*,#2659,.F.);
#2677=ORIENTED_EDGE('',*,*,#2671,.T.);
#2678=ORIENTED_EDGE('',*,*,#2675,.T.);
#2679=DIRECTION('',(-0.09267994543264206,-0.9956959514402992,-0.0));
#2680=DIRECTION('',(0.0,0.0,-1.0));
#2681=AXIS2_PLACEMENT_3D('',#286,#2679,#2680);
#2682=PLANE('',#2681);
#2683=EDGE_LOOP('',(#2676,#2677,#2678));
#2684=FACE_BOUND('',#2683,.T.);
#2685=ADVANCED_FACE('',(#2684),#2682,.T.);
#2686=LINE('',#334,#462);
#2687=EDGE_CURVE('',#335,#285,#2686,.T.);
#2688=ORIENTED_EDGE('',*,*,#2675,.F.);
#2689=ORIENTED_EDGE('',*,*,#2687,.T.);
#2690=ORIENTED_EDGE('',*,*,#2005,.F.);
#2691=DIRECTION('',(-0.09267994543264206,-0.9956959514402992,0.0));
#2692=DIRECTION('',(0.9912908513888298,-0.09226991621458111,-0.09396121814112127));
#2693=AXIS2_PLACEMENT_3D('',#286,#2691,#2692);
#2694=PLANE('',#2693);
#2695=EDGE_LOOP('',(#2688,#2689,#2690));
#2696=FACE_BOUND('',#2695,.T.);
#2697=ADVANCED_FACE('',(#2696),#2694,.T.);
#2698=DIRECTION('',(0.9975281311850411,0.0,-0.07026825381692316));
#2699=VECTOR('',#2698,1000.0);
#2700=LINE('',#284,#2699);
#2701=EDGE_CURVE('',#285,#337,#2700,.T.);
#2702=LINE('',#336,#462);
#2703=EDGE_CURVE('',#337,#283,#2702,.T.);
#2704=ORIENTED_EDGE('',*,*,#1975,.F.);
#2705=ORIENTED_EDGE('',*,*,#2701,.T.);
#2706=ORIENTED_EDGE('',*,*,#2703,.T.);
#2707=AXIS2_PLACEMENT_3D('',#282,#691,#511);
#2708=PLANE('',#2707);
#2709=EDGE_LOOP('',(#2704,#2705,#2706));
#2710=FACE_BOUND('',#2709,.T.);
#2711=ADVANCED_FACE('',(#2710),#2708,.T.);
#2712=LINE('',#334,#491);
#2713=EDGE_CURVE('',#335,#337,#2712,.T.);
#2714=ORIENTED_EDGE('',*,*,#2701,.F.);
#2715=ORIENTED_EDGE('',*,*,#2687,.F.);
#2716=ORIENTED_EDGE('',*,*,#2713,.T.);
#2717=DIRECTION('',(-0.9975281311850411,0.0,0.07026825381692316));
#2718=AXIS2_PLACEMENT_3D('',#336,#691,#2717);
#2719=PLANE('',#2718);
#2720=EDGE_LOOP('',(#2714,#2715,#2716));
#2721=FACE_BOUND('',#2720,.T.);
#2722=ADVANCED_FACE('',(#2721),#2719,.T.);
#2723=DIRECTION('',(0.0,0.9999179304877864,-0.012811412452277243));
#2724=VECTOR('',#2723,1000.0);
#2725=LINE('',#282,#2724);
#2726=EDGE_CURVE('',#283,#307,#2725,.T.);
#2727=ORIENTED_EDGE('',*,*,#1946,.F.);
#2728=ORIENTED_EDGE('',*,*,#2726,.T.);
#2729=ORIENTED_EDGE('',*,*,#2297,.F.);
#2730=DIRECTION('',(0.0,-1.0,0.0));
#2731=AXIS2_PLACEMENT_3D('',#280,#12,#2730);
#2732=PLANE('',#2731);
#2733=EDGE_LOOP('',(#2727,#2728,#2729));
#2734=FACE_BOUND('',#2733,.T.);
#2735=ADVANCED_FACE('',(#2734),#2732,.T.);
#2736=LINE('',#336,#1193);
#2737=EDGE_CURVE('',#337,#307,#2736,.T.);
#2738=ORIENTED_EDGE('',*,*,#2726,.F.);
#2739=ORIENTED_EDGE('',*,*,#2703,.F.);
#2740=ORIENTED_EDGE('',*,*,#2737,.T.);
#2741=DIRECTION('',(0.0,-0.9999179304877864,0.012811412452277243));
#2742=AXIS2_PLACEMENT_3D('',#306,#12,#2741);
#2743=PLANE('',#2742);
#2744=EDGE_LOOP('',(#2738,#2739,#2740));
#2745=FACE_BOUND('',#2744,.T.);
#2746=ADVANCED_FACE('',(#2745),#2743,.T.);
#2747=DIRECTION('',(0.0,-1.0,0.0));
#2748=VECTOR('',#2747,1000.0);
#2749=LINE('',#338,#2748);
#2750=EDGE_CURVE('',#339,#341,#2749,.T.);
#2751=DIRECTION('',(0.0,0.9958753381795878,-0.09073208256009362));
#2752=VECTOR('',#2751,1000.0);
#2753=LINE('',#340,#2752);
#2754=EDGE_CURVE('',#341,#15,#2753,.T.);
#2755=LINE('',#14,#462);
#2756=EDGE_CURVE('',#15,#339,#2755,.T.);
#2757=ORIENTED_EDGE('',*,*,#2750,.T.);
#2758=ORIENTED_EDGE('',*,*,#2754,.T.);
#2759=ORIENTED_EDGE('',*,*,#2756,.T.);
#2760=DIRECTION('',(0.0,-1.0,0.0));
#2761=AXIS2_PLACEMENT_3D('',#338,#12,#2760);
#2762=PLANE('',#2761);
#2763=EDGE_LOOP('',(#2757,#2758,#2759));
#2764=FACE_BOUND('',#2763,.T.);
#2765=ADVANCED_FACE('',(#2764),#2762,.T.);
#2766=DIRECTION('',(0.0,0.0,-1.0));
#2767=VECTOR('',#2766,1000.0);
#2768=LINE('',#340,#2767);
#2769=EDGE_CURVE('',#341,#17,#2768,.T.);
#2770=LINE('',#16,#1193);
#2771=EDGE_CURVE('',#17,#15,#2770,.T.);
#2772=ORIENTED_EDGE('',*,*,#2754,.F.);
#2773=ORIENTED_EDGE('',*,*,#2769,.T.);
#2774=ORIENTED_EDGE('',*,*,#2771,.T.);
#2775=DIRECTION('',(0.0,-0.9958753381795878,0.09073208256009362));
#2776=AXIS2_PLACEMENT_3D('',#14,#12,#2775);
#2777=PLANE('',#2776);
#2778=EDGE_LOOP('',(#2772,#2773,#2774));
#2779=FACE_BOUND('',#2778,.T.);
#2780=ADVANCED_FACE('',(#2779),#2777,.T.);
#2781=LINE('',#340,#491);
#2782=EDGE_CURVE('',#341,#343,#2781,.T.);
#2783=DIRECTION('',(-0.9998263847258777,0.0,-0.018633314412126387));
#2784=VECTOR('',#2783,1000.0);
#2785=LINE('',#342,#2784);
#2786=EDGE_CURVE('',#343,#17,#2785,.T.);
#2787=ORIENTED_EDGE('',*,*,#2782,.T.);
#2788=ORIENTED_EDGE('',*,*,#2786,.T.);
#2789=ORIENTED_EDGE('',*,*,#2769,.F.);
#2790=AXIS2_PLACEMENT_3D('',#340,#501,#12);
#2791=PLANE('',#2790);
#2792=EDGE_LOOP('',(#2787,#2788,#2789));
#2793=FACE_BOUND('',#2792,.T.);
#2794=ADVANCED_FACE('',(#2793),#2791,.T.);
#2795=DIRECTION('',(0.0,0.0,-1.0));
#2796=VECTOR('',#2795,1000.0);
#2797=LINE('',#342,#2796);
#2798=EDGE_CURVE('',#343,#19,#2797,.T.);
#2799=LINE('',#18,#512);
#2800=EDGE_CURVE('',#19,#17,#2799,.T.);
#2801=ORIENTED_EDGE('',*,*,#2786,.F.);
#2802=ORIENTED_EDGE('',*,*,#2798,.T.);
#2803=ORIENTED_EDGE('',*,*,#2800,.T.);
#2804=DIRECTION('',(0.9998263847258777,0.0,0.018633314412126387));
#2805=AXIS2_PLACEMENT_3D('',#16,#501,#2804);
#2806=PLANE('',#2805);
#2807=EDGE_LOOP('',(#2801,#2802,#2803));
#2808=FACE_BOUND('',#2807,.T.);
#2809=ADVANCED_FACE('',(#2808),#2806,.T.);
#2810=LINE('',#342,#1193);
#2811=EDGE_CURVE('',#343,#345,#2810,.T.);
#2812=LINE('',#344,#1197);
#2813=EDGE_CURVE('',#345,#19,#2812,.T.);
#2814=ORIENTED_EDGE('',*,*,#2811,.T.);
#2815=ORIENTED_EDGE('',*,*,#2813,.T.);
#2816=ORIENTED_EDGE('',*,*,#2798,.F.);
#2817=DIRECTION('',(-1.0,0.0,-0.0));
#2818=AXIS2_PLACEMENT_3D('',#342,#2817,#1192);
#2819=PLANE('',#2818);
#2820=EDGE_LOOP('',(#2814,#2815,#2816));
#2821=FACE_BOUND('',#2820,.T.);
#2822=ADVANCED_FACE('',(#2821),#2819,.T.);
#2823=DIRECTION('',(0.0,0.0,-1.0));
#2824=VECTOR('',#2823,1000.0);
#2825=LINE('',#344,#2824);
#2826=EDGE_CURVE('',#345,#31,#2825,.T.);
#2827=DIRECTION('',(0.0,-1.0,0.0));
#2828=VECTOR('',#2827,1000.0);
#2829=LINE('',#30,#2828);
#2830=EDGE_CURVE('',#31,#19,#2829,.T.);
#2831=ORIENTED_EDGE('',*,*,#2813,.F.);
#2832=ORIENTED_EDGE('',*,*,#2826,.T.);
#2833=ORIENTED_EDGE('',*,*,#2830,.T.);
#2834=DIRECTION('',(0.0,0.9999500037496875,0.009999500037496875));
#2835=AXIS2_PLACEMENT_3D('',#18,#511,#2834);
#2836=PLANE('',#2835);
#2837=EDGE_LOOP('',(#2831,#2832,#2833));
#2838=FACE_BOUND('',#2837,.T.);
#2839=ADVANCED_FACE('',(#2838),#2836,.T.);
#2840=LINE('',#344,#512);
#2841=EDGE_CURVE('',#345,#347,#2840,.T.);
#2842=DIRECTION('',(0.9998094610904428,0.0,-0.019520284681279268));
#2843=VECTOR('',#2842,1000.0);
#2844=LINE('',#346,#2843);
#2845=EDGE_CURVE('',#347,#31,#2844,.T.);
#2846=ORIENTED_EDGE('',*,*,#2841,.T.);
#2847=ORIENTED_EDGE('',*,*,#2845,.T.);
#2848=ORIENTED_EDGE('',*,*,#2826,.F.);
#2849=AXIS2_PLACEMENT_3D('',#344,#691,#511);
#2850=PLANE('',#2849);
#2851=EDGE_LOOP('',(#2846,#2847,#2848));
#2852=FACE_BOUND('',#2851,.T.);
#2853=ADVANCED_FACE('',(#2852),#2850,.T.);
#2854=DIRECTION('',(0.0,0.0,-1.0));
#2855=VECTOR('',#2854,1000.0);
#2856=LINE('',#346,#2855);
#2857=EDGE_CURVE('',#347,#49,#2856,.T.);
#2858=LINE('',#48,#491);
#2859=EDGE_CURVE('',#49,#31,#2858,.T.);
#2860=ORIENTED_EDGE('',*,*,#2845,.F.);
#2861=ORIENTED_EDGE('',*,*,#2857,.T.);
#2862=ORIENTED_EDGE('',*,*,#2859,.T.);
#2863=DIRECTION('',(-0.9998094610904428,0.0,0.019520284681279268));
#2864=AXIS2_PLACEMENT_3D('',#30,#691,#2863);
#2865=PLANE('',#2864);
#2866=EDGE_LOOP('',(#2860,#2861,#2862));
#2867=FACE_BOUND('',#2866,.T.);
#2868=ADVANCED_FACE('',(#2867),#2865,.T.);
#2869=DIRECTION('',(0.0,-1.0,0.0));
#2870=VECTOR('',#2869,1000.0);
#2871=LINE('',#346,#2870);
#2872=EDGE_CURVE('',#347,#349,#2871,.T.);
#2873=LINE('',#348,#2752);
#2874=EDGE_CURVE('',#349,#49,#2873,.T.);
#2875=ORIENTED_EDGE('',*,*,#2872,.T.);
#2876=ORIENTED_EDGE('',*,*,#2874,.T.);
#2877=ORIENTED_EDGE('',*,*,#2857,.F.);
#2878=DIRECTION('',(0.0,-1.0,0.0));
#2879=AXIS2_PLACEMENT_3D('',#346,#12,#2878);
#2880=PLANE('',#2879);
#2881=EDGE_LOOP('',(#2875,#2876,#2877));
#2882=FACE_BOUND('',#2881,.T.);
#2883=ADVANCED_FACE('',(#2882),#2880,.T.);
#2884=DIRECTION('',(0.0,0.0,-1.0));
#2885=VECTOR('',#2884,1000.0);
#2886=LINE('',#348,#2885);
#2887=EDGE_CURVE('',#349,#21,#2886,.T.);
#2888=LINE('',#20,#1193);
#2889=EDGE_CURVE('',#21,#49,#2888,.T.);
#2890=ORIENTED_EDGE('',*,*,#2874,.F.);
#2891=ORIENTED_EDGE('',*,*,#2887,.T.);
#2892=ORIENTED_EDGE('',*,*,#2889,.T.);
#2893=AXIS2_PLACEMENT_3D('',#48,#12,#2775);
#2894=PLANE('',#2893);
#2895=EDGE_LOOP('',(#2890,#2891,#2892));
#2896=FACE_BOUND('',#2895,.T.);
#2897=ADVANCED_FACE('',(#2896),#2894,.T.);
#2898=LINE('',#348,#491);
#2899=EDGE_CURVE('',#349,#351,#2898,.T.);
#2900=DIRECTION('',(-0.9996503418212548,0.0,-0.02644227858276034));
#2901=VECTOR('',#2900,1000.0);
#2902=LINE('',#350,#2901);
#2903=EDGE_CURVE('',#351,#21,#2902,.T.);
#2904=ORIENTED_EDGE('',*,*,#2899,.T.);
#2905=ORIENTED_EDGE('',*,*,#2903,.T.);
#2906=ORIENTED_EDGE('',*,*,#2887,.F.);
#2907=AXIS2_PLACEMENT_3D('',#348,#501,#12);
#2908=PLANE('',#2907);
#2909=EDGE_LOOP('',(#2904,#2905,#2906));
#2910=FACE_BOUND('',#2909,.T.);
#2911=ADVANCED_FACE('',(#2910),#2908,.T.);
#2912=DIRECTION('',(0.0,0.0,-1.0));
#2913=VECTOR('',#2912,1000.0);
#2914=LINE('',#350,#2913);
#2915=EDGE_CURVE('',#351,#23,#2914,.T.);
#2916=LINE('',#22,#512);
#2917=EDGE_CURVE('',#23,#21,#2916,.T.);
#2918=ORIENTED_EDGE('',*,*,#2903,.F.);
#2919=ORIENTED_EDGE('',*,*,#2915,.T.);
#2920=ORIENTED_EDGE('',*,*,#2917,.T.);
#2921=DIRECTION('',(0.9996503418212548,0.0,0.02644227858276034));
#2922=AXIS2_PLACEMENT_3D('',#20,#501,#2921);
#2923=PLANE('',#2922);
#2924=EDGE_LOOP('',(#2918,#2919,#2920));
#2925=FACE_BOUND('',#2924,.T.);
#2926=ADVANCED_FACE('',(#2925),#2923,.T.);
#2927=DIRECTION('',(0.0,-1.0,0.0));
#2928=VECTOR('',#2927,1000.0);
#2929=LINE('',#350,#2928);
#2930=EDGE_CURVE('',#351,#353,#2929,.T.);
#2931=DIRECTION('',(0.0,0.999539143862793,-0.030356216596191362));
#2932=VECTOR('',#2931,1000.0);
#2933=LINE('',#352,#2932);
#2934=EDGE_CURVE('',#353,#23,#2933,.T.);
#2935=ORIENTED_EDGE('',*,*,#2930,.T.);
#2936=ORIENTED_EDGE('',*,*,#2934,.T.);
#2937=ORIENTED_EDGE('',*,*,#2915,.F.);
#2938=DIRECTION('',(0.0,-1.0,0.0));
#2939=AXIS2_PLACEMENT_3D('',#350,#12,#2938);
#2940=PLANE('',#2939);
#2941=EDGE_LOOP('',(#2935,#2936,#2937));
#2942=FACE_BOUND('',#2941,.T.);
#2943=ADVANCED_FACE('',(#2942),#2940,.T.);
#2944=DIRECTION('',(0.0,0.0,-1.0));
#2945=VECTOR('',#2944,1000.0);
#2946=LINE('',#352,#2945);
#2947=EDGE_CURVE('',#353,#25,#2946,.T.);
#2948=LINE('',#24,#1193);
#2949=EDGE_CURVE('',#25,#23,#2948,.T.);
#2950=ORIENTED_EDGE('',*,*,#2934,.F.);
#2951=ORIENTED_EDGE('',*,*,#2947,.T.);
#2952=ORIENTED_EDGE('',*,*,#2949,.T.);
#2953=DIRECTION('',(0.0,-0.999539143862793,0.030356216596191362));
#2954=AXIS2_PLACEMENT_3D('',#22,#12,#2953);
#2955=PLANE('',#2954);
#2956=EDGE_LOOP('',(#2950,#2951,#2952));
#2957=FACE_BOUND('',#2956,.T.);
#2958=ADVANCED_FACE('',(#2957),#2955,.T.);
#2959=LINE('',#352,#512);
#2960=EDGE_CURVE('',#353,#355,#2959,.T.);
#2961=DIRECTION('',(0.999600480671628,0.0,-0.028264448359204553));
#2962=VECTOR('',#2961,1000.0);
#2963=LINE('',#354,#2962);
#2964=EDGE_CURVE('',#355,#25,#2963,.T.);
#2965=ORIENTED_EDGE('',*,*,#2960,.T.);
#2966=ORIENTED_EDGE('',*,*,#2964,.T.);
#2967=ORIENTED_EDGE('',*,*,#2947,.F.);
#2968=AXIS2_PLACEMENT_3D('',#352,#691,#511);
#2969=PLANE('',#2968);
#2970=EDGE_LOOP('',(#2965,#2966,#2967));
#2971=FACE_BOUND('',#2970,.T.);
#2972=ADVANCED_FACE('',(#2971),#2969,.T.);
#2973=DIRECTION('',(0.0,0.0,-1.0));
#2974=VECTOR('',#2973,1000.0);
#2975=LINE('',#354,#2974);
#2976=EDGE_CURVE('',#355,#39,#2975,.T.);
#2977=LINE('',#38,#491);
#2978=EDGE_CURVE('',#39,#25,#2977,.T.);
#2979=ORIENTED_EDGE('',*,*,#2964,.F.);
#2980=ORIENTED_EDGE('',*,*,#2976,.T.);
#2981=ORIENTED_EDGE('',*,*,#2978,.T.);
#2982=DIRECTION('',(-0.999600480671628,0.0,0.028264448359204553));
#2983=AXIS2_PLACEMENT_3D('',#24,#691,#2982);
#2984=PLANE('',#2983);
#2985=EDGE_LOOP('',(#2979,#2980,#2981));
#2986=FACE_BOUND('',#2985,.T.);
#2987=ADVANCED_FACE('',(#2986),#2984,.T.);
#2988=DIRECTION('',(0.0,-1.0,0.0));
#2989=VECTOR('',#2988,1000.0);
#2990=LINE('',#354,#2989);
#2991=EDGE_CURVE('',#355,#357,#2990,.T.);
#2992=LINE('',#356,#2752);
#2993=EDGE_CURVE('',#357,#39,#2992,.T.);
#2994=ORIENTED_EDGE('',*,*,#2991,.T.);
#2995=ORIENTED_EDGE('',*,*,#2993,.T.);
#2996=ORIENTED_EDGE('',*,*,#2976,.F.);
#2997=DIRECTION('',(0.0,-1.0,0.0));
#2998=AXIS2_PLACEMENT_3D('',#354,#12,#2997);
#2999=PLANE('',#2998);
#3000=EDGE_LOOP('',(#2994,#2995,#2996));
#3001=FACE_BOUND('',#3000,.T.);
#3002=ADVANCED_FACE('',(#3001),#2999,.T.);
#3003=DIRECTION('',(0.0,0.0,-1.0));
#3004=VECTOR('',#3003,1000.0);
#3005=LINE('',#356,#3004);
#3006=EDGE_CURVE('',#357,#37,#3005,.T.);
#3007=LINE('',#36,#1193);
#3008=EDGE_CURVE('',#37,#39,#3007,.T.);
#3009=ORIENTED_EDGE('',*,*,#2993,.F.);
#3010=ORIENTED_EDGE('',*,*,#3006,.T.);
#3011=ORIENTED_EDGE('',*,*,#3008,.T.);
#3012=AXIS2_PLACEMENT_3D('',#38,#12,#2775);
#3013=PLANE('',#3012);
#3014=EDGE_LOOP('',(#3009,#3010,#3011));
#3015=FACE_BOUND('',#3014,.T.);
#3016=ADVANCED_FACE('',(#3015),#3013,.T.);
#3017=LINE('',#356,#491);
#3018=EDGE_CURVE('',#357,#359,#3017,.T.);
#3019=DIRECTION('',(-0.999600480671628,0.0,-0.028264448359204553));
#3020=VECTOR('',#3019,1000.0);
#3021=LINE('',#358,#3020);
#3022=EDGE_CURVE('',#359,#37,#3021,.T.);
#3023=ORIENTED_EDGE('',*,*,#3018,.T.);
#3024=ORIENTED_EDGE('',*,*,#3022,.T.);
#3025=ORIENTED_EDGE('',*,*,#3006,.F.);
#3026=AXIS2_PLACEMENT_3D('',#356,#501,#12);
#3027=PLANE('',#3026);
#3028=EDGE_LOOP('',(#3023,#3024,#3025));
#3029=FACE_BOUND('',#3028,.T.);
#3030=ADVANCED_FACE('',(#3029),#3027,.T.);
#3031=DIRECTION('',(0.0,0.0,-1.0));
#3032=VECTOR('',#3031,1000.0);
#3033=LINE('',#358,#3032);
#3034=EDGE_CURVE('',#359,#33,#3033,.T.);
#3035=LINE('',#32,#512);
#3036=EDGE_CURVE('',#33,#37,#3035,.T.);
#3037=ORIENTED_EDGE('',*,*,#3022,.F.);
#3038=ORIENTED_EDGE('',*,*,#3034,.T.);
#3039=ORIENTED_EDGE('',*,*,#3036,.T.);
#3040=DIRECTION('',(0.999600480671628,0.0,0.028264448359204553));
#3041=AXIS2_PLACEMENT_3D('',#36,#501,#3040);
#3042=PLANE('',#3041);
#3043=EDGE_LOOP('',(#3037,#3038,#3039));
#3044=FACE_BOUND('',#3043,.T.);
#3045=ADVANCED_FACE('',(#3044),#3042,.T.);
#3046=DIRECTION('',(0.0,-1.0,0.0));
#3047=VECTOR('',#3046,1000.0);
#3048=LINE('',#358,#3047);
#3049=EDGE_CURVE('',#359,#361,#3048,.T.);
#3050=DIRECTION('',(0.0,0.9995714405450438,-0.029273456350525497));
#3051=VECTOR('',#3050,1000.0);
#3052=LINE('',#360,#3051);
#3053=EDGE_CURVE('',#361,#33,#3052,.T.);
#3054=ORIENTED_EDGE('',*,*,#3049,.T.);
#3055=ORIENTED_EDGE('',*,*,#3053,.T.);
#3056=ORIENTED_EDGE('',*,*,#3034,.F.);
#3057=DIRECTION('',(0.0,-1.0,0.0));
#3058=AXIS2_PLACEMENT_3D('',#358,#12,#3057);
#3059=PLANE('',#3058);
#3060=EDGE_LOOP('',(#3054,#3055,#3056));
#3061=FACE_BOUND('',#3060,.T.);
#3062=ADVANCED_FACE('',(#3061),#3059,.T.);
#3063=DIRECTION('',(0.0,0.0,-1.0));
#3064=VECTOR('',#3063,1000.0);
#3065=LINE('',#360,#3064);
#3066=EDGE_CURVE('',#361,#35,#3065,.T.);
#3067=LINE('',#34,#1193);
#3068=EDGE_CURVE('',#35,#33,#3067,.T.);
#3069=ORIENTED_EDGE('',*,*,#3053,.F.);
#3070=ORIENTED_EDGE('',*,*,#3066,.T.);
#3071=ORIENTED_EDGE('',*,*,#3068,.T.);
#3072=DIRECTION('',(0.0,-0.9995714405450438,0.029273456350525497));
#3073=AXIS2_PLACEMENT_3D('',#32,#12,#3072);
#3074=PLANE('',#3073);
#3075=EDGE_LOOP('',(#3069,#3070,#3071));
#3076=FACE_BOUND('',#3075,.T.);
#3077=ADVANCED_FACE('',(#3076),#3074,.T.);
#3078=LINE('',#360,#512);
#3079=EDGE_CURVE('',#361,#339,#3078,.T.);
#3080=DIRECTION('',(0.9996914207876881,0.0,-0.024840756902586424));
#3081=VECTOR('',#3080,1000.0);
#3082=LINE('',#338,#3081);
#3083=EDGE_CURVE('',#339,#35,#3082,.T.);
#3084=ORIENTED_EDGE('',*,*,#3079,.T.);
#3085=ORIENTED_EDGE('',*,*,#3083,.T.);
#3086=ORIENTED_EDGE('',*,*,#3066,.F.);
#3087=AXIS2_PLACEMENT_3D('',#360,#691,#511);
#3088=PLANE('',#3087);
#3089=EDGE_LOOP('',(#3084,#3085,#3086));
#3090=FACE_BOUND('',#3089,.T.);
#3091=ADVANCED_FACE('',(#3090),#3088,.T.);
#3092=LINE('',#14,#491);
#3093=EDGE_CURVE('',#15,#35,#3092,.T.);
#3094=ORIENTED_EDGE('',*,*,#3083,.F.);
#3095=ORIENTED_EDGE('',*,*,#2756,.F.);
#3096=ORIENTED_EDGE('',*,*,#3093,.T.);
#3097=DIRECTION('',(-0.9996914207876881,0.0,0.024840756902586424));
#3098=AXIS2_PLACEMENT_3D('',#34,#691,#3097);
#3099=PLANE('',#3098);
#3100=EDGE_LOOP('',(#3094,#3095,#3096));
#3101=FACE_BOUND('',#3100,.T.);
#3102=ADVANCED_FACE('',(#3101),#3099,.T.);
#3103=DIRECTION('',(0.9797131398895671,-0.20040499875932558,0.0));
#3104=VECTOR('',#3103,1000.0);
#3105=LINE('',#338,#3104);
#3106=EDGE_CURVE('',#339,#343,#3105,.T.);
#3107=ORIENTED_EDGE('',*,*,#2782,.F.);
#3108=ORIENTED_EDGE('',*,*,#2750,.F.);
#3109=ORIENTED_EDGE('',*,*,#3106,.T.);
#3110=DIRECTION('',(0.0,0.0,-1.0));
#3111=AXIS2_PLACEMENT_3D('',#342,#3110,#511);
#3112=PLANE('',#3111);
#3113=EDGE_LOOP('',(#3107,#3108,#3109));
#3114=FACE_BOUND('',#3113,.T.);
#3115=ADVANCED_FACE('',(#3114),#3112,.T.);
#3116=VECTOR('',#1979,1000.0);
#3117=LINE('',#360,#3116);
#3118=EDGE_CURVE('',#361,#343,#3117,.T.);
#3119=ORIENTED_EDGE('',*,*,#3079,.F.);
#3120=ORIENTED_EDGE('',*,*,#3118,.T.);
#3121=ORIENTED_EDGE('',*,*,#3106,.F.);
#3122=DIRECTION('',(0.0,0.0,-1.0));
#3123=AXIS2_PLACEMENT_3D('',#338,#3122,#12);
#3124=PLANE('',#3123);
#3125=EDGE_LOOP('',(#3119,#3120,#3121));
#3126=FACE_BOUND('',#3125,.T.);
#3127=ADVANCED_FACE('',(#3126),#3124,.T.);
#3128=DIRECTION('',(0.2849576076224201,-0.9585401201087551,0.0));
#3129=VECTOR('',#3128,1000.0);
#3130=LINE('',#358,#3129);
#3131=EDGE_CURVE('',#359,#343,#3130,.T.);
#3132=ORIENTED_EDGE('',*,*,#3118,.F.);
#3133=ORIENTED_EDGE('',*,*,#3049,.F.);
#3134=ORIENTED_EDGE('',*,*,#3131,.T.);
#3135=DIRECTION('',(0.0,0.0,-1.0));
#3136=AXIS2_PLACEMENT_3D('',#342,#3135,#1956);
#3137=PLANE('',#3136);
#3138=EDGE_LOOP('',(#3132,#3133,#3134));
#3139=FACE_BOUND('',#3138,.T.);
#3140=ADVANCED_FACE('',(#3139),#3137,.T.);
#3141=DIRECTION('',(0.2374426974534539,0.9714015469547223,0.0));
#3142=VECTOR('',#3141,1000.0);
#3143=LINE('',#358,#3142);
#3144=EDGE_CURVE('',#359,#345,#3143,.T.);
#3145=ORIENTED_EDGE('',*,*,#3131,.F.);
#3146=ORIENTED_EDGE('',*,*,#3144,.T.);
#3147=ORIENTED_EDGE('',*,*,#2811,.F.);
#3148=DIRECTION('',(0.0,0.0,-1.0));
#3149=DIRECTION('',(-0.2849576076224201,0.9585401201087551,0.0));
#3150=AXIS2_PLACEMENT_3D('',#342,#3148,#3149);
#3151=PLANE('',#3150);
#3152=EDGE_LOOP('',(#3145,#3146,#3147));
#3153=FACE_BOUND('',#3152,.T.);
#3154=ADVANCED_FACE('',(#3153),#3151,.T.);
#3155=DIRECTION('',(0.9603506148240623,-0.278795079954876,0.0));
#3156=VECTOR('',#3155,1000.0);
#3157=LINE('',#346,#3156);
#3158=EDGE_CURVE('',#347,#351,#3157,.T.);
#3159=ORIENTED_EDGE('',*,*,#2872,.F.);
#3160=ORIENTED_EDGE('',*,*,#3158,.T.);
#3161=ORIENTED_EDGE('',*,*,#2899,.F.);
#3162=DIRECTION('',(0.0,0.0,-1.0));
#3163=AXIS2_PLACEMENT_3D('',#348,#3162,#1192);
#3164=PLANE('',#3163);
#3165=EDGE_LOOP('',(#3159,#3160,#3161));
#3166=FACE_BOUND('',#3165,.T.);
#3167=ADVANCED_FACE('',(#3166),#3164,.T.);
#3168=LINE('',#344,#1928);
#3169=EDGE_CURVE('',#345,#351,#3168,.T.);
#3170=ORIENTED_EDGE('',*,*,#3158,.F.);
#3171=ORIENTED_EDGE('',*,*,#2841,.F.);
#3172=ORIENTED_EDGE('',*,*,#3169,.T.);
#3173=DIRECTION('',(0.0,0.0,-1.0));
#3174=DIRECTION('',(-0.9603506148240623,0.278795079954876,0.0));
#3175=AXIS2_PLACEMENT_3D('',#350,#3173,#3174);
#3176=PLANE('',#3175);
#3177=EDGE_LOOP('',(#3170,#3171,#3172));
#3178=FACE_BOUND('',#3177,.T.);
#3179=ADVANCED_FACE('',(#3178),#3176,.T.);
#3180=DIRECTION('',(-0.2922085737375244,-0.9563546148967346,0.0));
#3181=VECTOR('',#3180,1000.0);
#3182=LINE('',#344,#3181);
#3183=EDGE_CURVE('',#345,#353,#3182,.T.);
#3184=ORIENTED_EDGE('',*,*,#3169,.F.);
#3185=ORIENTED_EDGE('',*,*,#3183,.T.);
#3186=ORIENTED_EDGE('',*,*,#2930,.F.);
#3187=AXIS2_PLACEMENT_3D('',#350,#871,#1950);
#3188=PLANE('',#3187);
#3189=EDGE_LOOP('',(#3184,#3185,#3186));
#3190=FACE_BOUND('',#3189,.T.);
#3191=ADVANCED_FACE('',(#3190),#3188,.T.);
#3192=LINE('',#358,#1193);
#3193=EDGE_CURVE('',#359,#353,#3192,.T.);
#3194=ORIENTED_EDGE('',*,*,#3183,.F.);
#3195=ORIENTED_EDGE('',*,*,#3144,.F.);
#3196=ORIENTED_EDGE('',*,*,#3193,.T.);
#3197=DIRECTION('',(0.2922085737375244,0.9563546148967346,0.0));
#3198=AXIS2_PLACEMENT_3D('',#352,#871,#3197);
#3199=PLANE('',#3198);
#3200=EDGE_LOOP('',(#3194,#3195,#3196));
#3201=FACE_BOUND('',#3200,.T.);
#3202=ADVANCED_FACE('',(#3201),#3199,.T.);
#3203=DIRECTION('',(-0.9550615007031876,0.2964077088649604,0.0));
#3204=VECTOR('',#3203,1000.0);
#3205=LINE('',#358,#3204);
#3206=EDGE_CURVE('',#359,#355,#3205,.T.);
#3207=ORIENTED_EDGE('',*,*,#3193,.F.);
#3208=ORIENTED_EDGE('',*,*,#3206,.T.);
#3209=ORIENTED_EDGE('',*,*,#2960,.F.);
#3210=DIRECTION('',(0.0,-1.0,0.0));
#3211=AXIS2_PLACEMENT_3D('',#352,#721,#3210);
#3212=PLANE('',#3211);
#3213=EDGE_LOOP('',(#3207,#3208,#3209));
#3214=FACE_BOUND('',#3213,.T.);
#3215=ADVANCED_FACE('',(#3214),#3212,.T.);
#3216=ORIENTED_EDGE('',*,*,#3206,.F.);
#3217=ORIENTED_EDGE('',*,*,#3018,.F.);
#3218=ORIENTED_EDGE('',*,*,#2991,.F.);
#3219=DIRECTION('',(0.9550615007031876,-0.2964077088649604,0.0));
#3220=AXIS2_PLACEMENT_3D('',#354,#721,#3219);
#3221=PLANE('',#3220);
#3222=EDGE_LOOP('',(#3216,#3217,#3218));
#3223=FACE_BOUND('',#3222,.T.);
#3224=ADVANCED_FACE('',(#3223),#3221,.T.);
#3225=DIRECTION('',(0.0,-1.0,0.0));
#3226=VECTOR('',#3225,1000.0);
#3227=LINE('',#362,#3226);
#3228=EDGE_CURVE('',#363,#365,#3227,.T.);
#3229=LINE('',#364,#2752);
#3230=EDGE_CURVE('',#365,#29,#3229,.T.);
#3231=LINE('',#28,#462);
#3232=EDGE_CURVE('',#29,#363,#3231,.T.);
#3233=ORIENTED_EDGE('',*,*,#3228,.T.);
#3234=ORIENTED_EDGE('',*,*,#3230,.T.);
#3235=ORIENTED_EDGE('',*,*,#3232,.T.);
#3236=DIRECTION('',(0.0,-1.0,0.0));
#3237=AXIS2_PLACEMENT_3D('',#362,#12,#3236);
#3238=PLANE('',#3237);
#3239=EDGE_LOOP('',(#3233,#3234,#3235));
#3240=FACE_BOUND('',#3239,.T.);
#3241=ADVANCED_FACE('',(#3240),#3238,.T.);
#3242=DIRECTION('',(0.0,0.0,-1.0));
#3243=VECTOR('',#3242,1000.0);
#3244=LINE('',#364,#3243);
#3245=EDGE_CURVE('',#365,#27,#3244,.T.);
#3246=LINE('',#26,#1193);
#3247=EDGE_CURVE('',#27,#29,#3246,.T.);
#3248=ORIENTED_EDGE('',*,*,#3230,.F.);
#3249=ORIENTED_EDGE('',*,*,#3245,.T.);
#3250=ORIENTED_EDGE('',*,*,#3247,.T.);
#3251=AXIS2_PLACEMENT_3D('',#28,#12,#2775);
#3252=PLANE('',#3251);
#3253=EDGE_LOOP('',(#3248,#3249,#3250));
#3254=FACE_BOUND('',#3253,.T.);
#3255=ADVANCED_FACE('',(#3254),#3252,.T.);
#3256=DIRECTION('',(0.9250748179198561,-0.37978491445888807,0.0));
#3257=VECTOR('',#3256,1000.0);
#3258=LINE('',#364,#3257);
#3259=EDGE_CURVE('',#365,#367,#3258,.T.);
#3260=DIRECTION('',(-0.921610460459164,0.3783626395505487,-0.08646312603988777));
#3261=VECTOR('',#3260,1000.0);
#3262=LINE('',#366,#3261);
#3263=EDGE_CURVE('',#367,#27,#3262,.T.);
#3264=ORIENTED_EDGE('',*,*,#3245,.F.);
#3265=ORIENTED_EDGE('',*,*,#3259,.T.);
#3266=ORIENTED_EDGE('',*,*,#3263,.T.);
#3267=DIRECTION('',(0.3797849144588881,0.9250748179198562,-0.0));
#3268=AXIS2_PLACEMENT_3D('',#26,#3267,#11);
#3269=PLANE('',#3268);
#3270=EDGE_LOOP('',(#3264,#3265,#3266));
#3271=FACE_BOUND('',#3270,.T.);
#3272=ADVANCED_FACE('',(#3271),#3269,.T.);
#3273=DIRECTION('',(0.0,0.0,-1.0));
#3274=VECTOR('',#3273,1000.0);
#3275=LINE('',#368,#3274);
#3276=EDGE_CURVE('',#369,#127,#3275,.T.);
#3277=DIRECTION('',(-0.9998522687225867,0.01718838940378932,0.0));
#3278=VECTOR('',#3277,1000.0);
#3279=LINE('',#126,#3278);
#3280=EDGE_CURVE('',#127,#129,#3279,.T.);
#3281=DIRECTION('',(0.9390275090430278,-0.016142755276159777,0.34346287821617694));
#3282=VECTOR('',#3281,1000.0);
#3283=LINE('',#128,#3282);
#3284=EDGE_CURVE('',#129,#369,#3283,.T.);
#3285=ORIENTED_EDGE('',*,*,#3276,.T.);
#3286=ORIENTED_EDGE('',*,*,#3280,.T.);
#3287=ORIENTED_EDGE('',*,*,#3284,.T.);
#3288=DIRECTION('',(0.01718838940378932,0.9998522687225867,0.0));
#3289=DIRECTION('',(0.0,0.0,-1.0));
#3290=AXIS2_PLACEMENT_3D('',#368,#3288,#3289);
#3291=PLANE('',#3290);
#3292=EDGE_LOOP('',(#3285,#3286,#3287));
#3293=FACE_BOUND('',#3292,.T.);
#3294=ADVANCED_FACE('',(#3293),#3291,.T.);
#3295=LINE('',#128,#462);
#3296=EDGE_CURVE('',#129,#371,#3295,.T.);
#3297=DIRECTION('',(0.9998522687225867,-0.01718838940378932,0.0));
#3298=VECTOR('',#3297,1000.0);
#3299=LINE('',#370,#3298);
#3300=EDGE_CURVE('',#371,#369,#3299,.T.);
#3301=ORIENTED_EDGE('',*,*,#3284,.F.);
#3302=ORIENTED_EDGE('',*,*,#3296,.T.);
#3303=ORIENTED_EDGE('',*,*,#3300,.T.);
#3304=DIRECTION('',(0.01718838940378932,0.9998522687225867,-0.0));
#3305=DIRECTION('',(-0.9390275090430278,0.016142755276159777,-0.34346287821617694));
#3306=AXIS2_PLACEMENT_3D('',#368,#3304,#3305);
#3307=PLANE('',#3306);
#3308=EDGE_LOOP('',(#3301,#3302,#3303));
#3309=FACE_BOUND('',#3308,.T.);
#3310=ADVANCED_FACE('',(#3309),#3307,.T.);
#3311=DIRECTION('',(-0.9903207476716166,0.13879775477697814,0.0));
#3312=VECTOR('',#3311,1000.0);
#3313=LINE('',#128,#3312);
#3314=EDGE_CURVE('',#129,#131,#3313,.T.);
#3315=DIRECTION('',(0.9615316351052619,-0.13476283558980917,0.23936560495525563));
#3316=VECTOR('',#3315,1000.0);
#3317=LINE('',#130,#3316);
#3318=EDGE_CURVE('',#131,#371,#3317,.T.);
#3319=ORIENTED_EDGE('',*,*,#3296,.F.);
#3320=ORIENTED_EDGE('',*,*,#3314,.T.);
#3321=ORIENTED_EDGE('',*,*,#3318,.T.);
#3322=DIRECTION('',(0.13879775477697817,0.9903207476716167,0.0));
#3323=DIRECTION('',(0.0,0.0,-1.0));
#3324=AXIS2_PLACEMENT_3D('',#370,#3322,#3323);
#3325=PLANE('',#3324);
#3326=EDGE_LOOP('',(#3319,#3320,#3321));
#3327=FACE_BOUND('',#3326,.T.);
#3328=ADVANCED_FACE('',(#3327),#3325,.T.);
#3329=DIRECTION('',(-0.9856023660726524,0.1381111281898938,0.09753610747873852));
#3330=VECTOR('',#3329,1000.0);
#3331=LINE('',#130,#3330);
#3332=EDGE_CURVE('',#131,#367,#3331,.T.);
#3333=DIRECTION('',(0.9903232502842076,-0.13877989748707328,0.0));
#3334=VECTOR('',#3333,1000.0);
#3335=LINE('',#366,#3334);
#3336=EDGE_CURVE('',#367,#371,#3335,.T.);
#3337=ORIENTED_EDGE('',*,*,#3318,.F.);
#3338=ORIENTED_EDGE('',*,*,#3332,.T.);
#3339=ORIENTED_EDGE('',*,*,#3336,.T.);
#3340=DIRECTION('',(0.13877989711585728,0.990323247635237,7.314170424084452e-05));
#3341=DIRECTION('',(-0.9615316351052619,0.13476283558980917,-0.23936560495525563));
#3342=AXIS2_PLACEMENT_3D('',#370,#3340,#3341);
#3343=PLANE('',#3342);
#3344=EDGE_LOOP('',(#3337,#3338,#3339));
#3345=FACE_BOUND('',#3344,.T.);
#3346=ADVANCED_FACE('',(#3345),#3343,.T.);
#3347=LINE('',#130,#3312);
#3348=EDGE_CURVE('',#131,#133,#3347,.T.);
#3349=LINE('',#132,#462);
#3350=EDGE_CURVE('',#133,#367,#3349,.T.);
#3351=ORIENTED_EDGE('',*,*,#3332,.F.);
#3352=ORIENTED_EDGE('',*,*,#3348,.T.);
#3353=ORIENTED_EDGE('',*,*,#3350,.T.);
#3354=DIRECTION('',(0.9856023660726524,-0.1381111281898938,-0.09753610747873852));
#3355=AXIS2_PLACEMENT_3D('',#366,#3322,#3354);
#3356=PLANE('',#3355);
#3357=EDGE_LOOP('',(#3351,#3352,#3353));
#3358=FACE_BOUND('',#3357,.T.);
#3359=ADVANCED_FACE('',(#3358),#3356,.T.);
#3360=DIRECTION('',(-0.9250748179198561,0.37978491445888807,0.0));
#3361=VECTOR('',#3360,1000.0);
#3362=LINE('',#132,#3361);
#3363=EDGE_CURVE('',#133,#27,#3362,.T.);
#3364=ORIENTED_EDGE('',*,*,#3350,.F.);
#3365=ORIENTED_EDGE('',*,*,#3363,.T.);
#3366=ORIENTED_EDGE('',*,*,#3263,.F.);
#3367=DIRECTION('',(0.3797849144588881,0.9250748179198562,0.0));
#3368=DIRECTION('',(0.0,0.0,-1.0));
#3369=AXIS2_PLACEMENT_3D('',#366,#3367,#3368);
#3370=PLANE('',#3369);
#3371=EDGE_LOOP('',(#3364,#3365,#3366));
#3372=FACE_BOUND('',#3371,.T.);
#3373=ADVANCED_FACE('',(#3372),#3370,.T.);
#3374=DIRECTION('',(0.9807353720240489,0.10172565497953913,-0.16676336881891676));
#3375=VECTOR('',#3374,1000.0);
#3376=LINE('',#368,#3375);
#3377=EDGE_CURVE('',#369,#47,#3376,.T.);
#3378=DIRECTION('',(-0.9946637008842432,-0.10317035496333753,0.0));
#3379=VECTOR('',#3378,1000.0);
#3380=LINE('',#46,#3379);
#3381=EDGE_CURVE('',#47,#127,#3380,.T.);
#3382=ORIENTED_EDGE('',*,*,#3276,.F.);
#3383=ORIENTED_EDGE('',*,*,#3377,.T.);
#3384=ORIENTED_EDGE('',*,*,#3381,.T.);
#3385=DIRECTION('',(-0.10317035496333754,0.9946637008842432,0.0));
#3386=AXIS2_PLACEMENT_3D('',#126,#3385,#11);
#3387=PLANE('',#3386);
#3388=EDGE_LOOP('',(#3382,#3383,#3384));
#3389=FACE_BOUND('',#3388,.T.);
#3390=ADVANCED_FACE('',(#3389),#3387,.T.);
#3391=DIRECTION('',(0.9946652669627316,0.10315525530945162,0.0));
#3392=VECTOR('',#3391,1000.0);
#3393=LINE('',#368,#3392);
#3394=EDGE_CURVE('',#369,#373,#3393,.T.);
#3395=DIRECTION('',(-0.9830179401260136,-0.10193355852284673,-0.1525951474892911));
#3396=VECTOR('',#3395,1000.0);
#3397=LINE('',#372,#3396);
#3398=EDGE_CURVE('',#373,#47,#3397,.T.);
#3399=ORIENTED_EDGE('',*,*,#3377,.F.);
#3400=ORIENTED_EDGE('',*,*,#3394,.T.);
#3401=ORIENTED_EDGE('',*,*,#3398,.T.);
#3402=DIRECTION('',(-0.1031552548939316,0.9946652629561172,8.975637201944398e-05));
#3403=DIRECTION('',(-0.9807353720240489,-0.10172565497953913,0.16676336881891676));
#3404=AXIS2_PLACEMENT_3D('',#46,#3402,#3403);
#3405=PLANE('',#3404);
#3406=EDGE_LOOP('',(#3399,#3400,#3401));
#3407=FACE_BOUND('',#3406,.T.);
#3408=ADVANCED_FACE('',(#3407),#3405,.T.);
#3409=DIRECTION('',(0.0,0.0,-1.0));
#3410=VECTOR('',#3409,1000.0);
#3411=LINE('',#372,#3410);
#3412=EDGE_CURVE('',#373,#45,#3411,.T.);
#3413=LINE('',#44,#3379);
#3414=EDGE_CURVE('',#45,#47,#3413,.T.);
#3415=ORIENTED_EDGE('',*,*,#3398,.F.);
#3416=ORIENTED_EDGE('',*,*,#3412,.T.);
#3417=ORIENTED_EDGE('',*,*,#3414,.T.);
#3418=DIRECTION('',(0.9830179401260136,0.10193355852284673,0.1525951474892911));
#3419=AXIS2_PLACEMENT_3D('',#46,#3385,#3418);
#3420=PLANE('',#3419);
#3421=EDGE_LOOP('',(#3415,#3416,#3417));
#3422=FACE_BOUND('',#3421,.T.);
#3423=ADVANCED_FACE('',(#3422),#3420,.T.);
#3424=DIRECTION('',(0.9455656383404711,0.3254314422267418,0.0));
#3425=VECTOR('',#3424,1000.0);
#3426=LINE('',#372,#3425);
#3427=EDGE_CURVE('',#373,#375,#3426,.T.);
#3428=DIRECTION('',(-0.9410983661679466,-0.3238939595106021,-0.09709051544082802));
#3429=VECTOR('',#3428,1000.0);
#3430=LINE('',#374,#3429);
#3431=EDGE_CURVE('',#375,#45,#3430,.T.);
#3432=ORIENTED_EDGE('',*,*,#3412,.F.);
#3433=ORIENTED_EDGE('',*,*,#3427,.T.);
#3434=ORIENTED_EDGE('',*,*,#3431,.T.);
#3435=DIRECTION('',(-0.3254314422267418,0.9455656383404712,0.0));
#3436=AXIS2_PLACEMENT_3D('',#44,#3435,#11);
#3437=PLANE('',#3436);
#3438=EDGE_LOOP('',(#3432,#3433,#3434));
#3439=FACE_BOUND('',#3438,.T.);
#3440=ADVANCED_FACE('',(#3439),#3437,.T.);
#3441=DIRECTION('',(0.0,0.0,-1.0));
#3442=VECTOR('',#3441,1000.0);
#3443=LINE('',#374,#3442);
#3444=EDGE_CURVE('',#375,#41,#3443,.T.);
#3445=DIRECTION('',(-0.9455656383404711,-0.3254314422267418,0.0));
#3446=VECTOR('',#3445,1000.0);
#3447=LINE('',#40,#3446);
#3448=EDGE_CURVE('',#41,#45,#3447,.T.);
#3449=ORIENTED_EDGE('',*,*,#3431,.F.);
#3450=ORIENTED_EDGE('',*,*,#3444,.T.);
#3451=ORIENTED_EDGE('',*,*,#3448,.T.);
#3452=DIRECTION('',(0.9410983661679466,0.3238939595106021,0.09709051544082802));
#3453=AXIS2_PLACEMENT_3D('',#44,#3435,#3452);
#3454=PLANE('',#3453);
#3455=EDGE_LOOP('',(#3449,#3450,#3451));
#3456=FACE_BOUND('',#3455,.T.);
#3457=ADVANCED_FACE('',(#3456),#3454,.T.);
#3458=DIRECTION('',(0.8428018787255549,0.5382239247903006,0.0));
#3459=VECTOR('',#3458,1000.0);
#3460=LINE('',#374,#3459);
#3461=EDGE_CURVE('',#375,#377,#3460,.T.);
#3462=DIRECTION('',(-0.838213654829813,-0.5352938270587707,-0.10420358712454171));
#3463=VECTOR('',#3462,1000.0);
#3464=LINE('',#376,#3463);
#3465=EDGE_CURVE('',#377,#41,#3464,.T.);
#3466=ORIENTED_EDGE('',*,*,#3444,.F.);
#3467=ORIENTED_EDGE('',*,*,#3461,.T.);
#3468=ORIENTED_EDGE('',*,*,#3465,.T.);
#3469=DIRECTION('',(-0.5382239247903006,0.8428018787255549,0.0));
#3470=AXIS2_PLACEMENT_3D('',#40,#3469,#11);
#3471=PLANE('',#3470);
#3472=EDGE_LOOP('',(#3466,#3467,#3468));
#3473=FACE_BOUND('',#3472,.T.);
#3474=ADVANCED_FACE('',(#3473),#3471,.T.);
#3475=DIRECTION('',(0.0,0.0,-1.0));
#3476=VECTOR('',#3475,1000.0);
#3477=LINE('',#376,#3476);
#3478=EDGE_CURVE('',#377,#95,#3477,.T.);
#3479=DIRECTION('',(-0.8428018787255549,-0.5382239247903006,0.0));
#3480=VECTOR('',#3479,1000.0);
#3481=LINE('',#94,#3480);
#3482=EDGE_CURVE('',#95,#41,#3481,.T.);
#3483=ORIENTED_EDGE('',*,*,#3465,.F.);
#3484=ORIENTED_EDGE('',*,*,#3478,.T.);
#3485=ORIENTED_EDGE('',*,*,#3482,.T.);
#3486=DIRECTION('',(0.838213654829813,0.5352938270587707,0.10420358712454171));
#3487=AXIS2_PLACEMENT_3D('',#40,#3469,#3486);
#3488=PLANE('',#3487);
#3489=EDGE_LOOP('',(#3483,#3484,#3485));
#3490=FACE_BOUND('',#3489,.T.);
#3491=ADVANCED_FACE('',(#3490),#3488,.T.);
#3492=DIRECTION('',(0.68871813328778,0.7250291945022599,0.0));
#3493=VECTOR('',#3492,1000.0);
#3494=LINE('',#376,#3493);
#3495=EDGE_CURVE('',#377,#379,#3494,.T.);
#3496=DIRECTION('',(-0.6858409276494287,-0.7220002948906977,-0.0913115334375487));
#3497=VECTOR('',#3496,1000.0);
#3498=LINE('',#378,#3497);
#3499=EDGE_CURVE('',#379,#95,#3498,.T.);
#3500=ORIENTED_EDGE('',*,*,#3478,.F.);
#3501=ORIENTED_EDGE('',*,*,#3495,.T.);
#3502=ORIENTED_EDGE('',*,*,#3499,.T.);
#3503=DIRECTION('',(-0.7250291945022599,0.68871813328778,0.0));
#3504=AXIS2_PLACEMENT_3D('',#94,#3503,#11);
#3505=PLANE('',#3504);
#3506=EDGE_LOOP('',(#3500,#3501,#3502));
#3507=FACE_BOUND('',#3506,.T.);
#3508=ADVANCED_FACE('',(#3507),#3505,.T.);
#3509=DIRECTION('',(0.0,0.0,-1.0));
#3510=VECTOR('',#3509,1000.0);
#3511=LINE('',#378,#3510);
#3512=EDGE_CURVE('',#379,#97,#3511,.T.);
#3513=DIRECTION('',(-0.68871813328778,-0.7250291945022599,0.0));
#3514=VECTOR('',#3513,1000.0);
#3515=LINE('',#96,#3514);
#3516=EDGE_CURVE('',#97,#95,#3515,.T.);
#3517=ORIENTED_EDGE('',*,*,#3499,.F.);
#3518=ORIENTED_EDGE('',*,*,#3512,.T.);
#3519=ORIENTED_EDGE('',*,*,#3516,.T.);
#3520=DIRECTION('',(0.6858409276494287,0.7220002948906977,0.0913115334375487));
#3521=AXIS2_PLACEMENT_3D('',#94,#3503,#3520);
#3522=PLANE('',#3521);
#3523=EDGE_LOOP('',(#3517,#3518,#3519));
#3524=FACE_BOUND('',#3523,.T.);
#3525=ADVANCED_FACE('',(#3524),#3522,.T.);
#3526=DIRECTION('',(0.4887402581581798,0.8724293438757524,0.0));
#3527=VECTOR('',#3526,1000.0);
#3528=LINE('',#378,#3527);
#3529=EDGE_CURVE('',#379,#381,#3528,.T.);
#3530=DIRECTION('',(-0.4866961321204689,-0.8687804618609987,-0.09136401954579858));
#3531=VECTOR('',#3530,1000.0);
#3532=LINE('',#380,#3531);
#3533=EDGE_CURVE('',#381,#97,#3532,.T.);
#3534=ORIENTED_EDGE('',*,*,#3512,.F.);
#3535=ORIENTED_EDGE('',*,*,#3529,.T.);
#3536=ORIENTED_EDGE('',*,*,#3533,.T.);
#3537=DIRECTION('',(-0.8724293438757524,0.48874025815817984,0.0));
#3538=AXIS2_PLACEMENT_3D('',#96,#3537,#11);
#3539=PLANE('',#3538);
#3540=EDGE_LOOP('',(#3534,#3535,#3536));
#3541=FACE_BOUND('',#3540,.T.);
#3542=ADVANCED_FACE('',(#3541),#3539,.T.);
#3543=DIRECTION('',(0.0,0.0,-1.0));
#3544=VECTOR('',#3543,1000.0);
#3545=LINE('',#380,#3544);
#3546=EDGE_CURVE('',#381,#101,#3545,.T.);
#3547=DIRECTION('',(-0.4887402581581798,-0.8724293438757524,0.0));
#3548=VECTOR('',#3547,1000.0);
#3549=LINE('',#100,#3548);
#3550=EDGE_CURVE('',#101,#97,#3549,.T.);
#3551=ORIENTED_EDGE('',*,*,#3533,.F.);
#3552=ORIENTED_EDGE('',*,*,#3546,.T.);
#3553=ORIENTED_EDGE('',*,*,#3550,.T.);
#3554=DIRECTION('',(0.4866961321204689,0.8687804618609987,0.09136401954579858));
#3555=AXIS2_PLACEMENT_3D('',#96,#3537,#3554);
#3556=PLANE('',#3555);
#3557=EDGE_LOOP('',(#3551,#3552,#3553));
#3558=FACE_BOUND('',#3557,.T.);
#3559=ADVANCED_FACE('',(#3558),#3556,.T.);
#3560=DIRECTION('',(0.2735207351461513,0.9618661068179443,0.0));
#3561=VECTOR('',#3560,1000.0);
#3562=LINE('',#380,#3561);
#3563=EDGE_CURVE('',#381,#383,#3562,.T.);
#3564=DIRECTION('',(-0.2723983852490099,-0.9579192384919505,-0.09049780240830897));
#3565=VECTOR('',#3564,1000.0);
#3566=LINE('',#382,#3565);
#3567=EDGE_CURVE('',#383,#101,#3566,.T.);
#3568=ORIENTED_EDGE('',*,*,#3546,.F.);
#3569=ORIENTED_EDGE('',*,*,#3563,.T.);
#3570=ORIENTED_EDGE('',*,*,#3567,.T.);
#3571=DIRECTION('',(-0.9618661068179443,0.2735207351461513,0.0));
#3572=AXIS2_PLACEMENT_3D('',#100,#3571,#11);
#3573=PLANE('',#3572);
#3574=EDGE_LOOP('',(#3568,#3569,#3570));
#3575=FACE_BOUND('',#3574,.T.);
#3576=ADVANCED_FACE('',(#3575),#3573,.T.);
#3577=DIRECTION('',(0.0,0.0,-1.0));
#3578=VECTOR('',#3577,1000.0);
#3579=LINE('',#382,#3578);
#3580=EDGE_CURVE('',#383,#105,#3579,.T.);
#3581=DIRECTION('',(-0.2735207351461513,-0.9618661068179443,0.0));
#3582=VECTOR('',#3581,1000.0);
#3583=LINE('',#104,#3582);
#3584=EDGE_CURVE('',#105,#101,#3583,.T.);
#3585=ORIENTED_EDGE('',*,*,#3567,.F.);
#3586=ORIENTED_EDGE('',*,*,#3580,.T.);
#3587=ORIENTED_EDGE('',*,*,#3584,.T.);
#3588=DIRECTION('',(0.2723983852490099,0.9579192384919505,0.09049780240830897));
#3589=AXIS2_PLACEMENT_3D('',#100,#3571,#3588);
#3590=PLANE('',#3589);
#3591=EDGE_LOOP('',(#3585,#3586,#3587));
#3592=FACE_BOUND('',#3591,.T.);
#3593=ADVANCED_FACE('',(#3592),#3590,.T.);
#3594=DIRECTION('',(0.08320926832703884,0.9965320956519557,0.0));
#3595=VECTOR('',#3594,1000.0);
#3596=LINE('',#382,#3595);
#3597=EDGE_CURVE('',#383,#385,#3596,.T.);
#3598=DIRECTION('',(-0.08290291080970902,-0.9928630921274503,-0.08573206908966845));
#3599=VECTOR('',#3598,1000.0);
#3600=LINE('',#384,#3599);
#3601=EDGE_CURVE('',#385,#105,#3600,.T.);
#3602=ORIENTED_EDGE('',*,*,#3580,.F.);
#3603=ORIENTED_EDGE('',*,*,#3597,.T.);
#3604=ORIENTED_EDGE('',*,*,#3601,.T.);
#3605=DIRECTION('',(-0.9965320956519559,0.08320926832703886,0.0));
#3606=AXIS2_PLACEMENT_3D('',#104,#3605,#11);
#3607=PLANE('',#3606);
#3608=EDGE_LOOP('',(#3602,#3603,#3604));
#3609=FACE_BOUND('',#3608,.T.);
#3610=ADVANCED_FACE('',(#3609),#3607,.T.);
#3611=DIRECTION('',(0.0,0.0,-1.0));
#3612=VECTOR('',#3611,1000.0);
#3613=LINE('',#384,#3612);
#3614=EDGE_CURVE('',#385,#107,#3613,.T.);
#3615=DIRECTION('',(-0.08320926832703884,-0.9965320956519557,0.0));
#3616=VECTOR('',#3615,1000.0);
#3617=LINE('',#106,#3616);
#3618=EDGE_CURVE('',#107,#105,#3617,.T.);
#3619=ORIENTED_EDGE('',*,*,#3601,.F.);
#3620=ORIENTED_EDGE('',*,*,#3614,.T.);
#3621=ORIENTED_EDGE('',*,*,#3618,.T.);
#3622=DIRECTION('',(0.08290291080970902,0.9928630921274503,0.08573206908966845));
#3623=AXIS2_PLACEMENT_3D('',#104,#3605,#3622);
#3624=PLANE('',#3623);
#3625=EDGE_LOOP('',(#3619,#3620,#3621));
#3626=FACE_BOUND('',#3625,.T.);
#3627=ADVANCED_FACE('',(#3626),#3624,.T.);
#3628=DIRECTION('',(0.0,0.0,-1.0));
#3629=VECTOR('',#3628,1000.0);
#3630=LINE('',#386,#3629);
#3631=EDGE_CURVE('',#387,#115,#3630,.T.);
#3632=DIRECTION('',(0.9966839588979363,-0.08137005638155209,0.0));
#3633=VECTOR('',#3632,1000.0);
#3634=LINE('',#114,#3633);
#3635=EDGE_CURVE('',#115,#113,#3634,.T.);
#3636=DIRECTION('',(-0.9918127581046279,0.08097236774649505,0.09874678993474992));
#3637=VECTOR('',#3636,1000.0);
#3638=LINE('',#112,#3637);
#3639=EDGE_CURVE('',#113,#387,#3638,.T.);
#3640=ORIENTED_EDGE('',*,*,#3631,.T.);
#3641=ORIENTED_EDGE('',*,*,#3635,.T.);
#3642=ORIENTED_EDGE('',*,*,#3639,.T.);
#3643=DIRECTION('',(-0.08137005638155209,-0.9966839588979363,-0.0));
#3644=DIRECTION('',(0.0,0.0,-1.0));
#3645=AXIS2_PLACEMENT_3D('',#386,#3643,#3644);
#3646=PLANE('',#3645);
#3647=EDGE_LOOP('',(#3640,#3641,#3642));
#3648=FACE_BOUND('',#3647,.T.);
#3649=ADVANCED_FACE('',(#3648),#3646,.T.);
#3650=LINE('',#112,#462);
#3651=EDGE_CURVE('',#113,#389,#3650,.T.);
#3652=DIRECTION('',(-0.9966839588979363,0.08137005638155209,0.0));
#3653=VECTOR('',#3652,1000.0);
#3654=LINE('',#388,#3653);
#3655=EDGE_CURVE('',#389,#387,#3654,.T.);
#3656=ORIENTED_EDGE('',*,*,#3639,.F.);
#3657=ORIENTED_EDGE('',*,*,#3651,.T.);
#3658=ORIENTED_EDGE('',*,*,#3655,.T.);
#3659=DIRECTION('',(-0.08137005638155209,-0.9966839588979363,0.0));
#3660=DIRECTION('',(0.9918127581046279,-0.08097236774649505,-0.09874678993474992));
#3661=AXIS2_PLACEMENT_3D('',#386,#3659,#3660);
#3662=PLANE('',#3661);
#3663=EDGE_LOOP('',(#3656,#3657,#3658));
#3664=FACE_BOUND('',#3663,.T.);
#3665=ADVANCED_FACE('',(#3664),#3662,.T.);
#3666=LINE('',#112,#3156);
#3667=EDGE_CURVE('',#113,#111,#3666,.T.);
#3668=DIRECTION('',(-0.9567459014200214,0.27797811039643405,0.08582220141909051));
#3669=VECTOR('',#3668,1000.0);
#3670=LINE('',#110,#3669);
#3671=EDGE_CURVE('',#111,#389,#3670,.T.);
#3672=ORIENTED_EDGE('',*,*,#3651,.F.);
#3673=ORIENTED_EDGE('',*,*,#3667,.T.);
#3674=ORIENTED_EDGE('',*,*,#3671,.T.);
#3675=DIRECTION('',(-0.27900751740651525,-0.9602889175819187,-0.0));
#3676=DIRECTION('',(0.0,0.0,-1.0));
#3677=AXIS2_PLACEMENT_3D('',#388,#3675,#3676);
#3678=PLANE('',#3677);
#3679=EDGE_LOOP('',(#3672,#3673,#3674));
#3680=FACE_BOUND('',#3679,.T.);
#3681=ADVANCED_FACE('',(#3680),#3678,.T.);
#3682=LINE('',#110,#462);
#3683=EDGE_CURVE('',#111,#391,#3682,.T.);
#3684=VECTOR('',#3174,1000.0);
#3685=LINE('',#390,#3684);
#3686=EDGE_CURVE('',#391,#389,#3685,.T.);
#3687=ORIENTED_EDGE('',*,*,#3671,.F.);
#3688=ORIENTED_EDGE('',*,*,#3683,.T.);
#3689=ORIENTED_EDGE('',*,*,#3686,.T.);
#3690=DIRECTION('',(-0.27900751740651525,-0.9602889175819187,0.0));
#3691=DIRECTION('',(0.9567459014200214,-0.27797811039643405,-0.08582220141909051));
#3692=AXIS2_PLACEMENT_3D('',#388,#3690,#3691);
#3693=PLANE('',#3692);
#3694=EDGE_LOOP('',(#3687,#3688,#3689));
#3695=FACE_BOUND('',#3694,.T.);
#3696=ADVANCED_FACE('',(#3695),#3693,.T.);
#3697=DIRECTION('',(0.86670613546508,-0.4988190801755548,0.0));
#3698=VECTOR('',#3697,1000.0);
#3699=LINE('',#110,#3698);
#3700=EDGE_CURVE('',#111,#89,#3699,.T.);
#3701=DIRECTION('',(-0.8631208108340043,0.49675560299289445,0.09086438686535477));
#3702=VECTOR('',#3701,1000.0);
#3703=LINE('',#88,#3702);
#3704=EDGE_CURVE('',#89,#391,#3703,.T.);
#3705=ORIENTED_EDGE('',*,*,#3683,.F.);
#3706=ORIENTED_EDGE('',*,*,#3700,.T.);
#3707=ORIENTED_EDGE('',*,*,#3704,.T.);
#3708=DIRECTION('',(-0.49881908017555476,-0.8667061354650799,-0.0));
#3709=DIRECTION('',(0.0,0.0,-1.0));
#3710=AXIS2_PLACEMENT_3D('',#390,#3708,#3709);
#3711=PLANE('',#3710);
#3712=EDGE_LOOP('',(#3705,#3706,#3707));
#3713=FACE_BOUND('',#3712,.T.);
#3714=ADVANCED_FACE('',(#3713),#3711,.T.);
#3715=LINE('',#88,#462);
#3716=EDGE_CURVE('',#89,#393,#3715,.T.);
#3717=DIRECTION('',(-0.86670613546508,0.4988190801755548,0.0));
#3718=VECTOR('',#3717,1000.0);
#3719=LINE('',#392,#3718);
#3720=EDGE_CURVE('',#393,#391,#3719,.T.);
#3721=ORIENTED_EDGE('',*,*,#3704,.F.);
#3722=ORIENTED_EDGE('',*,*,#3716,.T.);
#3723=ORIENTED_EDGE('',*,*,#3720,.T.);
#3724=DIRECTION('',(-0.49881908017555476,-0.8667061354650799,0.0));
#3725=DIRECTION('',(0.8631208108340043,-0.49675560299289445,-0.09086438686535477));
#3726=AXIS2_PLACEMENT_3D('',#390,#3724,#3725);
#3727=PLANE('',#3726);
#3728=EDGE_LOOP('',(#3721,#3722,#3723));
#3729=FACE_BOUND('',#3728,.T.);
#3730=ADVANCED_FACE('',(#3729),#3727,.T.);
#3731=DIRECTION('',(0.7207440814538201,-0.6932012471492597,0.0));
#3732=VECTOR('',#3731,1000.0);
#3733=LINE('',#88,#3732);
#3734=EDGE_CURVE('',#89,#53,#3733,.T.);
#3735=DIRECTION('',(-0.7184581657527112,0.6910026864455902,0.07958109944092939));
#3736=VECTOR('',#3735,1000.0);
#3737=LINE('',#52,#3736);
#3738=EDGE_CURVE('',#53,#393,#3737,.T.);
#3739=ORIENTED_EDGE('',*,*,#3716,.F.);
#3740=ORIENTED_EDGE('',*,*,#3734,.T.);
#3741=ORIENTED_EDGE('',*,*,#3738,.T.);
#3742=DIRECTION('',(-0.6932012471492597,-0.7207440814538202,-0.0));
#3743=DIRECTION('',(0.0,0.0,-1.0));
#3744=AXIS2_PLACEMENT_3D('',#392,#3742,#3743);
#3745=PLANE('',#3744);
#3746=EDGE_LOOP('',(#3739,#3740,#3741));
#3747=FACE_BOUND('',#3746,.T.);
#3748=ADVANCED_FACE('',(#3747),#3745,.T.);
#3749=LINE('',#52,#462);
#3750=EDGE_CURVE('',#53,#395,#3749,.T.);
#3751=DIRECTION('',(-0.7207440814538201,0.6932012471492597,0.0));
#3752=VECTOR('',#3751,1000.0);
#3753=LINE('',#394,#3752);
#3754=EDGE_CURVE('',#395,#393,#3753,.T.);
#3755=ORIENTED_EDGE('',*,*,#3738,.F.);
#3756=ORIENTED_EDGE('',*,*,#3750,.T.);
#3757=ORIENTED_EDGE('',*,*,#3754,.T.);
#3758=DIRECTION('',(-0.6932012471492597,-0.7207440814538202,0.0));
#3759=DIRECTION('',(0.7184581657527112,-0.6910026864455902,-0.07958109944092939));
#3760=AXIS2_PLACEMENT_3D('',#392,#3758,#3759);
#3761=PLANE('',#3760);
#3762=EDGE_LOOP('',(#3755,#3756,#3757));
#3763=FACE_BOUND('',#3762,.T.);
#3764=ADVANCED_FACE('',(#3763),#3761,.T.);
#3765=DIRECTION('',(0.5311633499877161,-0.8472694350853376,0.0));
#3766=VECTOR('',#3765,1000.0);
#3767=LINE('',#52,#3766);
#3768=EDGE_CURVE('',#53,#51,#3767,.T.);
#3769=DIRECTION('',(-0.528995417912992,0.8438113226528865,0.09025685342313475));
#3770=VECTOR('',#3769,1000.0);
#3771=LINE('',#50,#3770);
#3772=EDGE_CURVE('',#51,#395,#3771,.T.);
#3773=ORIENTED_EDGE('',*,*,#3750,.F.);
#3774=ORIENTED_EDGE('',*,*,#3768,.T.);
#3775=ORIENTED_EDGE('',*,*,#3772,.T.);
#3776=DIRECTION('',(-0.8472694350853376,-0.5311633499877161,-0.0));
#3777=DIRECTION('',(0.0,0.0,-1.0));
#3778=AXIS2_PLACEMENT_3D('',#394,#3776,#3777);
#3779=PLANE('',#3778);
#3780=EDGE_LOOP('',(#3773,#3774,#3775));
#3781=FACE_BOUND('',#3780,.T.);
#3782=ADVANCED_FACE('',(#3781),#3779,.T.);
#3783=LINE('',#50,#462);
#3784=EDGE_CURVE('',#51,#397,#3783,.T.);
#3785=DIRECTION('',(-0.5311633499877161,0.8472694350853376,0.0));
#3786=VECTOR('',#3785,1000.0);
#3787=LINE('',#396,#3786);
#3788=EDGE_CURVE('',#397,#395,#3787,.T.);
#3789=ORIENTED_EDGE('',*,*,#3772,.F.);
#3790=ORIENTED_EDGE('',*,*,#3784,.T.);
#3791=ORIENTED_EDGE('',*,*,#3788,.T.);
#3792=DIRECTION('',(-0.8472694350853376,-0.5311633499877161,0.0));
#3793=DIRECTION('',(0.528995417912992,-0.8438113226528865,-0.09025685342313475));
#3794=AXIS2_PLACEMENT_3D('',#394,#3792,#3793);
#3795=PLANE('',#3794);
#3796=EDGE_LOOP('',(#3789,#3790,#3791));
#3797=FACE_BOUND('',#3796,.T.);
#3798=ADVANCED_FACE('',(#3797),#3795,.T.);
#3799=DIRECTION('',(0.3208880634909781,-0.947117126182929,0.0));
#3800=VECTOR('',#3799,1000.0);
#3801=LINE('',#50,#3800);
#3802=EDGE_CURVE('',#51,#109,#3801,.T.);
#3803=DIRECTION('',(-0.3197729321688241,0.9438257604597389,0.08329589272436137));
#3804=VECTOR('',#3803,1000.0);
#3805=LINE('',#108,#3804);
#3806=EDGE_CURVE('',#109,#397,#3805,.T.);
#3807=ORIENTED_EDGE('',*,*,#3784,.F.);
#3808=ORIENTED_EDGE('',*,*,#3802,.T.);
#3809=ORIENTED_EDGE('',*,*,#3806,.T.);
#3810=DIRECTION('',(-0.9471171261829289,-0.3208880634909781,-0.0));
#3811=DIRECTION('',(0.0,0.0,-1.0));
#3812=AXIS2_PLACEMENT_3D('',#396,#3810,#3811);
#3813=PLANE('',#3812);
#3814=EDGE_LOOP('',(#3807,#3808,#3809));
#3815=FACE_BOUND('',#3814,.T.);
#3816=ADVANCED_FACE('',(#3815),#3813,.T.);
#3817=LINE('',#108,#462);
#3818=EDGE_CURVE('',#109,#399,#3817,.T.);
#3819=DIRECTION('',(-0.3208880634909781,0.947117126182929,0.0));
#3820=VECTOR('',#3819,1000.0);
#3821=LINE('',#398,#3820);
#3822=EDGE_CURVE('',#399,#397,#3821,.T.);
#3823=ORIENTED_EDGE('',*,*,#3806,.F.);
#3824=ORIENTED_EDGE('',*,*,#3818,.T.);
#3825=ORIENTED_EDGE('',*,*,#3822,.T.);
#3826=DIRECTION('',(-0.9471171261829289,-0.3208880634909781,0.0));
#3827=DIRECTION('',(0.3197729321688241,-0.9438257604597389,-0.08329589272436137));
#3828=AXIS2_PLACEMENT_3D('',#396,#3826,#3827);
#3829=PLANE('',#3828);
#3830=EDGE_LOOP('',(#3823,#3824,#3825));
#3831=FACE_BOUND('',#3830,.T.);
#3832=ADVANCED_FACE('',(#3831),#3829,.T.);
#3833=DIRECTION('',(0.10070232732839958,-0.9949166001583468,0.0));
#3834=VECTOR('',#3833,1000.0);
#3835=LINE('',#108,#3834);
#3836=EDGE_CURVE('',#109,#107,#3835,.T.);
#3837=DIRECTION('',(-0.10045664418881244,0.9924893053734195,0.06981003765727083));
#3838=VECTOR('',#3837,1000.0);
#3839=LINE('',#106,#3838);
#3840=EDGE_CURVE('',#107,#399,#3839,.T.);
#3841=ORIENTED_EDGE('',*,*,#3818,.F.);
#3842=ORIENTED_EDGE('',*,*,#3836,.T.);
#3843=ORIENTED_EDGE('',*,*,#3840,.T.);
#3844=DIRECTION('',(-0.9949166001583469,-0.10070232732839958,-0.0));
#3845=DIRECTION('',(0.0,0.0,-1.0));
#3846=AXIS2_PLACEMENT_3D('',#398,#3844,#3845);
#3847=PLANE('',#3846);
#3848=EDGE_LOOP('',(#3841,#3842,#3843));
#3849=FACE_BOUND('',#3848,.T.);
#3850=ADVANCED_FACE('',(#3849),#3847,.T.);
#3851=DIRECTION('',(-0.10070232732839958,0.9949166001583468,0.0));
#3852=VECTOR('',#3851,1000.0);
#3853=LINE('',#384,#3852);
#3854=EDGE_CURVE('',#385,#399,#3853,.T.);
#3855=ORIENTED_EDGE('',*,*,#3840,.F.);
#3856=ORIENTED_EDGE('',*,*,#3614,.F.);
#3857=ORIENTED_EDGE('',*,*,#3854,.T.);
#3858=DIRECTION('',(-0.9949166001583469,-0.10070232732839958,0.0));
#3859=DIRECTION('',(0.10045664418881244,-0.9924893053734195,-0.06981003765727083));
#3860=AXIS2_PLACEMENT_3D('',#398,#3858,#3859);
#3861=PLANE('',#3860);
#3862=EDGE_LOOP('',(#3855,#3856,#3857));
#3863=FACE_BOUND('',#3862,.T.);
#3864=ADVANCED_FACE('',(#3863),#3861,.T.);
#3865=DIRECTION('',(0.0,0.0,-1.0));
#3866=VECTOR('',#3865,1000.0);
#3867=LINE('',#400,#3866);
#3868=EDGE_CURVE('',#401,#119,#3867,.T.);
#3869=DIRECTION('',(0.9651020738896746,0.26187399064024824,0.0));
#3870=VECTOR('',#3869,1000.0);
#3871=LINE('',#118,#3870);
#3872=EDGE_CURVE('',#119,#117,#3871,.T.);
#3873=DIRECTION('',(-0.961756764457034,-0.26096626330782074,0.0831897555970101));
#3874=VECTOR('',#3873,1000.0);
#3875=LINE('',#116,#3874);
#3876=EDGE_CURVE('',#117,#401,#3875,.T.);
#3877=ORIENTED_EDGE('',*,*,#3868,.T.);
#3878=ORIENTED_EDGE('',*,*,#3872,.T.);
#3879=ORIENTED_EDGE('',*,*,#3876,.T.);
#3880=DIRECTION('',(0.2618739906402483,-0.9651020738896747,0.0));
#3881=DIRECTION('',(0.0,0.0,-1.0));
#3882=AXIS2_PLACEMENT_3D('',#400,#3880,#3881);
#3883=PLANE('',#3882);
#3884=EDGE_LOOP('',(#3877,#3878,#3879));
#3885=FACE_BOUND('',#3884,.T.);
#3886=ADVANCED_FACE('',(#3885),#3883,.T.);
#3887=LINE('',#116,#462);
#3888=EDGE_CURVE('',#117,#403,#3887,.T.);
#3889=DIRECTION('',(-0.9651020738896746,-0.26187399064024824,0.0));
#3890=VECTOR('',#3889,1000.0);
#3891=LINE('',#402,#3890);
#3892=EDGE_CURVE('',#403,#401,#3891,.T.);
#3893=ORIENTED_EDGE('',*,*,#3876,.F.);
#3894=ORIENTED_EDGE('',*,*,#3888,.T.);
#3895=ORIENTED_EDGE('',*,*,#3892,.T.);
#3896=DIRECTION('',(0.961756764457034,0.26096626330782074,-0.0831897555970101));
#3897=AXIS2_PLACEMENT_3D('',#400,#3880,#3896);
#3898=PLANE('',#3897);
#3899=EDGE_LOOP('',(#3893,#3894,#3895));
#3900=FACE_BOUND('',#3899,.T.);
#3901=ADVANCED_FACE('',(#3900),#3898,.T.);
#3902=DIRECTION('',(0.997627960862828,0.06883641263659648,0.0));
#3903=VECTOR('',#3902,1000.0);
#3904=LINE('',#116,#3903);
#3905=EDGE_CURVE('',#117,#115,#3904,.T.);
#3906=DIRECTION('',(-0.9941816059709675,-0.06859861386116614,0.08304916932344565));
#3907=VECTOR('',#3906,1000.0);
#3908=LINE('',#114,#3907);
#3909=EDGE_CURVE('',#115,#403,#3908,.T.);
#3910=ORIENTED_EDGE('',*,*,#3888,.F.);
#3911=ORIENTED_EDGE('',*,*,#3905,.T.);
#3912=ORIENTED_EDGE('',*,*,#3909,.T.);
#3913=DIRECTION('',(0.0688364126365965,-0.997627960862828,0.0));
#3914=DIRECTION('',(0.0,0.0,-1.0));
#3915=AXIS2_PLACEMENT_3D('',#402,#3913,#3914);
#3916=PLANE('',#3915);
#3917=EDGE_LOOP('',(#3910,#3911,#3912));
#3918=FACE_BOUND('',#3917,.T.);
#3919=ADVANCED_FACE('',(#3918),#3916,.T.);
#3920=DIRECTION('',(-0.997627960862828,-0.06883641263659648,0.0));
#3921=VECTOR('',#3920,1000.0);
#3922=LINE('',#386,#3921);
#3923=EDGE_CURVE('',#387,#403,#3922,.T.);
#3924=ORIENTED_EDGE('',*,*,#3909,.F.);
#3925=ORIENTED_EDGE('',*,*,#3631,.F.);
#3926=ORIENTED_EDGE('',*,*,#3923,.T.);
#3927=DIRECTION('',(0.9941816059709675,0.06859861386116614,-0.08304916932344565));
#3928=AXIS2_PLACEMENT_3D('',#402,#3913,#3927);
#3929=PLANE('',#3928);
#3930=EDGE_LOOP('',(#3924,#3925,#3926));
#3931=FACE_BOUND('',#3930,.T.);
#3932=ADVANCED_FACE('',(#3931),#3929,.T.);
#3933=DIRECTION('',(0.0,-1.0,0.0));
#3934=VECTOR('',#3933,1000.0);
#3935=LINE('',#400,#3934);
#3936=EDGE_CURVE('',#401,#405,#3935,.T.);
#3937=DIRECTION('',(0.0,0.9972331647277994,-0.07433717217501298));
#3938=VECTOR('',#3937,1000.0);
#3939=LINE('',#404,#3938);
#3940=EDGE_CURVE('',#405,#119,#3939,.T.);
#3941=ORIENTED_EDGE('',*,*,#3936,.T.);
#3942=ORIENTED_EDGE('',*,*,#3940,.T.);
#3943=ORIENTED_EDGE('',*,*,#3868,.F.);
#3944=DIRECTION('',(0.0,-1.0,0.0));
#3945=AXIS2_PLACEMENT_3D('',#400,#12,#3944);
#3946=PLANE('',#3945);
#3947=EDGE_LOOP('',(#3941,#3942,#3943));
#3948=FACE_BOUND('',#3947,.T.);
#3949=ADVANCED_FACE('',(#3948),#3946,.T.);
#3950=DIRECTION('',(0.0,0.0,-1.0));
#3951=VECTOR('',#3950,1000.0);
#3952=LINE('',#404,#3951);
#3953=EDGE_CURVE('',#405,#121,#3952,.T.);
#3954=LINE('',#120,#1193);
#3955=EDGE_CURVE('',#121,#119,#3954,.T.);
#3956=ORIENTED_EDGE('',*,*,#3940,.F.);
#3957=ORIENTED_EDGE('',*,*,#3953,.T.);
#3958=ORIENTED_EDGE('',*,*,#3955,.T.);
#3959=DIRECTION('',(0.0,-0.9972331647277994,0.07433717217501298));
#3960=AXIS2_PLACEMENT_3D('',#118,#12,#3959);
#3961=PLANE('',#3960);
#3962=EDGE_LOOP('',(#3956,#3957,#3958));
#3963=FACE_BOUND('',#3962,.T.);
#3964=ADVANCED_FACE('',(#3963),#3961,.T.);
#3965=DIRECTION('',(0.0,0.0,-1.0));
#3966=VECTOR('',#3965,1000.0);
#3967=LINE('',#406,#3966);
#3968=EDGE_CURVE('',#407,#125,#3967,.T.);
#3969=DIRECTION('',(-0.9916662532299657,-0.12883338932451202,0.0));
#3970=VECTOR('',#3969,1000.0);
#3971=LINE('',#124,#3970);
#3972=EDGE_CURVE('',#125,#123,#3971,.T.);
#3973=DIRECTION('',(0.9883817753783745,0.12840668284700152,0.08132152175237568));
#3974=VECTOR('',#3973,1000.0);
#3975=LINE('',#122,#3974);
#3976=EDGE_CURVE('',#123,#407,#3975,.T.);
#3977=ORIENTED_EDGE('',*,*,#3968,.T.);
#3978=ORIENTED_EDGE('',*,*,#3972,.T.);
#3979=ORIENTED_EDGE('',*,*,#3976,.T.);
#3980=DIRECTION('',(-0.12883338932451205,0.9916662532299658,0.0));
#3981=DIRECTION('',(0.0,0.0,-1.0));
#3982=AXIS2_PLACEMENT_3D('',#406,#3980,#3981);
#3983=PLANE('',#3982);
#3984=EDGE_LOOP('',(#3977,#3978,#3979));
#3985=FACE_BOUND('',#3984,.T.);
#3986=ADVANCED_FACE('',(#3985),#3983,.T.);
#3987=LINE('',#122,#462);
#3988=EDGE_CURVE('',#123,#409,#3987,.T.);
#3989=DIRECTION('',(0.9916662532299657,0.12883338932451202,0.0));
#3990=VECTOR('',#3989,1000.0);
#3991=LINE('',#408,#3990);
#3992=EDGE_CURVE('',#409,#407,#3991,.T.);
#3993=ORIENTED_EDGE('',*,*,#3976,.F.);
#3994=ORIENTED_EDGE('',*,*,#3988,.T.);
#3995=ORIENTED_EDGE('',*,*,#3992,.T.);
#3996=DIRECTION('',(-0.9883817753783745,-0.12840668284700152,-0.08132152175237568));
#3997=AXIS2_PLACEMENT_3D('',#406,#3980,#3996);
#3998=PLANE('',#3997);
#3999=EDGE_LOOP('',(#3993,#3994,#3995));
#4000=FACE_BOUND('',#3999,.T.);
#4001=ADVANCED_FACE('',(#4000),#3998,.T.);
#4002=DIRECTION('',(-0.9192758396754483,-0.3936139359689888,0.0));
#4003=VECTOR('',#4002,1000.0);
#4004=LINE('',#122,#4003);
#4005=EDGE_CURVE('',#123,#121,#4004,.T.);
#4006=DIRECTION('',(0.9162296328111004,0.3923096163927503,0.08134140916291732));
#4007=VECTOR('',#4006,1000.0);
#4008=LINE('',#120,#4007);
#4009=EDGE_CURVE('',#121,#409,#4008,.T.);
#4010=ORIENTED_EDGE('',*,*,#3988,.F.);
#4011=ORIENTED_EDGE('',*,*,#4005,.T.);
#4012=ORIENTED_EDGE('',*,*,#4009,.T.);
#4013=DIRECTION('',(-0.39361393596898886,0.9192758396754485,0.0));
#4014=DIRECTION('',(0.0,0.0,-1.0));
#4015=AXIS2_PLACEMENT_3D('',#408,#4013,#4014);
#4016=PLANE('',#4015);
#4017=EDGE_LOOP('',(#4010,#4011,#4012));
#4018=FACE_BOUND('',#4017,.T.);
#4019=ADVANCED_FACE('',(#4018),#4016,.T.);
#4020=DIRECTION('',(0.9192758396754483,0.3936139359689888,0.0));
#4021=VECTOR('',#4020,1000.0);
#4022=LINE('',#404,#4021);
#4023=EDGE_CURVE('',#405,#409,#4022,.T.);
#4024=ORIENTED_EDGE('',*,*,#4009,.F.);
#4025=ORIENTED_EDGE('',*,*,#3953,.F.);
#4026=ORIENTED_EDGE('',*,*,#4023,.T.);
#4027=DIRECTION('',(-0.9162296328111004,-0.3923096163927503,-0.08134140916291732));
#4028=AXIS2_PLACEMENT_3D('',#408,#4013,#4027);
#4029=PLANE('',#4028);
#4030=EDGE_LOOP('',(#4024,#4025,#4026));
#4031=FACE_BOUND('',#4030,.T.);
#4032=ADVANCED_FACE('',(#4031),#4029,.T.);
#4033=DIRECTION('',(0.0,0.0,-1.0));
#4034=VECTOR('',#4033,1000.0);
#4035=LINE('',#410,#4034);
#4036=EDGE_CURVE('',#411,#67,#4035,.T.);
#4037=DIRECTION('',(-0.06118830696661744,0.9981262400571178,0.0));
#4038=VECTOR('',#4037,1000.0);
#4039=LINE('',#66,#4038);
#4040=EDGE_CURVE('',#67,#87,#4039,.T.);
#4041=DIRECTION('',(0.06069100657998589,-0.9900140926600947,0.12723481463309272));
#4042=VECTOR('',#4041,1000.0);
#4043=LINE('',#86,#4042);
#4044=EDGE_CURVE('',#87,#411,#4043,.T.);
#4045=ORIENTED_EDGE('',*,*,#4036,.T.);
#4046=ORIENTED_EDGE('',*,*,#4040,.T.);
#4047=ORIENTED_EDGE('',*,*,#4044,.T.);
#4048=DIRECTION('',(0.9981262400571178,0.06118830696661744,0.0));
#4049=DIRECTION('',(0.0,0.0,-1.0));
#4050=AXIS2_PLACEMENT_3D('',#410,#4048,#4049);
#4051=PLANE('',#4050);
#4052=EDGE_LOOP('',(#4045,#4046,#4047));
#4053=FACE_BOUND('',#4052,.T.);
#4054=ADVANCED_FACE('',(#4053),#4051,.T.);
#4055=LINE('',#86,#462);
#4056=EDGE_CURVE('',#87,#413,#4055,.T.);
#4057=DIRECTION('',(0.06118830696661744,-0.9981262400571178,0.0));
#4058=VECTOR('',#4057,1000.0);
#4059=LINE('',#412,#4058);
#4060=EDGE_CURVE('',#413,#411,#4059,.T.);
#4061=ORIENTED_EDGE('',*,*,#4044,.F.);
#4062=ORIENTED_EDGE('',*,*,#4056,.T.);
#4063=ORIENTED_EDGE('',*,*,#4060,.T.);
#4064=DIRECTION('',(0.9981262400571178,0.06118830696661744,-0.0));
#4065=DIRECTION('',(-0.06069100657998589,0.9900140926600947,-0.12723481463309272));
#4066=AXIS2_PLACEMENT_3D('',#410,#4064,#4065);
#4067=PLANE('',#4066);
#4068=EDGE_LOOP('',(#4061,#4062,#4063));
#4069=FACE_BOUND('',#4068,.T.);
#4070=ADVANCED_FACE('',(#4069),#4067,.T.);
#4071=VECTOR('',#1891,1000.0);
#4072=LINE('',#86,#4071);
#4073=EDGE_CURVE('',#87,#85,#4072,.T.);
#4074=DIRECTION('',(0.24058927271401354,-0.9664195738849959,0.09027740064315702));
#4075=VECTOR('',#4074,1000.0);
#4076=LINE('',#84,#4075);
#4077=EDGE_CURVE('',#85,#413,#4076,.T.);
#4078=ORIENTED_EDGE('',*,*,#4056,.F.);
#4079=ORIENTED_EDGE('',*,*,#4073,.T.);
#4080=ORIENTED_EDGE('',*,*,#4077,.T.);
#4081=DIRECTION('',(0.9703819747489586,0.24157570880018453,0.0));
#4082=DIRECTION('',(0.0,0.0,-1.0));
#4083=AXIS2_PLACEMENT_3D('',#412,#4081,#4082);
#4084=PLANE('',#4083);
#4085=EDGE_LOOP('',(#4078,#4079,#4080));
#4086=FACE_BOUND('',#4085,.T.);
#4087=ADVANCED_FACE('',(#4086),#4084,.T.);
#4088=LINE('',#84,#462);
#4089=EDGE_CURVE('',#85,#415,#4088,.T.);
#4090=LINE('',#414,#1868);
#4091=EDGE_CURVE('',#415,#413,#4090,.T.);
#4092=ORIENTED_EDGE('',*,*,#4077,.F.);
#4093=ORIENTED_EDGE('',*,*,#4089,.T.);
#4094=ORIENTED_EDGE('',*,*,#4091,.T.);
#4095=DIRECTION('',(0.9703819747489586,0.24157570880018453,-0.0));
#4096=DIRECTION('',(-0.24058927271401354,0.9664195738849959,-0.09027740064315702));
#4097=AXIS2_PLACEMENT_3D('',#412,#4095,#4096);
#4098=PLANE('',#4097);
#4099=EDGE_LOOP('',(#4092,#4093,#4094));
#4100=FACE_BOUND('',#4099,.T.);
#4101=ADVANCED_FACE('',(#4100),#4098,.T.);
#4102=DIRECTION('',(-0.47104476922188226,0.8821093046718779,0.0));
#4103=VECTOR('',#4102,1000.0);
#4104=LINE('',#84,#4103);
#4105=EDGE_CURVE('',#85,#65,#4104,.T.);
#4106=DIRECTION('',(0.46800035595631895,-0.8764081368757551,0.11350966673691942));
#4107=VECTOR('',#4106,1000.0);
#4108=LINE('',#64,#4107);
#4109=EDGE_CURVE('',#65,#415,#4108,.T.);
#4110=ORIENTED_EDGE('',*,*,#4089,.F.);
#4111=ORIENTED_EDGE('',*,*,#4105,.T.);
#4112=ORIENTED_EDGE('',*,*,#4109,.T.);
#4113=DIRECTION('',(0.8821093046718779,0.47104476922188226,0.0));
#4114=DIRECTION('',(0.0,0.0,-1.0));
#4115=AXIS2_PLACEMENT_3D('',#414,#4113,#4114);
#4116=PLANE('',#4115);
#4117=EDGE_LOOP('',(#4110,#4111,#4112));
#4118=FACE_BOUND('',#4117,.T.);
#4119=ADVANCED_FACE('',(#4118),#4116,.T.);
#4120=LINE('',#64,#462);
#4121=EDGE_CURVE('',#65,#417,#4120,.T.);
#4122=DIRECTION('',(0.47104476922188226,-0.8821093046718779,0.0));
#4123=VECTOR('',#4122,1000.0);
#4124=LINE('',#416,#4123);
#4125=EDGE_CURVE('',#417,#415,#4124,.T.);
#4126=ORIENTED_EDGE('',*,*,#4109,.F.);
#4127=ORIENTED_EDGE('',*,*,#4121,.T.);
#4128=ORIENTED_EDGE('',*,*,#4125,.T.);
#4129=DIRECTION('',(0.8821093046718779,0.47104476922188226,-0.0));
#4130=DIRECTION('',(-0.46800035595631895,0.8764081368757551,-0.11350966673691942));
#4131=AXIS2_PLACEMENT_3D('',#414,#4129,#4130);
#4132=PLANE('',#4131);
#4133=EDGE_LOOP('',(#4126,#4127,#4128));
#4134=FACE_BOUND('',#4133,.T.);
#4135=ADVANCED_FACE('',(#4134),#4132,.T.);
#4136=DIRECTION('',(-0.6713381992839219,0.7411511466510871,0.0));
#4137=VECTOR('',#4136,1000.0);
#4138=LINE('',#64,#4137);
#4139=EDGE_CURVE('',#65,#63,#4138,.T.);
#4140=DIRECTION('',(0.6672280145158761,-0.7366135407811482,0.11048650679183265));
#4141=VECTOR('',#4140,1000.0);
#4142=LINE('',#62,#4141);
#4143=EDGE_CURVE('',#63,#417,#4142,.T.);
#4144=ORIENTED_EDGE('',*,*,#4121,.F.);
#4145=ORIENTED_EDGE('',*,*,#4139,.T.);
#4146=ORIENTED_EDGE('',*,*,#4143,.T.);
#4147=DIRECTION('',(0.7411511466510872,0.6713381992839219,0.0));
#4148=DIRECTION('',(0.0,0.0,-1.0));
#4149=AXIS2_PLACEMENT_3D('',#416,#4147,#4148);
#4150=PLANE('',#4149);
#4151=EDGE_LOOP('',(#4144,#4145,#4146));
#4152=FACE_BOUND('',#4151,.T.);
#4153=ADVANCED_FACE('',(#4152),#4150,.T.);
#4154=LINE('',#62,#462);
#4155=EDGE_CURVE('',#63,#419,#4154,.T.);
#4156=DIRECTION('',(0.6713381992839219,-0.7411511466510871,0.0));
#4157=VECTOR('',#4156,1000.0);
#4158=LINE('',#418,#4157);
#4159=EDGE_CURVE('',#419,#417,#4158,.T.);
#4160=ORIENTED_EDGE('',*,*,#4143,.F.);
#4161=ORIENTED_EDGE('',*,*,#4155,.T.);
#4162=ORIENTED_EDGE('',*,*,#4159,.T.);
#4163=DIRECTION('',(0.7411511466510872,0.6713381992839219,-0.0));
#4164=DIRECTION('',(-0.6672280145158761,0.7366135407811482,-0.11048650679183265));
#4165=AXIS2_PLACEMENT_3D('',#416,#4163,#4164);
#4166=PLANE('',#4165);
#4167=EDGE_LOOP('',(#4160,#4161,#4162));
#4168=FACE_BOUND('',#4167,.T.);
#4169=ADVANCED_FACE('',(#4168),#4166,.T.);
#4170=DIRECTION('',(-0.8311623916770976,0.5560297462021315,0.0));
#4171=VECTOR('',#4170,1000.0);
#4172=LINE('',#62,#4171);
#4173=EDGE_CURVE('',#63,#59,#4172,.T.);
#4174=DIRECTION('',(0.8252328231916284,-0.55206299254114,0.11923606750348607));
#4175=VECTOR('',#4174,1000.0);
#4176=LINE('',#58,#4175);
#4177=EDGE_CURVE('',#59,#419,#4176,.T.);
#4178=ORIENTED_EDGE('',*,*,#4155,.F.);
#4179=ORIENTED_EDGE('',*,*,#4173,.T.);
#4180=ORIENTED_EDGE('',*,*,#4177,.T.);
#4181=DIRECTION('',(0.5560297462021315,0.8311623916770977,0.0));
#4182=DIRECTION('',(0.0,0.0,-1.0));
#4183=AXIS2_PLACEMENT_3D('',#418,#4181,#4182);
#4184=PLANE('',#4183);
#4185=EDGE_LOOP('',(#4178,#4179,#4180));
#4186=FACE_BOUND('',#4185,.T.);
#4187=ADVANCED_FACE('',(#4186),#4184,.T.);
#4188=LINE('',#58,#462);
#4189=EDGE_CURVE('',#59,#421,#4188,.T.);
#4190=DIRECTION('',(0.8311623916770976,-0.5560297462021315,0.0));
#4191=VECTOR('',#4190,1000.0);
#4192=LINE('',#420,#4191);
#4193=EDGE_CURVE('',#421,#419,#4192,.T.);
#4194=ORIENTED_EDGE('',*,*,#4177,.F.);
#4195=ORIENTED_EDGE('',*,*,#4189,.T.);
#4196=ORIENTED_EDGE('',*,*,#4193,.T.);
#4197=DIRECTION('',(0.5560297462021315,0.8311623916770977,-0.0));
#4198=DIRECTION('',(-0.8252328231916284,0.55206299254114,-0.11923606750348607));
#4199=AXIS2_PLACEMENT_3D('',#418,#4197,#4198);
#4200=PLANE('',#4199);
#4201=EDGE_LOOP('',(#4194,#4195,#4196));
#4202=FACE_BOUND('',#4201,.T.);
#4203=ADVANCED_FACE('',(#4202),#4200,.T.);
#4204=DIRECTION('',(-0.9405906925378424,0.3395425586155319,0.0));
#4205=VECTOR('',#4204,1000.0);
#4206=LINE('',#58,#4205);
#4207=EDGE_CURVE('',#59,#57,#4206,.T.);
#4208=DIRECTION('',(0.9332509347377992,-0.33689298940033924,0.12468282361226456));
#4209=VECTOR('',#4208,1000.0);
#4210=LINE('',#56,#4209);
#4211=EDGE_CURVE('',#57,#421,#4210,.T.);
#4212=ORIENTED_EDGE('',*,*,#4189,.F.);
#4213=ORIENTED_EDGE('',*,*,#4207,.T.);
#4214=ORIENTED_EDGE('',*,*,#4211,.T.);
#4215=DIRECTION('',(0.3395425586155319,0.9405906925378424,0.0));
#4216=DIRECTION('',(0.0,0.0,-1.0));
#4217=AXIS2_PLACEMENT_3D('',#420,#4215,#4216);
#4218=PLANE('',#4217);
#4219=EDGE_LOOP('',(#4212,#4213,#4214));
#4220=FACE_BOUND('',#4219,.T.);
#4221=ADVANCED_FACE('',(#4220),#4218,.T.);
#4222=LINE('',#56,#462);
#4223=EDGE_CURVE('',#57,#423,#4222,.T.);
#4224=DIRECTION('',(0.9405906925378424,-0.3395425586155319,0.0));
#4225=VECTOR('',#4224,1000.0);
#4226=LINE('',#422,#4225);
#4227=EDGE_CURVE('',#423,#421,#4226,.T.);
#4228=ORIENTED_EDGE('',*,*,#4211,.F.);
#4229=ORIENTED_EDGE('',*,*,#4223,.T.);
#4230=ORIENTED_EDGE('',*,*,#4227,.T.);
#4231=DIRECTION('',(0.3395425586155319,0.9405906925378424,-0.0));
#4232=DIRECTION('',(-0.9332509347377992,0.33689298940033924,-0.12468282361226456));
#4233=AXIS2_PLACEMENT_3D('',#420,#4231,#4232);
#4234=PLANE('',#4233);
#4235=EDGE_LOOP('',(#4228,#4229,#4230));
#4236=FACE_BOUND('',#4235,.T.);
#4237=ADVANCED_FACE('',(#4236),#4234,.T.);
#4238=DIRECTION('',(-0.9937625297763332,0.111516969168564,0.0));
#4239=VECTOR('',#4238,1000.0);
#4240=LINE('',#56,#4239);
#4241=EDGE_CURVE('',#57,#125,#4240,.T.);
#4242=DIRECTION('',(0.9887401687475126,-0.11095337528851458,0.10041029437874606));
#4243=VECTOR('',#4242,1000.0);
#4244=LINE('',#124,#4243);
#4245=EDGE_CURVE('',#125,#423,#4244,.T.);
#4246=ORIENTED_EDGE('',*,*,#4223,.F.);
#4247=ORIENTED_EDGE('',*,*,#4241,.T.);
#4248=ORIENTED_EDGE('',*,*,#4245,.T.);
#4249=DIRECTION('',(0.11151696916856402,0.9937625297763333,0.0));
#4250=DIRECTION('',(0.0,0.0,-1.0));
#4251=AXIS2_PLACEMENT_3D('',#422,#4249,#4250);
#4252=PLANE('',#4251);
#4253=EDGE_LOOP('',(#4246,#4247,#4248));
#4254=FACE_BOUND('',#4253,.T.);
#4255=ADVANCED_FACE('',(#4254),#4252,.T.);
#4256=DIRECTION('',(0.9937625297763332,-0.111516969168564,0.0));
#4257=VECTOR('',#4256,1000.0);
#4258=LINE('',#406,#4257);
#4259=EDGE_CURVE('',#407,#423,#4258,.T.);
#4260=ORIENTED_EDGE('',*,*,#4245,.F.);
#4261=ORIENTED_EDGE('',*,*,#3968,.F.);
#4262=ORIENTED_EDGE('',*,*,#4259,.T.);
#4263=DIRECTION('',(0.11151696916856402,0.9937625297763333,-0.0));
#4264=DIRECTION('',(-0.9887401687475126,0.11095337528851458,-0.10041029437874606));
#4265=AXIS2_PLACEMENT_3D('',#422,#4263,#4264);
#4266=PLANE('',#4265);
#4267=EDGE_LOOP('',(#4260,#4261,#4262));
#4268=FACE_BOUND('',#4267,.T.);
#4269=ADVANCED_FACE('',(#4268),#4266,.T.);
#4270=DIRECTION('',(0.0,0.0,-1.0));
#4271=VECTOR('',#4270,1000.0);
#4272=LINE('',#424,#4271);
#4273=EDGE_CURVE('',#425,#75,#4272,.T.);
#4274=DIRECTION('',(0.9937701694517784,0.11144886858009669,0.0));
#4275=VECTOR('',#4274,1000.0);
#4276=LINE('',#74,#4275);
#4277=EDGE_CURVE('',#75,#73,#4276,.T.);
#4278=DIRECTION('',(-0.9881769056177426,-0.11082159786385336,0.10594799030961106));
#4279=VECTOR('',#4278,1000.0);
#4280=LINE('',#72,#4279);
#4281=EDGE_CURVE('',#73,#425,#4280,.T.);
#4282=ORIENTED_EDGE('',*,*,#4273,.T.);
#4283=ORIENTED_EDGE('',*,*,#4277,.T.);
#4284=ORIENTED_EDGE('',*,*,#4281,.T.);
#4285=DIRECTION('',(0.11144886858009667,-0.9937701694517784,0.0));
#4286=DIRECTION('',(0.0,0.0,-1.0));
#4287=AXIS2_PLACEMENT_3D('',#424,#4285,#4286);
#4288=PLANE('',#4287);
#4289=EDGE_LOOP('',(#4282,#4283,#4284));
#4290=FACE_BOUND('',#4289,.T.);
#4291=ADVANCED_FACE('',(#4290),#4288,.T.);
#4292=LINE('',#72,#462);
#4293=EDGE_CURVE('',#73,#427,#4292,.T.);
#4294=DIRECTION('',(-0.9937701694517784,-0.11144886858009669,0.0));
#4295=VECTOR('',#4294,1000.0);
#4296=LINE('',#426,#4295);
#4297=EDGE_CURVE('',#427,#425,#4296,.T.);
#4298=ORIENTED_EDGE('',*,*,#4281,.F.);
#4299=ORIENTED_EDGE('',*,*,#4293,.T.);
#4300=ORIENTED_EDGE('',*,*,#4297,.T.);
#4301=DIRECTION('',(0.9881769056177426,0.11082159786385336,-0.10594799030961106));
#4302=AXIS2_PLACEMENT_3D('',#424,#4285,#4301);
#4303=PLANE('',#4302);
#4304=EDGE_LOOP('',(#4298,#4299,#4300));
#4305=FACE_BOUND('',#4304,.T.);
#4306=ADVANCED_FACE('',(#4305),#4303,.T.);
#4307=DIRECTION('',(0.9384398374508852,0.3454427180954261,0.0));
#4308=VECTOR('',#4307,1000.0);
#4309=LINE('',#72,#4308);
#4310=EDGE_CURVE('',#73,#77,#4309,.T.);
#4311=DIRECTION('',(-0.930751223180923,-0.34261251448960134,0.1277451582735277));
#4312=VECTOR('',#4311,1000.0);
#4313=LINE('',#76,#4312);
#4314=EDGE_CURVE('',#77,#427,#4313,.T.);
#4315=ORIENTED_EDGE('',*,*,#4293,.F.);
#4316=ORIENTED_EDGE('',*,*,#4310,.T.);
#4317=ORIENTED_EDGE('',*,*,#4314,.T.);
#4318=DIRECTION('',(0.3454427180954261,-0.9384398374508853,0.0));
#4319=DIRECTION('',(0.0,0.0,-1.0));
#4320=AXIS2_PLACEMENT_3D('',#426,#4318,#4319);
#4321=PLANE('',#4320);
#4322=EDGE_LOOP('',(#4315,#4316,#4317));
#4323=FACE_BOUND('',#4322,.T.);
#4324=ADVANCED_FACE('',(#4323),#4321,.T.);
#4325=LINE('',#76,#462);
#4326=EDGE_CURVE('',#77,#429,#4325,.T.);
#4327=DIRECTION('',(-0.9384398374508852,-0.3454427180954261,0.0));
#4328=VECTOR('',#4327,1000.0);
#4329=LINE('',#428,#4328);
#4330=EDGE_CURVE('',#429,#427,#4329,.T.);
#4331=ORIENTED_EDGE('',*,*,#4314,.F.);
#4332=ORIENTED_EDGE('',*,*,#4326,.T.);
#4333=ORIENTED_EDGE('',*,*,#4330,.T.);
#4334=DIRECTION('',(0.930751223180923,0.34261251448960134,-0.1277451582735277));
#4335=AXIS2_PLACEMENT_3D('',#426,#4318,#4334);
#4336=PLANE('',#4335);
#4337=EDGE_LOOP('',(#4331,#4332,#4333));
#4338=FACE_BOUND('',#4337,.T.);
#4339=ADVANCED_FACE('',(#4338),#4336,.T.);
#4340=DIRECTION('',(0.8292337602066756,0.5589019331989269,0.0));
#4341=VECTOR('',#4340,1000.0);
#4342=LINE('',#76,#4341);
#4343=EDGE_CURVE('',#77,#79,#4342,.T.);
#4344=DIRECTION('',(-0.8217683890289792,-0.5538702876202156,0.13388210964955663));
#4345=VECTOR('',#4344,1000.0);
#4346=LINE('',#78,#4345);
#4347=EDGE_CURVE('',#79,#429,#4346,.T.);
#4348=ORIENTED_EDGE('',*,*,#4326,.F.);
#4349=ORIENTED_EDGE('',*,*,#4343,.T.);
#4350=ORIENTED_EDGE('',*,*,#4347,.T.);
#4351=DIRECTION('',(0.5589019331989269,-0.8292337602066756,0.0));
#4352=DIRECTION('',(0.0,0.0,-1.0));
#4353=AXIS2_PLACEMENT_3D('',#428,#4351,#4352);
#4354=PLANE('',#4353);
#4355=EDGE_LOOP('',(#4348,#4349,#4350));
#4356=FACE_BOUND('',#4355,.T.);
#4357=ADVANCED_FACE('',(#4356),#4354,.T.);
#4358=LINE('',#78,#462);
#4359=EDGE_CURVE('',#79,#431,#4358,.T.);
#4360=DIRECTION('',(-0.8292337602066756,-0.5589019331989269,0.0));
#4361=VECTOR('',#4360,1000.0);
#4362=LINE('',#430,#4361);
#4363=EDGE_CURVE('',#431,#429,#4362,.T.);
#4364=ORIENTED_EDGE('',*,*,#4347,.F.);
#4365=ORIENTED_EDGE('',*,*,#4359,.T.);
#4366=ORIENTED_EDGE('',*,*,#4363,.T.);
#4367=DIRECTION('',(0.8217683890289792,0.5538702876202156,-0.13388210964955663));
#4368=AXIS2_PLACEMENT_3D('',#428,#4351,#4367);
#4369=PLANE('',#4368);
#4370=EDGE_LOOP('',(#4364,#4365,#4366));
#4371=FACE_BOUND('',#4370,.T.);
#4372=ADVANCED_FACE('',(#4371),#4369,.T.);
#4373=DIRECTION('',(0.6879398306450524,0.7257677241459948,0.0));
#4374=VECTOR('',#4373,1000.0);
#4375=LINE('',#78,#4374);
#4376=EDGE_CURVE('',#79,#81,#4375,.T.);
#4377=DIRECTION('',(-0.680662513693227,-0.718090247822138,0.1450687369337653));
#4378=VECTOR('',#4377,1000.0);
#4379=LINE('',#80,#4378);
#4380=EDGE_CURVE('',#81,#431,#4379,.T.);
#4381=ORIENTED_EDGE('',*,*,#4359,.F.);
#4382=ORIENTED_EDGE('',*,*,#4376,.T.);
#4383=ORIENTED_EDGE('',*,*,#4380,.T.);
#4384=DIRECTION('',(0.7257677241459948,-0.6879398306450523,0.0));
#4385=DIRECTION('',(0.0,0.0,-1.0));
#4386=AXIS2_PLACEMENT_3D('',#430,#4384,#4385);
#4387=PLANE('',#4386);
#4388=EDGE_LOOP('',(#4381,#4382,#4383));
#4389=FACE_BOUND('',#4388,.T.);
#4390=ADVANCED_FACE('',(#4389),#4387,.T.);
#4391=LINE('',#80,#462);
#4392=EDGE_CURVE('',#81,#433,#4391,.T.);
#4393=DIRECTION('',(-0.6879398306450524,-0.7257677241459948,0.0));
#4394=VECTOR('',#4393,1000.0);
#4395=LINE('',#432,#4394);
#4396=EDGE_CURVE('',#433,#431,#4395,.T.);
#4397=ORIENTED_EDGE('',*,*,#4380,.F.);
#4398=ORIENTED_EDGE('',*,*,#4392,.T.);
#4399=ORIENTED_EDGE('',*,*,#4396,.T.);
#4400=DIRECTION('',(0.680662513693227,0.718090247822138,-0.1450687369337653));
#4401=AXIS2_PLACEMENT_3D('',#430,#4384,#4400);
#4402=PLANE('',#4401);
#4403=EDGE_LOOP('',(#4397,#4398,#4399));
#4404=FACE_BOUND('',#4403,.T.);
#4405=ADVANCED_FACE('',(#4404),#4402,.T.);
#4406=DIRECTION('',(0.5122718904426189,0.8588233288996903,0.0));
#4407=VECTOR('',#4406,1000.0);
#4408=LINE('',#80,#4407);
#4409=EDGE_CURVE('',#81,#71,#4408,.T.);
#4410=DIRECTION('',(-0.5083872700268658,-0.8523107665295665,0.12291761847844916));
#4411=VECTOR('',#4410,1000.0);
#4412=LINE('',#70,#4411);
#4413=EDGE_CURVE('',#71,#433,#4412,.T.);
#4414=ORIENTED_EDGE('',*,*,#4392,.F.);
#4415=ORIENTED_EDGE('',*,*,#4409,.T.);
#4416=ORIENTED_EDGE('',*,*,#4413,.T.);
#4417=DIRECTION('',(0.8588233288996903,-0.5122718904426189,0.0));
#4418=DIRECTION('',(0.0,0.0,-1.0));
#4419=AXIS2_PLACEMENT_3D('',#432,#4417,#4418);
#4420=PLANE('',#4419);
#4421=EDGE_LOOP('',(#4414,#4415,#4416));
#4422=FACE_BOUND('',#4421,.T.);
#4423=ADVANCED_FACE('',(#4422),#4420,.T.);
#4424=LINE('',#70,#462);
#4425=EDGE_CURVE('',#71,#435,#4424,.T.);
#4426=DIRECTION('',(-0.5122718904426189,-0.8588233288996903,0.0));
#4427=VECTOR('',#4426,1000.0);
#4428=LINE('',#434,#4427);
#4429=EDGE_CURVE('',#435,#433,#4428,.T.);
#4430=ORIENTED_EDGE('',*,*,#4413,.F.);
#4431=ORIENTED_EDGE('',*,*,#4425,.T.);
#4432=ORIENTED_EDGE('',*,*,#4429,.T.);
#4433=DIRECTION('',(0.5083872700268658,0.8523107665295665,-0.12291761847844916));
#4434=AXIS2_PLACEMENT_3D('',#432,#4417,#4433);
#4435=PLANE('',#4434);
#4436=EDGE_LOOP('',(#4430,#4431,#4432));
#4437=FACE_BOUND('',#4436,.T.);
#4438=ADVANCED_FACE('',(#4437),#4435,.T.);
#4439=DIRECTION('',(0.30118972616529793,0.9535642342561265,0.0));
#4440=VECTOR('',#4439,1000.0);
#4441=LINE('',#70,#4440);
#4442=EDGE_CURVE('',#71,#69,#4441,.T.);
#4443=DIRECTION('',(-0.2993560150527383,-0.947758719721626,0.11017887929802674));
#4444=VECTOR('',#4443,1000.0);
#4445=LINE('',#68,#4444);
#4446=EDGE_CURVE('',#69,#435,#4445,.T.);
#4447=ORIENTED_EDGE('',*,*,#4425,.F.);
#4448=ORIENTED_EDGE('',*,*,#4442,.T.);
#4449=ORIENTED_EDGE('',*,*,#4446,.T.);
#4450=DIRECTION('',(0.9535642342561265,-0.301189726165298,0.0));
#4451=DIRECTION('',(0.0,0.0,-1.0));
#4452=AXIS2_PLACEMENT_3D('',#434,#4450,#4451);
#4453=PLANE('',#4452);
#4454=EDGE_LOOP('',(#4447,#4448,#4449));
#4455=FACE_BOUND('',#4454,.T.);
#4456=ADVANCED_FACE('',(#4455),#4453,.T.);
#4457=LINE('',#68,#462);
#4458=EDGE_CURVE('',#69,#437,#4457,.T.);
#4459=DIRECTION('',(-0.30118972616529793,-0.9535642342561265,0.0));
#4460=VECTOR('',#4459,1000.0);
#4461=LINE('',#436,#4460);
#4462=EDGE_CURVE('',#437,#435,#4461,.T.);
#4463=ORIENTED_EDGE('',*,*,#4446,.F.);
#4464=ORIENTED_EDGE('',*,*,#4458,.T.);
#4465=ORIENTED_EDGE('',*,*,#4462,.T.);
#4466=DIRECTION('',(0.2993560150527383,0.947758719721626,-0.11017887929802674));
#4467=AXIS2_PLACEMENT_3D('',#434,#4450,#4466);
#4468=PLANE('',#4467);
#4469=EDGE_LOOP('',(#4463,#4464,#4465));
#4470=FACE_BOUND('',#4469,.T.);
#4471=ADVANCED_FACE('',(#4470),#4468,.T.);
#4472=DIRECTION('',(0.09308142282239257,0.9956585000517791,0.0));
#4473=VECTOR('',#4472,1000.0);
#4474=LINE('',#68,#4473);
#4475=EDGE_CURVE('',#69,#67,#4474,.T.);
#4476=DIRECTION('',(-0.09269017396534991,-0.9914734517538673,0.09159108099342886));
#4477=VECTOR('',#4476,1000.0);
#4478=LINE('',#66,#4477);
#4479=EDGE_CURVE('',#67,#437,#4478,.T.);
#4480=ORIENTED_EDGE('',*,*,#4458,.F.);
#4481=ORIENTED_EDGE('',*,*,#4475,.T.);
#4482=ORIENTED_EDGE('',*,*,#4479,.T.);
#4483=DIRECTION('',(0.9956585000517794,-0.09308142282239257,0.0));
#4484=DIRECTION('',(0.0,0.0,-1.0));
#4485=AXIS2_PLACEMENT_3D('',#436,#4483,#4484);
#4486=PLANE('',#4485);
#4487=EDGE_LOOP('',(#4480,#4481,#4482));
#4488=FACE_BOUND('',#4487,.T.);
#4489=ADVANCED_FACE('',(#4488),#4486,.T.);
#4490=DIRECTION('',(-0.09308142282239257,-0.9956585000517791,0.0));
#4491=VECTOR('',#4490,1000.0);
#4492=LINE('',#410,#4491);
#4493=EDGE_CURVE('',#411,#437,#4492,.T.);
#4494=ORIENTED_EDGE('',*,*,#4479,.F.);
#4495=ORIENTED_EDGE('',*,*,#4036,.F.);
#4496=ORIENTED_EDGE('',*,*,#4493,.T.);
#4497=DIRECTION('',(0.09269017396534991,0.9914734517538673,-0.09159108099342886));
#4498=AXIS2_PLACEMENT_3D('',#436,#4483,#4497);
#4499=PLANE('',#4498);
#4500=EDGE_LOOP('',(#4494,#4495,#4496));
#4501=FACE_BOUND('',#4500,.T.);
#4502=ADVANCED_FACE('',(#4501),#4499,.T.);
#4503=DIRECTION('',(0.8746863056153048,-0.48468945394865925,0.0));
#4504=VECTOR('',#4503,1000.0);
#4505=LINE('',#28,#4504);
#4506=EDGE_CURVE('',#29,#61,#4505,.T.);
#4507=DIRECTION('',(-0.7860470989022846,0.43557185781806274,0.43864235429814946));
#4508=VECTOR('',#4507,1000.0);
#4509=LINE('',#60,#4508);
#4510=EDGE_CURVE('',#61,#363,#4509,.T.);
#4511=ORIENTED_EDGE('',*,*,#3232,.F.);
#4512=ORIENTED_EDGE('',*,*,#4506,.T.);
#4513=ORIENTED_EDGE('',*,*,#4510,.T.);
#4514=DIRECTION('',(-0.48468945394865937,-0.8746863056153048,-0.0));
#4515=DIRECTION('',(0.0,0.0,-1.0));
#4516=AXIS2_PLACEMENT_3D('',#362,#4514,#4515);
#4517=PLANE('',#4516);
#4518=EDGE_LOOP('',(#4511,#4512,#4513));
#4519=FACE_BOUND('',#4518,.T.);
#4520=ADVANCED_FACE('',(#4519),#4517,.T.);
#4521=LINE('',#60,#462);
#4522=EDGE_CURVE('',#61,#439,#4521,.T.);
#4523=DIRECTION('',(-0.8746863056153048,0.48468945394865925,0.0));
#4524=VECTOR('',#4523,1000.0);
#4525=LINE('',#438,#4524);
#4526=EDGE_CURVE('',#439,#363,#4525,.T.);
#4527=ORIENTED_EDGE('',*,*,#4510,.F.);
#4528=ORIENTED_EDGE('',*,*,#4522,.T.);
#4529=ORIENTED_EDGE('',*,*,#4526,.T.);
#4530=DIRECTION('',(-0.48468945394865937,-0.8746863056153048,0.0));
#4531=DIRECTION('',(0.7860470989022846,-0.43557185781806274,-0.43864235429814946));
#4532=AXIS2_PLACEMENT_3D('',#362,#4530,#4531);
#4533=PLANE('',#4532);
#4534=EDGE_LOOP('',(#4527,#4528,#4529));
#4535=FACE_BOUND('',#4534,.T.);
#4536=ADVANCED_FACE('',(#4535),#4533,.T.);
#4537=DIRECTION('',(0.9374689731854696,-0.348068849963023,0.0));
#4538=VECTOR('',#4537,1000.0);
#4539=LINE('',#60,#4538);
#4540=EDGE_CURVE('',#61,#83,#4539,.T.);
#4541=DIRECTION('',(-0.9338247168821413,0.3467157896092923,0.08808836118122267));
#4542=VECTOR('',#4541,1000.0);
#4543=LINE('',#82,#4542);
#4544=EDGE_CURVE('',#83,#439,#4543,.T.);
#4545=ORIENTED_EDGE('',*,*,#4522,.F.);
#4546=ORIENTED_EDGE('',*,*,#4540,.T.);
#4547=ORIENTED_EDGE('',*,*,#4544,.T.);
#4548=DIRECTION('',(-0.348068849963023,-0.9374689731854695,-0.0));
#4549=DIRECTION('',(0.0,0.0,-1.0));
#4550=AXIS2_PLACEMENT_3D('',#438,#4548,#4549);
#4551=PLANE('',#4550);
#4552=EDGE_LOOP('',(#4545,#4546,#4547));
#4553=FACE_BOUND('',#4552,.T.);
#4554=ADVANCED_FACE('',(#4553),#4551,.T.);
#4555=LINE('',#82,#462);
#4556=EDGE_CURVE('',#83,#441,#4555,.T.);
#4557=DIRECTION('',(-0.9374689731854696,0.348068849963023,0.0));
#4558=VECTOR('',#4557,1000.0);
#4559=LINE('',#440,#4558);
#4560=EDGE_CURVE('',#441,#439,#4559,.T.);
#4561=ORIENTED_EDGE('',*,*,#4544,.F.);
#4562=ORIENTED_EDGE('',*,*,#4556,.T.);
#4563=ORIENTED_EDGE('',*,*,#4560,.T.);
#4564=DIRECTION('',(-0.348068849963023,-0.9374689731854695,0.0));
#4565=DIRECTION('',(0.9338247168821413,-0.3467157896092923,-0.08808836118122267));
#4566=AXIS2_PLACEMENT_3D('',#438,#4564,#4565);
#4567=PLANE('',#4566);
#4568=EDGE_LOOP('',(#4561,#4562,#4563));
#4569=FACE_BOUND('',#4568,.T.);
#4570=ADVANCED_FACE('',(#4569),#4567,.T.);
#4571=DIRECTION('',(0.9938992478531171,-0.11029181799665845,0.0));
#4572=VECTOR('',#4571,1000.0);
#4573=LINE('',#82,#4572);
#4574=EDGE_CURVE('',#83,#75,#4573,.T.);
#4575=DIRECTION('',(-0.9911248289786687,0.10998394403236264,0.07466662867098607));
#4576=VECTOR('',#4575,1000.0);
#4577=LINE('',#74,#4576);
#4578=EDGE_CURVE('',#75,#441,#4577,.T.);
#4579=ORIENTED_EDGE('',*,*,#4556,.F.);
#4580=ORIENTED_EDGE('',*,*,#4574,.T.);
#4581=ORIENTED_EDGE('',*,*,#4578,.T.);
#4582=DIRECTION('',(-0.11029181799665844,-0.9938992478531171,-0.0));
#4583=DIRECTION('',(0.0,0.0,-1.0));
#4584=AXIS2_PLACEMENT_3D('',#440,#4582,#4583);
#4585=PLANE('',#4584);
#4586=EDGE_LOOP('',(#4579,#4580,#4581));
#4587=FACE_BOUND('',#4586,.T.);
#4588=ADVANCED_FACE('',(#4587),#4585,.T.);
#4589=DIRECTION('',(-0.9938992478531171,0.11029181799665845,0.0));
#4590=VECTOR('',#4589,1000.0);
#4591=LINE('',#424,#4590);
#4592=EDGE_CURVE('',#425,#441,#4591,.T.);
#4593=ORIENTED_EDGE('',*,*,#4578,.F.);
#4594=ORIENTED_EDGE('',*,*,#4273,.F.);
#4595=ORIENTED_EDGE('',*,*,#4592,.T.);
#4596=DIRECTION('',(-0.11029181799665844,-0.9938992478531171,0.0));
#4597=DIRECTION('',(0.9911248289786687,-0.10998394403236264,-0.07466662867098607));
#4598=AXIS2_PLACEMENT_3D('',#440,#4596,#4597);
#4599=PLANE('',#4598);
#4600=EDGE_LOOP('',(#4593,#4594,#4595));
#4601=FACE_BOUND('',#4600,.T.);
#4602=ADVANCED_FACE('',(#4601),#4599,.T.);
#4603=DIRECTION('',(-0.5282328654379017,-0.8490995465028018,0.0));
#4604=VECTOR('',#4603,1000.0);
#4605=LINE('',#426,#4604);
#4606=EDGE_CURVE('',#427,#369,#4605,.T.);
#4607=VECTOR('',#769,1000.0);
#4608=LINE('',#368,#4607);
#4609=EDGE_CURVE('',#369,#425,#4608,.T.);
#4610=ORIENTED_EDGE('',*,*,#4606,.T.);
#4611=ORIENTED_EDGE('',*,*,#4609,.T.);
#4612=ORIENTED_EDGE('',*,*,#4297,.F.);
#4613=AXIS2_PLACEMENT_3D('',#426,#825,#4603);
#4614=PLANE('',#4613);
#4615=EDGE_LOOP('',(#4610,#4611,#4612));
#4616=FACE_BOUND('',#4615,.T.);
#4617=ADVANCED_FACE('',(#4616),#4614,.T.);
#4618=DIRECTION('',(0.08080362486393886,0.9967300407877991,0.0));
#4619=VECTOR('',#4618,1000.0);
#4620=LINE('',#370,#4619);
#4621=EDGE_CURVE('',#371,#425,#4620,.T.);
#4622=ORIENTED_EDGE('',*,*,#4609,.F.);
#4623=ORIENTED_EDGE('',*,*,#3300,.F.);
#4624=ORIENTED_EDGE('',*,*,#4621,.T.);
#4625=AXIS2_PLACEMENT_3D('',#424,#721,#744);
#4626=PLANE('',#4625);
#4627=EDGE_LOOP('',(#4622,#4623,#4624));
#4628=FACE_BOUND('',#4627,.T.);
#4629=ADVANCED_FACE('',(#4628),#4626,.T.);
#4630=DIRECTION('',(-0.7067073342847028,0.7075060025669107,0.0));
#4631=VECTOR('',#4630,1000.0);
#4632=LINE('',#370,#4631);
#4633=EDGE_CURVE('',#371,#441,#4632,.T.);
#4634=ORIENTED_EDGE('',*,*,#4621,.F.);
#4635=ORIENTED_EDGE('',*,*,#4633,.T.);
#4636=ORIENTED_EDGE('',*,*,#4592,.F.);
#4637=DIRECTION('',(-0.08080362486393886,-0.9967300407877991,0.0));
#4638=AXIS2_PLACEMENT_3D('',#424,#825,#4637);
#4639=PLANE('',#4638);
#4640=EDGE_LOOP('',(#4634,#4635,#4636));
#4641=FACE_BOUND('',#4640,.T.);
#4642=ADVANCED_FACE('',(#4641),#4639,.T.);
#4643=DIRECTION('',(0.1641073837232657,0.9864424801312567,0.0));
#4644=VECTOR('',#4643,1000.0);
#4645=LINE('',#366,#4644);
#4646=EDGE_CURVE('',#367,#441,#4645,.T.);
#4647=ORIENTED_EDGE('',*,*,#4633,.F.);
#4648=ORIENTED_EDGE('',*,*,#3336,.F.);
#4649=ORIENTED_EDGE('',*,*,#4646,.T.);
#4650=DIRECTION('',(0.7067073342847028,-0.7075060025669107,0.0));
#4651=AXIS2_PLACEMENT_3D('',#440,#721,#4650);
#4652=PLANE('',#4651);
#4653=EDGE_LOOP('',(#4647,#4648,#4649));
#4654=FACE_BOUND('',#4653,.T.);
#4655=ADVANCED_FACE('',(#4654),#4652,.T.);
#4656=DIRECTION('',(-0.5254159247212139,0.8508455241989299,0.0));
#4657=VECTOR('',#4656,1000.0);
#4658=LINE('',#366,#4657);
#4659=EDGE_CURVE('',#367,#439,#4658,.T.);
#4660=ORIENTED_EDGE('',*,*,#4646,.F.);
#4661=ORIENTED_EDGE('',*,*,#4659,.T.);
#4662=ORIENTED_EDGE('',*,*,#4560,.F.);
#4663=DIRECTION('',(-0.1641073837232657,-0.9864424801312567,0.0));
#4664=AXIS2_PLACEMENT_3D('',#440,#825,#4663);
#4665=PLANE('',#4664);
#4666=EDGE_LOOP('',(#4660,#4661,#4662));
#4667=FACE_BOUND('',#4666,.T.);
#4668=ADVANCED_FACE('',(#4667),#4665,.T.);
#4669=DIRECTION('',(0.17668120689284306,0.9842681296937783,0.0));
#4670=VECTOR('',#4669,1000.0);
#4671=LINE('',#364,#4670);
#4672=EDGE_CURVE('',#365,#439,#4671,.T.);
#4673=ORIENTED_EDGE('',*,*,#4659,.F.);
#4674=ORIENTED_EDGE('',*,*,#3259,.F.);
#4675=ORIENTED_EDGE('',*,*,#4672,.T.);
#4676=DIRECTION('',(0.5254159247212139,-0.8508455241989299,0.0));
#4677=AXIS2_PLACEMENT_3D('',#438,#721,#4676);
#4678=PLANE('',#4677);
#4679=EDGE_LOOP('',(#4673,#4674,#4675));
#4680=FACE_BOUND('',#4679,.T.);
#4681=ADVANCED_FACE('',(#4680),#4678,.T.);
#4682=ORIENTED_EDGE('',*,*,#4672,.F.);
#4683=ORIENTED_EDGE('',*,*,#3228,.F.);
#4684=ORIENTED_EDGE('',*,*,#4526,.F.);
#4685=DIRECTION('',(-0.17668120689284306,-0.9842681296937783,0.0));
#4686=AXIS2_PLACEMENT_3D('',#438,#825,#4685);
#4687=PLANE('',#4686);
#4688=EDGE_LOOP('',(#4682,#4683,#4684));
#4689=FACE_BOUND('',#4688,.T.);
#4690=ADVANCED_FACE('',(#4689),#4687,.T.);
#4691=DIRECTION('',(0.7950945607271932,-0.6064854816910554,0.0));
#4692=VECTOR('',#4691,1000.0);
#4693=LINE('',#400,#4692);
#4694=EDGE_CURVE('',#401,#409,#4693,.T.);
#4695=ORIENTED_EDGE('',*,*,#3936,.F.);
#4696=ORIENTED_EDGE('',*,*,#4694,.T.);
#4697=ORIENTED_EDGE('',*,*,#4023,.F.);
#4698=DIRECTION('',(0.0,0.0,-1.0));
#4699=AXIS2_PLACEMENT_3D('',#404,#4698,#1192);
#4700=PLANE('',#4699);
#4701=EDGE_LOOP('',(#4695,#4696,#4697));
#4702=FACE_BOUND('',#4701,.T.);
#4703=ADVANCED_FACE('',(#4702),#4700,.T.);
#4704=DIRECTION('',(-0.025313737584855254,-0.9996795560025649,0.0));
#4705=VECTOR('',#4704,1000.0);
#4706=LINE('',#402,#4705);
#4707=EDGE_CURVE('',#403,#409,#4706,.T.);
#4708=ORIENTED_EDGE('',*,*,#4694,.F.);
#4709=ORIENTED_EDGE('',*,*,#3892,.F.);
#4710=ORIENTED_EDGE('',*,*,#4707,.T.);
#4711=DIRECTION('',(0.0,0.0,-1.0));
#4712=DIRECTION('',(-0.7950945607271932,0.6064854816910554,0.0));
#4713=AXIS2_PLACEMENT_3D('',#408,#4711,#4712);
#4714=PLANE('',#4713);
#4715=EDGE_LOOP('',(#4708,#4709,#4710));
#4716=FACE_BOUND('',#4715,.T.);
#4717=ADVANCED_FACE('',(#4716),#4714,.T.);
#4718=DIRECTION('',(0.7596725223144187,-0.650305819472999,0.0));
#4719=VECTOR('',#4718,1000.0);
#4720=LINE('',#402,#4719);
#4721=EDGE_CURVE('',#403,#407,#4720,.T.);
#4722=ORIENTED_EDGE('',*,*,#4707,.F.);
#4723=ORIENTED_EDGE('',*,*,#4721,.T.);
#4724=ORIENTED_EDGE('',*,*,#3992,.F.);
#4725=DIRECTION('',(0.0,0.0,-1.0));
#4726=DIRECTION('',(0.025313737584855254,0.9996795560025649,0.0));
#4727=AXIS2_PLACEMENT_3D('',#408,#4725,#4726);
#4728=PLANE('',#4727);
#4729=EDGE_LOOP('',(#4722,#4723,#4724));
#4730=FACE_BOUND('',#4729,.T.);
#4731=ADVANCED_FACE('',(#4730),#4728,.T.);
#4732=DIRECTION('',(-0.010385737209599474,-0.9999460667769102,0.0));
#4733=VECTOR('',#4732,1000.0);
#4734=LINE('',#386,#4733);
#4735=EDGE_CURVE('',#387,#407,#4734,.T.);
#4736=ORIENTED_EDGE('',*,*,#4721,.F.);
#4737=ORIENTED_EDGE('',*,*,#3923,.F.);
#4738=ORIENTED_EDGE('',*,*,#4735,.T.);
#4739=DIRECTION('',(0.0,0.0,-1.0));
#4740=DIRECTION('',(-0.7596725223144187,0.650305819472999,0.0));
#4741=AXIS2_PLACEMENT_3D('',#406,#4739,#4740);
#4742=PLANE('',#4741);
#4743=EDGE_LOOP('',(#4736,#4737,#4738));
#4744=FACE_BOUND('',#4743,.T.);
#4745=ADVANCED_FACE('',(#4744),#4742,.T.);
#4746=DIRECTION('',(0.627371885726204,-0.7787197936359053,0.0));
#4747=VECTOR('',#4746,1000.0);
#4748=LINE('',#386,#4747);
#4749=EDGE_CURVE('',#387,#423,#4748,.T.);
#4750=ORIENTED_EDGE('',*,*,#4735,.F.);
#4751=ORIENTED_EDGE('',*,*,#4749,.T.);
#4752=ORIENTED_EDGE('',*,*,#4259,.F.);
#4753=DIRECTION('',(0.0,0.0,-1.0));
#4754=DIRECTION('',(0.010385737209599474,0.9999460667769102,0.0));
#4755=AXIS2_PLACEMENT_3D('',#406,#4753,#4754);
#4756=PLANE('',#4755);
#4757=EDGE_LOOP('',(#4750,#4751,#4752));
#4758=FACE_BOUND('',#4757,.T.);
#4759=ADVANCED_FACE('',(#4758),#4756,.T.);
#4760=DIRECTION('',(-0.027606914516612235,-0.9996188565002526,0.0));
#4761=VECTOR('',#4760,1000.0);
#4762=LINE('',#388,#4761);
#4763=EDGE_CURVE('',#389,#423,#4762,.T.);
#4764=ORIENTED_EDGE('',*,*,#4749,.F.);
#4765=ORIENTED_EDGE('',*,*,#3655,.F.);
#4766=ORIENTED_EDGE('',*,*,#4763,.T.);
#4767=DIRECTION('',(0.0,0.0,-1.0));
#4768=DIRECTION('',(-0.627371885726204,0.7787197936359053,0.0));
#4769=AXIS2_PLACEMENT_3D('',#422,#4767,#4768);
#4770=PLANE('',#4769);
#4771=EDGE_LOOP('',(#4764,#4765,#4766));
#4772=FACE_BOUND('',#4771,.T.);
#4773=ADVANCED_FACE('',(#4772),#4770,.T.);
#4774=DIRECTION('',(0.4569967739569665,-0.8894683516533488,0.0));
#4775=VECTOR('',#4774,1000.0);
#4776=LINE('',#388,#4775);
#4777=EDGE_CURVE('',#389,#421,#4776,.T.);
#4778=ORIENTED_EDGE('',*,*,#4763,.F.);
#4779=ORIENTED_EDGE('',*,*,#4777,.T.);
#4780=ORIENTED_EDGE('',*,*,#4227,.F.);
#4781=DIRECTION('',(0.0,0.0,-1.0));
#4782=DIRECTION('',(0.027606914516612235,0.9996188565002526,0.0));
#4783=AXIS2_PLACEMENT_3D('',#422,#4781,#4782);
#4784=PLANE('',#4783);
#4785=EDGE_LOOP('',(#4778,#4779,#4780));
#4786=FACE_BOUND('',#4785,.T.);
#4787=ADVANCED_FACE('',(#4786),#4784,.T.);
#4788=DIRECTION('',(-0.3474795232551431,-0.9376875710589206,0.0));
#4789=VECTOR('',#4788,1000.0);
#4790=LINE('',#390,#4789);
#4791=EDGE_CURVE('',#391,#421,#4790,.T.);
#4792=ORIENTED_EDGE('',*,*,#4777,.F.);
#4793=ORIENTED_EDGE('',*,*,#3686,.F.);
#4794=ORIENTED_EDGE('',*,*,#4791,.T.);
#4795=DIRECTION('',(0.0,0.0,-1.0));
#4796=DIRECTION('',(-0.4569967739569665,0.8894683516533488,0.0));
#4797=AXIS2_PLACEMENT_3D('',#420,#4795,#4796);
#4798=PLANE('',#4797);
#4799=EDGE_LOOP('',(#4792,#4793,#4794));
#4800=FACE_BOUND('',#4799,.T.);
#4801=ADVANCED_FACE('',(#4800),#4798,.T.);
#4802=DIRECTION('',(0.1884962744238903,-0.9820739048199547,0.0));
#4803=VECTOR('',#4802,1000.0);
#4804=LINE('',#390,#4803);
#4805=EDGE_CURVE('',#391,#419,#4804,.T.);
#4806=ORIENTED_EDGE('',*,*,#4791,.F.);
#4807=ORIENTED_EDGE('',*,*,#4805,.T.);
#4808=ORIENTED_EDGE('',*,*,#4193,.F.);
#4809=DIRECTION('',(0.0,0.0,-1.0));
#4810=DIRECTION('',(0.3474795232551431,0.9376875710589206,0.0));
#4811=AXIS2_PLACEMENT_3D('',#420,#4809,#4810);
#4812=PLANE('',#4811);
#4813=EDGE_LOOP('',(#4806,#4807,#4808));
#4814=FACE_BOUND('',#4813,.T.);
#4815=ADVANCED_FACE('',(#4814),#4812,.T.);
#4816=DIRECTION('',(-0.5524022454755027,-0.8335776863577998,0.0));
#4817=VECTOR('',#4816,1000.0);
#4818=LINE('',#392,#4817);
#4819=EDGE_CURVE('',#393,#419,#4818,.T.);
#4820=ORIENTED_EDGE('',*,*,#4805,.F.);
#4821=ORIENTED_EDGE('',*,*,#3720,.F.);
#4822=ORIENTED_EDGE('',*,*,#4819,.T.);
#4823=DIRECTION('',(0.0,0.0,-1.0));
#4824=DIRECTION('',(-0.1884962744238903,0.9820739048199547,0.0));
#4825=AXIS2_PLACEMENT_3D('',#418,#4823,#4824);
#4826=PLANE('',#4825);
#4827=EDGE_LOOP('',(#4820,#4821,#4822));
#4828=FACE_BOUND('',#4827,.T.);
#4829=ADVANCED_FACE('',(#4828),#4826,.T.);
#4830=DIRECTION('',(-0.030974619300991442,-0.9995201713618183,0.0));
#4831=VECTOR('',#4830,1000.0);
#4832=LINE('',#392,#4831);
#4833=EDGE_CURVE('',#393,#417,#4832,.T.);
#4834=ORIENTED_EDGE('',*,*,#4819,.F.);
#4835=ORIENTED_EDGE('',*,*,#4833,.T.);
#4836=ORIENTED_EDGE('',*,*,#4159,.F.);
#4837=DIRECTION('',(0.5524022454755027,0.8335776863577998,0.0));
#4838=AXIS2_PLACEMENT_3D('',#418,#871,#4837);
#4839=PLANE('',#4838);
#4840=EDGE_LOOP('',(#4834,#4835,#4836));
#4841=FACE_BOUND('',#4840,.T.);
#4842=ADVANCED_FACE('',(#4841),#4839,.T.);
#4843=DIRECTION('',(-0.7713861770372078,-0.6363673199308096,0.0));
#4844=VECTOR('',#4843,1000.0);
#4845=LINE('',#394,#4844);
#4846=EDGE_CURVE('',#395,#417,#4845,.T.);
#4847=ORIENTED_EDGE('',*,*,#4833,.F.);
#4848=ORIENTED_EDGE('',*,*,#3754,.F.);
#4849=ORIENTED_EDGE('',*,*,#4846,.T.);
#4850=DIRECTION('',(0.0,0.0,-1.0));
#4851=DIRECTION('',(0.030974619300991442,0.9995201713618183,0.0));
#4852=AXIS2_PLACEMENT_3D('',#416,#4850,#4851);
#4853=PLANE('',#4852);
#4854=EDGE_LOOP('',(#4847,#4848,#4849));
#4855=FACE_BOUND('',#4854,.T.);
#4856=ADVANCED_FACE('',(#4855),#4853,.T.);
#4857=DIRECTION('',(-0.32823394296741215,-0.9445964634086165,0.0));
#4858=VECTOR('',#4857,1000.0);
#4859=LINE('',#394,#4858);
#4860=EDGE_CURVE('',#395,#415,#4859,.T.);
#4861=ORIENTED_EDGE('',*,*,#4846,.F.);
#4862=ORIENTED_EDGE('',*,*,#4860,.T.);
#4863=ORIENTED_EDGE('',*,*,#4125,.F.);
#4864=DIRECTION('',(0.7713861770372078,0.6363673199308096,0.0));
#4865=AXIS2_PLACEMENT_3D('',#416,#871,#4864);
#4866=PLANE('',#4865);
#4867=EDGE_LOOP('',(#4861,#4862,#4863));
#4868=FACE_BOUND('',#4867,.T.);
#4869=ADVANCED_FACE('',(#4868),#4866,.T.);
#4870=DIRECTION('',(-0.8749172714025627,-0.48427241115047454,0.0));
#4871=VECTOR('',#4870,1000.0);
#4872=LINE('',#396,#4871);
#4873=EDGE_CURVE('',#397,#415,#4872,.T.);
#4874=ORIENTED_EDGE('',*,*,#4860,.F.);
#4875=ORIENTED_EDGE('',*,*,#3788,.F.);
#4876=ORIENTED_EDGE('',*,*,#4873,.T.);
#4877=DIRECTION('',(0.0,0.0,-1.0));
#4878=DIRECTION('',(0.32823394296741215,0.9445964634086165,0.0));
#4879=AXIS2_PLACEMENT_3D('',#414,#4877,#4878);
#4880=PLANE('',#4879);
#4881=EDGE_LOOP('',(#4874,#4875,#4876));
#4882=FACE_BOUND('',#4881,.T.);
#4883=ADVANCED_FACE('',(#4882),#4880,.T.);
#4884=DIRECTION('',(-0.4530950775687321,-0.8914621981233892,0.0));
#4885=VECTOR('',#4884,1000.0);
#4886=LINE('',#396,#4885);
#4887=EDGE_CURVE('',#397,#413,#4886,.T.);
#4888=ORIENTED_EDGE('',*,*,#4873,.F.);
#4889=ORIENTED_EDGE('',*,*,#4887,.T.);
#4890=ORIENTED_EDGE('',*,*,#4091,.F.);
#4891=DIRECTION('',(0.8749172714025627,0.48427241115047454,0.0));
#4892=AXIS2_PLACEMENT_3D('',#414,#871,#4891);
#4893=PLANE('',#4892);
#4894=EDGE_LOOP('',(#4888,#4889,#4890));
#4895=FACE_BOUND('',#4894,.T.);
#4896=ADVANCED_FACE('',(#4895),#4893,.T.);
#4897=DIRECTION('',(-0.9115609362674904,-0.4111650027314295,0.0));
#4898=VECTOR('',#4897,1000.0);
#4899=LINE('',#398,#4898);
#4900=EDGE_CURVE('',#399,#413,#4899,.T.);
#4901=ORIENTED_EDGE('',*,*,#4887,.F.);
#4902=ORIENTED_EDGE('',*,*,#3822,.F.);
#4903=ORIENTED_EDGE('',*,*,#4900,.T.);
#4904=DIRECTION('',(0.0,0.0,-1.0));
#4905=DIRECTION('',(0.4530950775687321,0.8914621981233892,0.0));
#4906=AXIS2_PLACEMENT_3D('',#412,#4904,#4905);
#4907=PLANE('',#4906);
#4908=EDGE_LOOP('',(#4901,#4902,#4903));
#4909=FACE_BOUND('',#4908,.T.);
#4910=ADVANCED_FACE('',(#4909),#4907,.T.);
#4911=DIRECTION('',(-0.6664336721485151,-0.7455643236010192,0.0));
#4912=VECTOR('',#4911,1000.0);
#4913=LINE('',#398,#4912);
#4914=EDGE_CURVE('',#399,#411,#4913,.T.);
#4915=ORIENTED_EDGE('',*,*,#4900,.F.);
#4916=ORIENTED_EDGE('',*,*,#4914,.T.);
#4917=ORIENTED_EDGE('',*,*,#4060,.F.);
#4918=DIRECTION('',(0.9115609362674904,0.4111650027314295,0.0));
#4919=AXIS2_PLACEMENT_3D('',#412,#871,#4918);
#4920=PLANE('',#4919);
#4921=EDGE_LOOP('',(#4915,#4916,#4917));
#4922=FACE_BOUND('',#4921,.T.);
#4923=ADVANCED_FACE('',(#4922),#4920,.T.);
#4924=DIRECTION('',(-0.9981415773683558,0.060937603567997316,0.0));
#4925=VECTOR('',#4924,1000.0);
#4926=LINE('',#384,#4925);
#4927=EDGE_CURVE('',#385,#411,#4926,.T.);
#4928=ORIENTED_EDGE('',*,*,#4914,.F.);
#4929=ORIENTED_EDGE('',*,*,#3854,.F.);
#4930=ORIENTED_EDGE('',*,*,#4927,.T.);
#4931=DIRECTION('',(0.0,0.0,-1.0));
#4932=DIRECTION('',(0.6664336721485151,0.7455643236010192,0.0));
#4933=AXIS2_PLACEMENT_3D('',#410,#4931,#4932);
#4934=PLANE('',#4933);
#4935=EDGE_LOOP('',(#4928,#4929,#4930));
#4936=FACE_BOUND('',#4935,.T.);
#4937=ADVANCED_FACE('',(#4936),#4934,.T.);
#4938=DIRECTION('',(-0.8217100458685387,-0.569905782141859,0.0));
#4939=VECTOR('',#4938,1000.0);
#4940=LINE('',#384,#4939);
#4941=EDGE_CURVE('',#385,#437,#4940,.T.);
#4942=ORIENTED_EDGE('',*,*,#4927,.F.);
#4943=ORIENTED_EDGE('',*,*,#4941,.T.);
#4944=ORIENTED_EDGE('',*,*,#4493,.F.);
#4945=DIRECTION('',(0.9981415773683558,-0.060937603567997316,0.0));
#4946=AXIS2_PLACEMENT_3D('',#410,#871,#4945);
#4947=PLANE('',#4946);
#4948=EDGE_LOOP('',(#4942,#4943,#4944));
#4949=FACE_BOUND('',#4948,.T.);
#4950=ADVANCED_FACE('',(#4949),#4947,.T.);
#4951=DIRECTION('',(-0.9932234455077013,0.11622042545873919,0.0));
#4952=VECTOR('',#4951,1000.0);
#4953=LINE('',#382,#4952);
#4954=EDGE_CURVE('',#383,#437,#4953,.T.);
#4955=ORIENTED_EDGE('',*,*,#4941,.F.);
#4956=ORIENTED_EDGE('',*,*,#3597,.F.);
#4957=ORIENTED_EDGE('',*,*,#4954,.T.);
#4958=DIRECTION('',(0.8217100458685387,0.569905782141859,0.0));
#4959=AXIS2_PLACEMENT_3D('',#436,#871,#4958);
#4960=PLANE('',#4959);
#4961=EDGE_LOOP('',(#4955,#4956,#4957));
#4962=FACE_BOUND('',#4961,.T.);
#4963=ADVANCED_FACE('',(#4962),#4960,.T.);
#4964=DIRECTION('',(-0.9172043127961679,-0.3984171790825662,0.0));
#4965=VECTOR('',#4964,1000.0);
#4966=LINE('',#382,#4965);
#4967=EDGE_CURVE('',#383,#435,#4966,.T.);
#4968=ORIENTED_EDGE('',*,*,#4954,.F.);
#4969=ORIENTED_EDGE('',*,*,#4967,.T.);
#4970=ORIENTED_EDGE('',*,*,#4462,.F.);
#4971=DIRECTION('',(0.9932234455077013,-0.11622042545873919,0.0));
#4972=AXIS2_PLACEMENT_3D('',#436,#871,#4971);
#4973=PLANE('',#4972);
#4974=EDGE_LOOP('',(#4968,#4969,#4970));
#4975=FACE_BOUND('',#4974,.T.);
#4976=ADVANCED_FACE('',(#4975),#4973,.T.);
#4977=DIRECTION('',(-0.965375370411259,0.26086470478645557,0.0));
#4978=VECTOR('',#4977,1000.0);
#4979=LINE('',#380,#4978);
#4980=EDGE_CURVE('',#381,#435,#4979,.T.);
#4981=ORIENTED_EDGE('',*,*,#4967,.F.);
#4982=ORIENTED_EDGE('',*,*,#3563,.F.);
#4983=ORIENTED_EDGE('',*,*,#4980,.T.);
#4984=DIRECTION('',(0.9172043127961679,0.3984171790825662,0.0));
#4985=AXIS2_PLACEMENT_3D('',#434,#871,#4984);
#4986=PLANE('',#4985);
#4987=EDGE_LOOP('',(#4981,#4982,#4983));
#4988=FACE_BOUND('',#4987,.T.);
#4989=ADVANCED_FACE('',(#4988),#4986,.T.);
#4990=DIRECTION('',(-0.9814926723838407,-0.19149969727607047,0.0));
#4991=VECTOR('',#4990,1000.0);
#4992=LINE('',#380,#4991);
#4993=EDGE_CURVE('',#381,#433,#4992,.T.);
#4994=ORIENTED_EDGE('',*,*,#4980,.F.);
#4995=ORIENTED_EDGE('',*,*,#4993,.T.);
#4996=ORIENTED_EDGE('',*,*,#4429,.F.);
#4997=DIRECTION('',(0.965375370411259,-0.26086470478645557,0.0));
#4998=AXIS2_PLACEMENT_3D('',#434,#871,#4997);
#4999=PLANE('',#4998);
#5000=EDGE_LOOP('',(#4994,#4995,#4996));
#5001=FACE_BOUND('',#5000,.T.);
#5002=ADVANCED_FACE('',(#5001),#4999,.T.);
#5003=DIRECTION('',(-0.8900749896572338,0.455814120872396,0.0));
#5004=VECTOR('',#5003,1000.0);
#5005=LINE('',#378,#5004);
#5006=EDGE_CURVE('',#379,#433,#5005,.T.);
#5007=ORIENTED_EDGE('',*,*,#4993,.F.);
#5008=ORIENTED_EDGE('',*,*,#3529,.F.);
#5009=ORIENTED_EDGE('',*,*,#5006,.T.);
#5010=DIRECTION('',(0.9814926723838407,0.19149969727607047,0.0));
#5011=AXIS2_PLACEMENT_3D('',#432,#871,#5010);
#5012=PLANE('',#5011);
#5013=EDGE_LOOP('',(#5007,#5008,#5009));
#5014=FACE_BOUND('',#5013,.T.);
#5015=ADVANCED_FACE('',(#5014),#5012,.T.);
#5016=DIRECTION('',(-0.9974907986374117,0.07079623318862839,0.0));
#5017=VECTOR('',#5016,1000.0);
#5018=LINE('',#378,#5017);
#5019=EDGE_CURVE('',#379,#431,#5018,.T.);
#5020=ORIENTED_EDGE('',*,*,#5006,.F.);
#5021=ORIENTED_EDGE('',*,*,#5019,.T.);
#5022=ORIENTED_EDGE('',*,*,#4396,.F.);
#5023=DIRECTION('',(0.8900749896572338,-0.455814120872396,0.0));
#5024=AXIS2_PLACEMENT_3D('',#432,#721,#5023);
#5025=PLANE('',#5024);
#5026=EDGE_LOOP('',(#5020,#5021,#5022));
#5027=FACE_BOUND('',#5026,.T.);
#5028=ADVANCED_FACE('',(#5027),#5025,.T.);
#5029=DIRECTION('',(-0.7096983774546973,0.7045056515303265,0.0));
#5030=VECTOR('',#5029,1000.0);
#5031=LINE('',#376,#5030);
#5032=EDGE_CURVE('',#377,#431,#5031,.T.);
#5033=ORIENTED_EDGE('',*,*,#5019,.F.);
#5034=ORIENTED_EDGE('',*,*,#3495,.F.);
#5035=ORIENTED_EDGE('',*,*,#5032,.T.);
#5036=DIRECTION('',(0.9974907986374117,-0.07079623318862839,0.0));
#5037=AXIS2_PLACEMENT_3D('',#430,#871,#5036);
#5038=PLANE('',#5037);
#5039=EDGE_LOOP('',(#5033,#5034,#5035));
#5040=FACE_BOUND('',#5039,.T.);
#5041=ADVANCED_FACE('',(#5040),#5038,.T.);
#5042=DIRECTION('',(-0.9513603634639778,0.30808027984551056,0.0));
#5043=VECTOR('',#5042,1000.0);
#5044=LINE('',#376,#5043);
#5045=EDGE_CURVE('',#377,#429,#5044,.T.);
#5046=ORIENTED_EDGE('',*,*,#5032,.F.);
#5047=ORIENTED_EDGE('',*,*,#5045,.T.);
#5048=ORIENTED_EDGE('',*,*,#4363,.F.);
#5049=DIRECTION('',(0.7096983774546973,-0.7045056515303265,0.0));
#5050=AXIS2_PLACEMENT_3D('',#430,#721,#5049);
#5051=PLANE('',#5050);
#5052=EDGE_LOOP('',(#5046,#5047,#5048));
#5053=FACE_BOUND('',#5052,.T.);
#5054=ADVANCED_FACE('',(#5053),#5051,.T.);
#5055=DIRECTION('',(-0.5835730291481023,0.812060662543697,0.0));
#5056=VECTOR('',#5055,1000.0);
#5057=LINE('',#374,#5056);
#5058=EDGE_CURVE('',#375,#429,#5057,.T.);
#5059=ORIENTED_EDGE('',*,*,#5045,.F.);
#5060=ORIENTED_EDGE('',*,*,#3461,.F.);
#5061=ORIENTED_EDGE('',*,*,#5058,.T.);
#5062=DIRECTION('',(0.9513603634639778,-0.30808027984551056,0.0));
#5063=AXIS2_PLACEMENT_3D('',#428,#871,#5062);
#5064=PLANE('',#5063);
#5065=EDGE_LOOP('',(#5059,#5060,#5061));
#5066=FACE_BOUND('',#5065,.T.);
#5067=ADVANCED_FACE('',(#5066),#5064,.T.);
#5068=DIRECTION('',(-0.8909810226293786,0.4540405458924423,0.0));
#5069=VECTOR('',#5068,1000.0);
#5070=LINE('',#374,#5069);
#5071=EDGE_CURVE('',#375,#427,#5070,.T.);
#5072=ORIENTED_EDGE('',*,*,#5058,.F.);
#5073=ORIENTED_EDGE('',*,*,#5071,.T.);
#5074=ORIENTED_EDGE('',*,*,#4330,.F.);
#5075=DIRECTION('',(0.5835730291481023,-0.812060662543697,0.0));
#5076=AXIS2_PLACEMENT_3D('',#428,#721,#5075);
#5077=PLANE('',#5076);
#5078=EDGE_LOOP('',(#5072,#5073,#5074));
#5079=FACE_BOUND('',#5078,.T.);
#5080=ADVANCED_FACE('',(#5079),#5077,.T.);
#5081=DIRECTION('',(-0.41101373812755343,0.9116291499674717,0.0));
#5082=VECTOR('',#5081,1000.0);
#5083=LINE('',#372,#5082);
#5084=EDGE_CURVE('',#373,#427,#5083,.T.);
#5085=ORIENTED_EDGE('',*,*,#5071,.F.);
#5086=ORIENTED_EDGE('',*,*,#3427,.F.);
#5087=ORIENTED_EDGE('',*,*,#5084,.T.);
#5088=DIRECTION('',(0.8909810226293786,-0.4540405458924423,0.0));
#5089=AXIS2_PLACEMENT_3D('',#426,#871,#5088);
#5090=PLANE('',#5089);
#5091=EDGE_LOOP('',(#5085,#5086,#5087));
#5092=FACE_BOUND('',#5091,.T.);
#5093=ADVANCED_FACE('',(#5092),#5090,.T.);
#5094=ORIENTED_EDGE('',*,*,#5084,.F.);
#5095=ORIENTED_EDGE('',*,*,#3394,.F.);
#5096=ORIENTED_EDGE('',*,*,#4606,.F.);
#5097=DIRECTION('',(0.41101373812755343,-0.9116291499674717,0.0));
#5098=AXIS2_PLACEMENT_3D('',#426,#871,#5097);
#5099=PLANE('',#5098);
#5100=EDGE_LOOP('',(#5094,#5095,#5096));
#5101=FACE_BOUND('',#5100,.T.);
#5102=ADVANCED_FACE('',(#5101),#5099,.T.);
#5103=DIRECTION('',(0.0,-1.0,0.0));
#5104=VECTOR('',#5103,1000.0);
#5105=LINE('',#442,#5104);
#5106=EDGE_CURVE('',#443,#445,#5105,.T.);
#5107=LINE('',#444,#2752);
#5108=EDGE_CURVE('',#445,#99,#5107,.T.);
#5109=LINE('',#98,#462);
#5110=EDGE_CURVE('',#99,#443,#5109,.T.);
#5111=ORIENTED_EDGE('',*,*,#5106,.T.);
#5112=ORIENTED_EDGE('',*,*,#5108,.T.);
#5113=ORIENTED_EDGE('',*,*,#5110,.T.);
#5114=DIRECTION('',(0.0,-1.0,0.0));
#5115=AXIS2_PLACEMENT_3D('',#442,#12,#5114);
#5116=PLANE('',#5115);
#5117=EDGE_LOOP('',(#5111,#5112,#5113));
#5118=FACE_BOUND('',#5117,.T.);
#5119=ADVANCED_FACE('',(#5118),#5116,.T.);
#5120=DIRECTION('',(0.0,0.0,-1.0));
#5121=VECTOR('',#5120,1000.0);
#5122=LINE('',#444,#5121);
#5123=EDGE_CURVE('',#445,#43,#5122,.T.);
#5124=LINE('',#42,#1193);
#5125=EDGE_CURVE('',#43,#99,#5124,.T.);
#5126=ORIENTED_EDGE('',*,*,#5108,.F.);
#5127=ORIENTED_EDGE('',*,*,#5123,.T.);
#5128=ORIENTED_EDGE('',*,*,#5125,.T.);
#5129=AXIS2_PLACEMENT_3D('',#98,#12,#2775);
#5130=PLANE('',#5129);
#5131=EDGE_LOOP('',(#5126,#5127,#5128));
#5132=FACE_BOUND('',#5131,.T.);
#5133=ADVANCED_FACE('',(#5132),#5130,.T.);
#5134=LINE('',#444,#491);
#5135=EDGE_CURVE('',#445,#447,#5134,.T.);
#5136=DIRECTION('',(-0.9998094610904429,0.0,-0.019520284681279275));
#5137=VECTOR('',#5136,1000.0);
#5138=LINE('',#446,#5137);
#5139=EDGE_CURVE('',#447,#43,#5138,.T.);
#5140=ORIENTED_EDGE('',*,*,#5135,.T.);
#5141=ORIENTED_EDGE('',*,*,#5139,.T.);
#5142=ORIENTED_EDGE('',*,*,#5123,.F.);
#5143=AXIS2_PLACEMENT_3D('',#444,#501,#12);
#5144=PLANE('',#5143);
#5145=EDGE_LOOP('',(#5140,#5141,#5142));
#5146=FACE_BOUND('',#5145,.T.);
#5147=ADVANCED_FACE('',(#5146),#5144,.T.);
#5148=DIRECTION('',(0.0,0.0,-1.0));
#5149=VECTOR('',#5148,1000.0);
#5150=LINE('',#446,#5149);
#5151=EDGE_CURVE('',#447,#93,#5150,.T.);
#5152=LINE('',#92,#512);
#5153=EDGE_CURVE('',#93,#43,#5152,.T.);
#5154=ORIENTED_EDGE('',*,*,#5139,.F.);
#5155=ORIENTED_EDGE('',*,*,#5151,.T.);
#5156=ORIENTED_EDGE('',*,*,#5153,.T.);
#5157=DIRECTION('',(0.9998094610904429,0.0,0.019520284681279275));
#5158=AXIS2_PLACEMENT_3D('',#42,#501,#5157);
#5159=PLANE('',#5158);
#5160=EDGE_LOOP('',(#5154,#5155,#5156));
#5161=FACE_BOUND('',#5160,.T.);
#5162=ADVANCED_FACE('',(#5161),#5159,.T.);
#5163=LINE('',#446,#1193);
#5164=EDGE_CURVE('',#447,#449,#5163,.T.);
#5165=LINE('',#448,#1197);
#5166=EDGE_CURVE('',#449,#93,#5165,.T.);
#5167=ORIENTED_EDGE('',*,*,#5164,.T.);
#5168=ORIENTED_EDGE('',*,*,#5166,.T.);
#5169=ORIENTED_EDGE('',*,*,#5151,.F.);
#5170=DIRECTION('',(-1.0,0.0,-0.0));
#5171=AXIS2_PLACEMENT_3D('',#446,#5170,#1192);
#5172=PLANE('',#5171);
#5173=EDGE_LOOP('',(#5167,#5168,#5169));
#5174=FACE_BOUND('',#5173,.T.);
#5175=ADVANCED_FACE('',(#5174),#5172,.T.);
#5176=DIRECTION('',(0.0,0.0,-1.0));
#5177=VECTOR('',#5176,1000.0);
#5178=LINE('',#448,#5177);
#5179=EDGE_CURVE('',#449,#91,#5178,.T.);
#5180=DIRECTION('',(0.0,-1.0,0.0));
#5181=VECTOR('',#5180,1000.0);
#5182=LINE('',#90,#5181);
#5183=EDGE_CURVE('',#91,#93,#5182,.T.);
#5184=ORIENTED_EDGE('',*,*,#5166,.F.);
#5185=ORIENTED_EDGE('',*,*,#5179,.T.);
#5186=ORIENTED_EDGE('',*,*,#5183,.T.);
#5187=DIRECTION('',(0.0,0.9999500037496875,0.009999500037496875));
#5188=AXIS2_PLACEMENT_3D('',#92,#511,#5187);
#5189=PLANE('',#5188);
#5190=EDGE_LOOP('',(#5184,#5185,#5186));
#5191=FACE_BOUND('',#5190,.T.);
#5192=ADVANCED_FACE('',(#5191),#5189,.T.);
#5193=LINE('',#448,#512);
#5194=EDGE_CURVE('',#449,#451,#5193,.T.);
#5195=LINE('',#450,#685);
#5196=EDGE_CURVE('',#451,#91,#5195,.T.);
#5197=ORIENTED_EDGE('',*,*,#5194,.T.);
#5198=ORIENTED_EDGE('',*,*,#5196,.T.);
#5199=ORIENTED_EDGE('',*,*,#5179,.F.);
#5200=AXIS2_PLACEMENT_3D('',#448,#691,#511);
#5201=PLANE('',#5200);
#5202=EDGE_LOOP('',(#5197,#5198,#5199));
#5203=FACE_BOUND('',#5202,.T.);
#5204=ADVANCED_FACE('',(#5203),#5201,.T.);
#5205=DIRECTION('',(0.0,0.0,-1.0));
#5206=VECTOR('',#5205,1000.0);
#5207=LINE('',#450,#5206);
#5208=EDGE_CURVE('',#451,#55,#5207,.T.);
#5209=LINE('',#54,#491);
#5210=EDGE_CURVE('',#55,#91,#5209,.T.);
#5211=ORIENTED_EDGE('',*,*,#5196,.F.);
#5212=ORIENTED_EDGE('',*,*,#5208,.T.);
#5213=ORIENTED_EDGE('',*,*,#5210,.T.);
#5214=AXIS2_PLACEMENT_3D('',#90,#691,#702);
#5215=PLANE('',#5214);
#5216=EDGE_LOOP('',(#5211,#5212,#5213));
#5217=FACE_BOUND('',#5216,.T.);
#5218=ADVANCED_FACE('',(#5217),#5215,.T.);
#5219=DIRECTION('',(0.0,-1.0,0.0));
#5220=VECTOR('',#5219,1000.0);
#5221=LINE('',#450,#5220);
#5222=EDGE_CURVE('',#451,#453,#5221,.T.);
#5223=DIRECTION('',(0.0,0.9999369166570365,-0.011232217342031772));
#5224=VECTOR('',#5223,1000.0);
#5225=LINE('',#452,#5224);
#5226=EDGE_CURVE('',#453,#55,#5225,.T.);
#5227=ORIENTED_EDGE('',*,*,#5222,.T.);
#5228=ORIENTED_EDGE('',*,*,#5226,.T.);
#5229=ORIENTED_EDGE('',*,*,#5208,.F.);
#5230=DIRECTION('',(0.0,-1.0,0.0));
#5231=AXIS2_PLACEMENT_3D('',#450,#12,#5230);
#5232=PLANE('',#5231);
#5233=EDGE_LOOP('',(#5227,#5228,#5229));
#5234=FACE_BOUND('',#5233,.T.);
#5235=ADVANCED_FACE('',(#5234),#5232,.T.);
#5236=DIRECTION('',(0.0,0.0,-1.0));
#5237=VECTOR('',#5236,1000.0);
#5238=LINE('',#452,#5237);
#5239=EDGE_CURVE('',#453,#103,#5238,.T.);
#5240=LINE('',#102,#1193);
#5241=EDGE_CURVE('',#103,#55,#5240,.T.);
#5242=ORIENTED_EDGE('',*,*,#5226,.F.);
#5243=ORIENTED_EDGE('',*,*,#5239,.T.);
#5244=ORIENTED_EDGE('',*,*,#5241,.T.);
#5245=DIRECTION('',(0.0,-0.9999369166570365,0.011232217342031772));
#5246=AXIS2_PLACEMENT_3D('',#54,#12,#5245);
#5247=PLANE('',#5246);
#5248=EDGE_LOOP('',(#5242,#5243,#5244));
#5249=FACE_BOUND('',#5248,.T.);
#5250=ADVANCED_FACE('',(#5249),#5247,.T.);
#5251=LINE('',#452,#512);
#5252=EDGE_CURVE('',#453,#443,#5251,.T.);
#5253=DIRECTION('',(0.9996503233322367,0.0,-0.02644297755084744));
#5254=VECTOR('',#5253,1000.0);
#5255=LINE('',#442,#5254);
#5256=EDGE_CURVE('',#443,#103,#5255,.T.);
#5257=ORIENTED_EDGE('',*,*,#5252,.T.);
#5258=ORIENTED_EDGE('',*,*,#5256,.T.);
#5259=ORIENTED_EDGE('',*,*,#5239,.F.);
#5260=AXIS2_PLACEMENT_3D('',#452,#691,#511);
#5261=PLANE('',#5260);
#5262=EDGE_LOOP('',(#5257,#5258,#5259));
#5263=FACE_BOUND('',#5262,.T.);
#5264=ADVANCED_FACE('',(#5263),#5261,.T.);
#5265=LINE('',#98,#491);
#5266=EDGE_CURVE('',#99,#103,#5265,.T.);
#5267=ORIENTED_EDGE('',*,*,#5256,.F.);
#5268=ORIENTED_EDGE('',*,*,#5110,.F.);
#5269=ORIENTED_EDGE('',*,*,#5266,.T.);
#5270=DIRECTION('',(-0.9996503233322367,0.0,0.02644297755084744));
#5271=AXIS2_PLACEMENT_3D('',#102,#691,#5270);
#5272=PLANE('',#5271);
#5273=EDGE_LOOP('',(#5267,#5268,#5269));
#5274=FACE_BOUND('',#5273,.T.);
#5275=ADVANCED_FACE('',(#5274),#5272,.T.);
#5276=LINE('',#448,#1942);
#5277=EDGE_CURVE('',#449,#453,#5276,.T.);
#5278=ORIENTED_EDGE('',*,*,#5194,.F.);
#5279=ORIENTED_EDGE('',*,*,#5277,.T.);
#5280=ORIENTED_EDGE('',*,*,#5222,.F.);
#5281=AXIS2_PLACEMENT_3D('',#450,#871,#12);
#5282=PLANE('',#5281);
#5283=EDGE_LOOP('',(#5278,#5279,#5280));
#5284=FACE_BOUND('',#5283,.T.);
#5285=ADVANCED_FACE('',(#5284),#5282,.T.);
#5286=LINE('',#446,#1957);
#5287=EDGE_CURVE('',#447,#453,#5286,.T.);
#5288=ORIENTED_EDGE('',*,*,#5277,.F.);
#5289=ORIENTED_EDGE('',*,*,#5164,.F.);
#5290=ORIENTED_EDGE('',*,*,#5287,.T.);
#5291=DIRECTION('',(0.0,0.0,-1.0));
#5292=AXIS2_PLACEMENT_3D('',#452,#5291,#1964);
#5293=PLANE('',#5292);
#5294=EDGE_LOOP('',(#5288,#5289,#5290));
#5295=FACE_BOUND('',#5294,.T.);
#5296=ADVANCED_FACE('',(#5295),#5293,.T.);
#5297=DIRECTION('',(-0.977800458414347,0.20953821495062142,0.0));
#5298=VECTOR('',#5297,1000.0);
#5299=LINE('',#446,#5298);
#5300=EDGE_CURVE('',#447,#443,#5299,.T.);
#5301=ORIENTED_EDGE('',*,*,#5287,.F.);
#5302=ORIENTED_EDGE('',*,*,#5300,.T.);
#5303=ORIENTED_EDGE('',*,*,#5252,.F.);
#5304=AXIS2_PLACEMENT_3D('',#452,#721,#1979);
#5305=PLANE('',#5304);
#5306=EDGE_LOOP('',(#5301,#5302,#5303));
#5307=FACE_BOUND('',#5306,.T.);
#5308=ADVANCED_FACE('',(#5307),#5305,.T.);
#5309=ORIENTED_EDGE('',*,*,#5300,.F.);
#5310=ORIENTED_EDGE('',*,*,#5135,.F.);
#5311=ORIENTED_EDGE('',*,*,#5106,.F.);
#5312=DIRECTION('',(0.977800458414347,-0.20953821495062142,0.0));
#5313=AXIS2_PLACEMENT_3D('',#442,#721,#5312);
#5314=PLANE('',#5313);
#5315=EDGE_LOOP('',(#5309,#5310,#5311));
#5316=FACE_BOUND('',#5315,.T.);
#5317=ADVANCED_FACE('',(#5316),#5314,.T.);
#5318=CLOSED_SHELL('',(#473,#490,#506,#523,#540,#557,#571,#586,#603,#620,#632,#646,#663,#681,#696,#707,#726,#739,#760,#774,#787,#796,#813,#831,#844,#859,#877,#893,#908,#922,#935,#944,#958,#973,#989,#1000,#1018,#1030,#1046,#1058,#1072,#1083,#1099,#1110,#1126,#1137,#1149,#1160,#1176,#1191,#1208,#1225,#1239,#1254,#1276,#1291,#1309,#1324,#1342,#1357,#1375,#1390,#1408,#1423,#1441,#1456,#1474,#1489,#1507,#1520,#1538,#1554,#1570,#1585,#1603,#1619,#1637,#1653,#1671,#1687,#1705,#1721,#1739,#1753,#1770,#1784,#1802,#1816,#1834,#1848,#1866,#1880,#1896,#1910,#1926,#1940,#1955,#1969,#1984,#1997,#2014,#2027,#2044,#2057,#2074,#2087,#2104,#2117,#2134,#2147,#2164,#2177,#2194,#2207,#2225,#2238,#2255,#2266,#2279,#2293,#2308,#2324,#2335,#2351,#2362,#2378,#2389,#2405,#2416,#2434,#2445,#2461,#2472,#2488,#2499,#2515,#2527,#2545,#2557,#2573,#2585,#2601,#2613,#2629,#2641,#2657,#2669,#2685,#2697,#2711,#2722,#2735,#2746,#2765,#2780,#2794,#2809,#2822,#2839,#2853,#2868,#2883,#2897,#2911,#2926,#2943,#2958,#2972,#2987,#3002,#3016,#3030,#3045,#3062,#3077,#3091,#3102,#3115,#3127,#3140,#3154,#3167,#3179,#3191,#3202,#3215,#3224,#3241,#3255,#3272,#3294,#3310,#3328,#3346,#3359,#3373,#3390,#3408,#3423,#3440,#3457,#3474,#3491,#3508,#3525,#3542,#3559,#3576,#3593,#3610,#3627,#3649,#3665,#3681,#3696,#3714,#3730,#3748,#3764,#3782,#3798,#3816,#3832,#3850,#3864,#3886,#3901,#3919,#3932,#3949,#3964,#3986,#4001,#4019,#4032,#4054,#4070,#4087,#4101,#4119,#4135,#4153,#4169,#4187,#4203,#4221,#4237,#4255,#4269,#4291,#4306,#4324,#4339,#4357,#4372,#4390,#4405,#4423,#4438,#4456,#4471,#4489,#4502,#4520,#4536,#4554,#4570,#4588,#4602,#4617,#4629,#4642,#4655,#4668,#4681,#4690,#4703,#4717,#4731,#4745,#4759,#4773,#4787,#4801,#4815,#4829,#4842,#4856,#4869,#4883,#4896,#4910,#4923,#4937,#4950,#4963,#4976,#4989,#5002,#5015,#5028,#5041,#5054,#5067,#5080,#5093,#5102,#5119,#5133,#5147,#5162,#5175,#5192,#5204,#5218,#5235,#5250,#5264,#5275,#5285,#5296,#5308,#5317));
#5319=MANIFOLD_SOLID_BREP('',#5318);
#5320=COLOUR_RGB('',0.0,0.0,0.0);
#5321=FILL_AREA_STYLE_COLOUR('',#5320);
#5322=FILL_AREA_STYLE('',(#5321));
#5323=SURFACE_STYLE_FILL_AREA(#5322);
#5324=SURFACE_SIDE_STYLE('',(#5323));
#5325=SURFACE_STYLE_USAGE(.BOTH.,#5324);
#5326=PRESENTATION_STYLE_ASSIGNMENT((#5325));
#5327=STYLED_ITEM('',(#5326),#5319);
#5328=ADVANCED_BREP_SHAPE_REPRESENTATION('',(#5319),*);
#5329=PRODUCT_DEFINITION('','',*,*);
#5330=PRODUCT_DEFINITION_SHAPE('','',#5329);
#5331=SHAPE_REPRESENTATION('',(#13),*);
#5332=SHAPE_DEFINITION_REPRESENTATION(#5330,#5331);
#5333=SHAPE_REPRESENTATION_RELATIONSHIP('','',#5331,#5328);
#5334=CARTESIAN_POINT('',(0.75,0.85,0.0));
#5335=VERTEX_POINT('',#5334);
#5336=CARTESIAN_POINT('',(0.75,-0.039723,0.0));
#5337=VERTEX_POINT('',#5336);
#5338=CARTESIAN_POINT('',(0.75,-0.85,0.0));
#5339=VERTEX_POINT('',#5338);
#5340=CARTESIAN_POINT('',(-0.75,-0.85,0.0));
#5341=VERTEX_POINT('',#5340);
#5342=CARTESIAN_POINT('',(-0.75,-0.039723,0.0));
#5343=VERTEX_POINT('',#5342);
#5344=CARTESIAN_POINT('',(-0.75,0.85,0.0));
#5345=VERTEX_POINT('',#5344);
#5346=CARTESIAN_POINT('',(-1.26,-0.85,0.05));
#5347=VERTEX_POINT('',#5346);
#5348=CARTESIAN_POINT('',(-1.26,-0.85,1.75));
#5349=VERTEX_POINT('',#5348);
#5350=CARTESIAN_POINT('',(-1.26,0.85,0.05));
#5351=VERTEX_POINT('',#5350);
#5352=CARTESIAN_POINT('',(-1.26,0.85,1.75));
#5353=VERTEX_POINT('',#5352);
#5354=CARTESIAN_POINT('',(-1.2,0.91,0.05));
#5355=VERTEX_POINT('',#5354);
#5356=CARTESIAN_POINT('',(-1.2,0.91,1.75));
#5357=VERTEX_POINT('',#5356);
#5358=CARTESIAN_POINT('',(-0.75,0.91,0.05));
#5359=VERTEX_POINT('',#5358);
#5360=CARTESIAN_POINT('',(-0.75,0.91,1.75));
#5361=VERTEX_POINT('',#5360);
#5362=CARTESIAN_POINT('',(-0.75,0.862941,0.001704));
#5363=VERTEX_POINT('',#5362);
#5364=CARTESIAN_POINT('',(-0.75,0.85,-0.01));
#5365=VERTEX_POINT('',#5364);
#5366=CARTESIAN_POINT('',(-0.75,-0.85,-0.01));
#5367=VERTEX_POINT('',#5366);
#5368=CARTESIAN_POINT('',(-0.75,-0.865529,-0.007956));
#5369=VERTEX_POINT('',#5368);
#5370=CARTESIAN_POINT('',(-0.75,-0.862941,0.001704));
#5371=VERTEX_POINT('',#5370);
#5372=CARTESIAN_POINT('',(-0.75,-0.88,-0.001962));
#5373=VERTEX_POINT('',#5372);
#5374=CARTESIAN_POINT('',(-0.75,-0.875,0.006699));
#5375=VERTEX_POINT('',#5374);
#5376=CARTESIAN_POINT('',(-0.75,-0.892426,0.007574));
#5377=VERTEX_POINT('',#5376);
#5378=CARTESIAN_POINT('',(-0.75,-0.885355,0.014645));
#5379=VERTEX_POINT('',#5378);
#5380=CARTESIAN_POINT('',(-0.75,-0.901962,0.02));
#5381=VERTEX_POINT('',#5380);
#5382=CARTESIAN_POINT('',(-0.75,-0.893301,0.025));
#5383=VERTEX_POINT('',#5382);
#5384=CARTESIAN_POINT('',(-0.75,-0.907956,0.034471));
#5385=VERTEX_POINT('',#5384);
#5386=CARTESIAN_POINT('',(-0.75,-0.898296,0.037059));
#5387=VERTEX_POINT('',#5386);
#5388=CARTESIAN_POINT('',(-0.75,-0.91,0.05));
#5389=VERTEX_POINT('',#5388);
#5390=CARTESIAN_POINT('',(-0.75,-0.9,0.05));
#5391=VERTEX_POINT('',#5390);
#5392=CARTESIAN_POINT('',(-0.75,-0.91,1.75));
#5393=VERTEX_POINT('',#5392);
#5394=CARTESIAN_POINT('',(-0.75,-0.9,1.75));
#5395=VERTEX_POINT('',#5394);
#5396=CARTESIAN_POINT('',(-0.75,-0.907956,1.765529));
#5397=VERTEX_POINT('',#5396);
#5398=CARTESIAN_POINT('',(-0.75,-0.898296,1.762941));
#5399=VERTEX_POINT('',#5398);
#5400=CARTESIAN_POINT('',(-0.75,-0.901962,1.78));
#5401=VERTEX_POINT('',#5400);
#5402=CARTESIAN_POINT('',(-0.75,-0.893301,1.775));
#5403=VERTEX_POINT('',#5402);
#5404=CARTESIAN_POINT('',(-0.75,-0.892426,1.792426));
#5405=VERTEX_POINT('',#5404);
#5406=CARTESIAN_POINT('',(-0.75,-0.885355,1.785355));
#5407=VERTEX_POINT('',#5406);
#5408=CARTESIAN_POINT('',(-0.75,-0.88,1.801962));
#5409=VERTEX_POINT('',#5408);
#5410=CARTESIAN_POINT('',(-0.75,-0.875,1.793301));
#5411=VERTEX_POINT('',#5410);
#5412=CARTESIAN_POINT('',(-0.75,-0.865529,1.807956));
#5413=VERTEX_POINT('',#5412);
#5414=CARTESIAN_POINT('',(-0.75,-0.862941,1.798296));
#5415=VERTEX_POINT('',#5414);
#5416=CARTESIAN_POINT('',(-0.75,-0.85,1.81));
#5417=VERTEX_POINT('',#5416);
#5418=CARTESIAN_POINT('',(-0.75,-0.85,1.8));
#5419=VERTEX_POINT('',#5418);
#5420=CARTESIAN_POINT('',(-0.75,0.85,1.81));
#5421=VERTEX_POINT('',#5420);
#5422=CARTESIAN_POINT('',(-0.75,0.85,1.8));
#5423=VERTEX_POINT('',#5422);
#5424=CARTESIAN_POINT('',(-0.75,0.865529,1.807956));
#5425=VERTEX_POINT('',#5424);
#5426=CARTESIAN_POINT('',(-0.75,0.862941,1.798296));
#5427=VERTEX_POINT('',#5426);
#5428=CARTESIAN_POINT('',(-0.75,0.88,1.801962));
#5429=VERTEX_POINT('',#5428);
#5430=CARTESIAN_POINT('',(-0.75,0.875,1.793301));
#5431=VERTEX_POINT('',#5430);
#5432=CARTESIAN_POINT('',(-0.75,0.892426,1.792426));
#5433=VERTEX_POINT('',#5432);
#5434=CARTESIAN_POINT('',(-0.75,0.885355,1.785355));
#5435=VERTEX_POINT('',#5434);
#5436=CARTESIAN_POINT('',(-0.75,0.901962,1.78));
#5437=VERTEX_POINT('',#5436);
#5438=CARTESIAN_POINT('',(-0.75,0.893301,1.775));
#5439=VERTEX_POINT('',#5438);
#5440=CARTESIAN_POINT('',(-0.75,0.907956,1.765529));
#5441=VERTEX_POINT('',#5440);
#5442=CARTESIAN_POINT('',(-0.75,0.898296,1.762941));
#5443=VERTEX_POINT('',#5442);
#5444=CARTESIAN_POINT('',(-0.75,0.9,1.75));
#5445=VERTEX_POINT('',#5444);
#5446=CARTESIAN_POINT('',(-0.75,0.9,0.05));
#5447=VERTEX_POINT('',#5446);
#5448=CARTESIAN_POINT('',(-0.75,0.907956,0.034471));
#5449=VERTEX_POINT('',#5448);
#5450=CARTESIAN_POINT('',(-0.75,0.898296,0.037059));
#5451=VERTEX_POINT('',#5450);
#5452=CARTESIAN_POINT('',(-0.75,0.901962,0.02));
#5453=VERTEX_POINT('',#5452);
#5454=CARTESIAN_POINT('',(-0.75,0.893301,0.025));
#5455=VERTEX_POINT('',#5454);
#5456=CARTESIAN_POINT('',(-0.75,0.892426,0.007574));
#5457=VERTEX_POINT('',#5456);
#5458=CARTESIAN_POINT('',(-0.75,0.885355,0.014645));
#5459=VERTEX_POINT('',#5458);
#5460=CARTESIAN_POINT('',(-0.75,0.88,-0.001962));
#5461=VERTEX_POINT('',#5460);
#5462=CARTESIAN_POINT('',(-0.75,0.875,0.006699));
#5463=VERTEX_POINT('',#5462);
#5464=CARTESIAN_POINT('',(-0.75,0.865529,-0.007956));
#5465=VERTEX_POINT('',#5464);
#5466=CARTESIAN_POINT('',(-1.2,-0.91,0.05));
#5467=VERTEX_POINT('',#5466);
#5468=CARTESIAN_POINT('',(-1.2,-0.91,1.75));
#5469=VERTEX_POINT('',#5468);
#5470=CARTESIAN_POINT('',(-1.2,0.85,-0.01));
#5471=VERTEX_POINT('',#5470);
#5472=CARTESIAN_POINT('',(-1.2,-0.85,-0.01));
#5473=VERTEX_POINT('',#5472);
#5474=CARTESIAN_POINT('',(-1.2,0.85,1.81));
#5475=VERTEX_POINT('',#5474);
#5476=CARTESIAN_POINT('',(-1.2,-0.85,1.81));
#5477=VERTEX_POINT('',#5476);
#5478=CARTESIAN_POINT('',(0.75,0.9,0.05));
#5479=VERTEX_POINT('',#5478);
#5480=CARTESIAN_POINT('',(0.75,0.9,1.75));
#5481=VERTEX_POINT('',#5480);
#5482=CARTESIAN_POINT('',(0.75,-0.9,1.75));
#5483=VERTEX_POINT('',#5482);
#5484=CARTESIAN_POINT('',(0.75,-0.9,0.05));
#5485=VERTEX_POINT('',#5484);
#5486=CARTESIAN_POINT('',(0.75,0.85,1.8));
#5487=VERTEX_POINT('',#5486);
#5488=CARTESIAN_POINT('',(0.75,-0.85,1.8));
#5489=VERTEX_POINT('',#5488);
#5490=CARTESIAN_POINT('',(0.75,-0.862941,1.798296));
#5491=VERTEX_POINT('',#5490);
#5492=CARTESIAN_POINT('',(0.75,-0.875,1.793301));
#5493=VERTEX_POINT('',#5492);
#5494=CARTESIAN_POINT('',(0.75,-0.885355,1.785355));
#5495=VERTEX_POINT('',#5494);
#5496=CARTESIAN_POINT('',(0.75,-0.893301,1.775));
#5497=VERTEX_POINT('',#5496);
#5498=CARTESIAN_POINT('',(0.75,-0.898296,1.762941));
#5499=VERTEX_POINT('',#5498);
#5500=CARTESIAN_POINT('',(0.75,0.862941,1.798296));
#5501=VERTEX_POINT('',#5500);
#5502=CARTESIAN_POINT('',(0.75,0.875,1.793301));
#5503=VERTEX_POINT('',#5502);
#5504=CARTESIAN_POINT('',(0.75,0.885355,1.785355));
#5505=VERTEX_POINT('',#5504);
#5506=CARTESIAN_POINT('',(0.75,0.893301,1.775));
#5507=VERTEX_POINT('',#5506);
#5508=CARTESIAN_POINT('',(0.75,0.898296,1.762941));
#5509=VERTEX_POINT('',#5508);
#5510=CARTESIAN_POINT('',(0.75,-0.862941,0.001704));
#5511=VERTEX_POINT('',#5510);
#5512=CARTESIAN_POINT('',(0.75,-0.875,0.006699));
#5513=VERTEX_POINT('',#5512);
#5514=CARTESIAN_POINT('',(0.75,-0.885355,0.014645));
#5515=VERTEX_POINT('',#5514);
#5516=CARTESIAN_POINT('',(0.75,-0.893301,0.025));
#5517=VERTEX_POINT('',#5516);
#5518=CARTESIAN_POINT('',(0.75,-0.898296,0.037059));
#5519=VERTEX_POINT('',#5518);
#5520=CARTESIAN_POINT('',(0.75,0.862941,0.001704));
#5521=VERTEX_POINT('',#5520);
#5522=CARTESIAN_POINT('',(0.75,0.875,0.006699));
#5523=VERTEX_POINT('',#5522);
#5524=CARTESIAN_POINT('',(0.75,0.885355,0.014645));
#5525=VERTEX_POINT('',#5524);
#5526=CARTESIAN_POINT('',(0.75,0.893301,0.025));
#5527=VERTEX_POINT('',#5526);
#5528=CARTESIAN_POINT('',(0.75,0.898296,0.037059));
#5529=VERTEX_POINT('',#5528);
#5530=CARTESIAN_POINT('',(1.26,0.85,0.05));
#5531=VERTEX_POINT('',#5530);
#5532=CARTESIAN_POINT('',(1.26,0.85,1.75));
#5533=VERTEX_POINT('',#5532);
#5534=CARTESIAN_POINT('',(1.26,-0.85,0.05));
#5535=VERTEX_POINT('',#5534);
#5536=CARTESIAN_POINT('',(1.26,-0.85,1.75));
#5537=VERTEX_POINT('',#5536);
#5538=CARTESIAN_POINT('',(1.2,-0.91,0.05));
#5539=VERTEX_POINT('',#5538);
#5540=CARTESIAN_POINT('',(1.2,-0.91,1.75));
#5541=VERTEX_POINT('',#5540);
#5542=CARTESIAN_POINT('',(0.75,-0.91,0.05));
#5543=VERTEX_POINT('',#5542);
#5544=CARTESIAN_POINT('',(0.75,-0.91,1.75));
#5545=VERTEX_POINT('',#5544);
#5546=CARTESIAN_POINT('',(0.75,-0.85,-0.01));
#5547=VERTEX_POINT('',#5546);
#5548=CARTESIAN_POINT('',(0.75,0.85,-0.01));
#5549=VERTEX_POINT('',#5548);
#5550=CARTESIAN_POINT('',(0.75,0.865529,-0.007956));
#5551=VERTEX_POINT('',#5550);
#5552=CARTESIAN_POINT('',(0.75,0.88,-0.001962));
#5553=VERTEX_POINT('',#5552);
#5554=CARTESIAN_POINT('',(0.75,0.892426,0.007574));
#5555=VERTEX_POINT('',#5554);
#5556=CARTESIAN_POINT('',(0.75,0.901962,0.02));
#5557=VERTEX_POINT('',#5556);
#5558=CARTESIAN_POINT('',(0.75,0.907956,0.034471));
#5559=VERTEX_POINT('',#5558);
#5560=CARTESIAN_POINT('',(0.75,0.91,0.05));
#5561=VERTEX_POINT('',#5560);
#5562=CARTESIAN_POINT('',(0.75,0.91,1.75));
#5563=VERTEX_POINT('',#5562);
#5564=CARTESIAN_POINT('',(0.75,0.907956,1.765529));
#5565=VERTEX_POINT('',#5564);
#5566=CARTESIAN_POINT('',(0.75,0.901962,1.78));
#5567=VERTEX_POINT('',#5566);
#5568=CARTESIAN_POINT('',(0.75,0.892426,1.792426));
#5569=VERTEX_POINT('',#5568);
#5570=CARTESIAN_POINT('',(0.75,0.88,1.801962));
#5571=VERTEX_POINT('',#5570);
#5572=CARTESIAN_POINT('',(0.75,0.865529,1.807956));
#5573=VERTEX_POINT('',#5572);
#5574=CARTESIAN_POINT('',(0.75,0.85,1.81));
#5575=VERTEX_POINT('',#5574);
#5576=CARTESIAN_POINT('',(0.75,-0.85,1.81));
#5577=VERTEX_POINT('',#5576);
#5578=CARTESIAN_POINT('',(0.75,-0.865529,1.807956));
#5579=VERTEX_POINT('',#5578);
#5580=CARTESIAN_POINT('',(0.75,-0.88,1.801962));
#5581=VERTEX_POINT('',#5580);
#5582=CARTESIAN_POINT('',(0.75,-0.892426,1.792426));
#5583=VERTEX_POINT('',#5582);
#5584=CARTESIAN_POINT('',(0.75,-0.901962,1.78));
#5585=VERTEX_POINT('',#5584);
#5586=CARTESIAN_POINT('',(0.75,-0.907956,1.765529));
#5587=VERTEX_POINT('',#5586);
#5588=CARTESIAN_POINT('',(0.75,-0.907956,0.034471));
#5589=VERTEX_POINT('',#5588);
#5590=CARTESIAN_POINT('',(0.75,-0.901962,0.02));
#5591=VERTEX_POINT('',#5590);
#5592=CARTESIAN_POINT('',(0.75,-0.892426,0.007574));
#5593=VERTEX_POINT('',#5592);
#5594=CARTESIAN_POINT('',(0.75,-0.88,-0.001962));
#5595=VERTEX_POINT('',#5594);
#5596=CARTESIAN_POINT('',(0.75,-0.865529,-0.007956));
#5597=VERTEX_POINT('',#5596);
#5598=CARTESIAN_POINT('',(1.2,0.91,0.05));
#5599=VERTEX_POINT('',#5598);
#5600=CARTESIAN_POINT('',(1.2,0.91,1.75));
#5601=VERTEX_POINT('',#5600);
#5602=CARTESIAN_POINT('',(1.2,0.85,-0.01));
#5603=VERTEX_POINT('',#5602);
#5604=CARTESIAN_POINT('',(1.2,-0.85,-0.01));
#5605=VERTEX_POINT('',#5604);
#5606=CARTESIAN_POINT('',(1.2,0.85,1.81));
#5607=VERTEX_POINT('',#5606);
#5608=CARTESIAN_POINT('',(1.2,-0.85,1.81));
#5609=VERTEX_POINT('',#5608);
#5610=CARTESIAN_POINT('',(1.2,-0.865529,1.807956));
#5611=VERTEX_POINT('',#5610);
#5612=CARTESIAN_POINT('',(1.2,-0.88,1.801962));
#5613=VERTEX_POINT('',#5612);
#5614=CARTESIAN_POINT('',(1.2,-0.892426,1.792426));
#5615=VERTEX_POINT('',#5614);
#5616=CARTESIAN_POINT('',(1.2,-0.901962,1.78));
#5617=VERTEX_POINT('',#5616);
#5618=CARTESIAN_POINT('',(1.2,-0.907956,1.765529));
#5619=VERTEX_POINT('',#5618);
#5620=CARTESIAN_POINT('',(1.215529,-0.85,1.807956));
#5621=VERTEX_POINT('',#5620);
#5622=CARTESIAN_POINT('',(1.215529,0.85,1.807956));
#5623=VERTEX_POINT('',#5622);
#5624=CARTESIAN_POINT('',(1.23,-0.85,1.801962));
#5625=VERTEX_POINT('',#5624);
#5626=CARTESIAN_POINT('',(1.23,0.85,1.801962));
#5627=VERTEX_POINT('',#5626);
#5628=CARTESIAN_POINT('',(1.242427,-0.85,1.792426));
#5629=VERTEX_POINT('',#5628);
#5630=CARTESIAN_POINT('',(1.242427,0.85,1.792426));
#5631=VERTEX_POINT('',#5630);
#5632=CARTESIAN_POINT('',(1.251962,-0.85,1.78));
#5633=VERTEX_POINT('',#5632);
#5634=CARTESIAN_POINT('',(1.251962,0.85,1.78));
#5635=VERTEX_POINT('',#5634);
#5636=CARTESIAN_POINT('',(1.257956,-0.85,1.765529));
#5637=VERTEX_POINT('',#5636);
#5638=CARTESIAN_POINT('',(1.257956,0.85,1.765529));
#5639=VERTEX_POINT('',#5638);
#5640=CARTESIAN_POINT('',(1.2,0.865529,1.807956));
#5641=VERTEX_POINT('',#5640);
#5642=CARTESIAN_POINT('',(1.2,0.88,1.801962));
#5643=VERTEX_POINT('',#5642);
#5644=CARTESIAN_POINT('',(1.2,0.892426,1.792426));
#5645=VERTEX_POINT('',#5644);
#5646=CARTESIAN_POINT('',(1.2,0.901962,1.78));
#5647=VERTEX_POINT('',#5646);
#5648=CARTESIAN_POINT('',(1.2,0.907956,1.765529));
#5649=VERTEX_POINT('',#5648);
#5650=CARTESIAN_POINT('',(1.255981,-0.865,1.765529));
#5651=VERTEX_POINT('',#5650);
#5652=CARTESIAN_POINT('',(1.225981,-0.865,1.801962));
#5653=VERTEX_POINT('',#5652);
#5654=CARTESIAN_POINT('',(1.213449,-0.857765,1.807956));
#5655=VERTEX_POINT('',#5654);
#5656=CARTESIAN_POINT('',(1.210981,-0.860981,1.807956));
#5657=VERTEX_POINT('',#5656);
#5658=CARTESIAN_POINT('',(1.204019,-0.865,1.807956));
#5659=VERTEX_POINT('',#5658);
#5660=CARTESIAN_POINT('',(1.215,-0.854019,1.807956));
#5661=VERTEX_POINT('',#5660);
#5662=CARTESIAN_POINT('',(1.228978,-0.857765,1.801962));
#5663=VERTEX_POINT('',#5662);
#5664=CARTESIAN_POINT('',(1.240981,-0.860981,1.792426));
#5665=VERTEX_POINT('',#5664);
#5666=CARTESIAN_POINT('',(1.221213,-0.871213,1.801962));
#5667=VERTEX_POINT('',#5666);
#5668=CARTESIAN_POINT('',(1.207765,-0.863449,1.807956));
#5669=VERTEX_POINT('',#5668);
#5670=CARTESIAN_POINT('',(1.215,-0.875981,1.801962));
#5671=VERTEX_POINT('',#5670);
#5672=CARTESIAN_POINT('',(1.207765,-0.878978,1.801962));
#5673=VERTEX_POINT('',#5672);
#5674=CARTESIAN_POINT('',(1.236742,-0.871213,1.792426));
#5675=VERTEX_POINT('',#5674);
#5676=CARTESIAN_POINT('',(1.23,-0.88,1.792426));
#5677=VERTEX_POINT('',#5676);
#5678=CARTESIAN_POINT('',(1.221213,-0.886742,1.792426));
#5679=VERTEX_POINT('',#5678);
#5680=CARTESIAN_POINT('',(1.210981,-0.890981,1.792426));
#5681=VERTEX_POINT('',#5680);
#5682=CARTESIAN_POINT('',(1.250191,-0.863449,1.78));
#5683=VERTEX_POINT('',#5682);
#5684=CARTESIAN_POINT('',(1.245,-0.875981,1.78));
#5685=VERTEX_POINT('',#5684);
#5686=CARTESIAN_POINT('',(1.236742,-0.886742,1.78));
#5687=VERTEX_POINT('',#5686);
#5688=CARTESIAN_POINT('',(1.225981,-0.895,1.78));
#5689=VERTEX_POINT('',#5688);
#5690=CARTESIAN_POINT('',(1.213449,-0.900191,1.78));
#5691=VERTEX_POINT('',#5690);
#5692=CARTESIAN_POINT('',(1.250191,-0.878978,1.765529));
#5693=VERTEX_POINT('',#5692);
#5694=CARTESIAN_POINT('',(1.240981,-0.890981,1.765529));
#5695=VERTEX_POINT('',#5694);
#5696=CARTESIAN_POINT('',(1.228978,-0.900191,1.765529));
#5697=VERTEX_POINT('',#5696);
#5698=CARTESIAN_POINT('',(1.215,-0.905981,1.765529));
#5699=VERTEX_POINT('',#5698);
#5700=CARTESIAN_POINT('',(1.257956,-0.865529,1.75));
#5701=VERTEX_POINT('',#5700);
#5702=CARTESIAN_POINT('',(1.251962,-0.88,1.75));
#5703=VERTEX_POINT('',#5702);
#5704=CARTESIAN_POINT('',(1.242427,-0.892426,1.75));
#5705=VERTEX_POINT('',#5704);
#5706=CARTESIAN_POINT('',(1.23,-0.901962,1.75));
#5707=VERTEX_POINT('',#5706);
#5708=CARTESIAN_POINT('',(1.215529,-0.907956,1.75));
#5709=VERTEX_POINT('',#5708);
#5710=CARTESIAN_POINT('',(1.215,0.905981,1.765529));
#5711=VERTEX_POINT('',#5710);
#5712=CARTESIAN_POINT('',(1.215,0.875981,1.801962));
#5713=VERTEX_POINT('',#5712);
#5714=CARTESIAN_POINT('',(1.207765,0.863449,1.807956));
#5715=VERTEX_POINT('',#5714);
#5716=CARTESIAN_POINT('',(1.210981,0.860981,1.807956));
#5717=VERTEX_POINT('',#5716);
#5718=CARTESIAN_POINT('',(1.215,0.854019,1.807956));
#5719=VERTEX_POINT('',#5718);
#5720=CARTESIAN_POINT('',(1.204019,0.865,1.807956));
#5721=VERTEX_POINT('',#5720);
#5722=CARTESIAN_POINT('',(1.207765,0.878978,1.801962));
#5723=VERTEX_POINT('',#5722);
#5724=CARTESIAN_POINT('',(1.210981,0.890981,1.792426));
#5725=VERTEX_POINT('',#5724);
#5726=CARTESIAN_POINT('',(1.221213,0.871213,1.801962));
#5727=VERTEX_POINT('',#5726);
#5728=CARTESIAN_POINT('',(1.213449,0.857765,1.807956));
#5729=VERTEX_POINT('',#5728);
#5730=CARTESIAN_POINT('',(1.225981,0.865,1.801962));
#5731=VERTEX_POINT('',#5730);
#5732=CARTESIAN_POINT('',(1.228978,0.857765,1.801962));
#5733=VERTEX_POINT('',#5732);
#5734=CARTESIAN_POINT('',(1.221213,0.886742,1.792426));
#5735=VERTEX_POINT('',#5734);
#5736=CARTESIAN_POINT('',(1.23,0.88,1.792426));
#5737=VERTEX_POINT('',#5736);
#5738=CARTESIAN_POINT('',(1.236742,0.871213,1.792426));
#5739=VERTEX_POINT('',#5738);
#5740=CARTESIAN_POINT('',(1.240981,0.860981,1.792426));
#5741=VERTEX_POINT('',#5740);
#5742=CARTESIAN_POINT('',(1.213449,0.900191,1.78));
#5743=VERTEX_POINT('',#5742);
#5744=CARTESIAN_POINT('',(1.225981,0.895,1.78));
#5745=VERTEX_POINT('',#5744);
#5746=CARTESIAN_POINT('',(1.236742,0.886742,1.78));
#5747=VERTEX_POINT('',#5746);
#5748=CARTESIAN_POINT('',(1.245,0.875981,1.78));
#5749=VERTEX_POINT('',#5748);
#5750=CARTESIAN_POINT('',(1.250191,0.863449,1.78));
#5751=VERTEX_POINT('',#5750);
#5752=CARTESIAN_POINT('',(1.228978,0.900191,1.765529));
#5753=VERTEX_POINT('',#5752);
#5754=CARTESIAN_POINT('',(1.240981,0.890981,1.765529));
#5755=VERTEX_POINT('',#5754);
#5756=CARTESIAN_POINT('',(1.250191,0.878978,1.765529));
#5757=VERTEX_POINT('',#5756);
#5758=CARTESIAN_POINT('',(1.255981,0.865,1.765529));
#5759=VERTEX_POINT('',#5758);
#5760=CARTESIAN_POINT('',(1.215529,0.907956,1.75));
#5761=VERTEX_POINT('',#5760);
#5762=CARTESIAN_POINT('',(1.23,0.901962,1.75));
#5763=VERTEX_POINT('',#5762);
#5764=CARTESIAN_POINT('',(1.242427,0.892426,1.75));
#5765=VERTEX_POINT('',#5764);
#5766=CARTESIAN_POINT('',(1.251962,0.88,1.75));
#5767=VERTEX_POINT('',#5766);
#5768=CARTESIAN_POINT('',(1.257956,0.865529,1.75));
#5769=VERTEX_POINT('',#5768);
#5770=CARTESIAN_POINT('',(1.2,-0.865529,-0.007956));
#5771=VERTEX_POINT('',#5770);
#5772=CARTESIAN_POINT('',(1.2,-0.88,-0.001962));
#5773=VERTEX_POINT('',#5772);
#5774=CARTESIAN_POINT('',(1.2,-0.892426,0.007574));
#5775=VERTEX_POINT('',#5774);
#5776=CARTESIAN_POINT('',(1.2,-0.901962,0.02));
#5777=VERTEX_POINT('',#5776);
#5778=CARTESIAN_POINT('',(1.2,-0.907956,0.034471));
#5779=VERTEX_POINT('',#5778);
#5780=CARTESIAN_POINT('',(1.257956,-0.865529,0.05));
#5781=VERTEX_POINT('',#5780);
#5782=CARTESIAN_POINT('',(1.251962,-0.88,0.05));
#5783=VERTEX_POINT('',#5782);
#5784=CARTESIAN_POINT('',(1.242427,-0.892426,0.05));
#5785=VERTEX_POINT('',#5784);
#5786=CARTESIAN_POINT('',(1.23,-0.901962,0.05));
#5787=VERTEX_POINT('',#5786);
#5788=CARTESIAN_POINT('',(1.215529,-0.907956,0.05));
#5789=VERTEX_POINT('',#5788);
#5790=CARTESIAN_POINT('',(1.215529,0.907956,0.05));
#5791=VERTEX_POINT('',#5790);
#5792=CARTESIAN_POINT('',(1.23,0.901962,0.05));
#5793=VERTEX_POINT('',#5792);
#5794=CARTESIAN_POINT('',(1.242427,0.892426,0.05));
#5795=VERTEX_POINT('',#5794);
#5796=CARTESIAN_POINT('',(1.251962,0.88,0.05));
#5797=VERTEX_POINT('',#5796);
#5798=CARTESIAN_POINT('',(1.257956,0.865529,0.05));
#5799=VERTEX_POINT('',#5798);
#5800=CARTESIAN_POINT('',(1.2,0.865529,-0.007956));
#5801=VERTEX_POINT('',#5800);
#5802=CARTESIAN_POINT('',(1.2,0.88,-0.001962));
#5803=VERTEX_POINT('',#5802);
#5804=CARTESIAN_POINT('',(1.2,0.892426,0.007574));
#5805=VERTEX_POINT('',#5804);
#5806=CARTESIAN_POINT('',(1.2,0.901962,0.02));
#5807=VERTEX_POINT('',#5806);
#5808=CARTESIAN_POINT('',(1.2,0.907956,0.034471));
#5809=VERTEX_POINT('',#5808);
#5810=CARTESIAN_POINT('',(1.255981,-0.865,0.034471));
#5811=VERTEX_POINT('',#5810);
#5812=CARTESIAN_POINT('',(1.250191,-0.878978,0.034471));
#5813=VERTEX_POINT('',#5812);
#5814=CARTESIAN_POINT('',(1.250191,-0.863449,0.02));
#5815=VERTEX_POINT('',#5814);
#5816=CARTESIAN_POINT('',(1.245,-0.875981,0.02));
#5817=VERTEX_POINT('',#5816);
#5818=CARTESIAN_POINT('',(1.240981,-0.860981,0.007574));
#5819=VERTEX_POINT('',#5818);
#5820=CARTESIAN_POINT('',(1.236742,-0.871213,0.007574));
#5821=VERTEX_POINT('',#5820);
#5822=CARTESIAN_POINT('',(1.228978,-0.857765,-0.001962));
#5823=VERTEX_POINT('',#5822);
#5824=CARTESIAN_POINT('',(1.225981,-0.865,-0.001962));
#5825=VERTEX_POINT('',#5824);
#5826=CARTESIAN_POINT('',(1.215,-0.854019,-0.007956));
#5827=VERTEX_POINT('',#5826);
#5828=CARTESIAN_POINT('',(1.213449,-0.857765,-0.007956));
#5829=VERTEX_POINT('',#5828);
#5830=CARTESIAN_POINT('',(1.240981,-0.890981,0.034471));
#5831=VERTEX_POINT('',#5830);
#5832=CARTESIAN_POINT('',(1.236742,-0.886742,0.02));
#5833=VERTEX_POINT('',#5832);
#5834=CARTESIAN_POINT('',(1.23,-0.88,0.007574));
#5835=VERTEX_POINT('',#5834);
#5836=CARTESIAN_POINT('',(1.221213,-0.871213,-0.001962));
#5837=VERTEX_POINT('',#5836);
#5838=CARTESIAN_POINT('',(1.210981,-0.860981,-0.007956));
#5839=VERTEX_POINT('',#5838);
#5840=CARTESIAN_POINT('',(1.257956,-0.85,0.034471));
#5841=VERTEX_POINT('',#5840);
#5842=CARTESIAN_POINT('',(1.251962,-0.85,0.02));
#5843=VERTEX_POINT('',#5842);
#5844=CARTESIAN_POINT('',(1.242427,-0.85,0.007574));
#5845=VERTEX_POINT('',#5844);
#5846=CARTESIAN_POINT('',(1.23,-0.85,-0.001962));
#5847=VERTEX_POINT('',#5846);
#5848=CARTESIAN_POINT('',(1.215529,-0.85,-0.007956));
#5849=VERTEX_POINT('',#5848);
#5850=CARTESIAN_POINT('',(1.228978,-0.900191,0.034471));
#5851=VERTEX_POINT('',#5850);
#5852=CARTESIAN_POINT('',(1.215,-0.905981,0.034471));
#5853=VERTEX_POINT('',#5852);
#5854=CARTESIAN_POINT('',(1.225981,-0.895,0.02));
#5855=VERTEX_POINT('',#5854);
#5856=CARTESIAN_POINT('',(1.213449,-0.900191,0.02));
#5857=VERTEX_POINT('',#5856);
#5858=CARTESIAN_POINT('',(1.221213,-0.886742,0.007574));
#5859=VERTEX_POINT('',#5858);
#5860=CARTESIAN_POINT('',(1.210981,-0.890981,0.007574));
#5861=VERTEX_POINT('',#5860);
#5862=CARTESIAN_POINT('',(1.215,-0.875981,-0.001962));
#5863=VERTEX_POINT('',#5862);
#5864=CARTESIAN_POINT('',(1.207765,-0.878978,-0.001962));
#5865=VERTEX_POINT('',#5864);
#5866=CARTESIAN_POINT('',(1.207765,-0.863449,-0.007956));
#5867=VERTEX_POINT('',#5866);
#5868=CARTESIAN_POINT('',(1.204019,-0.865,-0.007956));
#5869=VERTEX_POINT('',#5868);
#5870=CARTESIAN_POINT('',(1.215,0.905981,0.034471));
#5871=VERTEX_POINT('',#5870);
#5872=CARTESIAN_POINT('',(1.228978,0.900191,0.034471));
#5873=VERTEX_POINT('',#5872);
#5874=CARTESIAN_POINT('',(1.213449,0.900191,0.02));
#5875=VERTEX_POINT('',#5874);
#5876=CARTESIAN_POINT('',(1.225981,0.895,0.02));
#5877=VERTEX_POINT('',#5876);
#5878=CARTESIAN_POINT('',(1.210981,0.890981,0.007574));
#5879=VERTEX_POINT('',#5878);
#5880=CARTESIAN_POINT('',(1.221213,0.886742,0.007574));
#5881=VERTEX_POINT('',#5880);
#5882=CARTESIAN_POINT('',(1.207765,0.878978,-0.001962));
#5883=VERTEX_POINT('',#5882);
#5884=CARTESIAN_POINT('',(1.215,0.875981,-0.001962));
#5885=VERTEX_POINT('',#5884);
#5886=CARTESIAN_POINT('',(1.204019,0.865,-0.007956));
#5887=VERTEX_POINT('',#5886);
#5888=CARTESIAN_POINT('',(1.207765,0.863449,-0.007956));
#5889=VERTEX_POINT('',#5888);
#5890=CARTESIAN_POINT('',(1.240981,0.890981,0.034471));
#5891=VERTEX_POINT('',#5890);
#5892=CARTESIAN_POINT('',(1.236742,0.886742,0.02));
#5893=VERTEX_POINT('',#5892);
#5894=CARTESIAN_POINT('',(1.23,0.88,0.007574));
#5895=VERTEX_POINT('',#5894);
#5896=CARTESIAN_POINT('',(1.221213,0.871213,-0.001962));
#5897=VERTEX_POINT('',#5896);
#5898=CARTESIAN_POINT('',(1.210981,0.860981,-0.007956));
#5899=VERTEX_POINT('',#5898);
#5900=CARTESIAN_POINT('',(1.250191,0.878978,0.034471));
#5901=VERTEX_POINT('',#5900);
#5902=CARTESIAN_POINT('',(1.255981,0.865,0.034471));
#5903=VERTEX_POINT('',#5902);
#5904=CARTESIAN_POINT('',(1.245,0.875981,0.02));
#5905=VERTEX_POINT('',#5904);
#5906=CARTESIAN_POINT('',(1.250191,0.863449,0.02));
#5907=VERTEX_POINT('',#5906);
#5908=CARTESIAN_POINT('',(1.236742,0.871213,0.007574));
#5909=VERTEX_POINT('',#5908);
#5910=CARTESIAN_POINT('',(1.240981,0.860981,0.007574));
#5911=VERTEX_POINT('',#5910);
#5912=CARTESIAN_POINT('',(1.225981,0.865,-0.001962));
#5913=VERTEX_POINT('',#5912);
#5914=CARTESIAN_POINT('',(1.228978,0.857765,-0.001962));
#5915=VERTEX_POINT('',#5914);
#5916=CARTESIAN_POINT('',(1.213449,0.857765,-0.007956));
#5917=VERTEX_POINT('',#5916);
#5918=CARTESIAN_POINT('',(1.215,0.854019,-0.007956));
#5919=VERTEX_POINT('',#5918);
#5920=CARTESIAN_POINT('',(1.257956,0.85,0.034471));
#5921=VERTEX_POINT('',#5920);
#5922=CARTESIAN_POINT('',(1.251962,0.85,0.02));
#5923=VERTEX_POINT('',#5922);
#5924=CARTESIAN_POINT('',(1.242427,0.85,0.007574));
#5925=VERTEX_POINT('',#5924);
#5926=CARTESIAN_POINT('',(1.23,0.85,-0.001962));
#5927=VERTEX_POINT('',#5926);
#5928=CARTESIAN_POINT('',(1.215529,0.85,-0.007956));
#5929=VERTEX_POINT('',#5928);
#5930=CARTESIAN_POINT('',(-1.2,0.907956,1.765529));
#5931=VERTEX_POINT('',#5930);
#5932=CARTESIAN_POINT('',(-1.2,0.901962,1.78));
#5933=VERTEX_POINT('',#5932);
#5934=CARTESIAN_POINT('',(-1.2,0.892426,1.792426));
#5935=VERTEX_POINT('',#5934);
#5936=CARTESIAN_POINT('',(-1.2,0.88,1.801962));
#5937=VERTEX_POINT('',#5936);
#5938=CARTESIAN_POINT('',(-1.2,0.865529,1.807956));
#5939=VERTEX_POINT('',#5938);
#5940=CARTESIAN_POINT('',(-1.257956,-0.85,1.765529));
#5941=VERTEX_POINT('',#5940);
#5942=CARTESIAN_POINT('',(-1.257956,0.85,1.765529));
#5943=VERTEX_POINT('',#5942);
#5944=CARTESIAN_POINT('',(-1.251962,-0.85,1.78));
#5945=VERTEX_POINT('',#5944);
#5946=CARTESIAN_POINT('',(-1.251962,0.85,1.78));
#5947=VERTEX_POINT('',#5946);
#5948=CARTESIAN_POINT('',(-1.242427,-0.85,1.792426));
#5949=VERTEX_POINT('',#5948);
#5950=CARTESIAN_POINT('',(-1.242427,0.85,1.792426));
#5951=VERTEX_POINT('',#5950);
#5952=CARTESIAN_POINT('',(-1.23,-0.85,1.801962));
#5953=VERTEX_POINT('',#5952);
#5954=CARTESIAN_POINT('',(-1.23,0.85,1.801962));
#5955=VERTEX_POINT('',#5954);
#5956=CARTESIAN_POINT('',(-1.215529,-0.85,1.807956));
#5957=VERTEX_POINT('',#5956);
#5958=CARTESIAN_POINT('',(-1.215529,0.85,1.807956));
#5959=VERTEX_POINT('',#5958);
#5960=CARTESIAN_POINT('',(-1.2,-0.907956,1.765529));
#5961=VERTEX_POINT('',#5960);
#5962=CARTESIAN_POINT('',(-1.2,-0.901962,1.78));
#5963=VERTEX_POINT('',#5962);
#5964=CARTESIAN_POINT('',(-1.2,-0.892426,1.792426));
#5965=VERTEX_POINT('',#5964);
#5966=CARTESIAN_POINT('',(-1.2,-0.88,1.801962));
#5967=VERTEX_POINT('',#5966);
#5968=CARTESIAN_POINT('',(-1.2,-0.865529,1.807956));
#5969=VERTEX_POINT('',#5968);
#5970=CARTESIAN_POINT('',(-1.255981,0.865,1.765529));
#5971=VERTEX_POINT('',#5970);
#5972=CARTESIAN_POINT('',(-1.225981,0.865,1.801962));
#5973=VERTEX_POINT('',#5972);
#5974=CARTESIAN_POINT('',(-1.213449,0.857765,1.807956));
#5975=VERTEX_POINT('',#5974);
#5976=CARTESIAN_POINT('',(-1.210981,0.860981,1.807956));
#5977=VERTEX_POINT('',#5976);
#5978=CARTESIAN_POINT('',(-1.204019,0.865,1.807956));
#5979=VERTEX_POINT('',#5978);
#5980=CARTESIAN_POINT('',(-1.215,0.854019,1.807956));
#5981=VERTEX_POINT('',#5980);
#5982=CARTESIAN_POINT('',(-1.228978,0.857765,1.801962));
#5983=VERTEX_POINT('',#5982);
#5984=CARTESIAN_POINT('',(-1.240981,0.860981,1.792426));
#5985=VERTEX_POINT('',#5984);
#5986=CARTESIAN_POINT('',(-1.221213,0.871213,1.801962));
#5987=VERTEX_POINT('',#5986);
#5988=CARTESIAN_POINT('',(-1.207765,0.863449,1.807956));
#5989=VERTEX_POINT('',#5988);
#5990=CARTESIAN_POINT('',(-1.215,0.875981,1.801962));
#5991=VERTEX_POINT('',#5990);
#5992=CARTESIAN_POINT('',(-1.207765,0.878978,1.801962));
#5993=VERTEX_POINT('',#5992);
#5994=CARTESIAN_POINT('',(-1.236742,0.871213,1.792426));
#5995=VERTEX_POINT('',#5994);
#5996=CARTESIAN_POINT('',(-1.23,0.88,1.792426));
#5997=VERTEX_POINT('',#5996);
#5998=CARTESIAN_POINT('',(-1.221213,0.886742,1.792426));
#5999=VERTEX_POINT('',#5998);
#6000=CARTESIAN_POINT('',(-1.210981,0.890981,1.792426));
#6001=VERTEX_POINT('',#6000);
#6002=CARTESIAN_POINT('',(-1.250191,0.863449,1.78));
#6003=VERTEX_POINT('',#6002);
#6004=CARTESIAN_POINT('',(-1.245,0.875981,1.78));
#6005=VERTEX_POINT('',#6004);
#6006=CARTESIAN_POINT('',(-1.236742,0.886742,1.78));
#6007=VERTEX_POINT('',#6006);
#6008=CARTESIAN_POINT('',(-1.225981,0.895,1.78));
#6009=VERTEX_POINT('',#6008);
#6010=CARTESIAN_POINT('',(-1.213449,0.900191,1.78));
#6011=VERTEX_POINT('',#6010);
#6012=CARTESIAN_POINT('',(-1.250191,0.878978,1.765529));
#6013=VERTEX_POINT('',#6012);
#6014=CARTESIAN_POINT('',(-1.240981,0.890981,1.765529));
#6015=VERTEX_POINT('',#6014);
#6016=CARTESIAN_POINT('',(-1.228978,0.900191,1.765529));
#6017=VERTEX_POINT('',#6016);
#6018=CARTESIAN_POINT('',(-1.215,0.905981,1.765529));
#6019=VERTEX_POINT('',#6018);
#6020=CARTESIAN_POINT('',(-1.257956,0.865529,1.75));
#6021=VERTEX_POINT('',#6020);
#6022=CARTESIAN_POINT('',(-1.251962,0.88,1.75));
#6023=VERTEX_POINT('',#6022);
#6024=CARTESIAN_POINT('',(-1.242427,0.892426,1.75));
#6025=VERTEX_POINT('',#6024);
#6026=CARTESIAN_POINT('',(-1.23,0.901962,1.75));
#6027=VERTEX_POINT('',#6026);
#6028=CARTESIAN_POINT('',(-1.215529,0.907956,1.75));
#6029=VERTEX_POINT('',#6028);
#6030=CARTESIAN_POINT('',(-1.215,-0.905981,1.765529));
#6031=VERTEX_POINT('',#6030);
#6032=CARTESIAN_POINT('',(-1.215,-0.875981,1.801962));
#6033=VERTEX_POINT('',#6032);
#6034=CARTESIAN_POINT('',(-1.207765,-0.863449,1.807956));
#6035=VERTEX_POINT('',#6034);
#6036=CARTESIAN_POINT('',(-1.210981,-0.860981,1.807956));
#6037=VERTEX_POINT('',#6036);
#6038=CARTESIAN_POINT('',(-1.215,-0.854019,1.807956));
#6039=VERTEX_POINT('',#6038);
#6040=CARTESIAN_POINT('',(-1.204019,-0.865,1.807956));
#6041=VERTEX_POINT('',#6040);
#6042=CARTESIAN_POINT('',(-1.207765,-0.878978,1.801962));
#6043=VERTEX_POINT('',#6042);
#6044=CARTESIAN_POINT('',(-1.210981,-0.890981,1.792426));
#6045=VERTEX_POINT('',#6044);
#6046=CARTESIAN_POINT('',(-1.221213,-0.871213,1.801962));
#6047=VERTEX_POINT('',#6046);
#6048=CARTESIAN_POINT('',(-1.213449,-0.857765,1.807956));
#6049=VERTEX_POINT('',#6048);
#6050=CARTESIAN_POINT('',(-1.225981,-0.865,1.801962));
#6051=VERTEX_POINT('',#6050);
#6052=CARTESIAN_POINT('',(-1.228978,-0.857765,1.801962));
#6053=VERTEX_POINT('',#6052);
#6054=CARTESIAN_POINT('',(-1.221213,-0.886742,1.792426));
#6055=VERTEX_POINT('',#6054);
#6056=CARTESIAN_POINT('',(-1.23,-0.88,1.792426));
#6057=VERTEX_POINT('',#6056);
#6058=CARTESIAN_POINT('',(-1.236742,-0.871213,1.792426));
#6059=VERTEX_POINT('',#6058);
#6060=CARTESIAN_POINT('',(-1.240981,-0.860981,1.792426));
#6061=VERTEX_POINT('',#6060);
#6062=CARTESIAN_POINT('',(-1.213449,-0.900191,1.78));
#6063=VERTEX_POINT('',#6062);
#6064=CARTESIAN_POINT('',(-1.225981,-0.895,1.78));
#6065=VERTEX_POINT('',#6064);
#6066=CARTESIAN_POINT('',(-1.236742,-0.886742,1.78));
#6067=VERTEX_POINT('',#6066);
#6068=CARTESIAN_POINT('',(-1.245,-0.875981,1.78));
#6069=VERTEX_POINT('',#6068);
#6070=CARTESIAN_POINT('',(-1.250191,-0.863449,1.78));
#6071=VERTEX_POINT('',#6070);
#6072=CARTESIAN_POINT('',(-1.228978,-0.900191,1.765529));
#6073=VERTEX_POINT('',#6072);
#6074=CARTESIAN_POINT('',(-1.240981,-0.890981,1.765529));
#6075=VERTEX_POINT('',#6074);
#6076=CARTESIAN_POINT('',(-1.250191,-0.878978,1.765529));
#6077=VERTEX_POINT('',#6076);
#6078=CARTESIAN_POINT('',(-1.255981,-0.865,1.765529));
#6079=VERTEX_POINT('',#6078);
#6080=CARTESIAN_POINT('',(-1.215529,-0.907956,1.75));
#6081=VERTEX_POINT('',#6080);
#6082=CARTESIAN_POINT('',(-1.23,-0.901962,1.75));
#6083=VERTEX_POINT('',#6082);
#6084=CARTESIAN_POINT('',(-1.242427,-0.892426,1.75));
#6085=VERTEX_POINT('',#6084);
#6086=CARTESIAN_POINT('',(-1.251962,-0.88,1.75));
#6087=VERTEX_POINT('',#6086);
#6088=CARTESIAN_POINT('',(-1.257956,-0.865529,1.75));
#6089=VERTEX_POINT('',#6088);
#6090=CARTESIAN_POINT('',(-1.2,0.907956,0.034471));
#6091=VERTEX_POINT('',#6090);
#6092=CARTESIAN_POINT('',(-1.2,0.901962,0.02));
#6093=VERTEX_POINT('',#6092);
#6094=CARTESIAN_POINT('',(-1.2,0.892426,0.007574));
#6095=VERTEX_POINT('',#6094);
#6096=CARTESIAN_POINT('',(-1.2,0.88,-0.001962));
#6097=VERTEX_POINT('',#6096);
#6098=CARTESIAN_POINT('',(-1.2,0.865529,-0.007956));
#6099=VERTEX_POINT('',#6098);
#6100=CARTESIAN_POINT('',(-1.257956,0.865529,0.05));
#6101=VERTEX_POINT('',#6100);
#6102=CARTESIAN_POINT('',(-1.251962,0.88,0.05));
#6103=VERTEX_POINT('',#6102);
#6104=CARTESIAN_POINT('',(-1.242427,0.892426,0.05));
#6105=VERTEX_POINT('',#6104);
#6106=CARTESIAN_POINT('',(-1.23,0.901962,0.05));
#6107=VERTEX_POINT('',#6106);
#6108=CARTESIAN_POINT('',(-1.215529,0.907956,0.05));
#6109=VERTEX_POINT('',#6108);
#6110=CARTESIAN_POINT('',(-1.215529,-0.907956,0.05));
#6111=VERTEX_POINT('',#6110);
#6112=CARTESIAN_POINT('',(-1.23,-0.901962,0.05));
#6113=VERTEX_POINT('',#6112);
#6114=CARTESIAN_POINT('',(-1.242427,-0.892426,0.05));
#6115=VERTEX_POINT('',#6114);
#6116=CARTESIAN_POINT('',(-1.251962,-0.88,0.05));
#6117=VERTEX_POINT('',#6116);
#6118=CARTESIAN_POINT('',(-1.257956,-0.865529,0.05));
#6119=VERTEX_POINT('',#6118);
#6120=CARTESIAN_POINT('',(-1.2,-0.907956,0.034471));
#6121=VERTEX_POINT('',#6120);
#6122=CARTESIAN_POINT('',(-1.2,-0.901962,0.02));
#6123=VERTEX_POINT('',#6122);
#6124=CARTESIAN_POINT('',(-1.2,-0.892426,0.007574));
#6125=VERTEX_POINT('',#6124);
#6126=CARTESIAN_POINT('',(-1.2,-0.88,-0.001962));
#6127=VERTEX_POINT('',#6126);
#6128=CARTESIAN_POINT('',(-1.2,-0.865529,-0.007956));
#6129=VERTEX_POINT('',#6128);
#6130=CARTESIAN_POINT('',(-1.255981,0.865,0.034471));
#6131=VERTEX_POINT('',#6130);
#6132=CARTESIAN_POINT('',(-1.250191,0.878978,0.034471));
#6133=VERTEX_POINT('',#6132);
#6134=CARTESIAN_POINT('',(-1.250191,0.863449,0.02));
#6135=VERTEX_POINT('',#6134);
#6136=CARTESIAN_POINT('',(-1.245,0.875981,0.02));
#6137=VERTEX_POINT('',#6136);
#6138=CARTESIAN_POINT('',(-1.240981,0.860981,0.007574));
#6139=VERTEX_POINT('',#6138);
#6140=CARTESIAN_POINT('',(-1.236742,0.871213,0.007574));
#6141=VERTEX_POINT('',#6140);
#6142=CARTESIAN_POINT('',(-1.228978,0.857765,-0.001962));
#6143=VERTEX_POINT('',#6142);
#6144=CARTESIAN_POINT('',(-1.225981,0.865,-0.001962));
#6145=VERTEX_POINT('',#6144);
#6146=CARTESIAN_POINT('',(-1.215,0.854019,-0.007956));
#6147=VERTEX_POINT('',#6146);
#6148=CARTESIAN_POINT('',(-1.213449,0.857765,-0.007956));
#6149=VERTEX_POINT('',#6148);
#6150=CARTESIAN_POINT('',(-1.240981,0.890981,0.034471));
#6151=VERTEX_POINT('',#6150);
#6152=CARTESIAN_POINT('',(-1.236742,0.886742,0.02));
#6153=VERTEX_POINT('',#6152);
#6154=CARTESIAN_POINT('',(-1.23,0.88,0.007574));
#6155=VERTEX_POINT('',#6154);
#6156=CARTESIAN_POINT('',(-1.221213,0.871213,-0.001962));
#6157=VERTEX_POINT('',#6156);
#6158=CARTESIAN_POINT('',(-1.210981,0.860981,-0.007956));
#6159=VERTEX_POINT('',#6158);
#6160=CARTESIAN_POINT('',(-1.257956,0.85,0.034471));
#6161=VERTEX_POINT('',#6160);
#6162=CARTESIAN_POINT('',(-1.251962,0.85,0.02));
#6163=VERTEX_POINT('',#6162);
#6164=CARTESIAN_POINT('',(-1.242427,0.85,0.007574));
#6165=VERTEX_POINT('',#6164);
#6166=CARTESIAN_POINT('',(-1.23,0.85,-0.001962));
#6167=VERTEX_POINT('',#6166);
#6168=CARTESIAN_POINT('',(-1.215529,0.85,-0.007956));
#6169=VERTEX_POINT('',#6168);
#6170=CARTESIAN_POINT('',(-1.228978,0.900191,0.034471));
#6171=VERTEX_POINT('',#6170);
#6172=CARTESIAN_POINT('',(-1.215,0.905981,0.034471));
#6173=VERTEX_POINT('',#6172);
#6174=CARTESIAN_POINT('',(-1.225981,0.895,0.02));
#6175=VERTEX_POINT('',#6174);
#6176=CARTESIAN_POINT('',(-1.213449,0.900191,0.02));
#6177=VERTEX_POINT('',#6176);
#6178=CARTESIAN_POINT('',(-1.221213,0.886742,0.007574));
#6179=VERTEX_POINT('',#6178);
#6180=CARTESIAN_POINT('',(-1.210981,0.890981,0.007574));
#6181=VERTEX_POINT('',#6180);
#6182=CARTESIAN_POINT('',(-1.215,0.875981,-0.001962));
#6183=VERTEX_POINT('',#6182);
#6184=CARTESIAN_POINT('',(-1.207765,0.878978,-0.001962));
#6185=VERTEX_POINT('',#6184);
#6186=CARTESIAN_POINT('',(-1.207765,0.863449,-0.007956));
#6187=VERTEX_POINT('',#6186);
#6188=CARTESIAN_POINT('',(-1.204019,0.865,-0.007956));
#6189=VERTEX_POINT('',#6188);
#6190=CARTESIAN_POINT('',(-1.215,-0.905981,0.034471));
#6191=VERTEX_POINT('',#6190);
#6192=CARTESIAN_POINT('',(-1.228978,-0.900191,0.034471));
#6193=VERTEX_POINT('',#6192);
#6194=CARTESIAN_POINT('',(-1.213449,-0.900191,0.02));
#6195=VERTEX_POINT('',#6194);
#6196=CARTESIAN_POINT('',(-1.225981,-0.895,0.02));
#6197=VERTEX_POINT('',#6196);
#6198=CARTESIAN_POINT('',(-1.210981,-0.890981,0.007574));
#6199=VERTEX_POINT('',#6198);
#6200=CARTESIAN_POINT('',(-1.221213,-0.886742,0.007574));
#6201=VERTEX_POINT('',#6200);
#6202=CARTESIAN_POINT('',(-1.207765,-0.878978,-0.001962));
#6203=VERTEX_POINT('',#6202);
#6204=CARTESIAN_POINT('',(-1.215,-0.875981,-0.001962));
#6205=VERTEX_POINT('',#6204);
#6206=CARTESIAN_POINT('',(-1.204019,-0.865,-0.007956));
#6207=VERTEX_POINT('',#6206);
#6208=CARTESIAN_POINT('',(-1.207765,-0.863449,-0.007956));
#6209=VERTEX_POINT('',#6208);
#6210=CARTESIAN_POINT('',(-1.240981,-0.890981,0.034471));
#6211=VERTEX_POINT('',#6210);
#6212=CARTESIAN_POINT('',(-1.236742,-0.886742,0.02));
#6213=VERTEX_POINT('',#6212);
#6214=CARTESIAN_POINT('',(-1.23,-0.88,0.007574));
#6215=VERTEX_POINT('',#6214);
#6216=CARTESIAN_POINT('',(-1.221213,-0.871213,-0.001962));
#6217=VERTEX_POINT('',#6216);
#6218=CARTESIAN_POINT('',(-1.210981,-0.860981,-0.007956));
#6219=VERTEX_POINT('',#6218);
#6220=CARTESIAN_POINT('',(-1.250191,-0.878978,0.034471));
#6221=VERTEX_POINT('',#6220);
#6222=CARTESIAN_POINT('',(-1.255981,-0.865,0.034471));
#6223=VERTEX_POINT('',#6222);
#6224=CARTESIAN_POINT('',(-1.245,-0.875981,0.02));
#6225=VERTEX_POINT('',#6224);
#6226=CARTESIAN_POINT('',(-1.250191,-0.863449,0.02));
#6227=VERTEX_POINT('',#6226);
#6228=CARTESIAN_POINT('',(-1.236742,-0.871213,0.007574));
#6229=VERTEX_POINT('',#6228);
#6230=CARTESIAN_POINT('',(-1.240981,-0.860981,0.007574));
#6231=VERTEX_POINT('',#6230);
#6232=CARTESIAN_POINT('',(-1.225981,-0.865,-0.001962));
#6233=VERTEX_POINT('',#6232);
#6234=CARTESIAN_POINT('',(-1.228978,-0.857765,-0.001962));
#6235=VERTEX_POINT('',#6234);
#6236=CARTESIAN_POINT('',(-1.213449,-0.857765,-0.007956));
#6237=VERTEX_POINT('',#6236);
#6238=CARTESIAN_POINT('',(-1.215,-0.854019,-0.007956));
#6239=VERTEX_POINT('',#6238);
#6240=CARTESIAN_POINT('',(-1.257956,-0.85,0.034471));
#6241=VERTEX_POINT('',#6240);
#6242=CARTESIAN_POINT('',(-1.251962,-0.85,0.02));
#6243=VERTEX_POINT('',#6242);
#6244=CARTESIAN_POINT('',(-1.242427,-0.85,0.007574));
#6245=VERTEX_POINT('',#6244);
#6246=CARTESIAN_POINT('',(-1.23,-0.85,-0.001962));
#6247=VERTEX_POINT('',#6246);
#6248=CARTESIAN_POINT('',(-1.215529,-0.85,-0.007956));
#6249=VERTEX_POINT('',#6248);
#6250=LINE('',#5346,#462);
#6251=EDGE_CURVE('',#5347,#5349,#6250,.T.);
#6252=DIRECTION('',(0.0,0.7071067811865476,-0.7071067811865476));
#6253=VECTOR('',#6252,1000.0);
#6254=LINE('',#5348,#6253);
#6255=EDGE_CURVE('',#5349,#5351,#6254,.T.);
#6256=DIRECTION('',(0.0,-1.0,0.0));
#6257=VECTOR('',#6256,1000.0);
#6258=LINE('',#5350,#6257);
#6259=EDGE_CURVE('',#5351,#5347,#6258,.T.);
#6260=ORIENTED_EDGE('',*,*,#6251,.T.);
#6261=ORIENTED_EDGE('',*,*,#6255,.T.);
#6262=ORIENTED_EDGE('',*,*,#6259,.T.);
#6263=AXIS2_PLACEMENT_3D('',#5346,#511,#11);
#6264=PLANE('',#6263);
#6265=EDGE_LOOP('',(#6260,#6261,#6262));
#6266=FACE_BOUND('',#6265,.T.);
#6267=ADVANCED_FACE('',(#6266),#6264,.T.);
#6268=LINE('',#5348,#1193);
#6269=EDGE_CURVE('',#5349,#5353,#6268,.T.);
#6270=DIRECTION('',(0.0,0.0,-1.0));
#6271=VECTOR('',#6270,1000.0);
#6272=LINE('',#5352,#6271);
#6273=EDGE_CURVE('',#5353,#5351,#6272,.T.);
#6274=ORIENTED_EDGE('',*,*,#6255,.F.);
#6275=ORIENTED_EDGE('',*,*,#6269,.T.);
#6276=ORIENTED_EDGE('',*,*,#6273,.T.);
#6277=DIRECTION('',(0.0,-0.7071067811865476,0.7071067811865476));
#6278=AXIS2_PLACEMENT_3D('',#5350,#511,#6277);
#6279=PLANE('',#6278);
#6280=EDGE_LOOP('',(#6274,#6275,#6276));
#6281=FACE_BOUND('',#6280,.T.);
#6282=ADVANCED_FACE('',(#6281),#6279,.T.);
#6283=LINE('',#5354,#462);
#6284=EDGE_CURVE('',#5355,#5357,#6283,.T.);
#6285=DIRECTION('',(0.25589256031628255,0.0,-0.9667052278615119));
#6286=VECTOR('',#6285,1000.0);
#6287=LINE('',#5356,#6286);
#6288=EDGE_CURVE('',#5357,#5359,#6287,.T.);
#6289=LINE('',#5358,#512);
#6290=EDGE_CURVE('',#5359,#5355,#6289,.T.);
#6291=ORIENTED_EDGE('',*,*,#6284,.T.);
#6292=ORIENTED_EDGE('',*,*,#6288,.T.);
#6293=ORIENTED_EDGE('',*,*,#6290,.T.);
#6294=AXIS2_PLACEMENT_3D('',#5354,#501,#11);
#6295=PLANE('',#6294);
#6296=EDGE_LOOP('',(#6291,#6292,#6293));
#6297=FACE_BOUND('',#6296,.T.);
#6298=ADVANCED_FACE('',(#6297),#6295,.T.);
#6299=LINE('',#5356,#491);
#6300=EDGE_CURVE('',#5357,#5361,#6299,.T.);
#6301=DIRECTION('',(0.0,0.0,-1.0));
#6302=VECTOR('',#6301,1000.0);
#6303=LINE('',#5360,#6302);
#6304=EDGE_CURVE('',#5361,#5359,#6303,.T.);
#6305=ORIENTED_EDGE('',*,*,#6288,.F.);
#6306=ORIENTED_EDGE('',*,*,#6300,.T.);
#6307=ORIENTED_EDGE('',*,*,#6304,.T.);
#6308=DIRECTION('',(0.0,1.0,-0.0));
#6309=DIRECTION('',(-0.25589256031628255,0.0,0.9667052278615119));
#6310=AXIS2_PLACEMENT_3D('',#5358,#6308,#6309);
#6311=PLANE('',#6310);
#6312=EDGE_LOOP('',(#6305,#6306,#6307));
#6313=FACE_BOUND('',#6312,.T.);
#6314=ADVANCED_FACE('',(#6313),#6311,.T.);
#6315=DIRECTION('',(0.0,-0.9914420352573238,-0.13054765691047696));
#6316=VECTOR('',#6315,1000.0);
#6317=LINE('',#5362,#6316);
#6318=EDGE_CURVE('',#5363,#5345,#6317,.T.);
#6319=DIRECTION('',(0.0,0.0,-1.0));
#6320=VECTOR('',#6319,1000.0);
#6321=LINE('',#5344,#6320);
#6322=EDGE_CURVE('',#5345,#5365,#6321,.T.);
#6323=DIRECTION('',(0.0,0.7416647514388031,0.6707707480750918));
#6324=VECTOR('',#6323,1000.0);
#6325=LINE('',#5364,#6324);
#6326=EDGE_CURVE('',#5365,#5363,#6325,.T.);
#6327=ORIENTED_EDGE('',*,*,#6318,.T.);
#6328=ORIENTED_EDGE('',*,*,#6322,.T.);
#6329=ORIENTED_EDGE('',*,*,#6326,.T.);
#6330=AXIS2_PLACEMENT_3D('',#5362,#12,#6315);
#6331=PLANE('',#6330);
#6332=EDGE_LOOP('',(#6327,#6328,#6329));
#6333=FACE_BOUND('',#6332,.T.);
#6334=ADVANCED_FACE('',(#6333),#6331,.T.);
#6335=DIRECTION('',(0.0,-1.0,0.0));
#6336=VECTOR('',#6335,1000.0);
#6337=LINE('',#5344,#6336);
#6338=EDGE_CURVE('',#5345,#5343,#6337,.T.);
#6339=DIRECTION('',(0.0,0.9999368433297797,-0.011238743331686151));
#6340=VECTOR('',#6339,1000.0);
#6341=LINE('',#5342,#6340);
#6342=EDGE_CURVE('',#5343,#5365,#6341,.T.);
#6343=ORIENTED_EDGE('',*,*,#6322,.F.);
#6344=ORIENTED_EDGE('',*,*,#6338,.T.);
#6345=ORIENTED_EDGE('',*,*,#6342,.T.);
#6346=DIRECTION('',(1.0,0.0,-0.0));
#6347=AXIS2_PLACEMENT_3D('',#5364,#6346,#11);
#6348=PLANE('',#6347);
#6349=EDGE_LOOP('',(#6343,#6344,#6345));
#6350=FACE_BOUND('',#6349,.T.);
#6351=ADVANCED_FACE('',(#6350),#6348,.T.);
#6352=DIRECTION('',(0.0,-0.999923852899029,-0.012340518771963526));
#6353=VECTOR('',#6352,1000.0);
#6354=LINE('',#5342,#6353);
#6355=EDGE_CURVE('',#5343,#5367,#6354,.T.);
#6356=LINE('',#5366,#1193);
#6357=EDGE_CURVE('',#5367,#5365,#6356,.T.);
#6358=ORIENTED_EDGE('',*,*,#6342,.F.);
#6359=ORIENTED_EDGE('',*,*,#6355,.T.);
#6360=ORIENTED_EDGE('',*,*,#6357,.T.);
#6361=DIRECTION('',(0.0,-0.9999368433297797,0.011238743331686151));
#6362=AXIS2_PLACEMENT_3D('',#5364,#12,#6361);
#6363=PLANE('',#6362);
#6364=EDGE_LOOP('',(#6358,#6359,#6360));
#6365=FACE_BOUND('',#6364,.T.);
#6366=ADVANCED_FACE('',(#6365),#6363,.T.);
#6367=DIRECTION('',(0.0,-1.0,0.0));
#6368=VECTOR('',#6367,1000.0);
#6369=LINE('',#5342,#6368);
#6370=EDGE_CURVE('',#5343,#5341,#6369,.T.);
#6371=DIRECTION('',(0.0,0.0,-1.0));
#6372=VECTOR('',#6371,1000.0);
#6373=LINE('',#5340,#6372);
#6374=EDGE_CURVE('',#5341,#5367,#6373,.T.);
#6375=ORIENTED_EDGE('',*,*,#6355,.F.);
#6376=ORIENTED_EDGE('',*,*,#6370,.T.);
#6377=ORIENTED_EDGE('',*,*,#6374,.T.);
#6378=DIRECTION('',(1.0,0.0,-0.0));
#6379=DIRECTION('',(0.0,0.999923852899029,0.012340518771963526));
#6380=AXIS2_PLACEMENT_3D('',#5366,#6378,#6379);
#6381=PLANE('',#6380);
#6382=EDGE_LOOP('',(#6375,#6376,#6377));
#6383=FACE_BOUND('',#6382,.T.);
#6384=ADVANCED_FACE('',(#6383),#6381,.T.);
#6385=DIRECTION('',(0.0,-0.8899940153707186,-0.45597220595591664));
#6386=VECTOR('',#6385,1000.0);
#6387=LINE('',#5340,#6386);
#6388=EDGE_CURVE('',#5341,#5369,#6387,.T.);
#6389=DIRECTION('',(0.0,0.9914484272354998,-0.13049910395191966));
#6390=VECTOR('',#6389,1000.0);
#6391=LINE('',#5368,#6390);
#6392=EDGE_CURVE('',#5369,#5367,#6391,.T.);
#6393=ORIENTED_EDGE('',*,*,#6374,.F.);
#6394=ORIENTED_EDGE('',*,*,#6388,.T.);
#6395=ORIENTED_EDGE('',*,*,#6392,.T.);
#6396=DIRECTION('',(1.0,0.0,-0.0));
#6397=AXIS2_PLACEMENT_3D('',#5366,#6396,#11);
#6398=PLANE('',#6397);
#6399=EDGE_LOOP('',(#6393,#6394,#6395));
#6400=FACE_BOUND('',#6399,.T.);
#6401=ADVANCED_FACE('',(#6400),#6398,.T.);
#6402=DIRECTION('',(0.0,-0.9914420352573238,0.13054765691047696));
#6403=VECTOR('',#6402,1000.0);
#6404=LINE('',#5340,#6403);
#6405=EDGE_CURVE('',#5341,#5371,#6404,.T.);
#6406=DIRECTION('',(0.0,-0.2587827345919061,-0.9659355549295902));
#6407=VECTOR('',#6406,1000.0);
#6408=LINE('',#5370,#6407);
#6409=EDGE_CURVE('',#5371,#5369,#6408,.T.);
#6410=ORIENTED_EDGE('',*,*,#6388,.F.);
#6411=ORIENTED_EDGE('',*,*,#6405,.T.);
#6412=ORIENTED_EDGE('',*,*,#6409,.T.);
#6413=DIRECTION('',(1.0,0.0,-0.0));
#6414=DIRECTION('',(0.0,0.8899940153707186,0.45597220595591664));
#6415=AXIS2_PLACEMENT_3D('',#5368,#6413,#6414);
#6416=PLANE('',#6415);
#6417=EDGE_LOOP('',(#6410,#6411,#6412));
#6418=FACE_BOUND('',#6417,.T.);
#6419=ADVANCED_FACE('',(#6418),#6416,.T.);
#6420=DIRECTION('',(0.0,-0.9776789549256221,-0.21010440522640958));
#6421=VECTOR('',#6420,1000.0);
#6422=LINE('',#5370,#6421);
#6423=EDGE_CURVE('',#5371,#5373,#6422,.T.);
#6424=DIRECTION('',(0.0,0.9238814389674874,-0.38267882974024703));
#6425=VECTOR('',#6424,1000.0);
#6426=LINE('',#5372,#6425);
#6427=EDGE_CURVE('',#5373,#5369,#6426,.T.);
#6428=ORIENTED_EDGE('',*,*,#6409,.F.);
#6429=ORIENTED_EDGE('',*,*,#6423,.T.);
#6430=ORIENTED_EDGE('',*,*,#6427,.T.);
#6431=DIRECTION('',(1.0,0.0,-0.0));
#6432=DIRECTION('',(0.0,0.2587827345919061,0.9659355549295902));
#6433=AXIS2_PLACEMENT_3D('',#5368,#6431,#6432);
#6434=PLANE('',#6433);
#6435=EDGE_LOOP('',(#6428,#6429,#6430));
#6436=FACE_BOUND('',#6435,.T.);
#6437=ADVANCED_FACE('',(#6436),#6434,.T.);
#6438=DIRECTION('',(0.0,-0.9238795690422051,0.38268334417163935));
#6439=VECTOR('',#6438,1000.0);
#6440=LINE('',#5370,#6439);
#6441=EDGE_CURVE('',#5371,#5375,#6440,.T.);
#6442=DIRECTION('',(0.0,-0.49996770063001783,-0.8660440510313162));
#6443=VECTOR('',#6442,1000.0);
#6444=LINE('',#5374,#6443);
#6445=EDGE_CURVE('',#5375,#5373,#6444,.T.);
#6446=ORIENTED_EDGE('',*,*,#6423,.F.);
#6447=ORIENTED_EDGE('',*,*,#6441,.T.);
#6448=ORIENTED_EDGE('',*,*,#6445,.T.);
#6449=DIRECTION('',(1.0,0.0,-0.0));
#6450=DIRECTION('',(0.0,0.9776789549256221,0.21010440522640958));
#6451=AXIS2_PLACEMENT_3D('',#5372,#6449,#6450);
#6452=PLANE('',#6451);
#6453=EDGE_LOOP('',(#6446,#6447,#6448));
#6454=FACE_BOUND('',#6453,.T.);
#6455=ADVANCED_FACE('',(#6454),#6452,.T.);
#6456=DIRECTION('',(0.0,-0.9987417399562905,0.050149146244792345));
#6457=VECTOR('',#6456,1000.0);
#6458=LINE('',#5374,#6457);
#6459=EDGE_CURVE('',#5375,#5377,#6458,.T.);
#6460=DIRECTION('',(0.0,0.793316496994997,-0.6088094411189652));
#6461=VECTOR('',#6460,1000.0);
#6462=LINE('',#5376,#6461);
#6463=EDGE_CURVE('',#5377,#5373,#6462,.T.);
#6464=ORIENTED_EDGE('',*,*,#6445,.F.);
#6465=ORIENTED_EDGE('',*,*,#6459,.T.);
#6466=ORIENTED_EDGE('',*,*,#6463,.T.);
#6467=DIRECTION('',(1.0,0.0,-0.0));
#6468=DIRECTION('',(0.0,0.49996770063001783,0.8660440510313162));
#6469=AXIS2_PLACEMENT_3D('',#5372,#6467,#6468);
#6470=PLANE('',#6469);
#6471=EDGE_LOOP('',(#6464,#6465,#6466));
#6472=FACE_BOUND('',#6471,.T.);
#6473=ADVANCED_FACE('',(#6472),#6470,.T.);
#6474=DIRECTION('',(0.0,-0.7933411650566998,0.6087772957547596));
#6475=VECTOR('',#6474,1000.0);
#6476=LINE('',#5374,#6475);
#6477=EDGE_CURVE('',#5375,#5379,#6476,.T.);
#6478=DIRECTION('',(0.0,-0.7071067811865501,-0.7071067811865451));
#6479=VECTOR('',#6478,1000.0);
#6480=LINE('',#5378,#6479);
#6481=EDGE_CURVE('',#5379,#5377,#6480,.T.);
#6482=ORIENTED_EDGE('',*,*,#6459,.F.);
#6483=ORIENTED_EDGE('',*,*,#6477,.T.);
#6484=ORIENTED_EDGE('',*,*,#6481,.T.);
#6485=DIRECTION('',(1.0,-0.0,-0.0));
#6486=DIRECTION('',(0.0,0.9987417399562905,-0.050149146244792345));
#6487=AXIS2_PLACEMENT_3D('',#5376,#6485,#6486);
#6488=PLANE('',#6487);
#6489=EDGE_LOOP('',(#6482,#6483,#6484));
#6490=FACE_BOUND('',#6489,.T.);
#6491=ADVANCED_FACE('',(#6490),#6488,.T.);
#6492=DIRECTION('',(0.0,-0.9517437212117802,0.30689393792310904));
#6493=VECTOR('',#6492,1000.0);
#6494=LINE('',#5378,#6493);
#6495=EDGE_CURVE('',#5379,#5381,#6494,.T.);
#6496=DIRECTION('',(0.0,0.6088094411189663,-0.7933164969949962));
#6497=VECTOR('',#6496,1000.0);
#6498=LINE('',#5380,#6497);
#6499=EDGE_CURVE('',#5381,#5377,#6498,.T.);
#6500=ORIENTED_EDGE('',*,*,#6481,.F.);
#6501=ORIENTED_EDGE('',*,*,#6495,.T.);
#6502=ORIENTED_EDGE('',*,*,#6499,.T.);
#6503=DIRECTION('',(1.0,0.0,-0.0));
#6504=DIRECTION('',(0.0,0.7071067811865501,0.7071067811865451));
#6505=AXIS2_PLACEMENT_3D('',#5376,#6503,#6504);
#6506=PLANE('',#6505);
#6507=EDGE_LOOP('',(#6500,#6501,#6502));
#6508=FACE_BOUND('',#6507,.T.);
#6509=ADVANCED_FACE('',(#6508),#6506,.T.);
#6510=DIRECTION('',(0.0,-0.60877729575476,0.7933411650566995));
#6511=VECTOR('',#6510,1000.0);
#6512=LINE('',#5378,#6511);
#6513=EDGE_CURVE('',#5379,#5383,#6512,.T.);
#6514=DIRECTION('',(0.0,-0.866044051031317,-0.4999677006300163));
#6515=VECTOR('',#6514,1000.0);
#6516=LINE('',#5382,#6515);
#6517=EDGE_CURVE('',#5383,#5381,#6516,.T.);
#6518=ORIENTED_EDGE('',*,*,#6495,.F.);
#6519=ORIENTED_EDGE('',*,*,#6513,.T.);
#6520=ORIENTED_EDGE('',*,*,#6517,.T.);
#6521=DIRECTION('',(0.0,0.9517437212117802,-0.30689393792310904));
#6522=AXIS2_PLACEMENT_3D('',#5380,#6485,#6521);
#6523=PLANE('',#6522);
#6524=EDGE_LOOP('',(#6518,#6519,#6520));
#6525=FACE_BOUND('',#6524,.T.);
#6526=ADVANCED_FACE('',(#6525),#6523,.T.);
#6527=DIRECTION('',(0.0,-0.8398744659204378,0.5427806937381426));
#6528=VECTOR('',#6527,1000.0);
#6529=LINE('',#5382,#6528);
#6530=EDGE_CURVE('',#5383,#5385,#6529,.T.);
#6531=DIRECTION('',(0.0,0.38267882974024425,-0.9238814389674886));
#6532=VECTOR('',#6531,1000.0);
#6533=LINE('',#5384,#6532);
#6534=EDGE_CURVE('',#5385,#5381,#6533,.T.);
#6535=ORIENTED_EDGE('',*,*,#6517,.F.);
#6536=ORIENTED_EDGE('',*,*,#6530,.T.);
#6537=ORIENTED_EDGE('',*,*,#6534,.T.);
#6538=DIRECTION('',(1.0,0.0,-0.0));
#6539=DIRECTION('',(0.0,0.866044051031317,0.4999677006300163));
#6540=AXIS2_PLACEMENT_3D('',#5380,#6538,#6539);
#6541=PLANE('',#6540);
#6542=EDGE_LOOP('',(#6535,#6536,#6537));
#6543=FACE_BOUND('',#6542,.T.);
#6544=ADVANCED_FACE('',(#6543),#6541,.T.);
#6545=DIRECTION('',(0.0,-0.3826833441716386,0.9238795690422054));
#6546=VECTOR('',#6545,1000.0);
#6547=LINE('',#5382,#6546);
#6548=EDGE_CURVE('',#5383,#5387,#6547,.T.);
#6549=DIRECTION('',(0.0,-0.9659355549295909,-0.2587827345919028));
#6550=VECTOR('',#6549,1000.0);
#6551=LINE('',#5386,#6550);
#6552=EDGE_CURVE('',#5387,#5385,#6551,.T.);
#6553=ORIENTED_EDGE('',*,*,#6530,.F.);
#6554=ORIENTED_EDGE('',*,*,#6548,.T.);
#6555=ORIENTED_EDGE('',*,*,#6552,.T.);
#6556=DIRECTION('',(0.0,0.8398744659204378,-0.5427806937381426));
#6557=AXIS2_PLACEMENT_3D('',#5384,#6485,#6556);
#6558=PLANE('',#6557);
#6559=EDGE_LOOP('',(#6553,#6554,#6555));
#6560=FACE_BOUND('',#6559,.T.);
#6561=ADVANCED_FACE('',(#6560),#6558,.T.);
#6562=DIRECTION('',(0.0,-0.6707707480750928,0.7416647514388023));
#6563=VECTOR('',#6562,1000.0);
#6564=LINE('',#5386,#6563);
#6565=EDGE_CURVE('',#5387,#5389,#6564,.T.);
#6566=DIRECTION('',(0.0,0.13049910395192257,-0.9914484272354993));
#6567=VECTOR('',#6566,1000.0);
#6568=LINE('',#5388,#6567);
#6569=EDGE_CURVE('',#5389,#5385,#6568,.T.);
#6570=ORIENTED_EDGE('',*,*,#6552,.F.);
#6571=ORIENTED_EDGE('',*,*,#6565,.T.);
#6572=ORIENTED_EDGE('',*,*,#6569,.T.);
#6573=DIRECTION('',(1.0,0.0,-0.0));
#6574=DIRECTION('',(0.0,0.9659355549295909,0.2587827345919028));
#6575=AXIS2_PLACEMENT_3D('',#5384,#6573,#6574);
#6576=PLANE('',#6575);
#6577=EDGE_LOOP('',(#6570,#6571,#6572));
#6578=FACE_BOUND('',#6577,.T.);
#6579=ADVANCED_FACE('',(#6578),#6576,.T.);
#6580=DIRECTION('',(0.0,-0.13054765691047968,0.9914420352573233));
#6581=VECTOR('',#6580,1000.0);
#6582=LINE('',#5386,#6581);
#6583=EDGE_CURVE('',#5387,#5391,#6582,.T.);
#6584=DIRECTION('',(0.0,-1.0,0.0));
#6585=VECTOR('',#6584,1000.0);
#6586=LINE('',#5390,#6585);
#6587=EDGE_CURVE('',#5391,#5389,#6586,.T.);
#6588=ORIENTED_EDGE('',*,*,#6565,.F.);
#6589=ORIENTED_EDGE('',*,*,#6583,.T.);
#6590=ORIENTED_EDGE('',*,*,#6587,.T.);
#6591=DIRECTION('',(0.0,0.6707707480750928,-0.7416647514388023));
#6592=AXIS2_PLACEMENT_3D('',#5388,#6485,#6591);
#6593=PLANE('',#6592);
#6594=EDGE_LOOP('',(#6588,#6589,#6590));
#6595=FACE_BOUND('',#6594,.T.);
#6596=ADVANCED_FACE('',(#6595),#6593,.T.);
#6597=DIRECTION('',(0.0,-0.00588225117300538,0.9999826994109137));
#6598=VECTOR('',#6597,1000.0);
#6599=LINE('',#5390,#6598);
#6600=EDGE_CURVE('',#5391,#5393,#6599,.T.);
#6601=DIRECTION('',(0.0,0.0,-1.0));
#6602=VECTOR('',#6601,1000.0);
#6603=LINE('',#5392,#6602);
#6604=EDGE_CURVE('',#5393,#5389,#6603,.T.);
#6605=ORIENTED_EDGE('',*,*,#6587,.F.);
#6606=ORIENTED_EDGE('',*,*,#6600,.T.);
#6607=ORIENTED_EDGE('',*,*,#6604,.T.);
#6608=DIRECTION('',(1.0,0.0,-0.0));
#6609=AXIS2_PLACEMENT_3D('',#5388,#6608,#1192);
#6610=PLANE('',#6609);
#6611=EDGE_LOOP('',(#6605,#6606,#6607));
#6612=FACE_BOUND('',#6611,.T.);
#6613=ADVANCED_FACE('',(#6612),#6610,.T.);
#6614=LINE('',#5390,#462);
#6615=EDGE_CURVE('',#5391,#5395,#6614,.T.);
#6616=DIRECTION('',(0.0,-1.0,0.0));
#6617=VECTOR('',#6616,1000.0);
#6618=LINE('',#5394,#6617);
#6619=EDGE_CURVE('',#5395,#5393,#6618,.T.);
#6620=ORIENTED_EDGE('',*,*,#6600,.F.);
#6621=ORIENTED_EDGE('',*,*,#6615,.T.);
#6622=ORIENTED_EDGE('',*,*,#6619,.T.);
#6623=DIRECTION('',(1.0,-0.0,0.0));
#6624=DIRECTION('',(0.0,0.00588225117300538,-0.9999826994109137));
#6625=AXIS2_PLACEMENT_3D('',#5392,#6623,#6624);
#6626=PLANE('',#6625);
#6627=EDGE_LOOP('',(#6620,#6621,#6622));
#6628=FACE_BOUND('',#6627,.T.);
#6629=ADVANCED_FACE('',(#6628),#6626,.T.);
#6630=DIRECTION('',(0.0,-0.45597220595591764,0.8899940153707182));
#6631=VECTOR('',#6630,1000.0);
#6632=LINE('',#5394,#6631);
#6633=EDGE_CURVE('',#5395,#5397,#6632,.T.);
#6634=DIRECTION('',(0.0,-0.1304991039519234,-0.9914484272354993));
#6635=VECTOR('',#6634,1000.0);
#6636=LINE('',#5396,#6635);
#6637=EDGE_CURVE('',#5397,#5393,#6636,.T.);
#6638=ORIENTED_EDGE('',*,*,#6619,.F.);
#6639=ORIENTED_EDGE('',*,*,#6633,.T.);
#6640=ORIENTED_EDGE('',*,*,#6637,.T.);
#6641=DIRECTION('',(1.0,0.0,-0.0));
#6642=AXIS2_PLACEMENT_3D('',#5392,#6641,#1192);
#6643=PLANE('',#6642);
#6644=EDGE_LOOP('',(#6638,#6639,#6640));
#6645=FACE_BOUND('',#6644,.T.);
#6646=ADVANCED_FACE('',(#6645),#6643,.T.);
#6647=DIRECTION('',(0.0,0.1305476569104788,0.9914420352573236));
#6648=VECTOR('',#6647,1000.0);
#6649=LINE('',#5394,#6648);
#6650=EDGE_CURVE('',#5395,#5399,#6649,.T.);
#6651=DIRECTION('',(0.0,-0.9659355549295957,0.25878273459188533));
#6652=VECTOR('',#6651,1000.0);
#6653=LINE('',#5398,#6652);
#6654=EDGE_CURVE('',#5399,#5397,#6653,.T.);
#6655=ORIENTED_EDGE('',*,*,#6633,.F.);
#6656=ORIENTED_EDGE('',*,*,#6650,.T.);
#6657=ORIENTED_EDGE('',*,*,#6654,.T.);
#6658=DIRECTION('',(1.0,-0.0,0.0));
#6659=DIRECTION('',(0.0,0.45597220595591764,-0.8899940153707182));
#6660=AXIS2_PLACEMENT_3D('',#5396,#6658,#6659);
#6661=PLANE('',#6660);
#6662=EDGE_LOOP('',(#6655,#6656,#6657));
#6663=FACE_BOUND('',#6662,.T.);
#6664=ADVANCED_FACE('',(#6663),#6661,.T.);
#6665=DIRECTION('',(0.0,-0.21010440522641408,0.9776789549256212));
#6666=VECTOR('',#6665,1000.0);
#6667=LINE('',#5398,#6666);
#6668=EDGE_CURVE('',#5399,#5401,#6667,.T.);
#6669=DIRECTION('',(0.0,-0.3826788297402414,-0.9238814389674896));
#6670=VECTOR('',#6669,1000.0);
#6671=LINE('',#5400,#6670);
#6672=EDGE_CURVE('',#5401,#5397,#6671,.T.);
#6673=ORIENTED_EDGE('',*,*,#6654,.F.);
#6674=ORIENTED_EDGE('',*,*,#6668,.T.);
#6675=ORIENTED_EDGE('',*,*,#6672,.T.);
#6676=DIRECTION('',(0.0,0.9659355549295957,-0.25878273459188533));
#6677=AXIS2_PLACEMENT_3D('',#5396,#6485,#6676);
#6678=PLANE('',#6677);
#6679=EDGE_LOOP('',(#6673,#6674,#6675));
#6680=FACE_BOUND('',#6679,.T.);
#6681=ADVANCED_FACE('',(#6680),#6678,.T.);
#6682=DIRECTION('',(0.0,0.38268334417164346,0.9238795690422034));
#6683=VECTOR('',#6682,1000.0);
#6684=LINE('',#5398,#6683);
#6685=EDGE_CURVE('',#5399,#5403,#6684,.T.);
#6686=DIRECTION('',(0.0,-0.8660440510313121,0.4999677006300249));
#6687=VECTOR('',#6686,1000.0);
#6688=LINE('',#5402,#6687);
#6689=EDGE_CURVE('',#5403,#5401,#6688,.T.);
#6690=ORIENTED_EDGE('',*,*,#6668,.F.);
#6691=ORIENTED_EDGE('',*,*,#6685,.T.);
#6692=ORIENTED_EDGE('',*,*,#6689,.T.);
#6693=DIRECTION('',(1.0,-0.0,0.0));
#6694=DIRECTION('',(0.0,0.21010440522641408,-0.9776789549256212));
#6695=AXIS2_PLACEMENT_3D('',#5400,#6693,#6694);
#6696=PLANE('',#6695);
#6697=EDGE_LOOP('',(#6690,#6691,#6692));
#6698=FACE_BOUND('',#6697,.T.);
#6699=ADVANCED_FACE('',(#6698),#6696,.T.);
#6700=DIRECTION('',(0.0,0.050149146244789694,0.9987417399562905));
#6701=VECTOR('',#6700,1000.0);
#6702=LINE('',#5402,#6701);
#6703=EDGE_CURVE('',#5403,#5405,#6702,.T.);
#6704=DIRECTION('',(0.0,-0.6088094411189648,-0.7933164969949974));
#6705=VECTOR('',#6704,1000.0);
#6706=LINE('',#5404,#6705);
#6707=EDGE_CURVE('',#5405,#5401,#6706,.T.);
#6708=ORIENTED_EDGE('',*,*,#6689,.F.);
#6709=ORIENTED_EDGE('',*,*,#6703,.T.);
#6710=ORIENTED_EDGE('',*,*,#6707,.T.);
#6711=DIRECTION('',(1.0,-0.0,0.0));
#6712=DIRECTION('',(0.0,0.8660440510313121,-0.4999677006300249));
#6713=AXIS2_PLACEMENT_3D('',#5400,#6711,#6712);
#6714=PLANE('',#6713);
#6715=EDGE_LOOP('',(#6708,#6709,#6710));
#6716=FACE_BOUND('',#6715,.T.);
#6717=ADVANCED_FACE('',(#6716),#6714,.T.);
#6718=DIRECTION('',(0.0,0.6087772957547559,0.7933411650567027));
#6719=VECTOR('',#6718,1000.0);
#6720=LINE('',#5402,#6719);
#6721=EDGE_CURVE('',#5403,#5407,#6720,.T.);
#6722=VECTOR('',#6277,1000.0);
#6723=LINE('',#5406,#6722);
#6724=EDGE_CURVE('',#5407,#5405,#6723,.T.);
#6725=ORIENTED_EDGE('',*,*,#6703,.F.);
#6726=ORIENTED_EDGE('',*,*,#6721,.T.);
#6727=ORIENTED_EDGE('',*,*,#6724,.T.);
#6728=DIRECTION('',(1.0,-0.0,0.0));
#6729=DIRECTION('',(0.0,-0.050149146244789694,-0.9987417399562905));
#6730=AXIS2_PLACEMENT_3D('',#5404,#6728,#6729);
#6731=PLANE('',#6730);
#6732=EDGE_LOOP('',(#6725,#6726,#6727));
#6733=FACE_BOUND('',#6732,.T.);
#6734=ADVANCED_FACE('',(#6733),#6731,.T.);
#6735=DIRECTION('',(0.0,0.30689393792310893,0.9517437212117802));
#6736=VECTOR('',#6735,1000.0);
#6737=LINE('',#5406,#6736);
#6738=EDGE_CURVE('',#5407,#5409,#6737,.T.);
#6739=DIRECTION('',(0.0,-0.7933164969949974,-0.6088094411189648));
#6740=VECTOR('',#6739,1000.0);
#6741=LINE('',#5408,#6740);
#6742=EDGE_CURVE('',#5409,#5405,#6741,.T.);
#6743=ORIENTED_EDGE('',*,*,#6724,.F.);
#6744=ORIENTED_EDGE('',*,*,#6738,.T.);
#6745=ORIENTED_EDGE('',*,*,#6742,.T.);
#6746=DIRECTION('',(1.0,-0.0,0.0));
#6747=AXIS2_PLACEMENT_3D('',#5404,#6746,#6252);
#6748=PLANE('',#6747);
#6749=EDGE_LOOP('',(#6743,#6744,#6745));
#6750=FACE_BOUND('',#6749,.T.);
#6751=ADVANCED_FACE('',(#6750),#6748,.T.);
#6752=DIRECTION('',(0.0,0.7933411650566996,0.60877729575476));
#6753=VECTOR('',#6752,1000.0);
#6754=LINE('',#5406,#6753);
#6755=EDGE_CURVE('',#5407,#5411,#6754,.T.);
#6756=DIRECTION('',(0.0,-0.49996770063001655,0.8660440510313169));
#6757=VECTOR('',#6756,1000.0);
#6758=LINE('',#5410,#6757);
#6759=EDGE_CURVE('',#5411,#5409,#6758,.T.);
#6760=ORIENTED_EDGE('',*,*,#6738,.F.);
#6761=ORIENTED_EDGE('',*,*,#6755,.T.);
#6762=ORIENTED_EDGE('',*,*,#6759,.T.);
#6763=DIRECTION('',(1.0,-0.0,0.0));
#6764=DIRECTION('',(0.0,-0.30689393792310893,-0.9517437212117802));
#6765=AXIS2_PLACEMENT_3D('',#5408,#6763,#6764);
#6766=PLANE('',#6765);
#6767=EDGE_LOOP('',(#6760,#6761,#6762));
#6768=FACE_BOUND('',#6767,.T.);
#6769=ADVANCED_FACE('',(#6768),#6766,.T.);
#6770=DIRECTION('',(0.0,0.5427806937381459,0.8398744659204357));
#6771=VECTOR('',#6770,1000.0);
#6772=LINE('',#5410,#6771);
#6773=EDGE_CURVE('',#5411,#5413,#6772,.T.);
#6774=DIRECTION('',(0.0,-0.9238814389674911,-0.3826788297402379));
#6775=VECTOR('',#6774,1000.0);
#6776=LINE('',#5412,#6775);
#6777=EDGE_CURVE('',#5413,#5409,#6776,.T.);
#6778=ORIENTED_EDGE('',*,*,#6759,.F.);
#6779=ORIENTED_EDGE('',*,*,#6773,.T.);
#6780=ORIENTED_EDGE('',*,*,#6777,.T.);
#6781=DIRECTION('',(1.0,-0.0,0.0));
#6782=DIRECTION('',(0.0,0.49996770063001655,-0.8660440510313169));
#6783=AXIS2_PLACEMENT_3D('',#5408,#6781,#6782);
#6784=PLANE('',#6783);
#6785=EDGE_LOOP('',(#6778,#6779,#6780));
#6786=FACE_BOUND('',#6785,.T.);
#6787=ADVANCED_FACE('',(#6786),#6784,.T.);
#6788=DIRECTION('',(0.0,0.9238795690422088,0.3826833441716302));
#6789=VECTOR('',#6788,1000.0);
#6790=LINE('',#5410,#6789);
#6791=EDGE_CURVE('',#5411,#5415,#6790,.T.);
#6792=DIRECTION('',(0.0,-0.25878273459190604,0.9659355549295902));
#6793=VECTOR('',#6792,1000.0);
#6794=LINE('',#5414,#6793);
#6795=EDGE_CURVE('',#5415,#5413,#6794,.T.);
#6796=ORIENTED_EDGE('',*,*,#6773,.F.);
#6797=ORIENTED_EDGE('',*,*,#6791,.T.);
#6798=ORIENTED_EDGE('',*,*,#6795,.T.);
#6799=DIRECTION('',(1.0,-0.0,0.0));
#6800=DIRECTION('',(0.0,-0.5427806937381459,-0.8398744659204357));
#6801=AXIS2_PLACEMENT_3D('',#5412,#6799,#6800);
#6802=PLANE('',#6801);
#6803=EDGE_LOOP('',(#6796,#6797,#6798));
#6804=FACE_BOUND('',#6803,.T.);
#6805=ADVANCED_FACE('',(#6804),#6802,.T.);
#6806=LINE('',#5414,#6324);
#6807=EDGE_CURVE('',#5415,#5417,#6806,.T.);
#6808=DIRECTION('',(0.0,-0.9914484272354984,-0.13049910395192943));
#6809=VECTOR('',#6808,1000.0);
#6810=LINE('',#5416,#6809);
#6811=EDGE_CURVE('',#5417,#5413,#6810,.T.);
#6812=ORIENTED_EDGE('',*,*,#6795,.F.);
#6813=ORIENTED_EDGE('',*,*,#6807,.T.);
#6814=ORIENTED_EDGE('',*,*,#6811,.T.);
#6815=DIRECTION('',(1.0,-0.0,0.0));
#6816=DIRECTION('',(0.0,0.25878273459190604,-0.9659355549295902));
#6817=AXIS2_PLACEMENT_3D('',#5412,#6815,#6816);
#6818=PLANE('',#6817);
#6819=EDGE_LOOP('',(#6812,#6813,#6814));
#6820=FACE_BOUND('',#6819,.T.);
#6821=ADVANCED_FACE('',(#6820),#6818,.T.);
#6822=DIRECTION('',(0.0,0.9914420352573223,0.13054765691048825));
#6823=VECTOR('',#6822,1000.0);
#6824=LINE('',#5414,#6823);
#6825=EDGE_CURVE('',#5415,#5419,#6824,.T.);
#6826=LINE('',#5418,#462);
#6827=EDGE_CURVE('',#5419,#5417,#6826,.T.);
#6828=ORIENTED_EDGE('',*,*,#6807,.F.);
#6829=ORIENTED_EDGE('',*,*,#6825,.T.);
#6830=ORIENTED_EDGE('',*,*,#6827,.T.);
#6831=DIRECTION('',(1.0,-0.0,0.0));
#6832=DIRECTION('',(0.0,-0.7416647514387986,-0.670770748075097));
#6833=AXIS2_PLACEMENT_3D('',#5416,#6831,#6832);
#6834=PLANE('',#6833);
#6835=EDGE_LOOP('',(#6828,#6829,#6830));
#6836=FACE_BOUND('',#6835,.T.);
#6837=ADVANCED_FACE('',(#6836),#6834,.T.);
#6838=DIRECTION('',(0.0,0.9999826994109137,0.00588225117300538));
#6839=VECTOR('',#6838,1000.0);
#6840=LINE('',#5418,#6839);
#6841=EDGE_CURVE('',#5419,#5421,#6840,.T.);
#6842=DIRECTION('',(0.0,-1.0,0.0));
#6843=VECTOR('',#6842,1000.0);
#6844=LINE('',#5420,#6843);
#6845=EDGE_CURVE('',#5421,#5417,#6844,.T.);
#6846=ORIENTED_EDGE('',*,*,#6827,.F.);
#6847=ORIENTED_EDGE('',*,*,#6841,.T.);
#6848=ORIENTED_EDGE('',*,*,#6845,.T.);
#6849=DIRECTION('',(1.0,-0.0,0.0));
#6850=DIRECTION('',(0.0,0.0,-1.0));
#6851=AXIS2_PLACEMENT_3D('',#5416,#6849,#6850);
#6852=PLANE('',#6851);
#6853=EDGE_LOOP('',(#6846,#6847,#6848));
#6854=FACE_BOUND('',#6853,.T.);
#6855=ADVANCED_FACE('',(#6854),#6852,.T.);
#6856=LINE('',#5418,#1193);
#6857=EDGE_CURVE('',#5419,#5423,#6856,.T.);
#6858=LINE('',#5422,#462);
#6859=EDGE_CURVE('',#5423,#5421,#6858,.T.);
#6860=ORIENTED_EDGE('',*,*,#6841,.F.);
#6861=ORIENTED_EDGE('',*,*,#6857,.T.);
#6862=ORIENTED_EDGE('',*,*,#6859,.T.);
#6863=DIRECTION('',(1.0,-0.0,0.0));
#6864=DIRECTION('',(0.0,-0.9999826994109137,-0.00588225117300538));
#6865=AXIS2_PLACEMENT_3D('',#5420,#6863,#6864);
#6866=PLANE('',#6865);
#6867=EDGE_LOOP('',(#6860,#6861,#6862));
#6868=FACE_BOUND('',#6867,.T.);
#6869=ADVANCED_FACE('',(#6868),#6866,.T.);
#6870=VECTOR('',#6414,1000.0);
#6871=LINE('',#5422,#6870);
#6872=EDGE_CURVE('',#5423,#5425,#6871,.T.);
#6873=DIRECTION('',(0.0,-0.9914484272354984,0.13049910395192943));
#6874=VECTOR('',#6873,1000.0);
#6875=LINE('',#5424,#6874);
#6876=EDGE_CURVE('',#5425,#5421,#6875,.T.);
#6877=ORIENTED_EDGE('',*,*,#6859,.F.);
#6878=ORIENTED_EDGE('',*,*,#6872,.T.);
#6879=ORIENTED_EDGE('',*,*,#6876,.T.);
#6880=DIRECTION('',(1.0,-0.0,0.0));
#6881=DIRECTION('',(0.0,0.0,-1.0));
#6882=AXIS2_PLACEMENT_3D('',#5420,#6880,#6881);
#6883=PLANE('',#6882);
#6884=EDGE_LOOP('',(#6877,#6878,#6879));
#6885=FACE_BOUND('',#6884,.T.);
#6886=ADVANCED_FACE('',(#6885),#6883,.T.);
#6887=DIRECTION('',(0.0,0.9914420352573223,-0.13054765691048825));
#6888=VECTOR('',#6887,1000.0);
#6889=LINE('',#5422,#6888);
#6890=EDGE_CURVE('',#5423,#5427,#6889,.T.);
#6891=VECTOR('',#6432,1000.0);
#6892=LINE('',#5426,#6891);
#6893=EDGE_CURVE('',#5427,#5425,#6892,.T.);
#6894=ORIENTED_EDGE('',*,*,#6872,.F.);
#6895=ORIENTED_EDGE('',*,*,#6890,.T.);
#6896=ORIENTED_EDGE('',*,*,#6893,.T.);
#6897=AXIS2_PLACEMENT_3D('',#5424,#12,#6385);
#6898=PLANE('',#6897);
#6899=EDGE_LOOP('',(#6894,#6895,#6896));
#6900=FACE_BOUND('',#6899,.T.);
#6901=ADVANCED_FACE('',(#6900),#6898,.T.);
#6902=VECTOR('',#6450,1000.0);
#6903=LINE('',#5426,#6902);
#6904=EDGE_CURVE('',#5427,#5429,#6903,.T.);
#6905=LINE('',#5428,#6439);
#6906=EDGE_CURVE('',#5429,#5425,#6905,.T.);
#6907=ORIENTED_EDGE('',*,*,#6893,.F.);
#6908=ORIENTED_EDGE('',*,*,#6904,.T.);
#6909=ORIENTED_EDGE('',*,*,#6906,.T.);
#6910=DIRECTION('',(1.0,-0.0,0.0));
#6911=AXIS2_PLACEMENT_3D('',#5424,#6910,#6406);
#6912=PLANE('',#6911);
#6913=EDGE_LOOP('',(#6907,#6908,#6909));
#6914=FACE_BOUND('',#6913,.T.);
#6915=ADVANCED_FACE('',(#6914),#6912,.T.);
#6916=LINE('',#5426,#6425);
#6917=EDGE_CURVE('',#5427,#5431,#6916,.T.);
#6918=VECTOR('',#6468,1000.0);
#6919=LINE('',#5430,#6918);
#6920=EDGE_CURVE('',#5431,#5429,#6919,.T.);
#6921=ORIENTED_EDGE('',*,*,#6904,.F.);
#6922=ORIENTED_EDGE('',*,*,#6917,.T.);
#6923=ORIENTED_EDGE('',*,*,#6920,.T.);
#6924=AXIS2_PLACEMENT_3D('',#5428,#12,#6420);
#6925=PLANE('',#6924);
#6926=EDGE_LOOP('',(#6921,#6922,#6923));
#6927=FACE_BOUND('',#6926,.T.);
#6928=ADVANCED_FACE('',(#6927),#6925,.T.);
#6929=VECTOR('',#6486,1000.0);
#6930=LINE('',#5430,#6929);
#6931=EDGE_CURVE('',#5431,#5433,#6930,.T.);
#6932=LINE('',#5432,#6475);
#6933=EDGE_CURVE('',#5433,#5429,#6932,.T.);
#6934=ORIENTED_EDGE('',*,*,#6920,.F.);
#6935=ORIENTED_EDGE('',*,*,#6931,.T.);
#6936=ORIENTED_EDGE('',*,*,#6933,.T.);
#6937=AXIS2_PLACEMENT_3D('',#5428,#12,#6442);
#6938=PLANE('',#6937);
#6939=EDGE_LOOP('',(#6934,#6935,#6936));
#6940=FACE_BOUND('',#6939,.T.);
#6941=ADVANCED_FACE('',(#6940),#6938,.T.);
#6942=LINE('',#5430,#6461);
#6943=EDGE_CURVE('',#5431,#5435,#6942,.T.);
#6944=DIRECTION('',(0.0,0.7071067811865475,0.7071067811865475));
#6945=VECTOR('',#6944,1000.0);
#6946=LINE('',#5434,#6945);
#6947=EDGE_CURVE('',#5435,#5433,#6946,.T.);
#6948=ORIENTED_EDGE('',*,*,#6931,.F.);
#6949=ORIENTED_EDGE('',*,*,#6943,.T.);
#6950=ORIENTED_EDGE('',*,*,#6947,.T.);
#6951=AXIS2_PLACEMENT_3D('',#5432,#12,#6456);
#6952=PLANE('',#6951);
#6953=EDGE_LOOP('',(#6948,#6949,#6950));
#6954=FACE_BOUND('',#6953,.T.);
#6955=ADVANCED_FACE('',(#6954),#6952,.T.);
#6956=VECTOR('',#6521,1000.0);
#6957=LINE('',#5434,#6956);
#6958=EDGE_CURVE('',#5435,#5437,#6957,.T.);
#6959=LINE('',#5436,#6511);
#6960=EDGE_CURVE('',#5437,#5433,#6959,.T.);
#6961=ORIENTED_EDGE('',*,*,#6947,.F.);
#6962=ORIENTED_EDGE('',*,*,#6958,.T.);
#6963=ORIENTED_EDGE('',*,*,#6960,.T.);
#6964=DIRECTION('',(0.0,-0.7071067811865475,-0.7071067811865475));
#6965=AXIS2_PLACEMENT_3D('',#5432,#12,#6964);
#6966=PLANE('',#6965);
#6967=EDGE_LOOP('',(#6961,#6962,#6963));
#6968=FACE_BOUND('',#6967,.T.);
#6969=ADVANCED_FACE('',(#6968),#6966,.T.);
#6970=LINE('',#5434,#6497);
#6971=EDGE_CURVE('',#5435,#5439,#6970,.T.);
#6972=VECTOR('',#6539,1000.0);
#6973=LINE('',#5438,#6972);
#6974=EDGE_CURVE('',#5439,#5437,#6973,.T.);
#6975=ORIENTED_EDGE('',*,*,#6958,.F.);
#6976=ORIENTED_EDGE('',*,*,#6971,.T.);
#6977=ORIENTED_EDGE('',*,*,#6974,.T.);
#6978=AXIS2_PLACEMENT_3D('',#5436,#12,#6492);
#6979=PLANE('',#6978);
#6980=EDGE_LOOP('',(#6975,#6976,#6977));
#6981=FACE_BOUND('',#6980,.T.);
#6982=ADVANCED_FACE('',(#6981),#6979,.T.);
#6983=VECTOR('',#6556,1000.0);
#6984=LINE('',#5438,#6983);
#6985=EDGE_CURVE('',#5439,#5441,#6984,.T.);
#6986=LINE('',#5440,#6546);
#6987=EDGE_CURVE('',#5441,#5437,#6986,.T.);
#6988=ORIENTED_EDGE('',*,*,#6974,.F.);
#6989=ORIENTED_EDGE('',*,*,#6985,.T.);
#6990=ORIENTED_EDGE('',*,*,#6987,.T.);
#6991=AXIS2_PLACEMENT_3D('',#5436,#12,#6514);
#6992=PLANE('',#6991);
#6993=EDGE_LOOP('',(#6988,#6989,#6990));
#6994=FACE_BOUND('',#6993,.T.);
#6995=ADVANCED_FACE('',(#6994),#6992,.T.);
#6996=LINE('',#5438,#6532);
#6997=EDGE_CURVE('',#5439,#5443,#6996,.T.);
#6998=VECTOR('',#6574,1000.0);
#6999=LINE('',#5442,#6998);
#7000=EDGE_CURVE('',#5443,#5441,#6999,.T.);
#7001=ORIENTED_EDGE('',*,*,#6985,.F.);
#7002=ORIENTED_EDGE('',*,*,#6997,.T.);
#7003=ORIENTED_EDGE('',*,*,#7000,.T.);
#7004=AXIS2_PLACEMENT_3D('',#5440,#12,#6527);
#7005=PLANE('',#7004);
#7006=EDGE_LOOP('',(#7001,#7002,#7003));
#7007=FACE_BOUND('',#7006,.T.);
#7008=ADVANCED_FACE('',(#7007),#7005,.T.);
#7009=VECTOR('',#6591,1000.0);
#7010=LINE('',#5442,#7009);
#7011=EDGE_CURVE('',#5443,#5361,#7010,.T.);
#7012=DIRECTION('',(0.0,-0.1304991039519234,0.9914484272354993));
#7013=VECTOR('',#7012,1000.0);
#7014=LINE('',#5360,#7013);
#7015=EDGE_CURVE('',#5361,#5441,#7014,.T.);
#7016=ORIENTED_EDGE('',*,*,#7000,.F.);
#7017=ORIENTED_EDGE('',*,*,#7011,.T.);
#7018=ORIENTED_EDGE('',*,*,#7015,.T.);
#7019=AXIS2_PLACEMENT_3D('',#5440,#12,#6549);
#7020=PLANE('',#7019);
#7021=EDGE_LOOP('',(#7016,#7017,#7018));
#7022=FACE_BOUND('',#7021,.T.);
#7023=ADVANCED_FACE('',(#7022),#7020,.T.);
#7024=DIRECTION('',(0.0,0.1305476569104788,-0.9914420352573236));
#7025=VECTOR('',#7024,1000.0);
#7026=LINE('',#5442,#7025);
#7027=EDGE_CURVE('',#5443,#5445,#7026,.T.);
#7028=LINE('',#5444,#1193);
#7029=EDGE_CURVE('',#5445,#5361,#7028,.T.);
#7030=ORIENTED_EDGE('',*,*,#7011,.F.);
#7031=ORIENTED_EDGE('',*,*,#7027,.T.);
#7032=ORIENTED_EDGE('',*,*,#7029,.T.);
#7033=AXIS2_PLACEMENT_3D('',#5360,#12,#6562);
#7034=PLANE('',#7033);
#7035=EDGE_LOOP('',(#7030,#7031,#7032));
#7036=FACE_BOUND('',#7035,.T.);
#7037=ADVANCED_FACE('',(#7036),#7034,.T.);
#7038=VECTOR('',#6624,1000.0);
#7039=LINE('',#5444,#7038);
#7040=EDGE_CURVE('',#5445,#5359,#7039,.T.);
#7041=ORIENTED_EDGE('',*,*,#7029,.F.);
#7042=ORIENTED_EDGE('',*,*,#7040,.T.);
#7043=ORIENTED_EDGE('',*,*,#6304,.F.);
#7044=DIRECTION('',(0.0,-1.0,0.0));
#7045=AXIS2_PLACEMENT_3D('',#5360,#12,#7044);
#7046=PLANE('',#7045);
#7047=EDGE_LOOP('',(#7041,#7042,#7043));
#7048=FACE_BOUND('',#7047,.T.);
#7049=ADVANCED_FACE('',(#7048),#7046,.T.);
#7050=DIRECTION('',(0.0,0.0,-1.0));
#7051=VECTOR('',#7050,1000.0);
#7052=LINE('',#5444,#7051);
#7053=EDGE_CURVE('',#5445,#5447,#7052,.T.);
#7054=LINE('',#5446,#1193);
#7055=EDGE_CURVE('',#5447,#5359,#7054,.T.);
#7056=ORIENTED_EDGE('',*,*,#7040,.F.);
#7057=ORIENTED_EDGE('',*,*,#7053,.T.);
#7058=ORIENTED_EDGE('',*,*,#7055,.T.);
#7059=AXIS2_PLACEMENT_3D('',#5358,#12,#6597);
#7060=PLANE('',#7059);
#7061=EDGE_LOOP('',(#7056,#7057,#7058));
#7062=FACE_BOUND('',#7061,.T.);
#7063=ADVANCED_FACE('',(#7062),#7060,.T.);
#7064=VECTOR('',#6659,1000.0);
#7065=LINE('',#5446,#7064);
#7066=EDGE_CURVE('',#5447,#5449,#7065,.T.);
#7067=DIRECTION('',(0.0,0.13049910395192257,0.9914484272354993));
#7068=VECTOR('',#7067,1000.0);
#7069=LINE('',#5448,#7068);
#7070=EDGE_CURVE('',#5449,#5359,#7069,.T.);
#7071=ORIENTED_EDGE('',*,*,#7055,.F.);
#7072=ORIENTED_EDGE('',*,*,#7066,.T.);
#7073=ORIENTED_EDGE('',*,*,#7070,.T.);
#7074=DIRECTION('',(0.0,-1.0,0.0));
#7075=AXIS2_PLACEMENT_3D('',#5358,#12,#7074);
#7076=PLANE('',#7075);
#7077=EDGE_LOOP('',(#7071,#7072,#7073));
#7078=FACE_BOUND('',#7077,.T.);
#7079=ADVANCED_FACE('',(#7078),#7076,.T.);
#7080=DIRECTION('',(0.0,-0.13054765691047968,-0.9914420352573233));
#7081=VECTOR('',#7080,1000.0);
#7082=LINE('',#5446,#7081);
#7083=EDGE_CURVE('',#5447,#5451,#7082,.T.);
#7084=DIRECTION('',(0.0,0.9659355549295909,-0.2587827345919028));
#7085=VECTOR('',#7084,1000.0);
#7086=LINE('',#5450,#7085);
#7087=EDGE_CURVE('',#5451,#5449,#7086,.T.);
#7088=ORIENTED_EDGE('',*,*,#7066,.F.);
#7089=ORIENTED_EDGE('',*,*,#7083,.T.);
#7090=ORIENTED_EDGE('',*,*,#7087,.T.);
#7091=AXIS2_PLACEMENT_3D('',#5448,#12,#6630);
#7092=PLANE('',#7091);
#7093=EDGE_LOOP('',(#7088,#7089,#7090));
#7094=FACE_BOUND('',#7093,.T.);
#7095=ADVANCED_FACE('',(#7094),#7092,.T.);
#7096=VECTOR('',#6694,1000.0);
#7097=LINE('',#5450,#7096);
#7098=EDGE_CURVE('',#5451,#5453,#7097,.T.);
#7099=DIRECTION('',(0.0,0.38267882974024425,0.9238814389674886));
#7100=VECTOR('',#7099,1000.0);
#7101=LINE('',#5452,#7100);
#7102=EDGE_CURVE('',#5453,#5449,#7101,.T.);
#7103=ORIENTED_EDGE('',*,*,#7087,.F.);
#7104=ORIENTED_EDGE('',*,*,#7098,.T.);
#7105=ORIENTED_EDGE('',*,*,#7102,.T.);
#7106=DIRECTION('',(0.0,-0.9659355549295909,0.2587827345919028));
#7107=AXIS2_PLACEMENT_3D('',#5448,#12,#7106);
#7108=PLANE('',#7107);
#7109=EDGE_LOOP('',(#7103,#7104,#7105));
#7110=FACE_BOUND('',#7109,.T.);
#7111=ADVANCED_FACE('',(#7110),#7108,.T.);
#7112=DIRECTION('',(0.0,-0.3826833441716386,-0.9238795690422054));
#7113=VECTOR('',#7112,1000.0);
#7114=LINE('',#5450,#7113);
#7115=EDGE_CURVE('',#5451,#5455,#7114,.T.);
#7116=DIRECTION('',(0.0,0.866044051031317,-0.4999677006300163));
#7117=VECTOR('',#7116,1000.0);
#7118=LINE('',#5454,#7117);
#7119=EDGE_CURVE('',#5455,#5453,#7118,.T.);
#7120=ORIENTED_EDGE('',*,*,#7098,.F.);
#7121=ORIENTED_EDGE('',*,*,#7115,.T.);
#7122=ORIENTED_EDGE('',*,*,#7119,.T.);
#7123=AXIS2_PLACEMENT_3D('',#5452,#12,#6665);
#7124=PLANE('',#7123);
#7125=EDGE_LOOP('',(#7120,#7121,#7122));
#7126=FACE_BOUND('',#7125,.T.);
#7127=ADVANCED_FACE('',(#7126),#7124,.T.);
#7128=VECTOR('',#6729,1000.0);
#7129=LINE('',#5454,#7128);
#7130=EDGE_CURVE('',#5455,#5457,#7129,.T.);
#7131=DIRECTION('',(0.0,0.6088094411189663,0.7933164969949962));
#7132=VECTOR('',#7131,1000.0);
#7133=LINE('',#5456,#7132);
#7134=EDGE_CURVE('',#5457,#5453,#7133,.T.);
#7135=ORIENTED_EDGE('',*,*,#7119,.F.);
#7136=ORIENTED_EDGE('',*,*,#7130,.T.);
#7137=ORIENTED_EDGE('',*,*,#7134,.T.);
#7138=DIRECTION('',(0.0,-0.866044051031317,0.4999677006300163));
#7139=AXIS2_PLACEMENT_3D('',#5452,#12,#7138);
#7140=PLANE('',#7139);
#7141=EDGE_LOOP('',(#7135,#7136,#7137));
#7142=FACE_BOUND('',#7141,.T.);
#7143=ADVANCED_FACE('',(#7142),#7140,.T.);
#7144=DIRECTION('',(0.0,-0.60877729575476,-0.7933411650566995));
#7145=VECTOR('',#7144,1000.0);
#7146=LINE('',#5454,#7145);
#7147=EDGE_CURVE('',#5455,#5459,#7146,.T.);
#7148=LINE('',#5458,#6253);
#7149=EDGE_CURVE('',#5459,#5457,#7148,.T.);
#7150=ORIENTED_EDGE('',*,*,#7130,.F.);
#7151=ORIENTED_EDGE('',*,*,#7147,.T.);
#7152=ORIENTED_EDGE('',*,*,#7149,.T.);
#7153=DIRECTION('',(1.0,0.0,-0.0));
#7154=AXIS2_PLACEMENT_3D('',#5456,#7153,#6700);
#7155=PLANE('',#7154);
#7156=EDGE_LOOP('',(#7150,#7151,#7152));
#7157=FACE_BOUND('',#7156,.T.);
#7158=ADVANCED_FACE('',(#7157),#7155,.T.);
#7159=VECTOR('',#6764,1000.0);
#7160=LINE('',#5458,#7159);
#7161=EDGE_CURVE('',#5459,#5461,#7160,.T.);
#7162=DIRECTION('',(0.0,0.793316496994997,0.6088094411189652));
#7163=VECTOR('',#7162,1000.0);
#7164=LINE('',#5460,#7163);
#7165=EDGE_CURVE('',#5461,#5457,#7164,.T.);
#7166=ORIENTED_EDGE('',*,*,#7149,.F.);
#7167=ORIENTED_EDGE('',*,*,#7161,.T.);
#7168=ORIENTED_EDGE('',*,*,#7165,.T.);
#7169=AXIS2_PLACEMENT_3D('',#5456,#12,#6277);
#7170=PLANE('',#7169);
#7171=EDGE_LOOP('',(#7166,#7167,#7168));
#7172=FACE_BOUND('',#7171,.T.);
#7173=ADVANCED_FACE('',(#7172),#7170,.T.);
#7174=DIRECTION('',(0.0,-0.7933411650566998,-0.6087772957547596));
#7175=VECTOR('',#7174,1000.0);
#7176=LINE('',#5458,#7175);
#7177=EDGE_CURVE('',#5459,#5463,#7176,.T.);
#7178=DIRECTION('',(0.0,0.49996770063001783,-0.8660440510313162));
#7179=VECTOR('',#7178,1000.0);
#7180=LINE('',#5462,#7179);
#7181=EDGE_CURVE('',#5463,#5461,#7180,.T.);
#7182=ORIENTED_EDGE('',*,*,#7161,.F.);
#7183=ORIENTED_EDGE('',*,*,#7177,.T.);
#7184=ORIENTED_EDGE('',*,*,#7181,.T.);
#7185=DIRECTION('',(1.0,0.0,-0.0));
#7186=AXIS2_PLACEMENT_3D('',#5460,#7185,#6735);
#7187=PLANE('',#7186);
#7188=EDGE_LOOP('',(#7182,#7183,#7184));
#7189=FACE_BOUND('',#7188,.T.);
#7190=ADVANCED_FACE('',(#7189),#7187,.T.);
#7191=VECTOR('',#6800,1000.0);
#7192=LINE('',#5462,#7191);
#7193=EDGE_CURVE('',#5463,#5465,#7192,.T.);
#7194=DIRECTION('',(0.0,0.9238814389674874,0.38267882974024703));
#7195=VECTOR('',#7194,1000.0);
#7196=LINE('',#5464,#7195);
#7197=EDGE_CURVE('',#5465,#5461,#7196,.T.);
#7198=ORIENTED_EDGE('',*,*,#7181,.F.);
#7199=ORIENTED_EDGE('',*,*,#7193,.T.);
#7200=ORIENTED_EDGE('',*,*,#7197,.T.);
#7201=DIRECTION('',(0.0,-0.49996770063001783,0.8660440510313162));
#7202=AXIS2_PLACEMENT_3D('',#5460,#12,#7201);
#7203=PLANE('',#7202);
#7204=EDGE_LOOP('',(#7198,#7199,#7200));
#7205=FACE_BOUND('',#7204,.T.);
#7206=ADVANCED_FACE('',(#7205),#7203,.T.);
#7207=DIRECTION('',(0.0,-0.9238795690422051,-0.38268334417163935));
#7208=VECTOR('',#7207,1000.0);
#7209=LINE('',#5462,#7208);
#7210=EDGE_CURVE('',#5463,#5363,#7209,.T.);
#7211=DIRECTION('',(0.0,0.2587827345919061,-0.9659355549295902));
#7212=VECTOR('',#7211,1000.0);
#7213=LINE('',#5362,#7212);
#7214=EDGE_CURVE('',#5363,#5465,#7213,.T.);
#7215=ORIENTED_EDGE('',*,*,#7193,.F.);
#7216=ORIENTED_EDGE('',*,*,#7210,.T.);
#7217=ORIENTED_EDGE('',*,*,#7214,.T.);
#7218=DIRECTION('',(1.0,0.0,-0.0));
#7219=AXIS2_PLACEMENT_3D('',#5464,#7218,#6770);
#7220=PLANE('',#7219);
#7221=EDGE_LOOP('',(#7215,#7216,#7217));
#7222=FACE_BOUND('',#7221,.T.);
#7223=ADVANCED_FACE('',(#7222),#7220,.T.);
#7224=DIRECTION('',(0.0,0.9914484272354998,0.13049910395191966));
#7225=VECTOR('',#7224,1000.0);
#7226=LINE('',#5364,#7225);
#7227=EDGE_CURVE('',#5365,#5465,#7226,.T.);
#7228=ORIENTED_EDGE('',*,*,#7214,.F.);
#7229=ORIENTED_EDGE('',*,*,#6326,.F.);
#7230=ORIENTED_EDGE('',*,*,#7227,.T.);
#7231=DIRECTION('',(0.0,-0.2587827345919061,0.9659355549295902));
#7232=AXIS2_PLACEMENT_3D('',#5464,#12,#7231);
#7233=PLANE('',#7232);
#7234=EDGE_LOOP('',(#7228,#7229,#7230));
#7235=FACE_BOUND('',#7234,.T.);
#7236=ADVANCED_FACE('',(#7235),#7233,.T.);
#7237=DIRECTION('',(-0.25589256031628255,0.0,-0.9667052278615119));
#7238=VECTOR('',#7237,1000.0);
#7239=LINE('',#5392,#7238);
#7240=EDGE_CURVE('',#5393,#5467,#7239,.T.);
#7241=LINE('',#5466,#491);
#7242=EDGE_CURVE('',#5467,#5389,#7241,.T.);
#7243=ORIENTED_EDGE('',*,*,#6604,.F.);
#7244=ORIENTED_EDGE('',*,*,#7240,.T.);
#7245=ORIENTED_EDGE('',*,*,#7242,.T.);
#7246=DIRECTION('',(-0.0,-1.0,0.0));
#7247=AXIS2_PLACEMENT_3D('',#5388,#7246,#11);
#7248=PLANE('',#7247);
#7249=EDGE_LOOP('',(#7243,#7244,#7245));
#7250=FACE_BOUND('',#7249,.T.);
#7251=ADVANCED_FACE('',(#7250),#7248,.T.);
#7252=LINE('',#5392,#512);
#7253=EDGE_CURVE('',#5393,#5469,#7252,.T.);
#7254=DIRECTION('',(0.0,0.0,-1.0));
#7255=VECTOR('',#7254,1000.0);
#7256=LINE('',#5468,#7255);
#7257=EDGE_CURVE('',#5469,#5467,#7256,.T.);
#7258=ORIENTED_EDGE('',*,*,#7240,.F.);
#7259=ORIENTED_EDGE('',*,*,#7253,.T.);
#7260=ORIENTED_EDGE('',*,*,#7257,.T.);
#7261=DIRECTION('',(0.0,-1.0,0.0));
#7262=DIRECTION('',(0.25589256031628255,0.0,0.9667052278615119));
#7263=AXIS2_PLACEMENT_3D('',#5466,#7261,#7262);
#7264=PLANE('',#7263);
#7265=EDGE_LOOP('',(#7258,#7259,#7260));
#7266=FACE_BOUND('',#7265,.T.);
#7267=ADVANCED_FACE('',(#7266),#7264,.T.);
#7268=DIRECTION('',(-0.25589256031628255,0.9667052278615119,0.0));
#7269=VECTOR('',#7268,1000.0);
#7270=LINE('',#5366,#7269);
#7271=EDGE_CURVE('',#5367,#5471,#7270,.T.);
#7272=LINE('',#5470,#491);
#7273=EDGE_CURVE('',#5471,#5365,#7272,.T.);
#7274=ORIENTED_EDGE('',*,*,#6357,.F.);
#7275=ORIENTED_EDGE('',*,*,#7271,.T.);
#7276=ORIENTED_EDGE('',*,*,#7273,.T.);
#7277=DIRECTION('',(0.0,-1.0,0.0));
#7278=AXIS2_PLACEMENT_3D('',#5364,#721,#7277);
#7279=PLANE('',#7278);
#7280=EDGE_LOOP('',(#7274,#7275,#7276));
#7281=FACE_BOUND('',#7280,.T.);
#7282=ADVANCED_FACE('',(#7281),#7279,.T.);
#7283=LINE('',#5366,#512);
#7284=EDGE_CURVE('',#5367,#5473,#7283,.T.);
#7285=LINE('',#5472,#1193);
#7286=EDGE_CURVE('',#5473,#5471,#7285,.T.);
#7287=ORIENTED_EDGE('',*,*,#7271,.F.);
#7288=ORIENTED_EDGE('',*,*,#7284,.T.);
#7289=ORIENTED_EDGE('',*,*,#7286,.T.);
#7290=DIRECTION('',(0.25589256031628255,-0.9667052278615119,0.0));
#7291=AXIS2_PLACEMENT_3D('',#5470,#721,#7290);
#7292=PLANE('',#7291);
#7293=EDGE_LOOP('',(#7287,#7288,#7289));
#7294=FACE_BOUND('',#7293,.T.);
#7295=ADVANCED_FACE('',(#7294),#7292,.T.);
#7296=DIRECTION('',(0.0,-1.0,0.0));
#7297=VECTOR('',#7296,1000.0);
#7298=LINE('',#5474,#7297);
#7299=EDGE_CURVE('',#5475,#5477,#7298,.T.);
#7300=DIRECTION('',(0.25589256031628255,0.9667052278615119,0.0));
#7301=VECTOR('',#7300,1000.0);
#7302=LINE('',#5476,#7301);
#7303=EDGE_CURVE('',#5477,#5421,#7302,.T.);
#7304=LINE('',#5420,#512);
#7305=EDGE_CURVE('',#5421,#5475,#7304,.T.);
#7306=ORIENTED_EDGE('',*,*,#7299,.T.);
#7307=ORIENTED_EDGE('',*,*,#7303,.T.);
#7308=ORIENTED_EDGE('',*,*,#7305,.T.);
#7309=DIRECTION('',(-0.0,0.0,1.0));
#7310=DIRECTION('',(0.0,-1.0,0.0));
#7311=AXIS2_PLACEMENT_3D('',#5474,#7309,#7310);
#7312=PLANE('',#7311);
#7313=EDGE_LOOP('',(#7306,#7307,#7308));
#7314=FACE_BOUND('',#7313,.T.);
#7315=ADVANCED_FACE('',(#7314),#7312,.T.);
#7316=LINE('',#5476,#491);
#7317=EDGE_CURVE('',#5477,#5417,#7316,.T.);
#7318=ORIENTED_EDGE('',*,*,#7303,.F.);
#7319=ORIENTED_EDGE('',*,*,#7317,.T.);
#7320=ORIENTED_EDGE('',*,*,#6845,.F.);
#7321=DIRECTION('',(-0.0,0.0,1.0));
#7322=DIRECTION('',(-0.25589256031628255,-0.9667052278615119,0.0));
#7323=AXIS2_PLACEMENT_3D('',#5420,#7321,#7322);
#7324=PLANE('',#7323);
#7325=EDGE_LOOP('',(#7318,#7319,#7320));
#7326=FACE_BOUND('',#7325,.T.);
#7327=ADVANCED_FACE('',(#7326),#7324,.T.);
#7328=LINE('',#5530,#462);
#7329=EDGE_CURVE('',#5531,#5533,#7328,.T.);
#7330=DIRECTION('',(0.0,-0.7071067811865476,-0.7071067811865476));
#7331=VECTOR('',#7330,1000.0);
#7332=LINE('',#5532,#7331);
#7333=EDGE_CURVE('',#5533,#5535,#7332,.T.);
#7334=LINE('',#5534,#1193);
#7335=EDGE_CURVE('',#5535,#5531,#7334,.T.);
#7336=ORIENTED_EDGE('',*,*,#7329,.T.);
#7337=ORIENTED_EDGE('',*,*,#7333,.T.);
#7338=ORIENTED_EDGE('',*,*,#7335,.T.);
#7339=DIRECTION('',(1.0,0.0,-0.0));
#7340=AXIS2_PLACEMENT_3D('',#5530,#7339,#11);
#7341=PLANE('',#7340);
#7342=EDGE_LOOP('',(#7336,#7337,#7338));
#7343=FACE_BOUND('',#7342,.T.);
#7344=ADVANCED_FACE('',(#7343),#7341,.T.);
#7345=DIRECTION('',(0.0,-1.0,0.0));
#7346=VECTOR('',#7345,1000.0);
#7347=LINE('',#5532,#7346);
#7348=EDGE_CURVE('',#5533,#5537,#7347,.T.);
#7349=DIRECTION('',(0.0,0.0,-1.0));
#7350=VECTOR('',#7349,1000.0);
#7351=LINE('',#5536,#7350);
#7352=EDGE_CURVE('',#5537,#5535,#7351,.T.);
#7353=ORIENTED_EDGE('',*,*,#7333,.F.);
#7354=ORIENTED_EDGE('',*,*,#7348,.T.);
#7355=ORIENTED_EDGE('',*,*,#7352,.T.);
#7356=DIRECTION('',(1.0,0.0,-0.0));
#7357=DIRECTION('',(0.0,0.7071067811865476,0.7071067811865476));
#7358=AXIS2_PLACEMENT_3D('',#5534,#7356,#7357);
#7359=PLANE('',#7358);
#7360=EDGE_LOOP('',(#7353,#7354,#7355));
#7361=FACE_BOUND('',#7360,.T.);
#7362=ADVANCED_FACE('',(#7361),#7359,.T.);
#7363=LINE('',#5538,#462);
#7364=EDGE_CURVE('',#5539,#5541,#7363,.T.);
#7365=DIRECTION('',(-0.25589256031628255,0.0,-0.9667052278615119));
#7366=VECTOR('',#7365,1000.0);
#7367=LINE('',#5540,#7366);
#7368=EDGE_CURVE('',#5541,#5543,#7367,.T.);
#7369=LINE('',#5542,#491);
#7370=EDGE_CURVE('',#5543,#5539,#7369,.T.);
#7371=ORIENTED_EDGE('',*,*,#7364,.T.);
#7372=ORIENTED_EDGE('',*,*,#7368,.T.);
#7373=ORIENTED_EDGE('',*,*,#7370,.T.);
#7374=DIRECTION('',(-0.0,-1.0,0.0));
#7375=AXIS2_PLACEMENT_3D('',#5538,#7374,#11);
#7376=PLANE('',#7375);
#7377=EDGE_LOOP('',(#7371,#7372,#7373));
#7378=FACE_BOUND('',#7377,.T.);
#7379=ADVANCED_FACE('',(#7378),#7376,.T.);
#7380=LINE('',#5540,#512);
#7381=EDGE_CURVE('',#5541,#5545,#7380,.T.);
#7382=DIRECTION('',(0.0,0.0,-1.0));
#7383=VECTOR('',#7382,1000.0);
#7384=LINE('',#5544,#7383);
#7385=EDGE_CURVE('',#5545,#5543,#7384,.T.);
#7386=ORIENTED_EDGE('',*,*,#7368,.F.);
#7387=ORIENTED_EDGE('',*,*,#7381,.T.);
#7388=ORIENTED_EDGE('',*,*,#7385,.T.);
#7389=DIRECTION('',(0.0,-1.0,0.0));
#7390=DIRECTION('',(0.25589256031628255,0.0,0.9667052278615119));
#7391=AXIS2_PLACEMENT_3D('',#5542,#7389,#7390);
#7392=PLANE('',#7391);
#7393=EDGE_LOOP('',(#7386,#7387,#7388));
#7394=FACE_BOUND('',#7393,.T.);
#7395=ADVANCED_FACE('',(#7394),#7392,.T.);
#7396=DIRECTION('',(0.0,0.9914420352573238,-0.13054765691047696));
#7397=VECTOR('',#7396,1000.0);
#7398=LINE('',#5510,#7397);
#7399=EDGE_CURVE('',#5511,#5339,#7398,.T.);
#7400=DIRECTION('',(0.0,0.0,-1.0));
#7401=VECTOR('',#7400,1000.0);
#7402=LINE('',#5338,#7401);
#7403=EDGE_CURVE('',#5339,#5547,#7402,.T.);
#7404=DIRECTION('',(0.0,-0.7416647514388031,0.6707707480750918));
#7405=VECTOR('',#7404,1000.0);
#7406=LINE('',#5546,#7405);
#7407=EDGE_CURVE('',#5547,#5511,#7406,.T.);
#7408=ORIENTED_EDGE('',*,*,#7399,.T.);
#7409=ORIENTED_EDGE('',*,*,#7403,.T.);
#7410=ORIENTED_EDGE('',*,*,#7407,.T.);
#7411=DIRECTION('',(0.0,0.9914420352573238,-0.13054765691047696));
#7412=AXIS2_PLACEMENT_3D('',#5510,#511,#7411);
#7413=PLANE('',#7412);
#7414=EDGE_LOOP('',(#7408,#7409,#7410));
#7415=FACE_BOUND('',#7414,.T.);
#7416=ADVANCED_FACE('',(#7415),#7413,.T.);
#7417=LINE('',#5338,#1193);
#7418=EDGE_CURVE('',#5339,#5337,#7417,.T.);
#7419=DIRECTION('',(0.0,-0.999923852899029,-0.012340518771963526));
#7420=VECTOR('',#7419,1000.0);
#7421=LINE('',#5336,#7420);
#7422=EDGE_CURVE('',#5337,#5547,#7421,.T.);
#7423=ORIENTED_EDGE('',*,*,#7403,.F.);
#7424=ORIENTED_EDGE('',*,*,#7418,.T.);
#7425=ORIENTED_EDGE('',*,*,#7422,.T.);
#7426=AXIS2_PLACEMENT_3D('',#5546,#511,#11);
#7427=PLANE('',#7426);
#7428=EDGE_LOOP('',(#7423,#7424,#7425));
#7429=FACE_BOUND('',#7428,.T.);
#7430=ADVANCED_FACE('',(#7429),#7427,.T.);
#7431=DIRECTION('',(0.0,0.9999368433297797,-0.011238743331686151));
#7432=VECTOR('',#7431,1000.0);
#7433=LINE('',#5336,#7432);
#7434=EDGE_CURVE('',#5337,#5549,#7433,.T.);
#7435=DIRECTION('',(0.0,-1.0,0.0));
#7436=VECTOR('',#7435,1000.0);
#7437=LINE('',#5548,#7436);
#7438=EDGE_CURVE('',#5549,#5547,#7437,.T.);
#7439=ORIENTED_EDGE('',*,*,#7422,.F.);
#7440=ORIENTED_EDGE('',*,*,#7434,.T.);
#7441=ORIENTED_EDGE('',*,*,#7438,.T.);
#7442=DIRECTION('',(0.0,0.999923852899029,0.012340518771963526));
#7443=AXIS2_PLACEMENT_3D('',#5546,#511,#7442);
#7444=PLANE('',#7443);
#7445=EDGE_LOOP('',(#7439,#7440,#7441));
#7446=FACE_BOUND('',#7445,.T.);
#7447=ADVANCED_FACE('',(#7446),#7444,.T.);
#7448=LINE('',#5336,#1193);
#7449=EDGE_CURVE('',#5337,#5335,#7448,.T.);
#7450=DIRECTION('',(0.0,0.0,-1.0));
#7451=VECTOR('',#7450,1000.0);
#7452=LINE('',#5334,#7451);
#7453=EDGE_CURVE('',#5335,#5549,#7452,.T.);
#7454=ORIENTED_EDGE('',*,*,#7434,.F.);
#7455=ORIENTED_EDGE('',*,*,#7449,.T.);
#7456=ORIENTED_EDGE('',*,*,#7453,.T.);
#7457=DIRECTION('',(0.0,-0.9999368433297797,0.011238743331686151));
#7458=AXIS2_PLACEMENT_3D('',#5548,#511,#7457);
#7459=PLANE('',#7458);
#7460=EDGE_LOOP('',(#7454,#7455,#7456));
#7461=FACE_BOUND('',#7460,.T.);
#7462=ADVANCED_FACE('',(#7461),#7459,.T.);
#7463=DIRECTION('',(0.0,0.8899940153707186,-0.45597220595591664));
#7464=VECTOR('',#7463,1000.0);
#7465=LINE('',#5334,#7464);
#7466=EDGE_CURVE('',#5335,#5551,#7465,.T.);
#7467=DIRECTION('',(0.0,-0.9914484272354998,-0.13049910395191966));
#7468=VECTOR('',#7467,1000.0);
#7469=LINE('',#5550,#7468);
#7470=EDGE_CURVE('',#5551,#5549,#7469,.T.);
#7471=ORIENTED_EDGE('',*,*,#7453,.F.);
#7472=ORIENTED_EDGE('',*,*,#7466,.T.);
#7473=ORIENTED_EDGE('',*,*,#7470,.T.);
#7474=AXIS2_PLACEMENT_3D('',#5548,#511,#11);
#7475=PLANE('',#7474);
#7476=EDGE_LOOP('',(#7471,#7472,#7473));
#7477=FACE_BOUND('',#7476,.T.);
#7478=ADVANCED_FACE('',(#7477),#7475,.T.);
#7479=DIRECTION('',(0.0,0.9914420352573238,0.13054765691047696));
#7480=VECTOR('',#7479,1000.0);
#7481=LINE('',#5334,#7480);
#7482=EDGE_CURVE('',#5335,#5521,#7481,.T.);
#7483=DIRECTION('',(0.0,0.2587827345919061,-0.9659355549295902));
#7484=VECTOR('',#7483,1000.0);
#7485=LINE('',#5520,#7484);
#7486=EDGE_CURVE('',#5521,#5551,#7485,.T.);
#7487=ORIENTED_EDGE('',*,*,#7466,.F.);
#7488=ORIENTED_EDGE('',*,*,#7482,.T.);
#7489=ORIENTED_EDGE('',*,*,#7486,.T.);
#7490=DIRECTION('',(0.0,-0.8899940153707186,0.45597220595591664));
#7491=AXIS2_PLACEMENT_3D('',#5550,#511,#7490);
#7492=PLANE('',#7491);
#7493=EDGE_LOOP('',(#7487,#7488,#7489));
#7494=FACE_BOUND('',#7493,.T.);
#7495=ADVANCED_FACE('',(#7494),#7492,.T.);
#7496=DIRECTION('',(0.0,0.9776789549256221,-0.21010440522640958));
#7497=VECTOR('',#7496,1000.0);
#7498=LINE('',#5520,#7497);
#7499=EDGE_CURVE('',#5521,#5553,#7498,.T.);
#7500=DIRECTION('',(0.0,-0.9238814389674874,-0.38267882974024703));
#7501=VECTOR('',#7500,1000.0);
#7502=LINE('',#5552,#7501);
#7503=EDGE_CURVE('',#5553,#5551,#7502,.T.);
#7504=ORIENTED_EDGE('',*,*,#7486,.F.);
#7505=ORIENTED_EDGE('',*,*,#7499,.T.);
#7506=ORIENTED_EDGE('',*,*,#7503,.T.);
#7507=DIRECTION('',(0.0,-0.2587827345919061,0.9659355549295902));
#7508=AXIS2_PLACEMENT_3D('',#5550,#511,#7507);
#7509=PLANE('',#7508);
#7510=EDGE_LOOP('',(#7504,#7505,#7506));
#7511=FACE_BOUND('',#7510,.T.);
#7512=ADVANCED_FACE('',(#7511),#7509,.T.);
#7513=DIRECTION('',(0.0,0.9238795690422051,0.38268334417163935));
#7514=VECTOR('',#7513,1000.0);
#7515=LINE('',#5520,#7514);
#7516=EDGE_CURVE('',#5521,#5523,#7515,.T.);
#7517=DIRECTION('',(0.0,0.49996770063001783,-0.8660440510313162));
#7518=VECTOR('',#7517,1000.0);
#7519=LINE('',#5522,#7518);
#7520=EDGE_CURVE('',#5523,#5553,#7519,.T.);
#7521=ORIENTED_EDGE('',*,*,#7499,.F.);
#7522=ORIENTED_EDGE('',*,*,#7516,.T.);
#7523=ORIENTED_EDGE('',*,*,#7520,.T.);
#7524=DIRECTION('',(0.0,-0.9776789549256221,0.21010440522640958));
#7525=AXIS2_PLACEMENT_3D('',#5552,#511,#7524);
#7526=PLANE('',#7525);
#7527=EDGE_LOOP('',(#7521,#7522,#7523));
#7528=FACE_BOUND('',#7527,.T.);
#7529=ADVANCED_FACE('',(#7528),#7526,.T.);
#7530=DIRECTION('',(0.0,0.9987417399562905,0.050149146244792345));
#7531=VECTOR('',#7530,1000.0);
#7532=LINE('',#5522,#7531);
#7533=EDGE_CURVE('',#5523,#5555,#7532,.T.);
#7534=DIRECTION('',(0.0,-0.793316496994997,-0.6088094411189652));
#7535=VECTOR('',#7534,1000.0);
#7536=LINE('',#5554,#7535);
#7537=EDGE_CURVE('',#5555,#5553,#7536,.T.);
#7538=ORIENTED_EDGE('',*,*,#7520,.F.);
#7539=ORIENTED_EDGE('',*,*,#7533,.T.);
#7540=ORIENTED_EDGE('',*,*,#7537,.T.);
#7541=DIRECTION('',(0.0,-0.49996770063001783,0.8660440510313162));
#7542=AXIS2_PLACEMENT_3D('',#5552,#511,#7541);
#7543=PLANE('',#7542);
#7544=EDGE_LOOP('',(#7538,#7539,#7540));
#7545=FACE_BOUND('',#7544,.T.);
#7546=ADVANCED_FACE('',(#7545),#7543,.T.);
#7547=DIRECTION('',(0.0,0.7933411650566998,0.6087772957547596));
#7548=VECTOR('',#7547,1000.0);
#7549=LINE('',#5522,#7548);
#7550=EDGE_CURVE('',#5523,#5525,#7549,.T.);
#7551=LINE('',#5524,#6253);
#7552=EDGE_CURVE('',#5525,#5555,#7551,.T.);
#7553=ORIENTED_EDGE('',*,*,#7533,.F.);
#7554=ORIENTED_EDGE('',*,*,#7550,.T.);
#7555=ORIENTED_EDGE('',*,*,#7552,.T.);
#7556=DIRECTION('',(-1.0,-0.0,0.0));
#7557=DIRECTION('',(0.0,-0.9987417399562905,-0.050149146244792345));
#7558=AXIS2_PLACEMENT_3D('',#5554,#7556,#7557);
#7559=PLANE('',#7558);
#7560=EDGE_LOOP('',(#7553,#7554,#7555));
#7561=FACE_BOUND('',#7560,.T.);
#7562=ADVANCED_FACE('',(#7561),#7559,.T.);
#7563=DIRECTION('',(0.0,0.9517437212117802,0.30689393792310904));
#7564=VECTOR('',#7563,1000.0);
#7565=LINE('',#5524,#7564);
#7566=EDGE_CURVE('',#5525,#5557,#7565,.T.);
#7567=DIRECTION('',(0.0,-0.6088094411189663,-0.7933164969949962));
#7568=VECTOR('',#7567,1000.0);
#7569=LINE('',#5556,#7568);
#7570=EDGE_CURVE('',#5557,#5555,#7569,.T.);
#7571=ORIENTED_EDGE('',*,*,#7552,.F.);
#7572=ORIENTED_EDGE('',*,*,#7566,.T.);
#7573=ORIENTED_EDGE('',*,*,#7570,.T.);
#7574=AXIS2_PLACEMENT_3D('',#5554,#511,#6277);
#7575=PLANE('',#7574);
#7576=EDGE_LOOP('',(#7571,#7572,#7573));
#7577=FACE_BOUND('',#7576,.T.);
#7578=ADVANCED_FACE('',(#7577),#7575,.T.);
#7579=DIRECTION('',(0.0,0.60877729575476,0.7933411650566995));
#7580=VECTOR('',#7579,1000.0);
#7581=LINE('',#5524,#7580);
#7582=EDGE_CURVE('',#5525,#5527,#7581,.T.);
#7583=DIRECTION('',(0.0,0.866044051031317,-0.4999677006300163));
#7584=VECTOR('',#7583,1000.0);
#7585=LINE('',#5526,#7584);
#7586=EDGE_CURVE('',#5527,#5557,#7585,.T.);
#7587=ORIENTED_EDGE('',*,*,#7566,.F.);
#7588=ORIENTED_EDGE('',*,*,#7582,.T.);
#7589=ORIENTED_EDGE('',*,*,#7586,.T.);
#7590=DIRECTION('',(0.0,-0.9517437212117802,-0.30689393792310904));
#7591=AXIS2_PLACEMENT_3D('',#5556,#7556,#7590);
#7592=PLANE('',#7591);
#7593=EDGE_LOOP('',(#7587,#7588,#7589));
#7594=FACE_BOUND('',#7593,.T.);
#7595=ADVANCED_FACE('',(#7594),#7592,.T.);
#7596=DIRECTION('',(0.0,0.8398744659204378,0.5427806937381426));
#7597=VECTOR('',#7596,1000.0);
#7598=LINE('',#5526,#7597);
#7599=EDGE_CURVE('',#5527,#5559,#7598,.T.);
#7600=DIRECTION('',(0.0,-0.38267882974024425,-0.9238814389674886));
#7601=VECTOR('',#7600,1000.0);
#7602=LINE('',#5558,#7601);
#7603=EDGE_CURVE('',#5559,#5557,#7602,.T.);
#7604=ORIENTED_EDGE('',*,*,#7586,.F.);
#7605=ORIENTED_EDGE('',*,*,#7599,.T.);
#7606=ORIENTED_EDGE('',*,*,#7603,.T.);
#7607=DIRECTION('',(0.0,-0.866044051031317,0.4999677006300163));
#7608=AXIS2_PLACEMENT_3D('',#5556,#511,#7607);
#7609=PLANE('',#7608);
#7610=EDGE_LOOP('',(#7604,#7605,#7606));
#7611=FACE_BOUND('',#7610,.T.);
#7612=ADVANCED_FACE('',(#7611),#7609,.T.);
#7613=DIRECTION('',(0.0,0.3826833441716386,0.9238795690422054));
#7614=VECTOR('',#7613,1000.0);
#7615=LINE('',#5526,#7614);
#7616=EDGE_CURVE('',#5527,#5529,#7615,.T.);
#7617=DIRECTION('',(0.0,0.9659355549295909,-0.2587827345919028));
#7618=VECTOR('',#7617,1000.0);
#7619=LINE('',#5528,#7618);
#7620=EDGE_CURVE('',#5529,#5559,#7619,.T.);
#7621=ORIENTED_EDGE('',*,*,#7599,.F.);
#7622=ORIENTED_EDGE('',*,*,#7616,.T.);
#7623=ORIENTED_EDGE('',*,*,#7620,.T.);
#7624=DIRECTION('',(0.0,-0.8398744659204378,-0.5427806937381426));
#7625=AXIS2_PLACEMENT_3D('',#5558,#7556,#7624);
#7626=PLANE('',#7625);
#7627=EDGE_LOOP('',(#7621,#7622,#7623));
#7628=FACE_BOUND('',#7627,.T.);
#7629=ADVANCED_FACE('',(#7628),#7626,.T.);
#7630=DIRECTION('',(0.0,0.6707707480750928,0.7416647514388023));
#7631=VECTOR('',#7630,1000.0);
#7632=LINE('',#5528,#7631);
#7633=EDGE_CURVE('',#5529,#5561,#7632,.T.);
#7634=LINE('',#5560,#6635);
#7635=EDGE_CURVE('',#5561,#5559,#7634,.T.);
#7636=ORIENTED_EDGE('',*,*,#7620,.F.);
#7637=ORIENTED_EDGE('',*,*,#7633,.T.);
#7638=ORIENTED_EDGE('',*,*,#7635,.T.);
#7639=DIRECTION('',(0.0,-0.9659355549295909,0.2587827345919028));
#7640=AXIS2_PLACEMENT_3D('',#5558,#511,#7639);
#7641=PLANE('',#7640);
#7642=EDGE_LOOP('',(#7636,#7637,#7638));
#7643=FACE_BOUND('',#7642,.T.);
#7644=ADVANCED_FACE('',(#7643),#7641,.T.);
#7645=LINE('',#5528,#6648);
#7646=EDGE_CURVE('',#5529,#5479,#7645,.T.);
#7647=LINE('',#5478,#1193);
#7648=EDGE_CURVE('',#5479,#5561,#7647,.T.);
#7649=ORIENTED_EDGE('',*,*,#7633,.F.);
#7650=ORIENTED_EDGE('',*,*,#7646,.T.);
#7651=ORIENTED_EDGE('',*,*,#7648,.T.);
#7652=DIRECTION('',(0.0,-0.6707707480750928,-0.7416647514388023));
#7653=AXIS2_PLACEMENT_3D('',#5560,#7556,#7652);
#7654=PLANE('',#7653);
#7655=EDGE_LOOP('',(#7649,#7650,#7651));
#7656=FACE_BOUND('',#7655,.T.);
#7657=ADVANCED_FACE('',(#7656),#7654,.T.);
#7658=DIRECTION('',(0.0,0.00588225117300538,0.9999826994109137));
#7659=VECTOR('',#7658,1000.0);
#7660=LINE('',#5478,#7659);
#7661=EDGE_CURVE('',#5479,#5563,#7660,.T.);
#7662=DIRECTION('',(0.0,0.0,-1.0));
#7663=VECTOR('',#7662,1000.0);
#7664=LINE('',#5562,#7663);
#7665=EDGE_CURVE('',#5563,#5561,#7664,.T.);
#7666=ORIENTED_EDGE('',*,*,#7648,.F.);
#7667=ORIENTED_EDGE('',*,*,#7661,.T.);
#7668=ORIENTED_EDGE('',*,*,#7665,.T.);
#7669=DIRECTION('',(0.0,-1.0,0.0));
#7670=AXIS2_PLACEMENT_3D('',#5560,#511,#7669);
#7671=PLANE('',#7670);
#7672=EDGE_LOOP('',(#7666,#7667,#7668));
#7673=FACE_BOUND('',#7672,.T.);
#7674=ADVANCED_FACE('',(#7673),#7671,.T.);
#7675=LINE('',#5478,#462);
#7676=EDGE_CURVE('',#5479,#5481,#7675,.T.);
#7677=LINE('',#5480,#1193);
#7678=EDGE_CURVE('',#5481,#5563,#7677,.T.);
#7679=ORIENTED_EDGE('',*,*,#7661,.F.);
#7680=ORIENTED_EDGE('',*,*,#7676,.T.);
#7681=ORIENTED_EDGE('',*,*,#7678,.T.);
#7682=DIRECTION('',(0.0,-0.00588225117300538,-0.9999826994109137));
#7683=AXIS2_PLACEMENT_3D('',#5562,#7556,#7682);
#7684=PLANE('',#7683);
#7685=EDGE_LOOP('',(#7679,#7680,#7681));
#7686=FACE_BOUND('',#7685,.T.);
#7687=ADVANCED_FACE('',(#7686),#7684,.T.);
#7688=DIRECTION('',(0.0,0.45597220595591764,0.8899940153707182));
#7689=VECTOR('',#7688,1000.0);
#7690=LINE('',#5480,#7689);
#7691=EDGE_CURVE('',#5481,#5565,#7690,.T.);
#7692=LINE('',#5564,#6567);
#7693=EDGE_CURVE('',#5565,#5563,#7692,.T.);
#7694=ORIENTED_EDGE('',*,*,#7678,.F.);
#7695=ORIENTED_EDGE('',*,*,#7691,.T.);
#7696=ORIENTED_EDGE('',*,*,#7693,.T.);
#7697=DIRECTION('',(0.0,-1.0,0.0));
#7698=AXIS2_PLACEMENT_3D('',#5562,#511,#7697);
#7699=PLANE('',#7698);
#7700=EDGE_LOOP('',(#7694,#7695,#7696));
#7701=FACE_BOUND('',#7700,.T.);
#7702=ADVANCED_FACE('',(#7701),#7699,.T.);
#7703=LINE('',#5480,#6581);
#7704=EDGE_CURVE('',#5481,#5509,#7703,.T.);
#7705=LINE('',#5508,#6998);
#7706=EDGE_CURVE('',#5509,#5565,#7705,.T.);
#7707=ORIENTED_EDGE('',*,*,#7691,.F.);
#7708=ORIENTED_EDGE('',*,*,#7704,.T.);
#7709=ORIENTED_EDGE('',*,*,#7706,.T.);
#7710=DIRECTION('',(0.0,-0.45597220595591764,-0.8899940153707182));
#7711=AXIS2_PLACEMENT_3D('',#5564,#7556,#7710);
#7712=PLANE('',#7711);
#7713=EDGE_LOOP('',(#7707,#7708,#7709));
#7714=FACE_BOUND('',#7713,.T.);
#7715=ADVANCED_FACE('',(#7714),#7712,.T.);
#7716=DIRECTION('',(0.0,0.21010440522641408,0.9776789549256212));
#7717=VECTOR('',#7716,1000.0);
#7718=LINE('',#5508,#7717);
#7719=EDGE_CURVE('',#5509,#5567,#7718,.T.);
#7720=LINE('',#5566,#6532);
#7721=EDGE_CURVE('',#5567,#5565,#7720,.T.);
#7722=ORIENTED_EDGE('',*,*,#7706,.F.);
#7723=ORIENTED_EDGE('',*,*,#7719,.T.);
#7724=ORIENTED_EDGE('',*,*,#7721,.T.);
#7725=AXIS2_PLACEMENT_3D('',#5564,#7556,#6549);
#7726=PLANE('',#7725);
#7727=EDGE_LOOP('',(#7722,#7723,#7724));
#7728=FACE_BOUND('',#7727,.T.);
#7729=ADVANCED_FACE('',(#7728),#7726,.T.);
#7730=LINE('',#5508,#6546);
#7731=EDGE_CURVE('',#5509,#5507,#7730,.T.);
#7732=LINE('',#5506,#6972);
#7733=EDGE_CURVE('',#5507,#5567,#7732,.T.);
#7734=ORIENTED_EDGE('',*,*,#7719,.F.);
#7735=ORIENTED_EDGE('',*,*,#7731,.T.);
#7736=ORIENTED_EDGE('',*,*,#7733,.T.);
#7737=DIRECTION('',(0.0,-0.21010440522641408,-0.9776789549256212));
#7738=AXIS2_PLACEMENT_3D('',#5566,#7556,#7737);
#7739=PLANE('',#7738);
#7740=EDGE_LOOP('',(#7734,#7735,#7736));
#7741=FACE_BOUND('',#7740,.T.);
#7742=ADVANCED_FACE('',(#7741),#7739,.T.);
#7743=DIRECTION('',(0.0,-0.050149146244789694,0.9987417399562905));
#7744=VECTOR('',#7743,1000.0);
#7745=LINE('',#5506,#7744);
#7746=EDGE_CURVE('',#5507,#5569,#7745,.T.);
#7747=LINE('',#5568,#6497);
#7748=EDGE_CURVE('',#5569,#5567,#7747,.T.);
#7749=ORIENTED_EDGE('',*,*,#7733,.F.);
#7750=ORIENTED_EDGE('',*,*,#7746,.T.);
#7751=ORIENTED_EDGE('',*,*,#7748,.T.);
#7752=AXIS2_PLACEMENT_3D('',#5566,#7556,#6514);
#7753=PLANE('',#7752);
#7754=EDGE_LOOP('',(#7749,#7750,#7751));
#7755=FACE_BOUND('',#7754,.T.);
#7756=ADVANCED_FACE('',(#7755),#7753,.T.);
#7757=LINE('',#5506,#6511);
#7758=EDGE_CURVE('',#5507,#5505,#7757,.T.);
#7759=DIRECTION('',(0.0,0.7071067811865475,0.7071067811865475));
#7760=VECTOR('',#7759,1000.0);
#7761=LINE('',#5504,#7760);
#7762=EDGE_CURVE('',#5505,#5569,#7761,.T.);
#7763=ORIENTED_EDGE('',*,*,#7746,.F.);
#7764=ORIENTED_EDGE('',*,*,#7758,.T.);
#7765=ORIENTED_EDGE('',*,*,#7762,.T.);
#7766=DIRECTION('',(-1.0,-0.0,-0.0));
#7767=DIRECTION('',(0.0,0.050149146244789694,-0.9987417399562905));
#7768=AXIS2_PLACEMENT_3D('',#5568,#7766,#7767);
#7769=PLANE('',#7768);
#7770=EDGE_LOOP('',(#7763,#7764,#7765));
#7771=FACE_BOUND('',#7770,.T.);
#7772=ADVANCED_FACE('',(#7771),#7769,.T.);
#7773=DIRECTION('',(0.0,-0.30689393792310893,0.9517437212117802));
#7774=VECTOR('',#7773,1000.0);
#7775=LINE('',#5504,#7774);
#7776=EDGE_CURVE('',#5505,#5571,#7775,.T.);
#7777=LINE('',#5570,#6461);
#7778=EDGE_CURVE('',#5571,#5569,#7777,.T.);
#7779=ORIENTED_EDGE('',*,*,#7762,.F.);
#7780=ORIENTED_EDGE('',*,*,#7776,.T.);
#7781=ORIENTED_EDGE('',*,*,#7778,.T.);
#7782=DIRECTION('',(0.0,-0.7071067811865475,-0.7071067811865475));
#7783=AXIS2_PLACEMENT_3D('',#5568,#7556,#7782);
#7784=PLANE('',#7783);
#7785=EDGE_LOOP('',(#7779,#7780,#7781));
#7786=FACE_BOUND('',#7785,.T.);
#7787=ADVANCED_FACE('',(#7786),#7784,.T.);
#7788=LINE('',#5504,#6475);
#7789=EDGE_CURVE('',#5505,#5503,#7788,.T.);
#7790=LINE('',#5502,#6918);
#7791=EDGE_CURVE('',#5503,#5571,#7790,.T.);
#7792=ORIENTED_EDGE('',*,*,#7776,.F.);
#7793=ORIENTED_EDGE('',*,*,#7789,.T.);
#7794=ORIENTED_EDGE('',*,*,#7791,.T.);
#7795=DIRECTION('',(-1.0,-0.0,-0.0));
#7796=DIRECTION('',(0.0,0.30689393792310893,-0.9517437212117802));
#7797=AXIS2_PLACEMENT_3D('',#5570,#7795,#7796);
#7798=PLANE('',#7797);
#7799=EDGE_LOOP('',(#7792,#7793,#7794));
#7800=FACE_BOUND('',#7799,.T.);
#7801=ADVANCED_FACE('',(#7800),#7798,.T.);
#7802=DIRECTION('',(0.0,-0.5427806937381459,0.8398744659204357));
#7803=VECTOR('',#7802,1000.0);
#7804=LINE('',#5502,#7803);
#7805=EDGE_CURVE('',#5503,#5573,#7804,.T.);
#7806=LINE('',#5572,#6425);
#7807=EDGE_CURVE('',#5573,#5571,#7806,.T.);
#7808=ORIENTED_EDGE('',*,*,#7791,.F.);
#7809=ORIENTED_EDGE('',*,*,#7805,.T.);
#7810=ORIENTED_EDGE('',*,*,#7807,.T.);
#7811=AXIS2_PLACEMENT_3D('',#5570,#7556,#6442);
#7812=PLANE('',#7811);
#7813=EDGE_LOOP('',(#7808,#7809,#7810));
#7814=FACE_BOUND('',#7813,.T.);
#7815=ADVANCED_FACE('',(#7814),#7812,.T.);
#7816=LINE('',#5502,#6439);
#7817=EDGE_CURVE('',#5503,#5501,#7816,.T.);
#7818=LINE('',#5500,#6891);
#7819=EDGE_CURVE('',#5501,#5573,#7818,.T.);
#7820=ORIENTED_EDGE('',*,*,#7805,.F.);
#7821=ORIENTED_EDGE('',*,*,#7817,.T.);
#7822=ORIENTED_EDGE('',*,*,#7819,.T.);
#7823=DIRECTION('',(-1.0,-0.0,-0.0));
#7824=DIRECTION('',(0.0,0.5427806937381459,-0.8398744659204357));
#7825=AXIS2_PLACEMENT_3D('',#5572,#7823,#7824);
#7826=PLANE('',#7825);
#7827=EDGE_LOOP('',(#7820,#7821,#7822));
#7828=FACE_BOUND('',#7827,.T.);
#7829=ADVANCED_FACE('',(#7828),#7826,.T.);
#7830=DIRECTION('',(0.0,-0.7416647514387986,0.670770748075097));
#7831=VECTOR('',#7830,1000.0);
#7832=LINE('',#5500,#7831);
#7833=EDGE_CURVE('',#5501,#5575,#7832,.T.);
#7834=LINE('',#5574,#6390);
#7835=EDGE_CURVE('',#5575,#5573,#7834,.T.);
#7836=ORIENTED_EDGE('',*,*,#7819,.F.);
#7837=ORIENTED_EDGE('',*,*,#7833,.T.);
#7838=ORIENTED_EDGE('',*,*,#7835,.T.);
#7839=AXIS2_PLACEMENT_3D('',#5572,#7556,#6406);
#7840=PLANE('',#7839);
#7841=EDGE_LOOP('',(#7836,#7837,#7838));
#7842=FACE_BOUND('',#7841,.T.);
#7843=ADVANCED_FACE('',(#7842),#7840,.T.);
#7844=DIRECTION('',(0.0,-0.9914420352573223,0.13054765691048825));
#7845=VECTOR('',#7844,1000.0);
#7846=LINE('',#5500,#7845);
#7847=EDGE_CURVE('',#5501,#5487,#7846,.T.);
#7848=LINE('',#5486,#462);
#7849=EDGE_CURVE('',#5487,#5575,#7848,.T.);
#7850=ORIENTED_EDGE('',*,*,#7833,.F.);
#7851=ORIENTED_EDGE('',*,*,#7847,.T.);
#7852=ORIENTED_EDGE('',*,*,#7849,.T.);
#7853=DIRECTION('',(-1.0,-0.0,-0.0));
#7854=DIRECTION('',(0.0,0.7416647514387986,-0.670770748075097));
#7855=AXIS2_PLACEMENT_3D('',#5574,#7853,#7854);
#7856=PLANE('',#7855);
#7857=EDGE_LOOP('',(#7850,#7851,#7852));
#7858=FACE_BOUND('',#7857,.T.);
#7859=ADVANCED_FACE('',(#7858),#7856,.T.);
#7860=DIRECTION('',(0.0,-0.9999826994109137,0.00588225117300538));
#7861=VECTOR('',#7860,1000.0);
#7862=LINE('',#5486,#7861);
#7863=EDGE_CURVE('',#5487,#5577,#7862,.T.);
#7864=LINE('',#5576,#1193);
#7865=EDGE_CURVE('',#5577,#5575,#7864,.T.);
#7866=ORIENTED_EDGE('',*,*,#7849,.F.);
#7867=ORIENTED_EDGE('',*,*,#7863,.T.);
#7868=ORIENTED_EDGE('',*,*,#7865,.T.);
#7869=DIRECTION('',(-1.0,-0.0,-0.0));
#7870=DIRECTION('',(0.0,0.0,-1.0));
#7871=AXIS2_PLACEMENT_3D('',#5574,#7869,#7870);
#7872=PLANE('',#7871);
#7873=EDGE_LOOP('',(#7866,#7867,#7868));
#7874=FACE_BOUND('',#7873,.T.);
#7875=ADVANCED_FACE('',(#7874),#7872,.T.);
#7876=DIRECTION('',(0.0,-1.0,0.0));
#7877=VECTOR('',#7876,1000.0);
#7878=LINE('',#5486,#7877);
#7879=EDGE_CURVE('',#5487,#5489,#7878,.T.);
#7880=LINE('',#5488,#462);
#7881=EDGE_CURVE('',#5489,#5577,#7880,.T.);
#7882=ORIENTED_EDGE('',*,*,#7863,.F.);
#7883=ORIENTED_EDGE('',*,*,#7879,.T.);
#7884=ORIENTED_EDGE('',*,*,#7881,.T.);
#7885=DIRECTION('',(-1.0,-0.0,-0.0));
#7886=DIRECTION('',(0.0,0.9999826994109137,-0.00588225117300538));
#7887=AXIS2_PLACEMENT_3D('',#5576,#7885,#7886);
#7888=PLANE('',#7887);
#7889=EDGE_LOOP('',(#7882,#7883,#7884));
#7890=FACE_BOUND('',#7889,.T.);
#7891=ADVANCED_FACE('',(#7890),#7888,.T.);
#7892=DIRECTION('',(0.0,-0.8899940153707221,0.45597220595591004));
#7893=VECTOR('',#7892,1000.0);
#7894=LINE('',#5488,#7893);
#7895=EDGE_CURVE('',#5489,#5579,#7894,.T.);
#7896=DIRECTION('',(0.0,0.9914484272354984,0.13049910395192943));
#7897=VECTOR('',#7896,1000.0);
#7898=LINE('',#5578,#7897);
#7899=EDGE_CURVE('',#5579,#5577,#7898,.T.);
#7900=ORIENTED_EDGE('',*,*,#7881,.F.);
#7901=ORIENTED_EDGE('',*,*,#7895,.T.);
#7902=ORIENTED_EDGE('',*,*,#7899,.T.);
#7903=DIRECTION('',(-1.0,-0.0,-0.0));
#7904=DIRECTION('',(0.0,0.0,-1.0));
#7905=AXIS2_PLACEMENT_3D('',#5576,#7903,#7904);
#7906=PLANE('',#7905);
#7907=EDGE_LOOP('',(#7900,#7901,#7902));
#7908=FACE_BOUND('',#7907,.T.);
#7909=ADVANCED_FACE('',(#7908),#7906,.T.);
#7910=LINE('',#5488,#6316);
#7911=EDGE_CURVE('',#5489,#5491,#7910,.T.);
#7912=DIRECTION('',(0.0,-0.25878273459190604,0.9659355549295902));
#7913=VECTOR('',#7912,1000.0);
#7914=LINE('',#5490,#7913);
#7915=EDGE_CURVE('',#5491,#5579,#7914,.T.);
#7916=ORIENTED_EDGE('',*,*,#7895,.F.);
#7917=ORIENTED_EDGE('',*,*,#7911,.T.);
#7918=ORIENTED_EDGE('',*,*,#7915,.T.);
#7919=DIRECTION('',(-1.0,0.0,-0.0));
#7920=DIRECTION('',(0.0,0.8899940153707221,-0.45597220595591004));
#7921=AXIS2_PLACEMENT_3D('',#5578,#7919,#7920);
#7922=PLANE('',#7921);
#7923=EDGE_LOOP('',(#7916,#7917,#7918));
#7924=FACE_BOUND('',#7923,.T.);
#7925=ADVANCED_FACE('',(#7924),#7922,.T.);
#7926=DIRECTION('',(0.0,-0.9776789549256202,0.21010440522641885));
#7927=VECTOR('',#7926,1000.0);
#7928=LINE('',#5490,#7927);
#7929=EDGE_CURVE('',#5491,#5581,#7928,.T.);
#7930=DIRECTION('',(0.0,0.9238814389674911,0.3826788297402379));
#7931=VECTOR('',#7930,1000.0);
#7932=LINE('',#5580,#7931);
#7933=EDGE_CURVE('',#5581,#5579,#7932,.T.);
#7934=ORIENTED_EDGE('',*,*,#7915,.F.);
#7935=ORIENTED_EDGE('',*,*,#7929,.T.);
#7936=ORIENTED_EDGE('',*,*,#7933,.T.);
#7937=DIRECTION('',(-1.0,-0.0,-0.0));
#7938=DIRECTION('',(0.0,0.25878273459190604,-0.9659355549295902));
#7939=AXIS2_PLACEMENT_3D('',#5578,#7937,#7938);
#7940=PLANE('',#7939);
#7941=EDGE_LOOP('',(#7934,#7935,#7936));
#7942=FACE_BOUND('',#7941,.T.);
#7943=ADVANCED_FACE('',(#7942),#7940,.T.);
#7944=DIRECTION('',(0.0,-0.9238795690422088,-0.3826833441716302));
#7945=VECTOR('',#7944,1000.0);
#7946=LINE('',#5490,#7945);
#7947=EDGE_CURVE('',#5491,#5493,#7946,.T.);
#7948=DIRECTION('',(0.0,-0.49996770063001655,0.8660440510313169));
#7949=VECTOR('',#7948,1000.0);
#7950=LINE('',#5492,#7949);
#7951=EDGE_CURVE('',#5493,#5581,#7950,.T.);
#7952=ORIENTED_EDGE('',*,*,#7929,.F.);
#7953=ORIENTED_EDGE('',*,*,#7947,.T.);
#7954=ORIENTED_EDGE('',*,*,#7951,.T.);
#7955=DIRECTION('',(-1.0,0.0,-0.0));
#7956=DIRECTION('',(0.0,0.9776789549256202,-0.21010440522641885));
#7957=AXIS2_PLACEMENT_3D('',#5580,#7955,#7956);
#7958=PLANE('',#7957);
#7959=EDGE_LOOP('',(#7952,#7953,#7954));
#7960=FACE_BOUND('',#7959,.T.);
#7961=ADVANCED_FACE('',(#7960),#7958,.T.);
#7962=DIRECTION('',(0.0,-0.9987417399562905,-0.05014914624479001));
#7963=VECTOR('',#7962,1000.0);
#7964=LINE('',#5492,#7963);
#7965=EDGE_CURVE('',#5493,#5583,#7964,.T.);
#7966=DIRECTION('',(0.0,0.7933164969949974,0.6088094411189648));
#7967=VECTOR('',#7966,1000.0);
#7968=LINE('',#5582,#7967);
#7969=EDGE_CURVE('',#5583,#5581,#7968,.T.);
#7970=ORIENTED_EDGE('',*,*,#7951,.F.);
#7971=ORIENTED_EDGE('',*,*,#7965,.T.);
#7972=ORIENTED_EDGE('',*,*,#7969,.T.);
#7973=DIRECTION('',(-1.0,0.0,-0.0));
#7974=DIRECTION('',(0.0,0.49996770063001655,-0.8660440510313169));
#7975=AXIS2_PLACEMENT_3D('',#5580,#7973,#7974);
#7976=PLANE('',#7975);
#7977=EDGE_LOOP('',(#7970,#7971,#7972));
#7978=FACE_BOUND('',#7977,.T.);
#7979=ADVANCED_FACE('',(#7978),#7976,.T.);
#7980=DIRECTION('',(0.0,-0.7933411650566996,-0.60877729575476));
#7981=VECTOR('',#7980,1000.0);
#7982=LINE('',#5492,#7981);
#7983=EDGE_CURVE('',#5493,#5495,#7982,.T.);
#7984=LINE('',#5494,#6722);
#7985=EDGE_CURVE('',#5495,#5583,#7984,.T.);
#7986=ORIENTED_EDGE('',*,*,#7965,.F.);
#7987=ORIENTED_EDGE('',*,*,#7983,.T.);
#7988=ORIENTED_EDGE('',*,*,#7985,.T.);
#7989=DIRECTION('',(-1.0,0.0,-0.0));
#7990=DIRECTION('',(0.0,0.9987417399562905,0.05014914624479001));
#7991=AXIS2_PLACEMENT_3D('',#5582,#7989,#7990);
#7992=PLANE('',#7991);
#7993=EDGE_LOOP('',(#7986,#7987,#7988));
#7994=FACE_BOUND('',#7993,.T.);
#7995=ADVANCED_FACE('',(#7994),#7992,.T.);
#7996=DIRECTION('',(0.0,-0.9517437212117802,-0.30689393792310893));
#7997=VECTOR('',#7996,1000.0);
#7998=LINE('',#5494,#7997);
#7999=EDGE_CURVE('',#5495,#5585,#7998,.T.);
#8000=DIRECTION('',(0.0,0.6088094411189648,0.7933164969949974));
#8001=VECTOR('',#8000,1000.0);
#8002=LINE('',#5584,#8001);
#8003=EDGE_CURVE('',#5585,#5583,#8002,.T.);
#8004=ORIENTED_EDGE('',*,*,#7985,.F.);
#8005=ORIENTED_EDGE('',*,*,#7999,.T.);
#8006=ORIENTED_EDGE('',*,*,#8003,.T.);
#8007=DIRECTION('',(-1.0,0.0,-0.0));
#8008=AXIS2_PLACEMENT_3D('',#5582,#8007,#6252);
#8009=PLANE('',#8008);
#8010=EDGE_LOOP('',(#8004,#8005,#8006));
#8011=FACE_BOUND('',#8010,.T.);
#8012=ADVANCED_FACE('',(#8011),#8009,.T.);
#8013=DIRECTION('',(0.0,-0.6087772957547559,-0.7933411650567027));
#8014=VECTOR('',#8013,1000.0);
#8015=LINE('',#5494,#8014);
#8016=EDGE_CURVE('',#5495,#5497,#8015,.T.);
#8017=DIRECTION('',(0.0,-0.8660440510313121,0.4999677006300249));
#8018=VECTOR('',#8017,1000.0);
#8019=LINE('',#5496,#8018);
#8020=EDGE_CURVE('',#5497,#5585,#8019,.T.);
#8021=ORIENTED_EDGE('',*,*,#7999,.F.);
#8022=ORIENTED_EDGE('',*,*,#8016,.T.);
#8023=ORIENTED_EDGE('',*,*,#8020,.T.);
#8024=DIRECTION('',(-1.0,0.0,-0.0));
#8025=DIRECTION('',(0.0,0.9517437212117802,0.30689393792310893));
#8026=AXIS2_PLACEMENT_3D('',#5584,#8024,#8025);
#8027=PLANE('',#8026);
#8028=EDGE_LOOP('',(#8021,#8022,#8023));
#8029=FACE_BOUND('',#8028,.T.);
#8030=ADVANCED_FACE('',(#8029),#8027,.T.);
#8031=DIRECTION('',(0.0,-0.8398744659204376,-0.542780693738143));
#8032=VECTOR('',#8031,1000.0);
#8033=LINE('',#5496,#8032);
#8034=EDGE_CURVE('',#5497,#5587,#8033,.T.);
#8035=DIRECTION('',(0.0,0.3826788297402414,0.9238814389674896));
#8036=VECTOR('',#8035,1000.0);
#8037=LINE('',#5586,#8036);
#8038=EDGE_CURVE('',#5587,#5585,#8037,.T.);
#8039=ORIENTED_EDGE('',*,*,#8020,.F.);
#8040=ORIENTED_EDGE('',*,*,#8034,.T.);
#8041=ORIENTED_EDGE('',*,*,#8038,.T.);
#8042=DIRECTION('',(-1.0,0.0,-0.0));
#8043=DIRECTION('',(0.0,0.8660440510313121,-0.4999677006300249));
#8044=AXIS2_PLACEMENT_3D('',#5584,#8042,#8043);
#8045=PLANE('',#8044);
#8046=EDGE_LOOP('',(#8039,#8040,#8041));
#8047=FACE_BOUND('',#8046,.T.);
#8048=ADVANCED_FACE('',(#8047),#8045,.T.);
#8049=DIRECTION('',(0.0,-0.38268334417164346,-0.9238795690422034));
#8050=VECTOR('',#8049,1000.0);
#8051=LINE('',#5496,#8050);
#8052=EDGE_CURVE('',#5497,#5499,#8051,.T.);
#8053=DIRECTION('',(0.0,-0.9659355549295957,0.25878273459188533));
#8054=VECTOR('',#8053,1000.0);
#8055=LINE('',#5498,#8054);
#8056=EDGE_CURVE('',#5499,#5587,#8055,.T.);
#8057=ORIENTED_EDGE('',*,*,#8034,.F.);
#8058=ORIENTED_EDGE('',*,*,#8052,.T.);
#8059=ORIENTED_EDGE('',*,*,#8056,.T.);
#8060=DIRECTION('',(-1.0,0.0,-0.0));
#8061=DIRECTION('',(0.0,0.8398744659204376,0.542780693738143));
#8062=AXIS2_PLACEMENT_3D('',#5586,#8060,#8061);
#8063=PLANE('',#8062);
#8064=EDGE_LOOP('',(#8057,#8058,#8059));
#8065=FACE_BOUND('',#8064,.T.);
#8066=ADVANCED_FACE('',(#8065),#8063,.T.);
#8067=DIRECTION('',(0.0,-0.6707707480750902,-0.7416647514388045));
#8068=VECTOR('',#8067,1000.0);
#8069=LINE('',#5498,#8068);
#8070=EDGE_CURVE('',#5499,#5545,#8069,.T.);
#8071=DIRECTION('',(0.0,0.1304991039519234,0.9914484272354993));
#8072=VECTOR('',#8071,1000.0);
#8073=LINE('',#5544,#8072);
#8074=EDGE_CURVE('',#5545,#5587,#8073,.T.);
#8075=ORIENTED_EDGE('',*,*,#8056,.F.);
#8076=ORIENTED_EDGE('',*,*,#8070,.T.);
#8077=ORIENTED_EDGE('',*,*,#8074,.T.);
#8078=DIRECTION('',(-1.0,0.0,-0.0));
#8079=DIRECTION('',(0.0,0.9659355549295957,-0.25878273459188533));
#8080=AXIS2_PLACEMENT_3D('',#5586,#8078,#8079);
#8081=PLANE('',#8080);
#8082=EDGE_LOOP('',(#8075,#8076,#8077));
#8083=FACE_BOUND('',#8082,.T.);
#8084=ADVANCED_FACE('',(#8083),#8081,.T.);
#8085=DIRECTION('',(0.0,-0.1305476569104788,-0.9914420352573236));
#8086=VECTOR('',#8085,1000.0);
#8087=LINE('',#5498,#8086);
#8088=EDGE_CURVE('',#5499,#5483,#8087,.T.);
#8089=DIRECTION('',(0.0,-1.0,0.0));
#8090=VECTOR('',#8089,1000.0);
#8091=LINE('',#5482,#8090);
#8092=EDGE_CURVE('',#5483,#5545,#8091,.T.);
#8093=ORIENTED_EDGE('',*,*,#8070,.F.);
#8094=ORIENTED_EDGE('',*,*,#8088,.T.);
#8095=ORIENTED_EDGE('',*,*,#8092,.T.);
#8096=DIRECTION('',(-1.0,0.0,-0.0));
#8097=DIRECTION('',(0.0,0.6707707480750902,0.7416647514388045));
#8098=AXIS2_PLACEMENT_3D('',#5544,#8096,#8097);
#8099=PLANE('',#8098);
#8100=EDGE_LOOP('',(#8093,#8094,#8095));
#8101=FACE_BOUND('',#8100,.T.);
#8102=ADVANCED_FACE('',(#8101),#8099,.T.);
#8103=DIRECTION('',(0.0,-0.00588225117300538,-0.9999826994109137));
#8104=VECTOR('',#8103,1000.0);
#8105=LINE('',#5482,#8104);
#8106=EDGE_CURVE('',#5483,#5543,#8105,.T.);
#8107=ORIENTED_EDGE('',*,*,#8092,.F.);
#8108=ORIENTED_EDGE('',*,*,#8106,.T.);
#8109=ORIENTED_EDGE('',*,*,#7385,.F.);
#8110=DIRECTION('',(-1.0,0.0,-0.0));
#8111=AXIS2_PLACEMENT_3D('',#5544,#8110,#1192);
#8112=PLANE('',#8111);
#8113=EDGE_LOOP('',(#8107,#8108,#8109));
#8114=FACE_BOUND('',#8113,.T.);
#8115=ADVANCED_FACE('',(#8114),#8112,.T.);
#8116=DIRECTION('',(0.0,0.0,-1.0));
#8117=VECTOR('',#8116,1000.0);
#8118=LINE('',#5482,#8117);
#8119=EDGE_CURVE('',#5483,#5485,#8118,.T.);
#8120=DIRECTION('',(0.0,-1.0,0.0));
#8121=VECTOR('',#8120,1000.0);
#8122=LINE('',#5484,#8121);
#8123=EDGE_CURVE('',#5485,#5543,#8122,.T.);
#8124=ORIENTED_EDGE('',*,*,#8106,.F.);
#8125=ORIENTED_EDGE('',*,*,#8119,.T.);
#8126=ORIENTED_EDGE('',*,*,#8123,.T.);
#8127=DIRECTION('',(0.0,0.00588225117300538,0.9999826994109137));
#8128=AXIS2_PLACEMENT_3D('',#5542,#511,#8127);
#8129=PLANE('',#8128);
#8130=EDGE_LOOP('',(#8124,#8125,#8126));
#8131=FACE_BOUND('',#8130,.T.);
#8132=ADVANCED_FACE('',(#8131),#8129,.T.);
#8133=DIRECTION('',(0.0,-0.4559722059559154,-0.8899940153707194));
#8134=VECTOR('',#8133,1000.0);
#8135=LINE('',#5484,#8134);
#8136=EDGE_CURVE('',#5485,#5589,#8135,.T.);
#8137=DIRECTION('',(0.0,-0.13049910395192257,0.9914484272354993));
#8138=VECTOR('',#8137,1000.0);
#8139=LINE('',#5588,#8138);
#8140=EDGE_CURVE('',#5589,#5543,#8139,.T.);
#8141=ORIENTED_EDGE('',*,*,#8123,.F.);
#8142=ORIENTED_EDGE('',*,*,#8136,.T.);
#8143=ORIENTED_EDGE('',*,*,#8140,.T.);
#8144=DIRECTION('',(-1.0,0.0,-0.0));
#8145=AXIS2_PLACEMENT_3D('',#5542,#8144,#1192);
#8146=PLANE('',#8145);
#8147=EDGE_LOOP('',(#8141,#8142,#8143));
#8148=FACE_BOUND('',#8147,.T.);
#8149=ADVANCED_FACE('',(#8148),#8146,.T.);
#8150=DIRECTION('',(0.0,0.13054765691047968,-0.9914420352573233));
#8151=VECTOR('',#8150,1000.0);
#8152=LINE('',#5484,#8151);
#8153=EDGE_CURVE('',#5485,#5519,#8152,.T.);
#8154=LINE('',#5518,#6550);
#8155=EDGE_CURVE('',#5519,#5589,#8154,.T.);
#8156=ORIENTED_EDGE('',*,*,#8136,.F.);
#8157=ORIENTED_EDGE('',*,*,#8153,.T.);
#8158=ORIENTED_EDGE('',*,*,#8155,.T.);
#8159=DIRECTION('',(0.0,0.4559722059559154,0.8899940153707194));
#8160=AXIS2_PLACEMENT_3D('',#5588,#511,#8159);
#8161=PLANE('',#8160);
#8162=EDGE_LOOP('',(#8156,#8157,#8158));
#8163=FACE_BOUND('',#8162,.T.);
#8164=ADVANCED_FACE('',(#8163),#8161,.T.);
#8165=DIRECTION('',(0.0,-0.21010440522641333,-0.9776789549256214));
#8166=VECTOR('',#8165,1000.0);
#8167=LINE('',#5518,#8166);
#8168=EDGE_CURVE('',#5519,#5591,#8167,.T.);
#8169=LINE('',#5590,#6546);
#8170=EDGE_CURVE('',#5591,#5589,#8169,.T.);
#8171=ORIENTED_EDGE('',*,*,#8155,.F.);
#8172=ORIENTED_EDGE('',*,*,#8168,.T.);
#8173=ORIENTED_EDGE('',*,*,#8170,.T.);
#8174=DIRECTION('',(-1.0,0.0,-0.0));
#8175=AXIS2_PLACEMENT_3D('',#5588,#8174,#6574);
#8176=PLANE('',#8175);
#8177=EDGE_LOOP('',(#8171,#8172,#8173));
#8178=FACE_BOUND('',#8177,.T.);
#8179=ADVANCED_FACE('',(#8178),#8176,.T.);
#8180=LINE('',#5518,#6532);
#8181=EDGE_CURVE('',#5519,#5517,#8180,.T.);
#8182=LINE('',#5516,#6515);
#8183=EDGE_CURVE('',#5517,#5591,#8182,.T.);
#8184=ORIENTED_EDGE('',*,*,#8168,.F.);
#8185=ORIENTED_EDGE('',*,*,#8181,.T.);
#8186=ORIENTED_EDGE('',*,*,#8183,.T.);
#8187=DIRECTION('',(0.0,0.21010440522641333,0.9776789549256214));
#8188=AXIS2_PLACEMENT_3D('',#5590,#511,#8187);
#8189=PLANE('',#8188);
#8190=EDGE_LOOP('',(#8184,#8185,#8186));
#8191=FACE_BOUND('',#8190,.T.);
#8192=ADVANCED_FACE('',(#8191),#8189,.T.);
#8193=DIRECTION('',(0.0,0.05014914624479016,-0.9987417399562905));
#8194=VECTOR('',#8193,1000.0);
#8195=LINE('',#5516,#8194);
#8196=EDGE_CURVE('',#5517,#5593,#8195,.T.);
#8197=LINE('',#5592,#6511);
#8198=EDGE_CURVE('',#5593,#5591,#8197,.T.);
#8199=ORIENTED_EDGE('',*,*,#8183,.F.);
#8200=ORIENTED_EDGE('',*,*,#8196,.T.);
#8201=ORIENTED_EDGE('',*,*,#8198,.T.);
#8202=AXIS2_PLACEMENT_3D('',#5590,#511,#6539);
#8203=PLANE('',#8202);
#8204=EDGE_LOOP('',(#8199,#8200,#8201));
#8205=FACE_BOUND('',#8204,.T.);
#8206=ADVANCED_FACE('',(#8205),#8203,.T.);
#8207=LINE('',#5516,#6497);
#8208=EDGE_CURVE('',#5517,#5515,#8207,.T.);
#8209=DIRECTION('',(0.0,-0.7071067811865501,-0.7071067811865451));
#8210=VECTOR('',#8209,1000.0);
#8211=LINE('',#5514,#8210);
#8212=EDGE_CURVE('',#5515,#5593,#8211,.T.);
#8213=ORIENTED_EDGE('',*,*,#8196,.F.);
#8214=ORIENTED_EDGE('',*,*,#8208,.T.);
#8215=ORIENTED_EDGE('',*,*,#8212,.T.);
#8216=DIRECTION('',(0.0,-0.05014914624479016,0.9987417399562905));
#8217=AXIS2_PLACEMENT_3D('',#5592,#511,#8216);
#8218=PLANE('',#8217);
#8219=EDGE_LOOP('',(#8213,#8214,#8215));
#8220=FACE_BOUND('',#8219,.T.);
#8221=ADVANCED_FACE('',(#8220),#8218,.T.);
#8222=DIRECTION('',(0.0,0.3068939379231096,-0.9517437212117801));
#8223=VECTOR('',#8222,1000.0);
#8224=LINE('',#5514,#8223);
#8225=EDGE_CURVE('',#5515,#5595,#8224,.T.);
#8226=LINE('',#5594,#6475);
#8227=EDGE_CURVE('',#5595,#5593,#8226,.T.);
#8228=ORIENTED_EDGE('',*,*,#8212,.F.);
#8229=ORIENTED_EDGE('',*,*,#8225,.T.);
#8230=ORIENTED_EDGE('',*,*,#8227,.T.);
#8231=DIRECTION('',(0.0,0.7071067811865501,0.7071067811865451));
#8232=AXIS2_PLACEMENT_3D('',#5592,#511,#8231);
#8233=PLANE('',#8232);
#8234=EDGE_LOOP('',(#8228,#8229,#8230));
#8235=FACE_BOUND('',#8234,.T.);
#8236=ADVANCED_FACE('',(#8235),#8233,.T.);
#8237=LINE('',#5514,#6461);
#8238=EDGE_CURVE('',#5515,#5513,#8237,.T.);
#8239=LINE('',#5512,#6443);
#8240=EDGE_CURVE('',#5513,#5595,#8239,.T.);
#8241=ORIENTED_EDGE('',*,*,#8225,.F.);
#8242=ORIENTED_EDGE('',*,*,#8238,.T.);
#8243=ORIENTED_EDGE('',*,*,#8240,.T.);
#8244=DIRECTION('',(0.0,-0.3068939379231096,0.9517437212117801));
#8245=AXIS2_PLACEMENT_3D('',#5594,#511,#8244);
#8246=PLANE('',#8245);
#8247=EDGE_LOOP('',(#8241,#8242,#8243));
#8248=FACE_BOUND('',#8247,.T.);
#8249=ADVANCED_FACE('',(#8248),#8246,.T.);
#8250=DIRECTION('',(0.0,0.5427806937381423,-0.8398744659204381));
#8251=VECTOR('',#8250,1000.0);
#8252=LINE('',#5512,#8251);
#8253=EDGE_CURVE('',#5513,#5597,#8252,.T.);
#8254=LINE('',#5596,#6439);
#8255=EDGE_CURVE('',#5597,#5595,#8254,.T.);
#8256=ORIENTED_EDGE('',*,*,#8240,.F.);
#8257=ORIENTED_EDGE('',*,*,#8253,.T.);
#8258=ORIENTED_EDGE('',*,*,#8255,.T.);
#8259=AXIS2_PLACEMENT_3D('',#5594,#511,#6468);
#8260=PLANE('',#8259);
#8261=EDGE_LOOP('',(#8256,#8257,#8258));
#8262=FACE_BOUND('',#8261,.T.);
#8263=ADVANCED_FACE('',(#8262),#8260,.T.);
#8264=LINE('',#5512,#6425);
#8265=EDGE_CURVE('',#5513,#5511,#8264,.T.);
#8266=LINE('',#5510,#6407);
#8267=EDGE_CURVE('',#5511,#5597,#8266,.T.);
#8268=ORIENTED_EDGE('',*,*,#8253,.F.);
#8269=ORIENTED_EDGE('',*,*,#8265,.T.);
#8270=ORIENTED_EDGE('',*,*,#8267,.T.);
#8271=DIRECTION('',(0.0,-0.5427806937381423,0.8398744659204381));
#8272=AXIS2_PLACEMENT_3D('',#5596,#511,#8271);
#8273=PLANE('',#8272);
#8274=EDGE_LOOP('',(#8268,#8269,#8270));
#8275=FACE_BOUND('',#8274,.T.);
#8276=ADVANCED_FACE('',(#8275),#8273,.T.);
#8277=DIRECTION('',(0.0,-0.9914484272354998,0.13049910395191966));
#8278=VECTOR('',#8277,1000.0);
#8279=LINE('',#5546,#8278);
#8280=EDGE_CURVE('',#5547,#5597,#8279,.T.);
#8281=ORIENTED_EDGE('',*,*,#8267,.F.);
#8282=ORIENTED_EDGE('',*,*,#7407,.F.);
#8283=ORIENTED_EDGE('',*,*,#8280,.T.);
#8284=AXIS2_PLACEMENT_3D('',#5596,#511,#6432);
#8285=PLANE('',#8284);
#8286=EDGE_LOOP('',(#8281,#8282,#8283));
#8287=FACE_BOUND('',#8286,.T.);
#8288=ADVANCED_FACE('',(#8287),#8285,.T.);
#8289=LINE('',#5562,#6286);
#8290=EDGE_CURVE('',#5563,#5599,#8289,.T.);
#8291=LINE('',#5598,#512);
#8292=EDGE_CURVE('',#5599,#5561,#8291,.T.);
#8293=ORIENTED_EDGE('',*,*,#7665,.F.);
#8294=ORIENTED_EDGE('',*,*,#8290,.T.);
#8295=ORIENTED_EDGE('',*,*,#8292,.T.);
#8296=AXIS2_PLACEMENT_3D('',#5560,#501,#11);
#8297=PLANE('',#8296);
#8298=EDGE_LOOP('',(#8293,#8294,#8295));
#8299=FACE_BOUND('',#8298,.T.);
#8300=ADVANCED_FACE('',(#8299),#8297,.T.);
#8301=LINE('',#5562,#491);
#8302=EDGE_CURVE('',#5563,#5601,#8301,.T.);
#8303=DIRECTION('',(0.0,0.0,-1.0));
#8304=VECTOR('',#8303,1000.0);
#8305=LINE('',#5600,#8304);
#8306=EDGE_CURVE('',#5601,#5599,#8305,.T.);
#8307=ORIENTED_EDGE('',*,*,#8290,.F.);
#8308=ORIENTED_EDGE('',*,*,#8302,.T.);
#8309=ORIENTED_EDGE('',*,*,#8306,.T.);
#8310=DIRECTION('',(0.0,1.0,-0.0));
#8311=AXIS2_PLACEMENT_3D('',#5598,#8310,#6309);
#8312=PLANE('',#8311);
#8313=EDGE_LOOP('',(#8307,#8308,#8309));
#8314=FACE_BOUND('',#8313,.T.);
#8315=ADVANCED_FACE('',(#8314),#8312,.T.);
#8316=DIRECTION('',(0.0,-1.0,0.0));
#8317=VECTOR('',#8316,1000.0);
#8318=LINE('',#5602,#8317);
#8319=EDGE_CURVE('',#5603,#5605,#8318,.T.);
#8320=LINE('',#5604,#7269);
#8321=EDGE_CURVE('',#5605,#5549,#8320,.T.);
#8322=LINE('',#5548,#491);
#8323=EDGE_CURVE('',#5549,#5603,#8322,.T.);
#8324=ORIENTED_EDGE('',*,*,#8319,.T.);
#8325=ORIENTED_EDGE('',*,*,#8321,.T.);
#8326=ORIENTED_EDGE('',*,*,#8323,.T.);
#8327=DIRECTION('',(0.0,-1.0,0.0));
#8328=AXIS2_PLACEMENT_3D('',#5602,#721,#8327);
#8329=PLANE('',#8328);
#8330=EDGE_LOOP('',(#8324,#8325,#8326));
#8331=FACE_BOUND('',#8330,.T.);
#8332=ADVANCED_FACE('',(#8331),#8329,.T.);
#8333=LINE('',#5604,#512);
#8334=EDGE_CURVE('',#5605,#5547,#8333,.T.);
#8335=ORIENTED_EDGE('',*,*,#8321,.F.);
#8336=ORIENTED_EDGE('',*,*,#8334,.T.);
#8337=ORIENTED_EDGE('',*,*,#7438,.F.);
#8338=AXIS2_PLACEMENT_3D('',#5548,#721,#7290);
#8339=PLANE('',#8338);
#8340=EDGE_LOOP('',(#8335,#8336,#8337));
#8341=FACE_BOUND('',#8340,.T.);
#8342=ADVANCED_FACE('',(#8341),#8339,.T.);
#8343=LINE('',#5576,#7301);
#8344=EDGE_CURVE('',#5577,#5607,#8343,.T.);
#8345=LINE('',#5606,#512);
#8346=EDGE_CURVE('',#5607,#5575,#8345,.T.);
#8347=ORIENTED_EDGE('',*,*,#7865,.F.);
#8348=ORIENTED_EDGE('',*,*,#8344,.T.);
#8349=ORIENTED_EDGE('',*,*,#8346,.T.);
#8350=DIRECTION('',(-0.0,0.0,1.0));
#8351=DIRECTION('',(0.0,-1.0,0.0));
#8352=AXIS2_PLACEMENT_3D('',#5574,#8350,#8351);
#8353=PLANE('',#8352);
#8354=EDGE_LOOP('',(#8347,#8348,#8349));
#8355=FACE_BOUND('',#8354,.T.);
#8356=ADVANCED_FACE('',(#8355),#8353,.T.);
#8357=LINE('',#5576,#491);
#8358=EDGE_CURVE('',#5577,#5609,#8357,.T.);
#8359=LINE('',#5608,#1193);
#8360=EDGE_CURVE('',#5609,#5607,#8359,.T.);
#8361=ORIENTED_EDGE('',*,*,#8344,.F.);
#8362=ORIENTED_EDGE('',*,*,#8358,.T.);
#8363=ORIENTED_EDGE('',*,*,#8360,.T.);
#8364=DIRECTION('',(-0.0,0.0,1.0));
#8365=AXIS2_PLACEMENT_3D('',#5606,#8364,#7322);
#8366=PLANE('',#8365);
#8367=EDGE_LOOP('',(#8361,#8362,#8363));
#8368=FACE_BOUND('',#8367,.T.);
#8369=ADVANCED_FACE('',(#8368),#8366,.T.);
#8370=DIRECTION('',(0.9993948022426178,0.03448800418672362,0.0045394732795201505));
#8371=VECTOR('',#8370,1000.0);
#8372=LINE('',#5578,#8371);
#8373=EDGE_CURVE('',#5579,#5609,#8372,.T.);
#8374=ORIENTED_EDGE('',*,*,#8358,.F.);
#8375=ORIENTED_EDGE('',*,*,#7899,.F.);
#8376=ORIENTED_EDGE('',*,*,#8373,.T.);
#8377=DIRECTION('',(0.0,-0.13049910395192948,0.9914484272354985));
#8378=AXIS2_PLACEMENT_3D('',#5608,#8377,#511);
#8379=PLANE('',#8378);
#8380=EDGE_LOOP('',(#8374,#8375,#8376));
#8381=FACE_BOUND('',#8380,.T.);
#8382=ADVANCED_FACE('',(#8381),#8379,.T.);
#8383=LINE('',#5578,#491);
#8384=EDGE_CURVE('',#5579,#5611,#8383,.T.);
#8385=DIRECTION('',(0.0,0.9914484272354984,0.13049910395192943));
#8386=VECTOR('',#8385,1000.0);
#8387=LINE('',#5610,#8386);
#8388=EDGE_CURVE('',#5611,#5609,#8387,.T.);
#8389=ORIENTED_EDGE('',*,*,#8373,.F.);
#8390=ORIENTED_EDGE('',*,*,#8384,.T.);
#8391=ORIENTED_EDGE('',*,*,#8388,.T.);
#8392=DIRECTION('',(0.0,-0.13049910395192948,0.9914484272354985));
#8393=DIRECTION('',(-0.9993948022426178,-0.03448800418672362,-0.0045394732795201505));
#8394=AXIS2_PLACEMENT_3D('',#5608,#8392,#8393);
#8395=PLANE('',#8394);
#8396=EDGE_LOOP('',(#8389,#8390,#8391));
#8397=FACE_BOUND('',#8396,.T.);
#8398=ADVANCED_FACE('',(#8397),#8395,.T.);
#8399=DIRECTION('',(0.9993947773495975,0.032138315162280086,0.013311938434296268));
#8400=VECTOR('',#8399,1000.0);
#8401=LINE('',#5580,#8400);
#8402=EDGE_CURVE('',#5581,#5611,#8401,.T.);
#8403=ORIENTED_EDGE('',*,*,#8384,.F.);
#8404=ORIENTED_EDGE('',*,*,#7933,.F.);
#8405=ORIENTED_EDGE('',*,*,#8402,.T.);
#8406=AXIS2_PLACEMENT_3D('',#5610,#6545,#511);
#8407=PLANE('',#8406);
#8408=EDGE_LOOP('',(#8403,#8404,#8405));
#8409=FACE_BOUND('',#8408,.T.);
#8410=ADVANCED_FACE('',(#8409),#8407,.T.);
#8411=LINE('',#5580,#491);
#8412=EDGE_CURVE('',#5581,#5613,#8411,.T.);
#8413=DIRECTION('',(0.0,0.9238814389674911,0.3826788297402379));
#8414=VECTOR('',#8413,1000.0);
#8415=LINE('',#5612,#8414);
#8416=EDGE_CURVE('',#5613,#5611,#8415,.T.);
#8417=ORIENTED_EDGE('',*,*,#8402,.F.);
#8418=ORIENTED_EDGE('',*,*,#8412,.T.);
#8419=ORIENTED_EDGE('',*,*,#8416,.T.);
#8420=DIRECTION('',(-0.9993947773495975,-0.032138315162280086,-0.013311938434296268));
#8421=AXIS2_PLACEMENT_3D('',#5610,#6545,#8420);
#8422=PLANE('',#8421);
#8423=EDGE_LOOP('',(#8417,#8418,#8419));
#8424=FACE_BOUND('',#8423,.T.);
#8425=ADVANCED_FACE('',(#8424),#8422,.T.);
#8426=DIRECTION('',(0.9993947702144201,0.027596620921520966,0.021178285619477114));
#8427=VECTOR('',#8426,1000.0);
#8428=LINE('',#5582,#8427);
#8429=EDGE_CURVE('',#5583,#5613,#8428,.T.);
#8430=ORIENTED_EDGE('',*,*,#8412,.F.);
#8431=ORIENTED_EDGE('',*,*,#7969,.F.);
#8432=ORIENTED_EDGE('',*,*,#8429,.T.);
#8433=AXIS2_PLACEMENT_3D('',#5612,#6510,#511);
#8434=PLANE('',#8433);
#8435=EDGE_LOOP('',(#8430,#8431,#8432));
#8436=FACE_BOUND('',#8435,.T.);
#8437=ADVANCED_FACE('',(#8436),#8434,.T.);
#8438=LINE('',#5582,#491);
#8439=EDGE_CURVE('',#5583,#5615,#8438,.T.);
#8440=DIRECTION('',(0.0,0.7933164969949974,0.6088094411189648));
#8441=VECTOR('',#8440,1000.0);
#8442=LINE('',#5614,#8441);
#8443=EDGE_CURVE('',#5615,#5613,#8442,.T.);
#8444=ORIENTED_EDGE('',*,*,#8429,.F.);
#8445=ORIENTED_EDGE('',*,*,#8439,.T.);
#8446=ORIENTED_EDGE('',*,*,#8443,.T.);
#8447=DIRECTION('',(-0.9993947702144201,-0.027596620921520966,-0.021178285619477114));
#8448=AXIS2_PLACEMENT_3D('',#5612,#6510,#8447);
#8449=PLANE('',#8448);
#8450=EDGE_LOOP('',(#8444,#8445,#8446));
#8451=FACE_BOUND('',#8450,.T.);
#8452=ADVANCED_FACE('',(#8451),#8449,.T.);
#8453=DIRECTION('',(0.9993947702144201,0.021178285619477114,0.027596620921520966));
#8454=VECTOR('',#8453,1000.0);
#8455=LINE('',#5584,#8454);
#8456=EDGE_CURVE('',#5585,#5615,#8455,.T.);
#8457=ORIENTED_EDGE('',*,*,#8439,.F.);
#8458=ORIENTED_EDGE('',*,*,#8003,.F.);
#8459=ORIENTED_EDGE('',*,*,#8456,.T.);
#8460=AXIS2_PLACEMENT_3D('',#5614,#6474,#511);
#8461=PLANE('',#8460);
#8462=EDGE_LOOP('',(#8457,#8458,#8459));
#8463=FACE_BOUND('',#8462,.T.);
#8464=ADVANCED_FACE('',(#8463),#8461,.T.);
#8465=LINE('',#5584,#491);
#8466=EDGE_CURVE('',#5585,#5617,#8465,.T.);
#8467=DIRECTION('',(0.0,0.6088094411189648,0.7933164969949974));
#8468=VECTOR('',#8467,1000.0);
#8469=LINE('',#5616,#8468);
#8470=EDGE_CURVE('',#5617,#5615,#8469,.T.);
#8471=ORIENTED_EDGE('',*,*,#8456,.F.);
#8472=ORIENTED_EDGE('',*,*,#8466,.T.);
#8473=ORIENTED_EDGE('',*,*,#8470,.T.);
#8474=DIRECTION('',(-0.9993947702144201,-0.021178285619477114,-0.027596620921520966));
#8475=AXIS2_PLACEMENT_3D('',#5614,#6474,#8474);
#8476=PLANE('',#8475);
#8477=EDGE_LOOP('',(#8471,#8472,#8473));
#8478=FACE_BOUND('',#8477,.T.);
#8479=ADVANCED_FACE('',(#8478),#8476,.T.);
#8480=DIRECTION('',(0.9993947773495975,0.013311938434296514,0.03213831516228033));
#8481=VECTOR('',#8480,1000.0);
#8482=LINE('',#5586,#8481);
#8483=EDGE_CURVE('',#5587,#5617,#8482,.T.);
#8484=ORIENTED_EDGE('',*,*,#8466,.F.);
#8485=ORIENTED_EDGE('',*,*,#8038,.F.);
#8486=ORIENTED_EDGE('',*,*,#8483,.T.);
#8487=AXIS2_PLACEMENT_3D('',#5616,#6438,#511);
#8488=PLANE('',#8487);
#8489=EDGE_LOOP('',(#8484,#8485,#8486));
#8490=FACE_BOUND('',#8489,.T.);
#8491=ADVANCED_FACE('',(#8490),#8488,.T.);
#8492=LINE('',#5586,#491);
#8493=EDGE_CURVE('',#5587,#5619,#8492,.T.);
#8494=DIRECTION('',(0.0,0.3826788297402414,0.9238814389674896));
#8495=VECTOR('',#8494,1000.0);
#8496=LINE('',#5618,#8495);
#8497=EDGE_CURVE('',#5619,#5617,#8496,.T.);
#8498=ORIENTED_EDGE('',*,*,#8483,.F.);
#8499=ORIENTED_EDGE('',*,*,#8493,.T.);
#8500=ORIENTED_EDGE('',*,*,#8497,.T.);
#8501=DIRECTION('',(-0.9993947773495975,-0.013311938434296514,-0.03213831516228033));
#8502=AXIS2_PLACEMENT_3D('',#5616,#6438,#8501);
#8503=PLANE('',#8502);
#8504=EDGE_LOOP('',(#8498,#8499,#8500));
#8505=FACE_BOUND('',#8504,.T.);
#8506=ADVANCED_FACE('',(#8505),#8503,.T.);
#8507=DIRECTION('',(0.9993948022426178,0.004539473279519904,0.03448800418672337));
#8508=VECTOR('',#8507,1000.0);
#8509=LINE('',#5544,#8508);
#8510=EDGE_CURVE('',#5545,#5619,#8509,.T.);
#8511=ORIENTED_EDGE('',*,*,#8493,.F.);
#8512=ORIENTED_EDGE('',*,*,#8074,.F.);
#8513=ORIENTED_EDGE('',*,*,#8510,.T.);
#8514=DIRECTION('',(0.0,-0.9914484272354993,0.13049910395192343));
#8515=AXIS2_PLACEMENT_3D('',#5618,#8514,#511);
#8516=PLANE('',#8515);
#8517=EDGE_LOOP('',(#8511,#8512,#8513));
#8518=FACE_BOUND('',#8517,.T.);
#8519=ADVANCED_FACE('',(#8518),#8516,.T.);
#8520=DIRECTION('',(0.0,0.1304991039519234,0.9914484272354993));
#8521=VECTOR('',#8520,1000.0);
#8522=LINE('',#5540,#8521);
#8523=EDGE_CURVE('',#5541,#5619,#8522,.T.);
#8524=ORIENTED_EDGE('',*,*,#8510,.F.);
#8525=ORIENTED_EDGE('',*,*,#7381,.F.);
#8526=ORIENTED_EDGE('',*,*,#8523,.T.);
#8527=DIRECTION('',(0.0,-0.9914484272354993,0.13049910395192343));
#8528=DIRECTION('',(-0.9993948022426178,-0.004539473279519904,-0.03448800418672337));
#8529=AXIS2_PLACEMENT_3D('',#5618,#8527,#8528);
#8530=PLANE('',#8529);
#8531=EDGE_LOOP('',(#8524,#8525,#8526));
#8532=FACE_BOUND('',#8531,.T.);
#8533=ADVANCED_FACE('',(#8532),#8530,.T.);
#8534=DIRECTION('',(0.9914484272354985,0.0,-0.1304991039519285));
#8535=VECTOR('',#8534,1000.0);
#8536=LINE('',#5608,#8535);
#8537=EDGE_CURVE('',#5609,#5621,#8536,.T.);
#8538=DIRECTION('',(-0.009134318191276617,0.9999575584500046,0.0012023019114540978));
#8539=VECTOR('',#8538,1000.0);
#8540=LINE('',#5620,#8539);
#8541=EDGE_CURVE('',#5621,#5607,#8540,.T.);
#8542=ORIENTED_EDGE('',*,*,#8360,.F.);
#8543=ORIENTED_EDGE('',*,*,#8537,.T.);
#8544=ORIENTED_EDGE('',*,*,#8541,.T.);
#8545=DIRECTION('',(0.13049910395192857,0.0,0.9914484272354986));
#8546=DIRECTION('',(0.0,-1.0,0.0));
#8547=AXIS2_PLACEMENT_3D('',#5606,#8545,#8546);
#8548=PLANE('',#8547);
#8549=EDGE_LOOP('',(#8542,#8543,#8544));
#8550=FACE_BOUND('',#8549,.T.);
#8551=ADVANCED_FACE('',(#8550),#8548,.T.);
#8552=LINE('',#5620,#1193);
#8553=EDGE_CURVE('',#5621,#5623,#8552,.T.);
#8554=DIRECTION('',(-0.9914484272354985,0.0,0.1304991039519285));
#8555=VECTOR('',#8554,1000.0);
#8556=LINE('',#5622,#8555);
#8557=EDGE_CURVE('',#5623,#5607,#8556,.T.);
#8558=ORIENTED_EDGE('',*,*,#8541,.F.);
#8559=ORIENTED_EDGE('',*,*,#8553,.T.);
#8560=ORIENTED_EDGE('',*,*,#8557,.T.);
#8561=DIRECTION('',(0.13049910395192857,-0.0,0.9914484272354986));
#8562=DIRECTION('',(0.009134318191276617,-0.9999575584500046,-0.0012023019114540978));
#8563=AXIS2_PLACEMENT_3D('',#5606,#8561,#8562);
#8564=PLANE('',#8563);
#8565=EDGE_LOOP('',(#8558,#8559,#8560));
#8566=FACE_BOUND('',#8565,.T.);
#8567=ADVANCED_FACE('',(#8566),#8564,.T.);
#8568=DIRECTION('',(0.9238814389674902,0.0,-0.3826788297402404));
#8569=VECTOR('',#8568,1000.0);
#8570=LINE('',#5620,#8569);
#8571=EDGE_CURVE('',#5621,#5625,#8570,.T.);
#8572=DIRECTION('',(-0.008511991648850846,0.9999575567028222,0.0035257327028685582));
#8573=VECTOR('',#8572,1000.0);
#8574=LINE('',#5624,#8573);
#8575=EDGE_CURVE('',#5625,#5623,#8574,.T.);
#8576=ORIENTED_EDGE('',*,*,#8553,.F.);
#8577=ORIENTED_EDGE('',*,*,#8571,.T.);
#8578=ORIENTED_EDGE('',*,*,#8575,.T.);
#8579=DIRECTION('',(0.3826788297402405,0.0,0.9238814389674901));
#8580=DIRECTION('',(0.0,-1.0,0.0));
#8581=AXIS2_PLACEMENT_3D('',#5622,#8579,#8580);
#8582=PLANE('',#8581);
#8583=EDGE_LOOP('',(#8576,#8577,#8578));
#8584=FACE_BOUND('',#8583,.T.);
#8585=ADVANCED_FACE('',(#8584),#8582,.T.);
#8586=LINE('',#5624,#1193);
#8587=EDGE_CURVE('',#5625,#5627,#8586,.T.);
#8588=DIRECTION('',(-0.9238814389674902,0.0,0.3826788297402404));
#8589=VECTOR('',#8588,1000.0);
#8590=LINE('',#5626,#8589);
#8591=EDGE_CURVE('',#5627,#5623,#8590,.T.);
#8592=ORIENTED_EDGE('',*,*,#8575,.F.);
#8593=ORIENTED_EDGE('',*,*,#8587,.T.);
#8594=ORIENTED_EDGE('',*,*,#8591,.T.);
#8595=DIRECTION('',(0.3826788297402405,-0.0,0.9238814389674901));
#8596=DIRECTION('',(0.008511991648850846,-0.9999575567028222,-0.0035257327028685582));
#8597=AXIS2_PLACEMENT_3D('',#5622,#8595,#8596);
#8598=PLANE('',#8597);
#8599=EDGE_LOOP('',(#8592,#8593,#8594));
#8600=FACE_BOUND('',#8599,.T.);
#8601=ADVANCED_FACE('',(#8600),#8598,.T.);
#8602=DIRECTION('',(0.7933401586381286,0.0,-0.6087786072884208));
#8603=VECTOR('',#8602,1000.0);
#8604=LINE('',#5624,#8603);
#8605=EDGE_CURVE('',#5625,#5629,#8604,.T.);
#8606=DIRECTION('',(-0.00730968970440902,0.9999575519027414,0.005609173655849725));
#8607=VECTOR('',#8606,1000.0);
#8608=LINE('',#5628,#8607);
#8609=EDGE_CURVE('',#5629,#5627,#8608,.T.);
#8610=ORIENTED_EDGE('',*,*,#8587,.F.);
#8611=ORIENTED_EDGE('',*,*,#8605,.T.);
#8612=ORIENTED_EDGE('',*,*,#8609,.T.);
#8613=DIRECTION('',(0.6087786072884208,0.0,0.7933401586381285));
#8614=DIRECTION('',(0.0,-1.0,0.0));
#8615=AXIS2_PLACEMENT_3D('',#5626,#8613,#8614);
#8616=PLANE('',#8615);
#8617=EDGE_LOOP('',(#8610,#8611,#8612));
#8618=FACE_BOUND('',#8617,.T.);
#8619=ADVANCED_FACE('',(#8618),#8616,.T.);
#8620=LINE('',#5628,#1193);
#8621=EDGE_CURVE('',#5629,#5631,#8620,.T.);
#8622=DIRECTION('',(-0.7933401586381286,0.0,0.6087786072884208));
#8623=VECTOR('',#8622,1000.0);
#8624=LINE('',#5630,#8623);
#8625=EDGE_CURVE('',#5631,#5627,#8624,.T.);
#8626=ORIENTED_EDGE('',*,*,#8609,.F.);
#8627=ORIENTED_EDGE('',*,*,#8621,.T.);
#8628=ORIENTED_EDGE('',*,*,#8625,.T.);
#8629=DIRECTION('',(0.6087786072884208,-0.0,0.7933401586381285));
#8630=DIRECTION('',(0.00730968970440902,-0.9999575519027414,-0.005609173655849725));
#8631=AXIS2_PLACEMENT_3D('',#5626,#8629,#8630);
#8632=PLANE('',#8631);
#8633=EDGE_LOOP('',(#8626,#8627,#8628));
#8634=FACE_BOUND('',#8633,.T.);
#8635=ADVANCED_FACE('',(#8634),#8632,.T.);
#8636=DIRECTION('',(0.6087692589451665,0.0,-0.7933473321082971));
#8637=VECTOR('',#8636,1000.0);
#8638=LINE('',#5628,#8637);
#8639=EDGE_CURVE('',#5629,#5633,#8638,.T.);
#8640=DIRECTION('',(-0.005608585488142874,0.9999575595010818,0.007309101549623819));
#8641=VECTOR('',#8640,1000.0);
#8642=LINE('',#5632,#8641);
#8643=EDGE_CURVE('',#5633,#5631,#8642,.T.);
#8644=ORIENTED_EDGE('',*,*,#8621,.F.);
#8645=ORIENTED_EDGE('',*,*,#8639,.T.);
#8646=ORIENTED_EDGE('',*,*,#8643,.T.);
#8647=DIRECTION('',(0.7933473321082972,0.0,0.6087692589451666));
#8648=DIRECTION('',(0.0,-1.0,0.0));
#8649=AXIS2_PLACEMENT_3D('',#5630,#8647,#8648);
#8650=PLANE('',#8649);
#8651=EDGE_LOOP('',(#8644,#8645,#8646));
#8652=FACE_BOUND('',#8651,.T.);
#8653=ADVANCED_FACE('',(#8652),#8650,.T.);
#8654=LINE('',#5632,#1193);
#8655=EDGE_CURVE('',#5633,#5635,#8654,.T.);
#8656=DIRECTION('',(-0.6087692589451665,0.0,0.7933473321082971));
#8657=VECTOR('',#8656,1000.0);
#8658=LINE('',#5634,#8657);
#8659=EDGE_CURVE('',#5635,#5631,#8658,.T.);
#8660=ORIENTED_EDGE('',*,*,#8643,.F.);
#8661=ORIENTED_EDGE('',*,*,#8655,.T.);
#8662=ORIENTED_EDGE('',*,*,#8659,.T.);
#8663=DIRECTION('',(0.7933473321082972,-0.0,0.6087692589451666));
#8664=DIRECTION('',(0.005608585488142874,-0.9999575595010818,-0.007309101549623819));
#8665=AXIS2_PLACEMENT_3D('',#5630,#8663,#8664);
#8666=PLANE('',#8665);
#8667=EDGE_LOOP('',(#8660,#8661,#8662));
#8668=FACE_BOUND('',#8667,.T.);
#8669=ADVANCED_FACE('',(#8668),#8666,.T.);
#8670=DIRECTION('',(0.38267882974024753,0.0,-0.9238814389674871));
#8671=VECTOR('',#8670,1000.0);
#8672=LINE('',#5632,#8671);
#8673=EDGE_CURVE('',#5633,#5637,#8672,.T.);
#8674=DIRECTION('',(-0.0035257327028686888,0.9999575567028222,0.008511991648850978));
#8675=VECTOR('',#8674,1000.0);
#8676=LINE('',#5636,#8675);
#8677=EDGE_CURVE('',#5637,#5635,#8676,.T.);
#8678=ORIENTED_EDGE('',*,*,#8655,.F.);
#8679=ORIENTED_EDGE('',*,*,#8673,.T.);
#8680=ORIENTED_EDGE('',*,*,#8677,.T.);
#8681=DIRECTION('',(0.9238814389674872,0.0,0.38267882974024753));
#8682=DIRECTION('',(0.0,-1.0,0.0));
#8683=AXIS2_PLACEMENT_3D('',#5634,#8681,#8682);
#8684=PLANE('',#8683);
#8685=EDGE_LOOP('',(#8678,#8679,#8680));
#8686=FACE_BOUND('',#8685,.T.);
#8687=ADVANCED_FACE('',(#8686),#8684,.T.);
#8688=LINE('',#5636,#1193);
#8689=EDGE_CURVE('',#5637,#5639,#8688,.T.);
#8690=DIRECTION('',(-0.38267882974024753,0.0,0.9238814389674871));
#8691=VECTOR('',#8690,1000.0);
#8692=LINE('',#5638,#8691);
#8693=EDGE_CURVE('',#5639,#5635,#8692,.T.);
#8694=ORIENTED_EDGE('',*,*,#8677,.F.);
#8695=ORIENTED_EDGE('',*,*,#8689,.T.);
#8696=ORIENTED_EDGE('',*,*,#8693,.T.);
#8697=DIRECTION('',(0.9238814389674872,-0.0,0.38267882974024753));
#8698=DIRECTION('',(0.0035257327028686888,-0.9999575567028222,-0.008511991648850978));
#8699=AXIS2_PLACEMENT_3D('',#5634,#8697,#8698);
#8700=PLANE('',#8699);
#8701=EDGE_LOOP('',(#8694,#8695,#8696));
#8702=FACE_BOUND('',#8701,.T.);
#8703=ADVANCED_FACE('',(#8702),#8700,.T.);
#8704=DIRECTION('',(0.1304991039519164,0.0,-0.9914484272355001));
#8705=VECTOR('',#8704,1000.0);
#8706=LINE('',#5636,#8705);
#8707=EDGE_CURVE('',#5637,#5537,#8706,.T.);
#8708=DIRECTION('',(-0.0012023019114539672,0.9999575584500046,0.009134318191276485));
#8709=VECTOR('',#8708,1000.0);
#8710=LINE('',#5536,#8709);
#8711=EDGE_CURVE('',#5537,#5639,#8710,.T.);
#8712=ORIENTED_EDGE('',*,*,#8689,.F.);
#8713=ORIENTED_EDGE('',*,*,#8707,.T.);
#8714=ORIENTED_EDGE('',*,*,#8711,.T.);
#8715=DIRECTION('',(0.9914484272355002,0.0,0.13049910395191644));
#8716=DIRECTION('',(0.0,-1.0,0.0));
#8717=AXIS2_PLACEMENT_3D('',#5638,#8715,#8716);
#8718=PLANE('',#8717);
#8719=EDGE_LOOP('',(#8712,#8713,#8714));
#8720=FACE_BOUND('',#8719,.T.);
#8721=ADVANCED_FACE('',(#8720),#8718,.T.);
#8722=DIRECTION('',(-0.1304991039519164,0.0,0.9914484272355001));
#8723=VECTOR('',#8722,1000.0);
#8724=LINE('',#5532,#8723);
#8725=EDGE_CURVE('',#5533,#5639,#8724,.T.);
#8726=ORIENTED_EDGE('',*,*,#8711,.F.);
#8727=ORIENTED_EDGE('',*,*,#7348,.F.);
#8728=ORIENTED_EDGE('',*,*,#8725,.T.);
#8729=DIRECTION('',(0.9914484272355002,-0.0,0.13049910395191644));
#8730=DIRECTION('',(0.0012023019114539672,-0.9999575584500046,-0.009134318191276485));
#8731=AXIS2_PLACEMENT_3D('',#5638,#8729,#8730);
#8732=PLANE('',#8731);
#8733=EDGE_LOOP('',(#8726,#8727,#8728));
#8734=FACE_BOUND('',#8733,.T.);
#8735=ADVANCED_FACE('',(#8734),#8732,.T.);
#8736=LINE('',#5606,#6390);
#8737=EDGE_CURVE('',#5607,#5641,#8736,.T.);
#8738=DIRECTION('',(-0.9993948022426178,-0.03448800418672362,0.0045394732795201505));
#8739=VECTOR('',#8738,1000.0);
#8740=LINE('',#5640,#8739);
#8741=EDGE_CURVE('',#5641,#5575,#8740,.T.);
#8742=ORIENTED_EDGE('',*,*,#8346,.F.);
#8743=ORIENTED_EDGE('',*,*,#8737,.T.);
#8744=ORIENTED_EDGE('',*,*,#8741,.T.);
#8745=DIRECTION('',(-0.0,0.13049910395192948,0.9914484272354985));
#8746=AXIS2_PLACEMENT_3D('',#5574,#8745,#12);
#8747=PLANE('',#8746);
#8748=EDGE_LOOP('',(#8742,#8743,#8744));
#8749=FACE_BOUND('',#8748,.T.);
#8750=ADVANCED_FACE('',(#8749),#8747,.T.);
#8751=LINE('',#5640,#512);
#8752=EDGE_CURVE('',#5641,#5573,#8751,.T.);
#8753=ORIENTED_EDGE('',*,*,#8741,.F.);
#8754=ORIENTED_EDGE('',*,*,#8752,.T.);
#8755=ORIENTED_EDGE('',*,*,#7835,.F.);
#8756=DIRECTION('',(0.0,0.13049910395192948,0.9914484272354985));
#8757=DIRECTION('',(0.9993948022426178,0.03448800418672362,-0.0045394732795201505));
#8758=AXIS2_PLACEMENT_3D('',#5574,#8756,#8757);
#8759=PLANE('',#8758);
#8760=EDGE_LOOP('',(#8753,#8754,#8755));
#8761=FACE_BOUND('',#8760,.T.);
#8762=ADVANCED_FACE('',(#8761),#8759,.T.);
#8763=LINE('',#5640,#6425);
#8764=EDGE_CURVE('',#5641,#5643,#8763,.T.);
#8765=DIRECTION('',(-0.9993947773495975,-0.032138315162280086,0.013311938434296268));
#8766=VECTOR('',#8765,1000.0);
#8767=LINE('',#5642,#8766);
#8768=EDGE_CURVE('',#5643,#5573,#8767,.T.);
#8769=ORIENTED_EDGE('',*,*,#8752,.F.);
#8770=ORIENTED_EDGE('',*,*,#8764,.T.);
#8771=ORIENTED_EDGE('',*,*,#8768,.T.);
#8772=DIRECTION('',(-0.0,0.382678829740238,0.9238814389674911));
#8773=AXIS2_PLACEMENT_3D('',#5572,#8772,#12);
#8774=PLANE('',#8773);
#8775=EDGE_LOOP('',(#8769,#8770,#8771));
#8776=FACE_BOUND('',#8775,.T.);
#8777=ADVANCED_FACE('',(#8776),#8774,.T.);
#8778=LINE('',#5642,#512);
#8779=EDGE_CURVE('',#5643,#5571,#8778,.T.);
#8780=ORIENTED_EDGE('',*,*,#8768,.F.);
#8781=ORIENTED_EDGE('',*,*,#8779,.T.);
#8782=ORIENTED_EDGE('',*,*,#7807,.F.);
#8783=DIRECTION('',(0.0,0.382678829740238,0.9238814389674911));
#8784=DIRECTION('',(0.9993947773495975,0.032138315162280086,-0.013311938434296268));
#8785=AXIS2_PLACEMENT_3D('',#5572,#8783,#8784);
#8786=PLANE('',#8785);
#8787=EDGE_LOOP('',(#8780,#8781,#8782));
#8788=FACE_BOUND('',#8787,.T.);
#8789=ADVANCED_FACE('',(#8788),#8786,.T.);
#8790=LINE('',#5642,#6461);
#8791=EDGE_CURVE('',#5643,#5645,#8790,.T.);
#8792=DIRECTION('',(-0.9993947702144201,-0.027596620921520966,0.021178285619477114));
#8793=VECTOR('',#8792,1000.0);
#8794=LINE('',#5644,#8793);
#8795=EDGE_CURVE('',#5645,#5571,#8794,.T.);
#8796=ORIENTED_EDGE('',*,*,#8779,.F.);
#8797=ORIENTED_EDGE('',*,*,#8791,.T.);
#8798=ORIENTED_EDGE('',*,*,#8795,.T.);
#8799=DIRECTION('',(-0.0,0.6088094411189648,0.7933164969949974));
#8800=AXIS2_PLACEMENT_3D('',#5570,#8799,#12);
#8801=PLANE('',#8800);
#8802=EDGE_LOOP('',(#8796,#8797,#8798));
#8803=FACE_BOUND('',#8802,.T.);
#8804=ADVANCED_FACE('',(#8803),#8801,.T.);
#8805=LINE('',#5644,#512);
#8806=EDGE_CURVE('',#5645,#5569,#8805,.T.);
#8807=ORIENTED_EDGE('',*,*,#8795,.F.);
#8808=ORIENTED_EDGE('',*,*,#8806,.T.);
#8809=ORIENTED_EDGE('',*,*,#7778,.F.);
#8810=DIRECTION('',(0.0,0.6088094411189648,0.7933164969949974));
#8811=DIRECTION('',(0.9993947702144201,0.027596620921520966,-0.021178285619477114));
#8812=AXIS2_PLACEMENT_3D('',#5570,#8810,#8811);
#8813=PLANE('',#8812);
#8814=EDGE_LOOP('',(#8807,#8808,#8809));
#8815=FACE_BOUND('',#8814,.T.);
#8816=ADVANCED_FACE('',(#8815),#8813,.T.);
#8817=LINE('',#5644,#6497);
#8818=EDGE_CURVE('',#5645,#5647,#8817,.T.);
#8819=DIRECTION('',(-0.9993947702144201,-0.021178285619477114,0.027596620921520966));
#8820=VECTOR('',#8819,1000.0);
#8821=LINE('',#5646,#8820);
#8822=EDGE_CURVE('',#5647,#5569,#8821,.T.);
#8823=ORIENTED_EDGE('',*,*,#8806,.F.);
#8824=ORIENTED_EDGE('',*,*,#8818,.T.);
#8825=ORIENTED_EDGE('',*,*,#8822,.T.);
#8826=DIRECTION('',(-0.0,0.7933164969949974,0.6088094411189648));
#8827=AXIS2_PLACEMENT_3D('',#5568,#8826,#12);
#8828=PLANE('',#8827);
#8829=EDGE_LOOP('',(#8823,#8824,#8825));
#8830=FACE_BOUND('',#8829,.T.);
#8831=ADVANCED_FACE('',(#8830),#8828,.T.);
#8832=LINE('',#5646,#512);
#8833=EDGE_CURVE('',#5647,#5567,#8832,.T.);
#8834=ORIENTED_EDGE('',*,*,#8822,.F.);
#8835=ORIENTED_EDGE('',*,*,#8833,.T.);
#8836=ORIENTED_EDGE('',*,*,#7748,.F.);
#8837=DIRECTION('',(0.0,0.7933164969949974,0.6088094411189648));
#8838=DIRECTION('',(0.9993947702144201,0.021178285619477114,-0.027596620921520966));
#8839=AXIS2_PLACEMENT_3D('',#5568,#8837,#8838);
#8840=PLANE('',#8839);
#8841=EDGE_LOOP('',(#8834,#8835,#8836));
#8842=FACE_BOUND('',#8841,.T.);
#8843=ADVANCED_FACE('',(#8842),#8840,.T.);
#8844=LINE('',#5646,#6532);
#8845=EDGE_CURVE('',#5647,#5649,#8844,.T.);
#8846=DIRECTION('',(-0.9993947773495975,-0.013311938434296514,0.03213831516228033));
#8847=VECTOR('',#8846,1000.0);
#8848=LINE('',#5648,#8847);
#8849=EDGE_CURVE('',#5649,#5567,#8848,.T.);
#8850=ORIENTED_EDGE('',*,*,#8833,.F.);
#8851=ORIENTED_EDGE('',*,*,#8845,.T.);
#8852=ORIENTED_EDGE('',*,*,#8849,.T.);
#8853=DIRECTION('',(-0.0,0.9238814389674898,0.3826788297402415));
#8854=AXIS2_PLACEMENT_3D('',#5566,#8853,#12);
#8855=PLANE('',#8854);
#8856=EDGE_LOOP('',(#8850,#8851,#8852));
#8857=FACE_BOUND('',#8856,.T.);
#8858=ADVANCED_FACE('',(#8857),#8855,.T.);
#8859=LINE('',#5648,#512);
#8860=EDGE_CURVE('',#5649,#5565,#8859,.T.);
#8861=ORIENTED_EDGE('',*,*,#8849,.F.);
#8862=ORIENTED_EDGE('',*,*,#8860,.T.);
#8863=ORIENTED_EDGE('',*,*,#7721,.F.);
#8864=DIRECTION('',(0.0,0.9238814389674898,0.3826788297402415));
#8865=DIRECTION('',(0.9993947773495975,0.013311938434296514,-0.03213831516228033));
#8866=AXIS2_PLACEMENT_3D('',#5566,#8864,#8865);
#8867=PLANE('',#8866);
#8868=EDGE_LOOP('',(#8861,#8862,#8863));
#8869=FACE_BOUND('',#8868,.T.);
#8870=ADVANCED_FACE('',(#8869),#8867,.T.);
#8871=LINE('',#5648,#6567);
#8872=EDGE_CURVE('',#5649,#5601,#8871,.T.);
#8873=DIRECTION('',(-0.9993948022426178,-0.004539473279519904,0.03448800418672337));
#8874=VECTOR('',#8873,1000.0);
#8875=LINE('',#5600,#8874);
#8876=EDGE_CURVE('',#5601,#5565,#8875,.T.);
#8877=ORIENTED_EDGE('',*,*,#8860,.F.);
#8878=ORIENTED_EDGE('',*,*,#8872,.T.);
#8879=ORIENTED_EDGE('',*,*,#8876,.T.);
#8880=DIRECTION('',(-0.0,0.9914484272354993,0.13049910395192343));
#8881=AXIS2_PLACEMENT_3D('',#5564,#8880,#12);
#8882=PLANE('',#8881);
#8883=EDGE_LOOP('',(#8877,#8878,#8879));
#8884=FACE_BOUND('',#8883,.T.);
#8885=ADVANCED_FACE('',(#8884),#8882,.T.);
#8886=ORIENTED_EDGE('',*,*,#8876,.F.);
#8887=ORIENTED_EDGE('',*,*,#8302,.F.);
#8888=ORIENTED_EDGE('',*,*,#7693,.F.);
#8889=DIRECTION('',(0.0,0.9914484272354993,0.13049910395192343));
#8890=DIRECTION('',(0.9993948022426178,0.004539473279519904,-0.03448800418672337));
#8891=AXIS2_PLACEMENT_3D('',#5564,#8889,#8890);
#8892=PLANE('',#8891);
#8893=EDGE_LOOP('',(#8886,#8887,#8888));
#8894=FACE_BOUND('',#8893,.T.);
#8895=ADVANCED_FACE('',(#8894),#8892,.T.);
#8896=DIRECTION('',(-0.13054000070828317,-0.9914430433540202,0.0));
#8897=VECTOR('',#8896,1000.0);
#8898=LINE('',#5636,#8897);
#8899=EDGE_CURVE('',#5637,#5651,#8898,.T.);
#8900=DIRECTION('',(0.18300307355912285,0.6830171941743838,-0.7071049338889287));
#8901=VECTOR('',#8900,1000.0);
#8902=LINE('',#5650,#8901);
#8903=EDGE_CURVE('',#5651,#5537,#8902,.T.);
#8904=ORIENTED_EDGE('',*,*,#8707,.F.);
#8905=ORIENTED_EDGE('',*,*,#8899,.T.);
#8906=ORIENTED_EDGE('',*,*,#8903,.T.);
#8907=DIRECTION('',(0.9831073068485542,-0.12944246206839682,0.12940120646521946));
#8908=AXIS2_PLACEMENT_3D('',#5536,#8907,#8722);
#8909=PLANE('',#8908);
#8910=EDGE_LOOP('',(#8904,#8905,#8906));
#8911=FACE_BOUND('',#8910,.T.);
#8912=ADVANCED_FACE('',(#8911),#8909,.T.);
#8913=DIRECTION('',(-0.8001107681562545,0.46192159332991545,0.3826894306039308));
#8914=VECTOR('',#8913,1000.0);
#8915=LINE('',#5652,#8914);
#8916=EDGE_CURVE('',#5653,#5655,#8915,.T.);
#8917=DIRECTION('',(-0.6088043436399855,-0.7933204088923254,0.0));
#8918=VECTOR('',#8917,1000.0);
#8919=LINE('',#5654,#8918);
#8920=EDGE_CURVE('',#5655,#5657,#8919,.T.);
#8921=DIRECTION('',(0.9011318885712506,-0.24144327067785834,-0.360092302673064));
#8922=VECTOR('',#8921,1000.0);
#8923=LINE('',#5656,#8922);
#8924=EDGE_CURVE('',#5657,#5653,#8923,.T.);
#8925=ORIENTED_EDGE('',*,*,#8916,.T.);
#8926=ORIENTED_EDGE('',*,*,#8920,.T.);
#8927=ORIENTED_EDGE('',*,*,#8924,.T.);
#8928=DIRECTION('',(0.30582972633337296,-0.2346976879946328,0.9227053558643888));
#8929=AXIS2_PLACEMENT_3D('',#5652,#8928,#8913);
#8930=PLANE('',#8929);
#8931=EDGE_LOOP('',(#8925,#8926,#8927));
#8932=FACE_BOUND('',#8931,.T.);
#8933=ADVANCED_FACE('',(#8932),#8930,.T.);
#8934=DIRECTION('',(0.9914484169587348,0.13049918202815952,0.0));
#8935=VECTOR('',#8934,1000.0);
#8936=LINE('',#5610,#8935);
#8937=EDGE_CURVE('',#5611,#5659,#8936,.T.);
#8938=DIRECTION('',(-0.2565915876236312,0.9576695233526938,0.130498433715537));
#8939=VECTOR('',#8938,1000.0);
#8940=LINE('',#5658,#8939);
#8941=EDGE_CURVE('',#5659,#5609,#8940,.T.);
#8942=ORIENTED_EDGE('',*,*,#8388,.F.);
#8943=ORIENTED_EDGE('',*,*,#8937,.T.);
#8944=ORIENTED_EDGE('',*,*,#8941,.T.);
#8945=DIRECTION('',(0.01717438271249544,-0.13047985656241748,0.9913021979244754));
#8946=DIRECTION('',(0.0,-0.9914484272354984,-0.13049910395192943));
#8947=AXIS2_PLACEMENT_3D('',#5608,#8945,#8946);
#8948=PLANE('',#8947);
#8949=EDGE_LOOP('',(#8942,#8943,#8944));
#8950=FACE_BOUND('',#8949,.T.);
#8951=ADVANCED_FACE('',(#8950),#8948,.T.);
#8952=DIRECTION('',(-0.858614183071184,0.4957349343109332,0.13049352295320313));
#8953=VECTOR('',#8952,1000.0);
#8954=LINE('',#5654,#8953);
#8955=EDGE_CURVE('',#5655,#5609,#8954,.T.);
#8956=DIRECTION('',(0.7010602744434353,-0.7010602744434282,-0.13049514624920086));
#8957=VECTOR('',#8956,1000.0);
#8958=LINE('',#5608,#8957);
#8959=EDGE_CURVE('',#5609,#5657,#8958,.T.);
#8960=ORIENTED_EDGE('',*,*,#8920,.F.);
#8961=ORIENTED_EDGE('',*,*,#8955,.T.);
#8962=ORIENTED_EDGE('',*,*,#8959,.T.);
#8963=DIRECTION('',(0.10440163462171824,-0.08011916487760945,0.991302788308208));
#8964=DIRECTION('',(0.6088043436399855,0.7933204088923254,0.0));
#8965=AXIS2_PLACEMENT_3D('',#5656,#8963,#8964);
#8966=PLANE('',#8965);
#8967=EDGE_LOOP('',(#8960,#8961,#8962));
#8968=FACE_BOUND('',#8967,.T.);
#8969=ADVANCED_FACE('',(#8968),#8966,.T.);
#8970=DIRECTION('',(-0.9576695233526946,0.2565915876236295,0.1304984337155361));
#8971=VECTOR('',#8970,1000.0);
#8972=LINE('',#5660,#8971);
#8973=EDGE_CURVE('',#5661,#5609,#8972,.T.);
#8974=DIRECTION('',(0.3825478488589672,0.9239356813833833,0.0));
#8975=VECTOR('',#8974,1000.0);
#8976=LINE('',#5654,#8975);
#8977=EDGE_CURVE('',#5655,#5661,#8976,.T.);
#8978=ORIENTED_EDGE('',*,*,#8973,.T.);
#8979=ORIENTED_EDGE('',*,*,#8955,.F.);
#8980=ORIENTED_EDGE('',*,*,#8977,.T.);
#8981=DIRECTION('',(0.12159255292743858,-0.0503443805633917,0.9913025241661985));
#8982=AXIS2_PLACEMENT_3D('',#5660,#8981,#8970);
#8983=PLANE('',#8982);
#8984=EDGE_LOOP('',(#8978,#8979,#8980));
#8985=FACE_BOUND('',#8984,.T.);
#8986=ADVANCED_FACE('',(#8985),#8983,.T.);
#8987=DIRECTION('',(0.9329160488757807,0.0,-0.36009394017395246));
#8988=VECTOR('',#8987,1000.0);
#8989=LINE('',#5654,#8988);
#8990=EDGE_CURVE('',#5655,#5663,#8989,.T.);
#8991=DIRECTION('',(-0.8923935002047709,0.23915481841230063,0.38267324654652424));
#8992=VECTOR('',#8991,1000.0);
#8993=LINE('',#5662,#8992);
#8994=EDGE_CURVE('',#5663,#5661,#8993,.T.);
#8995=ORIENTED_EDGE('',*,*,#8977,.F.);
#8996=ORIENTED_EDGE('',*,*,#8990,.T.);
#8997=ORIENTED_EDGE('',*,*,#8994,.T.);
#8998=DIRECTION('',(0.35615719060485007,-0.14746390887030086,0.9227168857028423));
#8999=DIRECTION('',(-0.3825478488589672,-0.9239356813833833,0.0));
#9000=AXIS2_PLACEMENT_3D('',#5660,#8998,#8999);
#9001=PLANE('',#9000);
#9002=EDGE_LOOP('',(#8995,#8996,#8997));
#9003=FACE_BOUND('',#9002,.T.);
#9004=ADVANCED_FACE('',(#9003),#9001,.T.);
#9005=LINE('',#5652,#8975);
#9006=EDGE_CURVE('',#5653,#5663,#9005,.T.);
#9007=ORIENTED_EDGE('',*,*,#8990,.F.);
#9008=ORIENTED_EDGE('',*,*,#8916,.F.);
#9009=ORIENTED_EDGE('',*,*,#9006,.T.);
#9010=DIRECTION('',(0.3561535477203547,-0.1475317460287318,0.9227074478727908));
#9011=DIRECTION('',(-0.9329160488757807,0.0,0.36009394017395246));
#9012=AXIS2_PLACEMENT_3D('',#5662,#9010,#9011);
#9013=PLANE('',#9012);
#9014=EDGE_LOOP('',(#9007,#9008,#9009));
#9015=FACE_BOUND('',#9014,.T.);
#9016=ADVANCED_FACE('',(#9015),#9013,.T.);
#9017=DIRECTION('',(0.8231232936626972,0.22054216781535982,-0.5232869152245015));
#9018=VECTOR('',#9017,1000.0);
#9019=LINE('',#5652,#9018);
#9020=EDGE_CURVE('',#5653,#5665,#9019,.T.);
#9021=DIRECTION('',(-0.7662964426592336,0.2053161176032738,0.6087980402564735));
#9022=VECTOR('',#9021,1000.0);
#9023=LINE('',#5664,#9022);
#9024=EDGE_CURVE('',#5665,#5663,#9023,.T.);
#9025=ORIENTED_EDGE('',*,*,#9006,.F.);
#9026=ORIENTED_EDGE('',*,*,#9020,.T.);
#9027=ORIENTED_EDGE('',*,*,#9024,.T.);
#9028=DIRECTION('',(0.5654930501373365,-0.23424777764499685,0.7907879544572946));
#9029=AXIS2_PLACEMENT_3D('',#5662,#9028,#8999);
#9030=PLANE('',#9029);
#9031=EDGE_LOOP('',(#9025,#9026,#9027));
#9032=FACE_BOUND('',#9031,.T.);
#9033=ADVANCED_FACE('',(#9032),#9030,.T.);
#9034=DIRECTION('',(0.13049918202815952,0.9914484169587348,0.0));
#9035=VECTOR('',#9034,1000.0);
#9036=LINE('',#5660,#9035);
#9037=EDGE_CURVE('',#5661,#5621,#9036,.T.);
#9038=ORIENTED_EDGE('',*,*,#8537,.F.);
#9039=ORIENTED_EDGE('',*,*,#8973,.F.);
#9040=ORIENTED_EDGE('',*,*,#9037,.T.);
#9041=DIRECTION('',(0.13047985656241656,-0.017174382712495346,0.9913021979244755));
#9042=AXIS2_PLACEMENT_3D('',#5620,#9041,#8554);
#9043=PLANE('',#9042);
#9044=EDGE_LOOP('',(#9038,#9039,#9040));
#9045=FACE_BOUND('',#9044,.T.);
#9046=ADVANCED_FACE('',(#9045),#9043,.T.);
#9047=DIRECTION('',(-0.807929710138979,0.4664460343187811,0.36010787348102763));
#9048=VECTOR('',#9047,1000.0);
#9049=LINE('',#5666,#9048);
#9050=EDGE_CURVE('',#5667,#5669,#9049,.T.);
#9051=DIRECTION('',(0.461921593329921,-0.8001107681562518,-0.3826894306039295));
#9052=VECTOR('',#9051,1000.0);
#9053=LINE('',#5668,#9052);
#9054=EDGE_CURVE('',#5669,#5671,#9053,.T.);
#9055=DIRECTION('',(0.7933164969949974,0.6088094411189648,0.0));
#9056=VECTOR('',#9055,1000.0);
#9057=LINE('',#5670,#9056);
#9058=EDGE_CURVE('',#5671,#5667,#9057,.T.);
#9059=ORIENTED_EDGE('',*,*,#9050,.T.);
#9060=ORIENTED_EDGE('',*,*,#9054,.T.);
#9061=ORIENTED_EDGE('',*,*,#9058,.T.);
#9062=DIRECTION('',(0.23469982224013358,-0.3058284386698736,0.9227052397928589));
#9063=AXIS2_PLACEMENT_3D('',#5666,#9062,#9047);
#9064=PLANE('',#9063);
#9065=EDGE_LOOP('',(#9059,#9060,#9061));
#9066=FACE_BOUND('',#9065,.T.);
#9067=ADVANCED_FACE('',(#9066),#9064,.T.);
#9068=DIRECTION('',(-0.9239356813833928,-0.3825478488589438,0.0));
#9069=VECTOR('',#9068,1000.0);
#9070=LINE('',#5668,#9069);
#9071=EDGE_CURVE('',#5669,#5659,#9070,.T.);
#9072=DIRECTION('',(0.6596739035031558,-0.6596739035031491,-0.3600842707948055));
#9073=VECTOR('',#9072,1000.0);
#9074=LINE('',#5658,#9073);
#9075=EDGE_CURVE('',#5659,#5671,#9074,.T.);
#9076=ORIENTED_EDGE('',*,*,#9054,.F.);
#9077=ORIENTED_EDGE('',*,*,#9071,.T.);
#9078=ORIENTED_EDGE('',*,*,#9075,.T.);
#9079=DIRECTION('',(0.14747529901195947,-0.3561847002571343,0.9227044464421251));
#9080=DIRECTION('',(-0.461921593329921,0.8001107681562518,0.3826894306039295));
#9081=AXIS2_PLACEMENT_3D('',#5670,#9079,#9080);
#9082=PLANE('',#9081);
#9083=EDGE_LOOP('',(#9076,#9077,#9078));
#9084=FACE_BOUND('',#9083,.T.);
#9085=ADVANCED_FACE('',(#9084),#9082,.T.);
#9086=DIRECTION('',(0.23915481841229763,-0.8923935002047739,-0.38267324654651935));
#9087=VECTOR('',#9086,1000.0);
#9088=LINE('',#5658,#9087);
#9089=EDGE_CURVE('',#5659,#5673,#9088,.T.);
#9090=DIRECTION('',(0.9238720886792534,0.38270140287100324,0.0));
#9091=VECTOR('',#9090,1000.0);
#9092=LINE('',#5672,#9091);
#9093=EDGE_CURVE('',#5673,#5671,#9092,.T.);
#9094=ORIENTED_EDGE('',*,*,#9075,.F.);
#9095=ORIENTED_EDGE('',*,*,#9089,.T.);
#9096=ORIENTED_EDGE('',*,*,#9093,.T.);
#9097=DIRECTION('',(0.14752584669789287,-0.35613930625934603,0.9227138879919287));
#9098=DIRECTION('',(-0.6596739035031558,0.6596739035031491,0.3600842707948055));
#9099=AXIS2_PLACEMENT_3D('',#5670,#9097,#9098);
#9100=PLANE('',#9099);
#9101=EDGE_LOOP('',(#9094,#9095,#9096));
#9102=FACE_BOUND('',#9101,.T.);
#9103=ADVANCED_FACE('',(#9102),#9100,.T.);
#9104=DIRECTION('',(0.46647039814398966,-0.8079279310545422,-0.36008030476174996));
#9105=VECTOR('',#9104,1000.0);
#9106=LINE('',#5610,#9105);
#9107=EDGE_CURVE('',#5611,#5673,#9106,.T.);
#9108=ORIENTED_EDGE('',*,*,#9089,.F.);
#9109=ORIENTED_EDGE('',*,*,#8937,.F.);
#9110=ORIENTED_EDGE('',*,*,#9107,.T.);
#9111=DIRECTION('',(0.05030604449235225,-0.38219280305248166,0.9227122862422612));
#9112=DIRECTION('',(-0.23915481841229763,0.8923935002047739,0.38267324654651935));
#9113=AXIS2_PLACEMENT_3D('',#5672,#9111,#9112);
#9114=PLANE('',#9113);
#9115=EDGE_LOOP('',(#9108,#9109,#9110));
#9116=FACE_BOUND('',#9115,.T.);
#9117=ADVANCED_FACE('',(#9116),#9114,.T.);
#9118=LINE('',#5612,#8935);
#9119=EDGE_CURVE('',#5613,#5673,#9118,.T.);
#9120=ORIENTED_EDGE('',*,*,#9107,.F.);
#9121=ORIENTED_EDGE('',*,*,#8416,.F.);
#9122=ORIENTED_EDGE('',*,*,#9119,.T.);
#9123=DIRECTION('',(-0.46647039814398966,0.8079279310545422,0.36008030476174996));
#9124=AXIS2_PLACEMENT_3D('',#5672,#9111,#9123);
#9125=PLANE('',#9124);
#9126=EDGE_LOOP('',(#9120,#9121,#9122));
#9127=FACE_BOUND('',#9126,.T.);
#9128=ADVANCED_FACE('',(#9127),#9125,.T.);
#9129=DIRECTION('',(0.9011318885712506,0.24144327067785834,-0.360092302673064));
#9130=VECTOR('',#9129,1000.0);
#9131=LINE('',#5660,#9130);
#9132=EDGE_CURVE('',#5661,#5625,#9131,.T.);
#9133=ORIENTED_EDGE('',*,*,#9037,.F.);
#9134=ORIENTED_EDGE('',*,*,#9132,.T.);
#9135=ORIENTED_EDGE('',*,*,#8571,.F.);
#9136=DIRECTION('',(0.3821942969106971,-0.05030624112111463,0.9227116567558915));
#9137=DIRECTION('',(-0.13049918202815952,-0.9914484169587348,0.0));
#9138=AXIS2_PLACEMENT_3D('',#5620,#9136,#9137);
#9139=PLANE('',#9138);
#9140=EDGE_LOOP('',(#9133,#9134,#9135));
#9141=FACE_BOUND('',#9140,.T.);
#9142=ADVANCED_FACE('',(#9141),#9139,.T.);
#9143=LINE('',#5662,#9035);
#9144=EDGE_CURVE('',#5663,#5625,#9143,.T.);
#9145=ORIENTED_EDGE('',*,*,#9132,.F.);
#9146=ORIENTED_EDGE('',*,*,#8994,.F.);
#9147=ORIENTED_EDGE('',*,*,#9144,.T.);
#9148=DIRECTION('',(-0.9011318885712506,-0.24144327067785834,0.360092302673064));
#9149=AXIS2_PLACEMENT_3D('',#5624,#9136,#9148);
#9150=PLANE('',#9149);
#9151=EDGE_LOOP('',(#9145,#9146,#9147));
#9152=FACE_BOUND('',#9151,.T.);
#9153=ADVANCED_FACE('',(#9152),#9150,.T.);
#9154=DIRECTION('',(0.7379918281811321,0.4260916459087284,-0.5232723677251279));
#9155=VECTOR('',#9154,1000.0);
#9156=LINE('',#5662,#9155);
#9157=EDGE_CURVE('',#5663,#5629,#9156,.T.);
#9158=ORIENTED_EDGE('',*,*,#9144,.F.);
#9159=ORIENTED_EDGE('',*,*,#9157,.T.);
#9160=ORIENTED_EDGE('',*,*,#8605,.F.);
#9161=DIRECTION('',(0.606833775646384,-0.07986917175925952,0.7908057183260906));
#9162=AXIS2_PLACEMENT_3D('',#5624,#9161,#9137);
#9163=PLANE('',#9162);
#9164=EDGE_LOOP('',(#9158,#9159,#9160));
#9165=FACE_BOUND('',#9164,.T.);
#9166=ADVANCED_FACE('',(#9165),#9163,.T.);
#9167=DIRECTION('',(0.13055494000829287,0.9914410762316795,0.0));
#9168=VECTOR('',#9167,1000.0);
#9169=LINE('',#5664,#9168);
#9170=EDGE_CURVE('',#5665,#5629,#9169,.T.);
#9171=ORIENTED_EDGE('',*,*,#9157,.F.);
#9172=ORIENTED_EDGE('',*,*,#9024,.F.);
#9173=ORIENTED_EDGE('',*,*,#9170,.T.);
#9174=DIRECTION('',(-0.7379918281811321,-0.4260916459087284,0.5232723677251279));
#9175=AXIS2_PLACEMENT_3D('',#5628,#9161,#9174);
#9176=PLANE('',#9175);
#9177=EDGE_LOOP('',(#9171,#9172,#9173));
#9178=FACE_BOUND('',#9177,.T.);
#9179=ADVANCED_FACE('',(#9178),#9176,.T.);
#9180=DIRECTION('',(0.5521157155776321,0.5521157155776265,-0.6247691359409527));
#9181=VECTOR('',#9180,1000.0);
#9182=LINE('',#5664,#9181);
#9183=EDGE_CURVE('',#5665,#5633,#9182,.T.);
#9184=ORIENTED_EDGE('',*,*,#9170,.F.);
#9185=ORIENTED_EDGE('',*,*,#9183,.T.);
#9186=ORIENTED_EDGE('',*,*,#8639,.F.);
#9187=DIRECTION('',(0.7890531972208928,-0.1039041000984842,0.6054741860213456));
#9188=AXIS2_PLACEMENT_3D('',#5628,#9187,#8896);
#9189=PLANE('',#9188);
#9190=EDGE_LOOP('',(#9184,#9185,#9186));
#9191=FACE_BOUND('',#9190,.T.);
#9192=ADVANCED_FACE('',(#9191),#9189,.T.);
#9193=DIRECTION('',(-0.8521553417218679,0.0,0.5232889006800034));
#9194=VECTOR('',#9193,1000.0);
#9195=LINE('',#5674,#9194);
#9196=EDGE_CURVE('',#5675,#5667,#9195,.T.);
#9197=DIRECTION('',(0.5609710960298179,-0.560971096029825,-0.6087880245522261));
#9198=VECTOR('',#9197,1000.0);
#9199=LINE('',#5666,#9198);
#9200=EDGE_CURVE('',#5667,#5677,#9199,.T.);
#9201=VECTOR('',#8964,1000.0);
#9202=LINE('',#5676,#9201);
#9203=EDGE_CURVE('',#5677,#5675,#9202,.T.);
#9204=ORIENTED_EDGE('',*,*,#9196,.T.);
#9205=ORIENTED_EDGE('',*,*,#9200,.T.);
#9206=ORIENTED_EDGE('',*,*,#9203,.T.);
#9207=DIRECTION('',(0.48560932781703425,-0.3725933866100446,0.7907956430023789));
#9208=AXIS2_PLACEMENT_3D('',#5674,#9207,#9193);
#9209=PLANE('',#9208);
#9210=EDGE_LOOP('',(#9204,#9205,#9206));
#9211=FACE_BOUND('',#9210,.T.);
#9212=ADVANCED_FACE('',(#9211),#9209,.T.);
#9213=DIRECTION('',(0.8231232936626972,-0.22054216781535982,-0.5232869152245015));
#9214=VECTOR('',#9213,1000.0);
#9215=LINE('',#5670,#9214);
#9216=EDGE_CURVE('',#5671,#5677,#9215,.T.);
#9217=ORIENTED_EDGE('',*,*,#9200,.F.);
#9218=ORIENTED_EDGE('',*,*,#9058,.F.);
#9219=ORIENTED_EDGE('',*,*,#9216,.T.);
#9220=DIRECTION('',(0.3726372839972213,-0.4855695145710461,0.790799406356892));
#9221=DIRECTION('',(-0.5609710960298179,0.560971096029825,0.6087880245522261));
#9222=AXIS2_PLACEMENT_3D('',#5676,#9220,#9221);
#9223=PLANE('',#9222);
#9224=EDGE_LOOP('',(#9217,#9218,#9219));
#9225=FACE_BOUND('',#9224,.T.);
#9226=ADVANCED_FACE('',(#9225),#9223,.T.);
#9227=DIRECTION('',(0.39666227915281216,-0.687024430382006,-0.6088156275553191));
#9228=VECTOR('',#9227,1000.0);
#9229=LINE('',#5670,#9228);
#9230=EDGE_CURVE('',#5671,#5679,#9229,.T.);
#9231=LINE('',#5678,#9056);
#9232=EDGE_CURVE('',#5679,#5677,#9231,.T.);
#9233=ORIENTED_EDGE('',*,*,#9216,.F.);
#9234=ORIENTED_EDGE('',*,*,#9230,.T.);
#9235=ORIENTED_EDGE('',*,*,#9232,.T.);
#9236=DIRECTION('',(-0.8231232936626972,0.22054216781535982,0.5232869152245015));
#9237=AXIS2_PLACEMENT_3D('',#5676,#9220,#9236);
#9238=PLANE('',#9237);
#9239=EDGE_LOOP('',(#9233,#9234,#9235));
#9240=FACE_BOUND('',#9239,.T.);
#9241=ADVANCED_FACE('',(#9240),#9238,.T.);
#9242=DIRECTION('',(0.7379840944410484,-0.426063987897103,-0.5233057945114339));
#9243=VECTOR('',#9242,1000.0);
#9244=LINE('',#5672,#9243);
#9245=EDGE_CURVE('',#5673,#5679,#9244,.T.);
#9246=ORIENTED_EDGE('',*,*,#9230,.F.);
#9247=ORIENTED_EDGE('',*,*,#9093,.F.);
#9248=ORIENTED_EDGE('',*,*,#9245,.T.);
#9249=DIRECTION('',(0.234253639909818,-0.5655072021179652,0.7907760976039376));
#9250=DIRECTION('',(-0.39666227915281216,0.687024430382006,0.6088156275553191));
#9251=AXIS2_PLACEMENT_3D('',#5678,#9249,#9250);
#9252=PLANE('',#9251);
#9253=EDGE_LOOP('',(#9246,#9247,#9248));
#9254=FACE_BOUND('',#9253,.T.);
#9255=ADVANCED_FACE('',(#9254),#9252,.T.);
#9256=DIRECTION('',(0.20531611760328058,-0.7662964426592324,-0.6087980402564726));
#9257=VECTOR('',#9256,1000.0);
#9258=LINE('',#5672,#9257);
#9259=EDGE_CURVE('',#5673,#5681,#9258,.T.);
#9260=LINE('',#5680,#9091);
#9261=EDGE_CURVE('',#5681,#5679,#9260,.T.);
#9262=ORIENTED_EDGE('',*,*,#9245,.F.);
#9263=ORIENTED_EDGE('',*,*,#9259,.T.);
#9264=ORIENTED_EDGE('',*,*,#9261,.T.);
#9265=DIRECTION('',(0.23427380988844196,-0.5654846951588929,0.7907862173441114));
#9266=DIRECTION('',(-0.7379840944410484,0.426063987897103,0.5233057945114339));
#9267=AXIS2_PLACEMENT_3D('',#5678,#9265,#9266);
#9268=PLANE('',#9267);
#9269=EDGE_LOOP('',(#9262,#9263,#9264));
#9270=FACE_BOUND('',#9269,.T.);
#9271=ADVANCED_FACE('',(#9270),#9268,.T.);
#9272=DIRECTION('',(0.6025699114929269,-0.6025699114929208,-0.5232771765774042));
#9273=VECTOR('',#9272,1000.0);
#9274=LINE('',#5612,#9273);
#9275=EDGE_CURVE('',#5613,#5681,#9274,.T.);
#9276=ORIENTED_EDGE('',*,*,#9259,.F.);
#9277=ORIENTED_EDGE('',*,*,#9119,.F.);
#9278=ORIENTED_EDGE('',*,*,#9275,.T.);
#9279=DIRECTION('',(0.07987207464595296,-0.6068558313364445,0.7907884999572921));
#9280=DIRECTION('',(-0.20531611760328058,0.7662964426592324,0.6087980402564726));
#9281=AXIS2_PLACEMENT_3D('',#5680,#9279,#9280);
#9282=PLANE('',#9281);
#9283=EDGE_LOOP('',(#9276,#9277,#9278));
#9284=FACE_BOUND('',#9283,.T.);
#9285=ADVANCED_FACE('',(#9284),#9282,.T.);
#9286=LINE('',#5614,#8935);
#9287=EDGE_CURVE('',#5615,#5681,#9286,.T.);
#9288=ORIENTED_EDGE('',*,*,#9275,.F.);
#9289=ORIENTED_EDGE('',*,*,#8443,.F.);
#9290=ORIENTED_EDGE('',*,*,#9287,.T.);
#9291=DIRECTION('',(-0.6025699114929269,0.6025699114929208,0.5232771765774042));
#9292=AXIS2_PLACEMENT_3D('',#5680,#9279,#9291);
#9293=PLANE('',#9292);
#9294=EDGE_LOOP('',(#9288,#9289,#9290));
#9295=FACE_BOUND('',#9294,.T.);
#9296=ADVANCED_FACE('',(#9295),#9293,.T.);
#9297=DIRECTION('',(-0.6762127967016793,-0.3903722324032877,0.6247765790627611));
#9298=VECTOR('',#9297,1000.0);
#9299=LINE('',#5682,#9298);
#9300=EDGE_CURVE('',#5683,#5675,#9299,.T.);
#9301=DIRECTION('',(0.5272251621202683,-0.3044090061745467,-0.7933276658399614));
#9302=VECTOR('',#9301,1000.0);
#9303=LINE('',#5674,#9302);
#9304=EDGE_CURVE('',#5675,#5685,#9303,.T.);
#9305=LINE('',#5684,#8975);
#9306=EDGE_CURVE('',#5685,#5683,#9305,.T.);
#9307=ORIENTED_EDGE('',*,*,#9300,.T.);
#9308=ORIENTED_EDGE('',*,*,#9304,.T.);
#9309=ORIENTED_EDGE('',*,*,#9306,.T.);
#9310=DIRECTION('',(0.7352633002264434,-0.3045604685186269,0.6055004544637714));
#9311=AXIS2_PLACEMENT_3D('',#5682,#9310,#9297);
#9312=PLANE('',#9311);
#9313=EDGE_LOOP('',(#9307,#9308,#9309));
#9314=FACE_BOUND('',#9313,.T.);
#9315=ADVANCED_FACE('',(#9314),#9312,.T.);
#9316=DIRECTION('',(0.7541995385543094,0.20207519636331606,-0.6247788977383872));
#9317=VECTOR('',#9316,1000.0);
#9318=LINE('',#5676,#9317);
#9319=EDGE_CURVE('',#5677,#5685,#9318,.T.);
#9320=ORIENTED_EDGE('',*,*,#9304,.F.);
#9321=ORIENTED_EDGE('',*,*,#9203,.F.);
#9322=ORIENTED_EDGE('',*,*,#9319,.T.);
#9323=DIRECTION('',(0.6314014106497583,-0.4844552532833381,0.6055042247546025));
#9324=DIRECTION('',(-0.5272251621202683,0.3044090061745467,0.7933276658399614));
#9325=AXIS2_PLACEMENT_3D('',#5684,#9323,#9324);
#9326=PLANE('',#9325);
#9327=EDGE_LOOP('',(#9320,#9321,#9322));
#9328=FACE_BOUND('',#9327,.T.);
#9329=ADVANCED_FACE('',(#9328),#9326,.T.);
#9330=DIRECTION('',(0.4304542960469216,-0.4304542960469216,-0.7933588078728935));
#9331=VECTOR('',#9330,1000.0);
#9332=LINE('',#5676,#9331);
#9333=EDGE_CURVE('',#5677,#5687,#9332,.T.);
#9334=LINE('',#5686,#9201);
#9335=EDGE_CURVE('',#5687,#5685,#9334,.T.);
#9336=ORIENTED_EDGE('',*,*,#9319,.F.);
#9337=ORIENTED_EDGE('',*,*,#9333,.T.);
#9338=ORIENTED_EDGE('',*,*,#9335,.T.);
#9339=DIRECTION('',(0.6313863393891461,-0.48452638143997967,0.6054630262216294));
#9340=DIRECTION('',(-0.7541995385543094,-0.20207519636331606,0.6247788977383872));
#9341=AXIS2_PLACEMENT_3D('',#5684,#9339,#9340);
#9342=PLANE('',#9341);
#9343=EDGE_LOOP('',(#9336,#9337,#9338));
#9344=FACE_BOUND('',#9343,.T.);
#9345=ADVANCED_FACE('',(#9344),#9342,.T.);
#9346=DIRECTION('',(0.780800129425738,0.0,-0.6247808879029119));
#9347=VECTOR('',#9346,1000.0);
#9348=LINE('',#5678,#9347);
#9349=EDGE_CURVE('',#5679,#5687,#9348,.T.);
#9350=ORIENTED_EDGE('',*,*,#9333,.F.);
#9351=ORIENTED_EDGE('',*,*,#9232,.F.);
#9352=ORIENTED_EDGE('',*,*,#9349,.T.);
#9353=DIRECTION('',(0.4844762604715937,-0.6314287897899464,0.6054588643862308));
#9354=DIRECTION('',(-0.4304542960469216,0.4304542960469216,0.7933588078728935));
#9355=AXIS2_PLACEMENT_3D('',#5686,#9353,#9354);
#9356=PLANE('',#9355);
#9357=EDGE_LOOP('',(#9350,#9351,#9352));
#9358=FACE_BOUND('',#9357,.T.);
#9359=ADVANCED_FACE('',(#9358),#9356,.T.);
#9360=DIRECTION('',(0.3044090061745414,-0.5272251621202644,-0.7933276658399662));
#9361=VECTOR('',#9360,1000.0);
#9362=LINE('',#5678,#9361);
#9363=EDGE_CURVE('',#5679,#5689,#9362,.T.);
#9364=LINE('',#5688,#9056);
#9365=EDGE_CURVE('',#5689,#5687,#9364,.T.);
#9366=ORIENTED_EDGE('',*,*,#9349,.F.);
#9367=ORIENTED_EDGE('',*,*,#9363,.T.);
#9368=ORIENTED_EDGE('',*,*,#9365,.T.);
#9369=DIRECTION('',(0.4845092270567993,-0.6313639855120167,0.605500063332123));
#9370=DIRECTION('',(-0.780800129425738,0.0,0.6247808879029119));
#9371=AXIS2_PLACEMENT_3D('',#5686,#9369,#9370);
#9372=PLANE('',#9371);
#9373=EDGE_LOOP('',(#9366,#9367,#9368));
#9374=FACE_BOUND('',#9373,.T.);
#9375=ADVANCED_FACE('',(#9374),#9372,.T.);
#9376=DIRECTION('',(0.7541995385543047,-0.20207519636331775,-0.6247788977383925));
#9377=VECTOR('',#9376,1000.0);
#9378=LINE('',#5680,#9377);
#9379=EDGE_CURVE('',#5681,#5689,#9378,.T.);
#9380=ORIENTED_EDGE('',*,*,#9363,.F.);
#9381=ORIENTED_EDGE('',*,*,#9261,.F.);
#9382=ORIENTED_EDGE('',*,*,#9379,.T.);
#9383=DIRECTION('',(0.30460284833516044,-0.7352432989302601,0.6055034237428022));
#9384=DIRECTION('',(-0.3044090061745414,0.5272251621202644,0.7933276658399662));
#9385=AXIS2_PLACEMENT_3D('',#5688,#9383,#9384);
#9386=PLANE('',#9385);
#9387=EDGE_LOOP('',(#9380,#9381,#9382));
#9388=FACE_BOUND('',#9387,.T.);
#9389=ADVANCED_FACE('',(#9388),#9386,.T.);
#9390=DIRECTION('',(0.15757167305268868,-0.5880207085961522,-0.7933491123795725));
#9391=VECTOR('',#9390,1000.0);
#9392=LINE('',#5680,#9391);
#9393=EDGE_CURVE('',#5681,#5691,#9392,.T.);
#9394=LINE('',#5690,#9091);
#9395=EDGE_CURVE('',#5691,#5689,#9394,.T.);
#9396=ORIENTED_EDGE('',*,*,#9379,.F.);
#9397=ORIENTED_EDGE('',*,*,#9393,.T.);
#9398=ORIENTED_EDGE('',*,*,#9395,.T.);
#9399=DIRECTION('',(0.304568162238338,-0.7352818742382754,0.6054740291436211));
#9400=DIRECTION('',(-0.7541995385543047,0.20207519636331775,0.6247788977383925));
#9401=AXIS2_PLACEMENT_3D('',#5688,#9399,#9400);
#9402=PLANE('',#9401);
#9403=EDGE_LOOP('',(#9396,#9397,#9398));
#9404=FACE_BOUND('',#9403,.T.);
#9405=ADVANCED_FACE('',(#9404),#9402,.T.);
#9406=DIRECTION('',(0.6761995236472451,-0.3904148487709704,-0.6247643156250036));
#9407=VECTOR('',#9406,1000.0);
#9408=LINE('',#5614,#9407);
#9409=EDGE_CURVE('',#5615,#5691,#9408,.T.);
#9410=ORIENTED_EDGE('',*,*,#9393,.F.);
#9411=ORIENTED_EDGE('',*,*,#9287,.F.);
#9412=ORIENTED_EDGE('',*,*,#9409,.T.);
#9413=DIRECTION('',(0.10383395136355104,-0.7890661729571933,0.6054693099067205));
#9414=DIRECTION('',(-0.15757167305268868,0.5880207085961522,0.7933491123795725));
#9415=AXIS2_PLACEMENT_3D('',#5690,#9413,#9414);
#9416=PLANE('',#9415);
#9417=EDGE_LOOP('',(#9410,#9411,#9412));
#9418=FACE_BOUND('',#9417,.T.);
#9419=ADVANCED_FACE('',(#9418),#9416,.T.);
#9420=DIRECTION('',(0.9914409919432421,0.13055558009752052,0.0));
#9421=VECTOR('',#9420,1000.0);
#9422=LINE('',#5616,#9421);
#9423=EDGE_CURVE('',#5617,#5691,#9422,.T.);
#9424=ORIENTED_EDGE('',*,*,#9409,.F.);
#9425=ORIENTED_EDGE('',*,*,#8470,.F.);
#9426=ORIENTED_EDGE('',*,*,#9423,.T.);
#9427=DIRECTION('',(0.10390061788754583,-0.78902281759997,0.6055143721739318));
#9428=DIRECTION('',(-0.6761995236472451,0.3904148487709704,0.6247643156250036));
#9429=AXIS2_PLACEMENT_3D('',#5690,#9427,#9428);
#9430=PLANE('',#9429);
#9431=EDGE_LOOP('',(#9424,#9425,#9426));
#9432=FACE_BOUND('',#9431,.T.);
#9433=ADVANCED_FACE('',(#9432),#9430,.T.);
#9434=DIRECTION('',(-0.36580967136587644,-0.6335832930070411,0.6817297816272541));
#9435=VECTOR('',#9434,1000.0);
#9436=LINE('',#5636,#9435);
#9437=EDGE_CURVE('',#5637,#5683,#9436,.T.);
#9438=DIRECTION('',(0.3696534710893241,-0.09902116298092126,-0.923878303995456));
#9439=VECTOR('',#9438,1000.0);
#9440=LINE('',#5682,#9439);
#9441=EDGE_CURVE('',#5683,#5651,#9440,.T.);
#9442=ORIENTED_EDGE('',*,*,#9437,.T.);
#9443=ORIENTED_EDGE('',*,*,#9441,.T.);
#9444=ORIENTED_EDGE('',*,*,#8899,.F.);
#9445=DIRECTION('',(0.9171161267825081,-0.12075362335970044,0.3798902110359707));
#9446=AXIS2_PLACEMENT_3D('',#5636,#9445,#9434);
#9447=PLANE('',#9446);
#9448=EDGE_LOOP('',(#9442,#9443,#9444));
#9449=FACE_BOUND('',#9448,.T.);
#9450=ADVANCED_FACE('',(#9449),#9447,.T.);
#9451=DIRECTION('',(0.5173191513617442,0.5173191513617494,-0.6817343993585218));
#9452=VECTOR('',#9451,1000.0);
#9453=LINE('',#5684,#9452);
#9454=EDGE_CURVE('',#5685,#5651,#9453,.T.);
#9455=ORIENTED_EDGE('',*,*,#9441,.F.);
#9456=ORIENTED_EDGE('',*,*,#9306,.F.);
#9457=ORIENTED_EDGE('',*,*,#9454,.T.);
#9458=DIRECTION('',(0.8546184599005996,-0.35399971475773784,0.37988352155439375));
#9459=DIRECTION('',(-0.3696534710893241,0.09902116298092126,0.923878303995456));
#9460=AXIS2_PLACEMENT_3D('',#5650,#9458,#9459);
#9461=PLANE('',#9460);
#9462=EDGE_LOOP('',(#9455,#9456,#9457));
#9463=FACE_BOUND('',#9462,.T.);
#9464=ADVANCED_FACE('',(#9463),#9461,.T.);
#9465=DIRECTION('',(0.3314120732697708,-0.19133923783269552,-0.9238805841431215));
#9466=VECTOR('',#9465,1000.0);
#9467=LINE('',#5684,#9466);
#9468=EDGE_CURVE('',#5685,#5693,#9467,.T.);
#9469=LINE('',#5692,#8975);
#9470=EDGE_CURVE('',#5693,#5651,#9469,.T.);
#9471=ORIENTED_EDGE('',*,*,#9454,.F.);
#9472=ORIENTED_EDGE('',*,*,#9468,.T.);
#9473=ORIENTED_EDGE('',*,*,#9470,.T.);
#9474=DIRECTION('',(-0.5173191513617442,-0.5173191513617494,0.6817343993585218));
#9475=AXIS2_PLACEMENT_3D('',#5650,#9458,#9474);
#9476=PLANE('',#9475);
#9477=EDGE_LOOP('',(#9471,#9472,#9473));
#9478=FACE_BOUND('',#9477,.T.);
#9479=ADVANCED_FACE('',(#9478),#9476,.T.);
#9480=DIRECTION('',(0.6335942113286698,0.365768864358374,-0.6817415296406594));
#9481=VECTOR('',#9480,1000.0);
#9482=LINE('',#5686,#9481);
#9483=EDGE_CURVE('',#5687,#5693,#9482,.T.);
#9484=ORIENTED_EDGE('',*,*,#9468,.F.);
#9485=ORIENTED_EDGE('',*,*,#9335,.F.);
#9486=ORIENTED_EDGE('',*,*,#9483,.T.);
#9487=DIRECTION('',(0.7338543682530474,-0.5631604286807663,0.3798790567588801));
#9488=DIRECTION('',(-0.3314120732697708,0.19133923783269552,0.9238805841431215));
#9489=AXIS2_PLACEMENT_3D('',#5692,#9487,#9488);
#9490=PLANE('',#9489);
#9491=EDGE_LOOP('',(#9484,#9485,#9486));
#9492=FACE_BOUND('',#9491,.T.);
#9493=ADVANCED_FACE('',(#9492),#9490,.T.);
#9494=DIRECTION('',(0.27062759747313814,-0.27062759747314524,-0.9238622229379393));
#9495=VECTOR('',#9494,1000.0);
#9496=LINE('',#5686,#9495);
#9497=EDGE_CURVE('',#5687,#5695,#9496,.T.);
#9498=LINE('',#5694,#9201);
#9499=EDGE_CURVE('',#5695,#5693,#9498,.T.);
#9500=ORIENTED_EDGE('',*,*,#9483,.F.);
#9501=ORIENTED_EDGE('',*,*,#9497,.T.);
#9502=ORIENTED_EDGE('',*,*,#9499,.T.);
#9503=DIRECTION('',(-0.6335942113286698,-0.365768864358374,0.6817415296406594));
#9504=AXIS2_PLACEMENT_3D('',#5692,#9487,#9503);
#9505=PLANE('',#9504);
#9506=EDGE_LOOP('',(#9500,#9501,#9502));
#9507=FACE_BOUND('',#9506,.T.);
#9508=ADVANCED_FACE('',(#9507),#9505,.T.);
#9509=DIRECTION('',(0.7066654870302856,0.18933923949164885,-0.6817437508543611));
#9510=VECTOR('',#9509,1000.0);
#9511=LINE('',#5688,#9510);
#9512=EDGE_CURVE('',#5689,#5695,#9511,.T.);
#9513=ORIENTED_EDGE('',*,*,#9497,.F.);
#9514=ORIENTED_EDGE('',*,*,#9365,.F.);
#9515=ORIENTED_EDGE('',*,*,#9512,.T.);
#9516=DIRECTION('',(0.5631483663601083,-0.7338386498427157,0.379927300233823));
#9517=DIRECTION('',(-0.27062759747313814,0.27062759747314524,0.9238622229379393));
#9518=AXIS2_PLACEMENT_3D('',#5694,#9516,#9517);
#9519=PLANE('',#9518);
#9520=EDGE_LOOP('',(#9513,#9514,#9515));
#9521=FACE_BOUND('',#9520,.T.);
#9522=ADVANCED_FACE('',(#9521),#9519,.T.);
#9523=DIRECTION('',(0.1913392378326887,-0.33141207326977123,-0.9238805841431227));
#9524=VECTOR('',#9523,1000.0);
#9525=LINE('',#5688,#9524);
#9526=EDGE_CURVE('',#5689,#5697,#9525,.T.);
#9527=LINE('',#5696,#9056);
#9528=EDGE_CURVE('',#5697,#5695,#9527,.T.);
#9529=ORIENTED_EDGE('',*,*,#9512,.F.);
#9530=ORIENTED_EDGE('',*,*,#9526,.T.);
#9531=ORIENTED_EDGE('',*,*,#9528,.T.);
#9532=DIRECTION('',(-0.7066654870302856,-0.18933923949164885,0.6817437508543611));
#9533=AXIS2_PLACEMENT_3D('',#5694,#9516,#9532);
#9534=PLANE('',#9533);
#9535=EDGE_LOOP('',(#9529,#9530,#9531));
#9536=FACE_BOUND('',#9535,.T.);
#9537=ADVANCED_FACE('',(#9536),#9534,.T.);
#9538=DIRECTION('',(0.7315892691030222,0.0,-0.6817456573629975));
#9539=VECTOR('',#9538,1000.0);
#9540=LINE('',#5690,#9539);
#9541=EDGE_CURVE('',#5691,#5697,#9540,.T.);
#9542=ORIENTED_EDGE('',*,*,#9526,.F.);
#9543=ORIENTED_EDGE('',*,*,#9395,.F.);
#9544=ORIENTED_EDGE('',*,*,#9541,.T.);
#9545=DIRECTION('',(0.35400002021679683,-0.8546191973332575,0.3798815779107565));
#9546=DIRECTION('',(-0.1913392378326887,0.33141207326977123,0.9238805841431227));
#9547=AXIS2_PLACEMENT_3D('',#5696,#9545,#9546);
#9548=PLANE('',#9547);
#9549=EDGE_LOOP('',(#9542,#9543,#9544));
#9550=FACE_BOUND('',#9549,.T.);
#9551=ADVANCED_FACE('',(#9550),#9548,.T.);
#9552=DIRECTION('',(0.09902116298092802,-0.36965347108933,-0.9238783039954529));
#9553=VECTOR('',#9552,1000.0);
#9554=LINE('',#5690,#9553);
#9555=EDGE_CURVE('',#5691,#5699,#9554,.T.);
#9556=LINE('',#5698,#9091);
#9557=EDGE_CURVE('',#5699,#5697,#9556,.T.);
#9558=ORIENTED_EDGE('',*,*,#9541,.F.);
#9559=ORIENTED_EDGE('',*,*,#9555,.T.);
#9560=ORIENTED_EDGE('',*,*,#9557,.T.);
#9561=DIRECTION('',(-0.7315892691030222,0.0,0.6817456573629975));
#9562=AXIS2_PLACEMENT_3D('',#5696,#9545,#9561);
#9563=PLANE('',#9562);
#9564=EDGE_LOOP('',(#9558,#9559,#9560));
#9565=FACE_BOUND('',#9564,.T.);
#9566=ADVANCED_FACE('',(#9565),#9563,.T.);
#9567=DIRECTION('',(0.7066654870302909,-0.18933923949164747,-0.6817437508543561));
#9568=VECTOR('',#9567,1000.0);
#9569=LINE('',#5616,#9568);
#9570=EDGE_CURVE('',#5617,#5699,#9569,.T.);
#9571=ORIENTED_EDGE('',*,*,#9555,.F.);
#9572=ORIENTED_EDGE('',*,*,#9423,.F.);
#9573=ORIENTED_EDGE('',*,*,#9570,.T.);
#9574=DIRECTION('',(0.1207679987556633,-0.9171139555419816,0.37989088305287383));
#9575=DIRECTION('',(-0.09902116298092802,0.36965347108933,0.9238783039954529));
#9576=AXIS2_PLACEMENT_3D('',#5698,#9574,#9575);
#9577=PLANE('',#9576);
#9578=EDGE_LOOP('',(#9571,#9572,#9573));
#9579=FACE_BOUND('',#9578,.T.);
#9580=ADVANCED_FACE('',(#9579),#9577,.T.);
#9581=LINE('',#5618,#9421);
#9582=EDGE_CURVE('',#5619,#5699,#9581,.T.);
#9583=ORIENTED_EDGE('',*,*,#9570,.F.);
#9584=ORIENTED_EDGE('',*,*,#8497,.F.);
#9585=ORIENTED_EDGE('',*,*,#9582,.T.);
#9586=DIRECTION('',(-0.7066654870302909,0.18933923949164747,0.6817437508543561));
#9587=AXIS2_PLACEMENT_3D('',#5698,#9574,#9586);
#9588=PLANE('',#9587);
#9589=EDGE_LOOP('',(#9583,#9584,#9585));
#9590=FACE_BOUND('',#9589,.T.);
#9591=ADVANCED_FACE('',(#9590),#9588,.T.);
#9592=DIRECTION('',(0.12609315133824436,-0.03377381116857187,-0.9914433150033037));
#9593=VECTOR('',#9592,1000.0);
#9594=LINE('',#5650,#9593);
#9595=EDGE_CURVE('',#5651,#5701,#9594,.T.);
#9596=LINE('',#5700,#9035);
#9597=EDGE_CURVE('',#5701,#5537,#9596,.T.);
#9598=ORIENTED_EDGE('',*,*,#8903,.F.);
#9599=ORIENTED_EDGE('',*,*,#9595,.T.);
#9600=ORIENTED_EDGE('',*,*,#9597,.T.);
#9601=DIRECTION('',(-0.18300307355912285,-0.6830171941743838,0.7071049338889287));
#9602=AXIS2_PLACEMENT_3D('',#5536,#8907,#9601);
#9603=PLANE('',#9602);
#9604=EDGE_LOOP('',(#9598,#9599,#9600));
#9605=FACE_BOUND('',#9604,.T.);
#9606=ADVANCED_FACE('',(#9605),#9603,.T.);
#9607=DIRECTION('',(0.3535684660426264,0.6123814938579889,-0.7070913984772563));
#9608=VECTOR('',#9607,1000.0);
#9609=LINE('',#5692,#9608);
#9610=EDGE_CURVE('',#5693,#5701,#9609,.T.);
#9611=ORIENTED_EDGE('',*,*,#9595,.F.);
#9612=ORIENTED_EDGE('',*,*,#9470,.F.);
#9613=ORIENTED_EDGE('',*,*,#9610,.T.);
#9614=DIRECTION('',(0.9161045354198403,-0.3794709729632868,0.12943825115280003));
#9615=DIRECTION('',(-0.12609315133824436,0.03377381116857187,0.9914433150033037));
#9616=AXIS2_PLACEMENT_3D('',#5700,#9614,#9615);
#9617=PLANE('',#9616);
#9618=EDGE_LOOP('',(#9611,#9612,#9613));
#9619=FACE_BOUND('',#9618,.T.);
#9620=ADVANCED_FACE('',(#9619),#9617,.T.);
#9621=DIRECTION('',(0.11306874031332574,-0.065249154489112,-0.9914423875356619));
#9622=VECTOR('',#9621,1000.0);
#9623=LINE('',#5692,#9622);
#9624=EDGE_CURVE('',#5693,#5703,#9623,.T.);
#9625=LINE('',#5702,#8975);
#9626=EDGE_CURVE('',#5703,#5701,#9625,.T.);
#9627=ORIENTED_EDGE('',*,*,#9610,.F.);
#9628=ORIENTED_EDGE('',*,*,#9624,.T.);
#9629=ORIENTED_EDGE('',*,*,#9626,.T.);
#9630=DIRECTION('',(-0.3535684660426264,-0.6123814938579889,0.7070913984772563));
#9631=AXIS2_PLACEMENT_3D('',#5700,#9614,#9630);
#9632=PLANE('',#9631);
#9633=EDGE_LOOP('',(#9627,#9628,#9629));
#9634=FACE_BOUND('',#9633,.T.);
#9635=ADVANCED_FACE('',(#9634),#9632,.T.);
#9636=DIRECTION('',(0.5000077132676329,0.5000077132676279,-0.7070958728105758));
#9637=VECTOR('',#9636,1000.0);
#9638=LINE('',#5694,#9637);
#9639=EDGE_CURVE('',#5695,#5703,#9638,.T.);
#9640=ORIENTED_EDGE('',*,*,#9624,.F.);
#9641=ORIENTED_EDGE('',*,*,#9499,.F.);
#9642=ORIENTED_EDGE('',*,*,#9639,.T.);
#9643=DIRECTION('',(0.786685828983349,-0.6036304661281998,0.12944368211169413));
#9644=DIRECTION('',(-0.11306874031332574,0.065249154489112,0.9914423875356619));
#9645=AXIS2_PLACEMENT_3D('',#5702,#9643,#9644);
#9646=PLANE('',#9645);
#9647=EDGE_LOOP('',(#9640,#9641,#9642));
#9648=FACE_BOUND('',#9647,.T.);
#9649=ADVANCED_FACE('',(#9648),#9646,.T.);
#9650=DIRECTION('',(0.09231962710456415,-0.09225578227253979,-0.9914463964776694));
#9651=VECTOR('',#9650,1000.0);
#9652=LINE('',#5694,#9651);
#9653=EDGE_CURVE('',#5695,#5705,#9652,.T.);
#9654=LINE('',#5704,#9201);
#9655=EDGE_CURVE('',#5705,#5703,#9654,.T.);
#9656=ORIENTED_EDGE('',*,*,#9639,.F.);
#9657=ORIENTED_EDGE('',*,*,#9653,.T.);
#9658=ORIENTED_EDGE('',*,*,#9655,.T.);
#9659=DIRECTION('',(-0.5000077132676329,-0.5000077132676279,0.7070958728105758));
#9660=AXIS2_PLACEMENT_3D('',#5702,#9643,#9659);
#9661=PLANE('',#9660);
#9662=EDGE_LOOP('',(#9656,#9657,#9658));
#9663=FACE_BOUND('',#9662,.T.);
#9664=ADVANCED_FACE('',(#9663),#9661,.T.);
#9665=DIRECTION('',(0.61238149385799,0.35356846604262193,-0.7070913984772575));
#9666=VECTOR('',#9665,1000.0);
#9667=LINE('',#5696,#9666);
#9668=EDGE_CURVE('',#5697,#5705,#9667,.T.);
#9669=ORIENTED_EDGE('',*,*,#9653,.F.);
#9670=ORIENTED_EDGE('',*,*,#9528,.F.);
#9671=ORIENTED_EDGE('',*,*,#9668,.T.);
#9672=DIRECTION('',(0.6036330835743309,-0.7866892401892216,0.1294107406093102));
#9673=DIRECTION('',(-0.09231962710456415,0.09225578227253979,0.9914463964776694));
#9674=AXIS2_PLACEMENT_3D('',#5704,#9672,#9673);
#9675=PLANE('',#9674);
#9676=EDGE_LOOP('',(#9669,#9670,#9671));
#9677=FACE_BOUND('',#9676,.T.);
#9678=ADVANCED_FACE('',(#9677),#9675,.T.);
#9679=DIRECTION('',(0.06524915448911901,-0.11306874031333268,-0.9914423875356606));
#9680=VECTOR('',#9679,1000.0);
#9681=LINE('',#5696,#9680);
#9682=EDGE_CURVE('',#5697,#5707,#9681,.T.);
#9683=LINE('',#5706,#9056);
#9684=EDGE_CURVE('',#5707,#5705,#9683,.T.);
#9685=ORIENTED_EDGE('',*,*,#9668,.F.);
#9686=ORIENTED_EDGE('',*,*,#9682,.T.);
#9687=ORIENTED_EDGE('',*,*,#9684,.T.);
#9688=DIRECTION('',(-0.61238149385799,-0.35356846604262193,0.7070913984772575));
#9689=AXIS2_PLACEMENT_3D('',#5704,#9672,#9688);
#9690=PLANE('',#9689);
#9691=EDGE_LOOP('',(#9685,#9686,#9687));
#9692=FACE_BOUND('',#9691,.T.);
#9693=ADVANCED_FACE('',(#9692),#9690,.T.);
#9694=DIRECTION('',(0.6830171941743811,0.18300307355912346,-0.7071049338889313));
#9695=VECTOR('',#9694,1000.0);
#9696=LINE('',#5698,#9695);
#9697=EDGE_CURVE('',#5699,#5707,#9696,.T.);
#9698=ORIENTED_EDGE('',*,*,#9682,.F.);
#9699=ORIENTED_EDGE('',*,*,#9557,.F.);
#9700=ORIENTED_EDGE('',*,*,#9697,.T.);
#9701=DIRECTION('',(0.3794703597440697,-0.9161030550090625,0.12945052598876958));
#9702=DIRECTION('',(-0.06524915448911901,0.11306874031333268,0.9914423875356606));
#9703=AXIS2_PLACEMENT_3D('',#5706,#9701,#9702);
#9704=PLANE('',#9703);
#9705=EDGE_LOOP('',(#9698,#9699,#9700));
#9706=FACE_BOUND('',#9705,.T.);
#9707=ADVANCED_FACE('',(#9706),#9704,.T.);
#9708=DIRECTION('',(0.0337738111685719,-0.12609315133823737,-0.9914433150033046));
#9709=VECTOR('',#9708,1000.0);
#9710=LINE('',#5698,#9709);
#9711=EDGE_CURVE('',#5699,#5709,#9710,.T.);
#9712=LINE('',#5708,#9091);
#9713=EDGE_CURVE('',#5709,#5707,#9712,.T.);
#9714=ORIENTED_EDGE('',*,*,#9697,.F.);
#9715=ORIENTED_EDGE('',*,*,#9711,.T.);
#9716=ORIENTED_EDGE('',*,*,#9713,.T.);
#9717=DIRECTION('',(-0.6830171941743811,-0.18300307355912346,0.7071049338889313));
#9718=AXIS2_PLACEMENT_3D('',#5706,#9701,#9717);
#9719=PLANE('',#9718);
#9720=EDGE_LOOP('',(#9714,#9715,#9716));
#9721=FACE_BOUND('',#9720,.T.);
#9722=ADVANCED_FACE('',(#9721),#9719,.T.);
#9723=DIRECTION('',(0.7071067811865526,0.0,-0.7071067811865425));
#9724=VECTOR('',#9723,1000.0);
#9725=LINE('',#5618,#9724);
#9726=EDGE_CURVE('',#5619,#5709,#9725,.T.);
#9727=ORIENTED_EDGE('',*,*,#9711,.F.);
#9728=ORIENTED_EDGE('',*,*,#9582,.F.);
#9729=ORIENTED_EDGE('',*,*,#9726,.T.);
#9730=DIRECTION('',(0.1294417709319699,-0.9831020577111973,0.12944177093197176));
#9731=DIRECTION('',(-0.0337738111685719,0.12609315133823737,0.9914433150033046));
#9732=AXIS2_PLACEMENT_3D('',#5708,#9730,#9731);
#9733=PLANE('',#9732);
#9734=EDGE_LOOP('',(#9727,#9728,#9729));
#9735=FACE_BOUND('',#9734,.T.);
#9736=ADVANCED_FACE('',(#9735),#9733,.T.);
#9737=LINE('',#5540,#8935);
#9738=EDGE_CURVE('',#5541,#5709,#9737,.T.);
#9739=ORIENTED_EDGE('',*,*,#9726,.F.);
#9740=ORIENTED_EDGE('',*,*,#8523,.F.);
#9741=ORIENTED_EDGE('',*,*,#9738,.T.);
#9742=DIRECTION('',(-0.7071067811865526,0.0,0.7071067811865425));
#9743=AXIS2_PLACEMENT_3D('',#5708,#9730,#9742);
#9744=PLANE('',#9743);
#9745=EDGE_LOOP('',(#9739,#9740,#9741));
#9746=FACE_BOUND('',#9745,.T.);
#9747=ADVANCED_FACE('',(#9746),#9744,.T.);
#9748=DIRECTION('',(-0.4957349343109332,0.858614183071184,0.13049352295320313));
#9749=VECTOR('',#9748,1000.0);
#9750=LINE('',#5668,#9749);
#9751=EDGE_CURVE('',#5669,#5609,#9750,.T.);
#9752=ORIENTED_EDGE('',*,*,#9751,.T.);
#9753=ORIENTED_EDGE('',*,*,#8941,.F.);
#9754=ORIENTED_EDGE('',*,*,#9071,.F.);
#9755=DIRECTION('',(0.05034438056338885,-0.12159255292744026,0.9913025241661985));
#9756=AXIS2_PLACEMENT_3D('',#5668,#9755,#9748);
#9757=PLANE('',#9756);
#9758=EDGE_LOOP('',(#9752,#9753,#9754));
#9759=FACE_BOUND('',#9758,.T.);
#9760=ADVANCED_FACE('',(#9759),#9757,.T.);
#9761=LINE('',#5632,#8897);
#9762=EDGE_CURVE('',#5633,#5683,#9761,.T.);
#9763=ORIENTED_EDGE('',*,*,#8673,.F.);
#9764=ORIENTED_EDGE('',*,*,#9762,.T.);
#9765=ORIENTED_EDGE('',*,*,#9437,.F.);
#9766=AXIS2_PLACEMENT_3D('',#5636,#9445,#8690);
#9767=PLANE('',#9766);
#9768=EDGE_LOOP('',(#9763,#9764,#9765));
#9769=FACE_BOUND('',#9768,.T.);
#9770=ADVANCED_FACE('',(#9769),#9767,.T.);
#9771=DIRECTION('',(0.5880207085961608,-0.15757167305269432,-0.7933491123795651));
#9772=VECTOR('',#9771,1000.0);
#9773=LINE('',#5664,#9772);
#9774=EDGE_CURVE('',#5665,#5683,#9773,.T.);
#9775=ORIENTED_EDGE('',*,*,#9762,.F.);
#9776=ORIENTED_EDGE('',*,*,#9183,.F.);
#9777=ORIENTED_EDGE('',*,*,#9774,.T.);
#9778=AXIS2_PLACEMENT_3D('',#5682,#9187,#9167);
#9779=PLANE('',#9778);
#9780=EDGE_LOOP('',(#9775,#9776,#9777));
#9781=FACE_BOUND('',#9780,.T.);
#9782=ADVANCED_FACE('',(#9781),#9779,.T.);
#9783=VECTOR('',#8999,1000.0);
#9784=LINE('',#5664,#9783);
#9785=EDGE_CURVE('',#5665,#5675,#9784,.T.);
#9786=ORIENTED_EDGE('',*,*,#9774,.F.);
#9787=ORIENTED_EDGE('',*,*,#9785,.T.);
#9788=ORIENTED_EDGE('',*,*,#9300,.F.);
#9789=DIRECTION('',(0.7352660469925895,-0.304612272595924,0.6054710591959269));
#9790=DIRECTION('',(-0.5880207085961608,0.15757167305269432,0.7933491123795651));
#9791=AXIS2_PLACEMENT_3D('',#5682,#9789,#9790);
#9792=PLANE('',#9791);
#9793=EDGE_LOOP('',(#9786,#9787,#9788));
#9794=FACE_BOUND('',#9793,.T.);
#9795=ADVANCED_FACE('',(#9794),#9792,.T.);
#9796=DIRECTION('',(0.687024430382006,-0.39666227915281216,-0.6088156275553191));
#9797=VECTOR('',#9796,1000.0);
#9798=LINE('',#5652,#9797);
#9799=EDGE_CURVE('',#5653,#5675,#9798,.T.);
#9800=ORIENTED_EDGE('',*,*,#9785,.F.);
#9801=ORIENTED_EDGE('',*,*,#9020,.F.);
#9802=ORIENTED_EDGE('',*,*,#9799,.T.);
#9803=AXIS2_PLACEMENT_3D('',#5674,#9028,#8974);
#9804=PLANE('',#9803);
#9805=EDGE_LOOP('',(#9800,#9801,#9802));
#9806=FACE_BOUND('',#9805,.T.);
#9807=ADVANCED_FACE('',(#9806),#9804,.T.);
#9808=LINE('',#5652,#8918);
#9809=EDGE_CURVE('',#5653,#5667,#9808,.T.);
#9810=ORIENTED_EDGE('',*,*,#9799,.F.);
#9811=ORIENTED_EDGE('',*,*,#9809,.T.);
#9812=ORIENTED_EDGE('',*,*,#9196,.F.);
#9813=DIRECTION('',(-0.687024430382006,0.39666227915281216,0.6088156275553191));
#9814=AXIS2_PLACEMENT_3D('',#5674,#9207,#9813);
#9815=PLANE('',#9814);
#9816=EDGE_LOOP('',(#9810,#9811,#9812));
#9817=FACE_BOUND('',#9816,.T.);
#9818=ADVANCED_FACE('',(#9817),#9815,.T.);
#9819=DIRECTION('',(0.6532777605989601,-0.6532777605989601,-0.3826961392718971));
#9820=VECTOR('',#9819,1000.0);
#9821=LINE('',#5656,#9820);
#9822=EDGE_CURVE('',#5657,#5667,#9821,.T.);
#9823=ORIENTED_EDGE('',*,*,#9809,.F.);
#9824=ORIENTED_EDGE('',*,*,#8924,.F.);
#9825=ORIENTED_EDGE('',*,*,#9822,.T.);
#9826=AXIS2_PLACEMENT_3D('',#5666,#8928,#8964);
#9827=PLANE('',#9826);
#9828=EDGE_LOOP('',(#9823,#9824,#9825));
#9829=FACE_BOUND('',#9828,.T.);
#9830=ADVANCED_FACE('',(#9829),#9827,.T.);
#9831=DIRECTION('',(-0.7933204088923224,-0.6088043436399896,0.0));
#9832=VECTOR('',#9831,1000.0);
#9833=LINE('',#5656,#9832);
#9834=EDGE_CURVE('',#5657,#5669,#9833,.T.);
#9835=ORIENTED_EDGE('',*,*,#9822,.F.);
#9836=ORIENTED_EDGE('',*,*,#9834,.T.);
#9837=ORIENTED_EDGE('',*,*,#9050,.F.);
#9838=DIRECTION('',(-0.6532777605989601,0.6532777605989601,0.3826961392718971));
#9839=AXIS2_PLACEMENT_3D('',#5666,#9062,#9838);
#9840=PLANE('',#9839);
#9841=EDGE_LOOP('',(#9835,#9836,#9837));
#9842=FACE_BOUND('',#9841,.T.);
#9843=ADVANCED_FACE('',(#9842),#9840,.T.);
#9844=ORIENTED_EDGE('',*,*,#9834,.F.);
#9845=ORIENTED_EDGE('',*,*,#8959,.F.);
#9846=ORIENTED_EDGE('',*,*,#9751,.F.);
#9847=DIRECTION('',(0.08011916487761005,-0.10440163462171792,0.991302788308208));
#9848=AXIS2_PLACEMENT_3D('',#5668,#9847,#9055);
#9849=PLANE('',#9848);
#9850=EDGE_LOOP('',(#9844,#9845,#9846));
#9851=FACE_BOUND('',#9850,.T.);
#9852=ADVANCED_FACE('',(#9851),#9849,.T.);
#9853=DIRECTION('',(0.9914430433540212,-0.130540000708275,0.0));
#9854=VECTOR('',#9853,1000.0);
#9855=LINE('',#5648,#9854);
#9856=EDGE_CURVE('',#5649,#5711,#9855,.T.);
#9857=DIRECTION('',(-0.6830171941743864,0.1830030735591222,-0.7071049338889263));
#9858=VECTOR('',#9857,1000.0);
#9859=LINE('',#5710,#9858);
#9860=EDGE_CURVE('',#5711,#5601,#9859,.T.);
#9861=ORIENTED_EDGE('',*,*,#8872,.F.);
#9862=ORIENTED_EDGE('',*,*,#9856,.T.);
#9863=ORIENTED_EDGE('',*,*,#9860,.T.);
#9864=DIRECTION('',(0.12944246206838858,0.9831073068485544,0.12940120646522654));
#9865=DIRECTION('',(0.0,-0.1304991039519234,0.9914484272354993));
#9866=AXIS2_PLACEMENT_3D('',#5600,#9864,#9865);
#9867=PLANE('',#9866);
#9868=EDGE_LOOP('',(#9861,#9862,#9863));
#9869=FACE_BOUND('',#9868,.T.);
#9870=ADVANCED_FACE('',(#9869),#9867,.T.);
#9871=DIRECTION('',(-0.461921593329921,-0.8001107681562518,0.3826894306039295));
#9872=VECTOR('',#9871,1000.0);
#9873=LINE('',#5712,#9872);
#9874=EDGE_CURVE('',#5713,#5715,#9873,.T.);
#9875=DIRECTION('',(0.7933204088923224,-0.6088043436399896,0.0));
#9876=VECTOR('',#9875,1000.0);
#9877=LINE('',#5714,#9876);
#9878=EDGE_CURVE('',#5715,#5717,#9877,.T.);
#9879=DIRECTION('',(0.24144327067785687,0.9011318885712518,-0.36009230267306186));
#9880=VECTOR('',#9879,1000.0);
#9881=LINE('',#5716,#9880);
#9882=EDGE_CURVE('',#5717,#5713,#9881,.T.);
#9883=ORIENTED_EDGE('',*,*,#9874,.T.);
#9884=ORIENTED_EDGE('',*,*,#9878,.T.);
#9885=ORIENTED_EDGE('',*,*,#9882,.T.);
#9886=DIRECTION('',(0.23469768799463353,0.3058297263333707,0.9227053558643893));
#9887=AXIS2_PLACEMENT_3D('',#5712,#9886,#9871);
#9888=PLANE('',#9887);
#9889=EDGE_LOOP('',(#9883,#9884,#9885));
#9890=FACE_BOUND('',#9889,.T.);
#9891=ADVANCED_FACE('',(#9890),#9888,.T.);
#9892=DIRECTION('',(-0.13049918202815952,0.9914484169587348,0.0));
#9893=VECTOR('',#9892,1000.0);
#9894=LINE('',#5622,#9893);
#9895=EDGE_CURVE('',#5623,#5719,#9894,.T.);
#9896=DIRECTION('',(-0.9576695233526946,-0.2565915876236295,0.1304984337155361));
#9897=VECTOR('',#9896,1000.0);
#9898=LINE('',#5718,#9897);
#9899=EDGE_CURVE('',#5719,#5607,#9898,.T.);
#9900=ORIENTED_EDGE('',*,*,#8557,.F.);
#9901=ORIENTED_EDGE('',*,*,#9895,.T.);
#9902=ORIENTED_EDGE('',*,*,#9899,.T.);
#9903=DIRECTION('',(0.13047985656241656,0.017174382712495318,0.9913021979244755));
#9904=AXIS2_PLACEMENT_3D('',#5606,#9903,#8534);
#9905=PLANE('',#9904);
#9906=EDGE_LOOP('',(#9900,#9901,#9902));
#9907=FACE_BOUND('',#9906,.T.);
#9908=ADVANCED_FACE('',(#9907),#9905,.T.);
#9909=DIRECTION('',(-0.4957349343109332,-0.858614183071184,0.13049352295320313));
#9910=VECTOR('',#9909,1000.0);
#9911=LINE('',#5714,#9910);
#9912=EDGE_CURVE('',#5715,#5607,#9911,.T.);
#9913=DIRECTION('',(0.7010602744434353,0.7010602744434282,-0.13049514624920086));
#9914=VECTOR('',#9913,1000.0);
#9915=LINE('',#5606,#9914);
#9916=EDGE_CURVE('',#5607,#5717,#9915,.T.);
#9917=ORIENTED_EDGE('',*,*,#9878,.F.);
#9918=ORIENTED_EDGE('',*,*,#9912,.T.);
#9919=ORIENTED_EDGE('',*,*,#9916,.T.);
#9920=DIRECTION('',(0.08011916487761005,0.10440163462171792,0.991302788308208));
#9921=DIRECTION('',(-0.7933204088923224,0.6088043436399896,0.0));
#9922=AXIS2_PLACEMENT_3D('',#5716,#9920,#9921);
#9923=PLANE('',#9922);
#9924=EDGE_LOOP('',(#9917,#9918,#9919));
#9925=FACE_BOUND('',#9924,.T.);
#9926=ADVANCED_FACE('',(#9925),#9923,.T.);
#9927=DIRECTION('',(-0.2565915876236312,-0.9576695233526938,0.130498433715537));
#9928=VECTOR('',#9927,1000.0);
#9929=LINE('',#5720,#9928);
#9930=EDGE_CURVE('',#5721,#5607,#9929,.T.);
#9931=DIRECTION('',(-0.9239356813833928,0.3825478488589438,0.0));
#9932=VECTOR('',#9931,1000.0);
#9933=LINE('',#5714,#9932);
#9934=EDGE_CURVE('',#5715,#5721,#9933,.T.);
#9935=ORIENTED_EDGE('',*,*,#9930,.T.);
#9936=ORIENTED_EDGE('',*,*,#9912,.F.);
#9937=ORIENTED_EDGE('',*,*,#9934,.T.);
#9938=DIRECTION('',(0.05034438056338885,0.12159255292744026,0.9913025241661985));
#9939=AXIS2_PLACEMENT_3D('',#5720,#9938,#9927);
#9940=PLANE('',#9939);
#9941=EDGE_LOOP('',(#9935,#9936,#9937));
#9942=FACE_BOUND('',#9941,.T.);
#9943=ADVANCED_FACE('',(#9942),#9940,.T.);
#9944=DIRECTION('',(0.0,0.9329160488757815,-0.36009394017395024));
#9945=VECTOR('',#9944,1000.0);
#9946=LINE('',#5714,#9945);
#9947=EDGE_CURVE('',#5715,#5723,#9946,.T.);
#9948=DIRECTION('',(-0.23915481841229763,-0.8923935002047739,0.38267324654651935));
#9949=VECTOR('',#9948,1000.0);
#9950=LINE('',#5722,#9949);
#9951=EDGE_CURVE('',#5723,#5721,#9950,.T.);
#9952=ORIENTED_EDGE('',*,*,#9934,.F.);
#9953=ORIENTED_EDGE('',*,*,#9947,.T.);
#9954=ORIENTED_EDGE('',*,*,#9951,.T.);
#9955=DIRECTION('',(0.14746390887028965,0.35615719060484846,0.9227168857028448));
#9956=DIRECTION('',(0.9239356813833928,-0.3825478488589438,0.0));
#9957=AXIS2_PLACEMENT_3D('',#5720,#9955,#9956);
#9958=PLANE('',#9957);
#9959=EDGE_LOOP('',(#9952,#9953,#9954));
#9960=FACE_BOUND('',#9959,.T.);
#9961=ADVANCED_FACE('',(#9960),#9958,.T.);
#9962=LINE('',#5712,#9932);
#9963=EDGE_CURVE('',#5713,#5723,#9962,.T.);
#9964=ORIENTED_EDGE('',*,*,#9947,.F.);
#9965=ORIENTED_EDGE('',*,*,#9874,.F.);
#9966=ORIENTED_EDGE('',*,*,#9963,.T.);
#9967=DIRECTION('',(0.14753174602873403,0.35615354772035235,0.9227074478727914));
#9968=DIRECTION('',(0.0,-0.9329160488757815,0.36009394017395024));
#9969=AXIS2_PLACEMENT_3D('',#5722,#9967,#9968);
#9970=PLANE('',#9969);
#9971=EDGE_LOOP('',(#9964,#9965,#9966));
#9972=FACE_BOUND('',#9971,.T.);
#9973=ADVANCED_FACE('',(#9972),#9970,.T.);
#9974=DIRECTION('',(-0.22054216781535874,0.8231232936626992,-0.5232869152244989));
#9975=VECTOR('',#9974,1000.0);
#9976=LINE('',#5712,#9975);
#9977=EDGE_CURVE('',#5713,#5725,#9976,.T.);
#9978=DIRECTION('',(-0.20531611760328058,-0.7662964426592324,0.6087980402564726));
#9979=VECTOR('',#9978,1000.0);
#9980=LINE('',#5724,#9979);
#9981=EDGE_CURVE('',#5725,#5723,#9980,.T.);
#9982=ORIENTED_EDGE('',*,*,#9963,.F.);
#9983=ORIENTED_EDGE('',*,*,#9977,.T.);
#9984=ORIENTED_EDGE('',*,*,#9981,.T.);
#9985=DIRECTION('',(0.23424777764500082,0.5654930501373339,0.7907879544572952));
#9986=AXIS2_PLACEMENT_3D('',#5722,#9985,#9956);
#9987=PLANE('',#9986);
#9988=EDGE_LOOP('',(#9982,#9983,#9984));
#9989=FACE_BOUND('',#9988,.T.);
#9990=ADVANCED_FACE('',(#9989),#9987,.T.);
#9991=DIRECTION('',(-0.9914484169587348,0.13049918202815952,0.0));
#9992=VECTOR('',#9991,1000.0);
#9993=LINE('',#5720,#9992);
#9994=EDGE_CURVE('',#5721,#5641,#9993,.T.);
#9995=ORIENTED_EDGE('',*,*,#8737,.F.);
#9996=ORIENTED_EDGE('',*,*,#9930,.F.);
#9997=ORIENTED_EDGE('',*,*,#9994,.T.);
#9998=DIRECTION('',(0.017174382712495467,0.13047985656241748,0.9913021979244754));
#9999=DIRECTION('',(0.0,-0.9914484272354984,0.13049910395192943));
#10000=AXIS2_PLACEMENT_3D('',#5640,#9998,#9999);
#10001=PLANE('',#10000);
#10002=EDGE_LOOP('',(#9995,#9996,#9997));
#10003=FACE_BOUND('',#10002,.T.);
#10004=ADVANCED_FACE('',(#10003),#10001,.T.);
#10005=DIRECTION('',(-0.46644603431878884,-0.8079297101389742,0.36010787348102846));
#10006=VECTOR('',#10005,1000.0);
#10007=LINE('',#5726,#10006);
#10008=EDGE_CURVE('',#5727,#5729,#10007,.T.);
#10009=DIRECTION('',(0.8001107681562545,0.46192159332991545,-0.3826894306039308));
#10010=VECTOR('',#10009,1000.0);
#10011=LINE('',#5728,#10010);
#10012=EDGE_CURVE('',#5729,#5731,#10011,.T.);
#10013=DIRECTION('',(-0.6088094411189559,0.7933164969950042,0.0));
#10014=VECTOR('',#10013,1000.0);
#10015=LINE('',#5730,#10014);
#10016=EDGE_CURVE('',#5731,#5727,#10015,.T.);
#10017=ORIENTED_EDGE('',*,*,#10008,.T.);
#10018=ORIENTED_EDGE('',*,*,#10012,.T.);
#10019=ORIENTED_EDGE('',*,*,#10016,.T.);
#10020=DIRECTION('',(0.305828438669877,0.23469982224013078,0.9227052397928585));
#10021=AXIS2_PLACEMENT_3D('',#5726,#10020,#10005);
#10022=PLANE('',#10021);
#10023=EDGE_LOOP('',(#10017,#10018,#10019));
#10024=FACE_BOUND('',#10023,.T.);
#10025=ADVANCED_FACE('',(#10024),#10022,.T.);
#10026=DIRECTION('',(0.3825478488589672,-0.9239356813833833,0.0));
#10027=VECTOR('',#10026,1000.0);
#10028=LINE('',#5728,#10027);
#10029=EDGE_CURVE('',#5729,#5719,#10028,.T.);
#10030=DIRECTION('',(0.6596739035031483,0.6596739035031549,-0.36008427079480865));
#10031=VECTOR('',#10030,1000.0);
#10032=LINE('',#5718,#10031);
#10033=EDGE_CURVE('',#5719,#5731,#10032,.T.);
#10034=ORIENTED_EDGE('',*,*,#10012,.F.);
#10035=ORIENTED_EDGE('',*,*,#10029,.T.);
#10036=ORIENTED_EDGE('',*,*,#10033,.T.);
#10037=DIRECTION('',(0.35618470025713034,0.14747529901196843,0.9227044464421251));
#10038=DIRECTION('',(-0.8001107681562545,-0.46192159332991545,0.3826894306039308));
#10039=AXIS2_PLACEMENT_3D('',#5730,#10037,#10038);
#10040=PLANE('',#10039);
#10041=EDGE_LOOP('',(#10034,#10035,#10036));
#10042=FACE_BOUND('',#10041,.T.);
#10043=ADVANCED_FACE('',(#10042),#10040,.T.);
#10044=DIRECTION('',(0.8923935002047709,0.23915481841230063,-0.38267324654652424));
#10045=VECTOR('',#10044,1000.0);
#10046=LINE('',#5718,#10045);
#10047=EDGE_CURVE('',#5719,#5733,#10046,.T.);
#10048=DIRECTION('',(-0.38270140287099613,0.9238720886792562,0.0));
#10049=VECTOR('',#10048,1000.0);
#10050=LINE('',#5732,#10049);
#10051=EDGE_CURVE('',#5733,#5731,#10050,.T.);
#10052=ORIENTED_EDGE('',*,*,#10033,.F.);
#10053=ORIENTED_EDGE('',*,*,#10047,.T.);
#10054=ORIENTED_EDGE('',*,*,#10051,.T.);
#10055=DIRECTION('',(0.3561393062593512,0.1475258466978918,0.9227138879919269));
#10056=DIRECTION('',(-0.6596739035031483,-0.6596739035031549,0.36008427079480865));
#10057=AXIS2_PLACEMENT_3D('',#5730,#10055,#10056);
#10058=PLANE('',#10057);
#10059=EDGE_LOOP('',(#10052,#10053,#10054));
#10060=FACE_BOUND('',#10059,.T.);
#10061=ADVANCED_FACE('',(#10060),#10058,.T.);
#10062=DIRECTION('',(0.8079279310545376,0.4664703981439947,-0.36008030476175384));
#10063=VECTOR('',#10062,1000.0);
#10064=LINE('',#5622,#10063);
#10065=EDGE_CURVE('',#5623,#5733,#10064,.T.);
#10066=ORIENTED_EDGE('',*,*,#10047,.F.);
#10067=ORIENTED_EDGE('',*,*,#9895,.F.);
#10068=ORIENTED_EDGE('',*,*,#10065,.T.);
#10069=DIRECTION('',(0.38219280305248665,0.05030604449235291,0.9227122862422591));
#10070=DIRECTION('',(-0.8923935002047709,-0.23915481841230063,0.38267324654652424));
#10071=AXIS2_PLACEMENT_3D('',#5732,#10069,#10070);
#10072=PLANE('',#10071);
#10073=EDGE_LOOP('',(#10066,#10067,#10068));
#10074=FACE_BOUND('',#10073,.T.);
#10075=ADVANCED_FACE('',(#10074),#10072,.T.);
#10076=LINE('',#5626,#9893);
#10077=EDGE_CURVE('',#5627,#5733,#10076,.T.);
#10078=ORIENTED_EDGE('',*,*,#10065,.F.);
#10079=ORIENTED_EDGE('',*,*,#8591,.F.);
#10080=ORIENTED_EDGE('',*,*,#10077,.T.);
#10081=DIRECTION('',(-0.8079279310545376,-0.4664703981439947,0.36008030476175384));
#10082=AXIS2_PLACEMENT_3D('',#5732,#10069,#10081);
#10083=PLANE('',#10082);
#10084=EDGE_LOOP('',(#10078,#10079,#10080));
#10085=FACE_BOUND('',#10084,.T.);
#10086=ADVANCED_FACE('',(#10085),#10083,.T.);
#10087=DIRECTION('',(-0.24144327067785687,0.9011318885712518,-0.36009230267306186));
#10088=VECTOR('',#10087,1000.0);
#10089=LINE('',#5720,#10088);
#10090=EDGE_CURVE('',#5721,#5643,#10089,.T.);
#10091=ORIENTED_EDGE('',*,*,#9994,.F.);
#10092=ORIENTED_EDGE('',*,*,#10090,.T.);
#10093=ORIENTED_EDGE('',*,*,#8764,.F.);
#10094=DIRECTION('',(0.05030624112111429,0.38219429691069456,0.9227116567558925));
#10095=DIRECTION('',(0.9914484169587348,-0.13049918202815952,0.0));
#10096=AXIS2_PLACEMENT_3D('',#5640,#10094,#10095);
#10097=PLANE('',#10096);
#10098=EDGE_LOOP('',(#10091,#10092,#10093));
#10099=FACE_BOUND('',#10098,.T.);
#10100=ADVANCED_FACE('',(#10099),#10097,.T.);
#10101=LINE('',#5722,#9992);
#10102=EDGE_CURVE('',#5723,#5643,#10101,.T.);
#10103=ORIENTED_EDGE('',*,*,#10090,.F.);
#10104=ORIENTED_EDGE('',*,*,#9951,.F.);
#10105=ORIENTED_EDGE('',*,*,#10102,.T.);
#10106=DIRECTION('',(0.24144327067785687,-0.9011318885712518,0.36009230267306186));
#10107=AXIS2_PLACEMENT_3D('',#5642,#10094,#10106);
#10108=PLANE('',#10107);
#10109=EDGE_LOOP('',(#10103,#10104,#10105));
#10110=FACE_BOUND('',#10109,.T.);
#10111=ADVANCED_FACE('',(#10110),#10108,.T.);
#10112=DIRECTION('',(-0.42610890136176827,0.7379668390873214,-0.5232935587103421));
#10113=VECTOR('',#10112,1000.0);
#10114=LINE('',#5722,#10113);
#10115=EDGE_CURVE('',#5723,#5645,#10114,.T.);
#10116=ORIENTED_EDGE('',*,*,#10102,.F.);
#10117=ORIENTED_EDGE('',*,*,#10115,.T.);
#10118=ORIENTED_EDGE('',*,*,#8791,.F.);
#10119=DIRECTION('',(0.07987319122001421,0.606864314895726,0.7907818767716368));
#10120=AXIS2_PLACEMENT_3D('',#5642,#10119,#10095);
#10121=PLANE('',#10120);
#10122=EDGE_LOOP('',(#10116,#10117,#10118));
#10123=FACE_BOUND('',#10122,.T.);
#10124=ADVANCED_FACE('',(#10123),#10121,.T.);
#10125=LINE('',#5724,#9992);
#10126=EDGE_CURVE('',#5725,#5645,#10125,.T.);
#10127=ORIENTED_EDGE('',*,*,#10115,.F.);
#10128=ORIENTED_EDGE('',*,*,#9981,.F.);
#10129=ORIENTED_EDGE('',*,*,#10126,.T.);
#10130=DIRECTION('',(0.42610890136176827,-0.7379668390873214,0.5232935587103421));
#10131=AXIS2_PLACEMENT_3D('',#5644,#10119,#10130);
#10132=PLANE('',#10131);
#10133=EDGE_LOOP('',(#10127,#10128,#10129));
#10134=FACE_BOUND('',#10133,.T.);
#10135=ADVANCED_FACE('',(#10134),#10132,.T.);
#10136=DIRECTION('',(-0.5521157155776321,0.5521157155776265,-0.6247691359409527));
#10137=VECTOR('',#10136,1000.0);
#10138=LINE('',#5724,#10137);
#10139=EDGE_CURVE('',#5725,#5647,#10138,.T.);
#10140=ORIENTED_EDGE('',*,*,#10126,.F.);
#10141=ORIENTED_EDGE('',*,*,#10139,.T.);
#10142=ORIENTED_EDGE('',*,*,#8818,.F.);
#10143=DIRECTION('',(0.10382902666142392,0.7890287486291255,0.6055189237829794));
#10144=AXIS2_PLACEMENT_3D('',#5644,#10143,#10095);
#10145=PLANE('',#10144);
#10146=EDGE_LOOP('',(#10140,#10141,#10142));
#10147=FACE_BOUND('',#10146,.T.);
#10148=ADVANCED_FACE('',(#10147),#10145,.T.);
#10149=DIRECTION('',(0.0,-0.8521553417218695,0.5232889006800007));
#10150=VECTOR('',#10149,1000.0);
#10151=LINE('',#5734,#10150);
#10152=EDGE_CURVE('',#5735,#5727,#10151,.T.);
#10153=DIRECTION('',(0.5609710960298179,0.560971096029825,-0.6087880245522261));
#10154=VECTOR('',#10153,1000.0);
#10155=LINE('',#5726,#10154);
#10156=EDGE_CURVE('',#5727,#5737,#10155,.T.);
#10157=VECTOR('',#9921,1000.0);
#10158=LINE('',#5736,#10157);
#10159=EDGE_CURVE('',#5737,#5735,#10158,.T.);
#10160=ORIENTED_EDGE('',*,*,#10152,.T.);
#10161=ORIENTED_EDGE('',*,*,#10156,.T.);
#10162=ORIENTED_EDGE('',*,*,#10159,.T.);
#10163=DIRECTION('',(0.37259338661004693,0.48560932781703114,0.7907956430023798));
#10164=AXIS2_PLACEMENT_3D('',#5734,#10163,#10149);
#10165=PLANE('',#10164);
#10166=EDGE_LOOP('',(#10160,#10161,#10162));
#10167=FACE_BOUND('',#10166,.T.);
#10168=ADVANCED_FACE('',(#10167),#10165,.T.);
#10169=DIRECTION('',(0.22054216781535874,0.8231232936626992,-0.5232869152244989));
#10170=VECTOR('',#10169,1000.0);
#10171=LINE('',#5730,#10170);
#10172=EDGE_CURVE('',#5731,#5737,#10171,.T.);
#10173=ORIENTED_EDGE('',*,*,#10156,.F.);
#10174=ORIENTED_EDGE('',*,*,#10016,.F.);
#10175=ORIENTED_EDGE('',*,*,#10172,.T.);
#10176=DIRECTION('',(0.48556951457105113,0.3726372839972165,0.7907994063568912));
#10177=DIRECTION('',(-0.5609710960298179,-0.560971096029825,0.6087880245522261));
#10178=AXIS2_PLACEMENT_3D('',#5736,#10176,#10177);
#10179=PLANE('',#10178);
#10180=EDGE_LOOP('',(#10173,#10174,#10175));
#10181=FACE_BOUND('',#10180,.T.);
#10182=ADVANCED_FACE('',(#10181),#10179,.T.);
#10183=DIRECTION('',(0.687024430382006,0.39666227915281216,-0.6088156275553191));
#10184=VECTOR('',#10183,1000.0);
#10185=LINE('',#5730,#10184);
#10186=EDGE_CURVE('',#5731,#5739,#10185,.T.);
#10187=LINE('',#5738,#10014);
#10188=EDGE_CURVE('',#5739,#5737,#10187,.T.);
#10189=ORIENTED_EDGE('',*,*,#10172,.F.);
#10190=ORIENTED_EDGE('',*,*,#10186,.T.);
#10191=ORIENTED_EDGE('',*,*,#10188,.T.);
#10192=DIRECTION('',(-0.22054216781535874,-0.8231232936626992,0.5232869152244989));
#10193=AXIS2_PLACEMENT_3D('',#5736,#10176,#10192);
#10194=PLANE('',#10193);
#10195=EDGE_LOOP('',(#10189,#10190,#10191));
#10196=FACE_BOUND('',#10195,.T.);
#10197=ADVANCED_FACE('',(#10196),#10194,.T.);
#10198=DIRECTION('',(0.4260639878971098,0.7379840944410436,-0.5233057945114349));
#10199=VECTOR('',#10198,1000.0);
#10200=LINE('',#5732,#10199);
#10201=EDGE_CURVE('',#5733,#5739,#10200,.T.);
#10202=ORIENTED_EDGE('',*,*,#10186,.F.);
#10203=ORIENTED_EDGE('',*,*,#10051,.F.);
#10204=ORIENTED_EDGE('',*,*,#10201,.T.);
#10205=DIRECTION('',(0.5655072021179673,0.23425363990981382,0.7907760976039373));
#10206=DIRECTION('',(-0.687024430382006,-0.39666227915281216,0.6088156275553191));
#10207=AXIS2_PLACEMENT_3D('',#5738,#10205,#10206);
#10208=PLANE('',#10207);
#10209=EDGE_LOOP('',(#10202,#10203,#10204));
#10210=FACE_BOUND('',#10209,.T.);
#10211=ADVANCED_FACE('',(#10210),#10208,.T.);
#10212=DIRECTION('',(0.7662964426592336,0.2053161176032738,-0.6087980402564735));
#10213=VECTOR('',#10212,1000.0);
#10214=LINE('',#5732,#10213);
#10215=EDGE_CURVE('',#5733,#5741,#10214,.T.);
#10216=LINE('',#5740,#10049);
#10217=EDGE_CURVE('',#5741,#5739,#10216,.T.);
#10218=ORIENTED_EDGE('',*,*,#10201,.F.);
#10219=ORIENTED_EDGE('',*,*,#10215,.T.);
#10220=ORIENTED_EDGE('',*,*,#10217,.T.);
#10221=DIRECTION('',(0.5654846951588959,0.23427380988843707,0.7907862173441107));
#10222=DIRECTION('',(-0.4260639878971098,-0.7379840944410436,0.5233057945114349));
#10223=AXIS2_PLACEMENT_3D('',#5738,#10221,#10222);
#10224=PLANE('',#10223);
#10225=EDGE_LOOP('',(#10218,#10219,#10220));
#10226=FACE_BOUND('',#10225,.T.);
#10227=ADVANCED_FACE('',(#10226),#10224,.T.);
#10228=DIRECTION('',(0.602569911492919,0.6025699114929252,-0.523277176577408));
#10229=VECTOR('',#10228,1000.0);
#10230=LINE('',#5626,#10229);
#10231=EDGE_CURVE('',#5627,#5741,#10230,.T.);
#10232=ORIENTED_EDGE('',*,*,#10215,.F.);
#10233=ORIENTED_EDGE('',*,*,#10077,.F.);
#10234=ORIENTED_EDGE('',*,*,#10231,.T.);
#10235=DIRECTION('',(0.6068558313364432,0.07987207464596145,0.7907884999572923));
#10236=DIRECTION('',(-0.7662964426592336,-0.2053161176032738,0.6087980402564735));
#10237=AXIS2_PLACEMENT_3D('',#5740,#10235,#10236);
#10238=PLANE('',#10237);
#10239=EDGE_LOOP('',(#10232,#10233,#10234));
#10240=FACE_BOUND('',#10239,.T.);
#10241=ADVANCED_FACE('',(#10240),#10238,.T.);
#10242=DIRECTION('',(-0.13055494000829287,0.9914410762316795,0.0));
#10243=VECTOR('',#10242,1000.0);
#10244=LINE('',#5630,#10243);
#10245=EDGE_CURVE('',#5631,#5741,#10244,.T.);
#10246=ORIENTED_EDGE('',*,*,#10231,.F.);
#10247=ORIENTED_EDGE('',*,*,#8625,.F.);
#10248=ORIENTED_EDGE('',*,*,#10245,.T.);
#10249=DIRECTION('',(-0.602569911492919,-0.6025699114929252,0.523277176577408));
#10250=AXIS2_PLACEMENT_3D('',#5740,#10235,#10249);
#10251=PLANE('',#10250);
#10252=EDGE_LOOP('',(#10246,#10247,#10248));
#10253=FACE_BOUND('',#10252,.T.);
#10254=ADVANCED_FACE('',(#10253),#10251,.T.);
#10255=DIRECTION('',(0.390372232403294,-0.676212796701675,0.6247765790627621));
#10256=VECTOR('',#10255,1000.0);
#10257=LINE('',#5742,#10256);
#10258=EDGE_CURVE('',#5743,#5735,#10257,.T.);
#10259=DIRECTION('',(0.3044090061745414,0.5272251621202644,-0.7933276658399662));
#10260=VECTOR('',#10259,1000.0);
#10261=LINE('',#5734,#10260);
#10262=EDGE_CURVE('',#5735,#5745,#10261,.T.);
#10263=LINE('',#5744,#9932);
#10264=EDGE_CURVE('',#5745,#5743,#10263,.T.);
#10265=ORIENTED_EDGE('',*,*,#10258,.T.);
#10266=ORIENTED_EDGE('',*,*,#10262,.T.);
#10267=ORIENTED_EDGE('',*,*,#10264,.T.);
#10268=DIRECTION('',(0.30456046851862845,0.7352633002264475,0.6055004544637654));
#10269=AXIS2_PLACEMENT_3D('',#5742,#10268,#10255);
#10270=PLANE('',#10269);
#10271=EDGE_LOOP('',(#10265,#10266,#10267));
#10272=FACE_BOUND('',#10271,.T.);
#10273=ADVANCED_FACE('',(#10272),#10270,.T.);
#10274=DIRECTION('',(-0.2020751963633169,0.754199538554307,-0.6247788977383898));
#10275=VECTOR('',#10274,1000.0);
#10276=LINE('',#5736,#10275);
#10277=EDGE_CURVE('',#5737,#5745,#10276,.T.);
#10278=ORIENTED_EDGE('',*,*,#10262,.F.);
#10279=ORIENTED_EDGE('',*,*,#10159,.F.);
#10280=ORIENTED_EDGE('',*,*,#10277,.T.);
#10281=DIRECTION('',(0.48445525328334493,0.6314014106497593,0.6055042247545959));
#10282=DIRECTION('',(-0.3044090061745414,-0.5272251621202644,0.7933276658399662));
#10283=AXIS2_PLACEMENT_3D('',#5744,#10281,#10282);
#10284=PLANE('',#10283);
#10285=EDGE_LOOP('',(#10278,#10279,#10280));
#10286=FACE_BOUND('',#10285,.T.);
#10287=ADVANCED_FACE('',(#10286),#10284,.T.);
#10288=DIRECTION('',(0.4304542960469216,0.4304542960469216,-0.7933588078728935));
#10289=VECTOR('',#10288,1000.0);
#10290=LINE('',#5736,#10289);
#10291=EDGE_CURVE('',#5737,#5747,#10290,.T.);
#10292=LINE('',#5746,#10157);
#10293=EDGE_CURVE('',#5747,#5745,#10292,.T.);
#10294=ORIENTED_EDGE('',*,*,#10277,.F.);
#10295=ORIENTED_EDGE('',*,*,#10291,.T.);
#10296=ORIENTED_EDGE('',*,*,#10293,.T.);
#10297=DIRECTION('',(0.48452638143997573,0.6313863393891495,0.6054630262216291));
#10298=DIRECTION('',(0.2020751963633169,-0.754199538554307,0.6247788977383898));
#10299=AXIS2_PLACEMENT_3D('',#5744,#10297,#10298);
#10300=PLANE('',#10299);
#10301=EDGE_LOOP('',(#10294,#10295,#10296));
#10302=FACE_BOUND('',#10301,.T.);
#10303=ADVANCED_FACE('',(#10302),#10300,.T.);
#10304=DIRECTION('',(0.0,0.7808001294257402,-0.6247808879029091));
#10305=VECTOR('',#10304,1000.0);
#10306=LINE('',#5738,#10305);
#10307=EDGE_CURVE('',#5739,#5747,#10306,.T.);
#10308=ORIENTED_EDGE('',*,*,#10291,.F.);
#10309=ORIENTED_EDGE('',*,*,#10188,.F.);
#10310=ORIENTED_EDGE('',*,*,#10307,.T.);
#10311=DIRECTION('',(0.6314287897899497,0.48447626047159004,0.6054588643862305));
#10312=DIRECTION('',(-0.4304542960469216,-0.4304542960469216,0.7933588078728935));
#10313=AXIS2_PLACEMENT_3D('',#5746,#10311,#10312);
#10314=PLANE('',#10313);
#10315=EDGE_LOOP('',(#10308,#10309,#10310));
#10316=FACE_BOUND('',#10315,.T.);
#10317=ADVANCED_FACE('',(#10316),#10314,.T.);
#10318=DIRECTION('',(0.5272251621202683,0.3044090061745467,-0.7933276658399614));
#10319=VECTOR('',#10318,1000.0);
#10320=LINE('',#5738,#10319);
#10321=EDGE_CURVE('',#5739,#5749,#10320,.T.);
#10322=LINE('',#5748,#10014);
#10323=EDGE_CURVE('',#5749,#5747,#10322,.T.);
#10324=ORIENTED_EDGE('',*,*,#10307,.F.);
#10325=ORIENTED_EDGE('',*,*,#10321,.T.);
#10326=ORIENTED_EDGE('',*,*,#10323,.T.);
#10327=DIRECTION('',(0.6313639855120101,0.48450922705680055,0.605500063332129));
#10328=DIRECTION('',(0.0,-0.7808001294257402,0.6247808879029091));
#10329=AXIS2_PLACEMENT_3D('',#5746,#10327,#10328);
#10330=PLANE('',#10329);
#10331=EDGE_LOOP('',(#10324,#10325,#10326));
#10332=FACE_BOUND('',#10331,.T.);
#10333=ADVANCED_FACE('',(#10332),#10330,.T.);
#10334=DIRECTION('',(0.2020751963633276,0.7541995385543053,-0.6247788977383884));
#10335=VECTOR('',#10334,1000.0);
#10336=LINE('',#5740,#10335);
#10337=EDGE_CURVE('',#5741,#5749,#10336,.T.);
#10338=ORIENTED_EDGE('',*,*,#10321,.F.);
#10339=ORIENTED_EDGE('',*,*,#10217,.F.);
#10340=ORIENTED_EDGE('',*,*,#10337,.T.);
#10341=DIRECTION('',(0.7352432989302592,0.30460284833515205,0.6055034237428076));
#10342=DIRECTION('',(-0.5272251621202683,-0.3044090061745467,0.7933276658399614));
#10343=AXIS2_PLACEMENT_3D('',#5748,#10341,#10342);
#10344=PLANE('',#10343);
#10345=EDGE_LOOP('',(#10338,#10339,#10340));
#10346=FACE_BOUND('',#10345,.T.);
#10347=ADVANCED_FACE('',(#10346),#10344,.T.);
#10348=DIRECTION('',(0.5880207085961608,0.15757167305269432,-0.7933491123795651));
#10349=VECTOR('',#10348,1000.0);
#10350=LINE('',#5740,#10349);
#10351=EDGE_CURVE('',#5741,#5751,#10350,.T.);
#10352=LINE('',#5750,#10049);
#10353=EDGE_CURVE('',#5751,#5749,#10352,.T.);
#10354=ORIENTED_EDGE('',*,*,#10337,.F.);
#10355=ORIENTED_EDGE('',*,*,#10351,.T.);
#10356=ORIENTED_EDGE('',*,*,#10353,.T.);
#10357=DIRECTION('',(0.7352818742382683,0.304568162238335,0.6054740291436311));
#10358=DIRECTION('',(-0.2020751963633276,-0.7541995385543053,0.6247788977383884));
#10359=AXIS2_PLACEMENT_3D('',#5748,#10357,#10358);
#10360=PLANE('',#10359);
#10361=EDGE_LOOP('',(#10354,#10355,#10356));
#10362=FACE_BOUND('',#10361,.T.);
#10363=ADVANCED_FACE('',(#10362),#10360,.T.);
#10364=DIRECTION('',(0.3903722324032925,0.676212796701678,-0.6247765790627597));
#10365=VECTOR('',#10364,1000.0);
#10366=LINE('',#5630,#10365);
#10367=EDGE_CURVE('',#5631,#5751,#10366,.T.);
#10368=ORIENTED_EDGE('',*,*,#10351,.F.);
#10369=ORIENTED_EDGE('',*,*,#10245,.F.);
#10370=ORIENTED_EDGE('',*,*,#10367,.T.);
#10371=DIRECTION('',(0.7890534652035618,0.103904135386977,0.6054738307307231));
#10372=DIRECTION('',(-0.5880207085961608,-0.15757167305269432,0.7933491123795651));
#10373=AXIS2_PLACEMENT_3D('',#5750,#10371,#10372);
#10374=PLANE('',#10373);
#10375=EDGE_LOOP('',(#10368,#10369,#10370));
#10376=FACE_BOUND('',#10375,.T.);
#10377=ADVANCED_FACE('',(#10376),#10374,.T.);
#10378=LINE('',#5634,#10243);
#10379=EDGE_CURVE('',#5635,#5751,#10378,.T.);
#10380=ORIENTED_EDGE('',*,*,#10367,.F.);
#10381=ORIENTED_EDGE('',*,*,#8659,.F.);
#10382=ORIENTED_EDGE('',*,*,#10379,.T.);
#10383=DIRECTION('',(-0.3903722324032925,-0.676212796701678,0.6247765790627597));
#10384=AXIS2_PLACEMENT_3D('',#5750,#10371,#10383);
#10385=PLANE('',#10384);
#10386=EDGE_LOOP('',(#10380,#10381,#10382));
#10387=FACE_BOUND('',#10386,.T.);
#10388=ADVANCED_FACE('',(#10387),#10385,.T.);
#10389=DIRECTION('',(0.6335832930070411,-0.36580967136587644,0.6817297816272541));
#10390=VECTOR('',#10389,1000.0);
#10391=LINE('',#5648,#10390);
#10392=EDGE_CURVE('',#5649,#5743,#10391,.T.);
#10393=DIRECTION('',(0.09902116298092802,0.36965347108933,-0.9238783039954529));
#10394=VECTOR('',#10393,1000.0);
#10395=LINE('',#5742,#10394);
#10396=EDGE_CURVE('',#5743,#5711,#10395,.T.);
#10397=ORIENTED_EDGE('',*,*,#10392,.T.);
#10398=ORIENTED_EDGE('',*,*,#10396,.T.);
#10399=ORIENTED_EDGE('',*,*,#9856,.F.);
#10400=DIRECTION('',(0.12075362335969252,0.9171161267825064,0.3798902110359772));
#10401=AXIS2_PLACEMENT_3D('',#5648,#10400,#10389);
#10402=PLANE('',#10401);
#10403=EDGE_LOOP('',(#10397,#10398,#10399));
#10404=FACE_BOUND('',#10403,.T.);
#10405=ADVANCED_FACE('',(#10404),#10402,.T.);
#10406=DIRECTION('',(-0.5173191513617442,0.5173191513617494,-0.6817343993585218));
#10407=VECTOR('',#10406,1000.0);
#10408=LINE('',#5744,#10407);
#10409=EDGE_CURVE('',#5745,#5711,#10408,.T.);
#10410=ORIENTED_EDGE('',*,*,#10396,.F.);
#10411=ORIENTED_EDGE('',*,*,#10264,.F.);
#10412=ORIENTED_EDGE('',*,*,#10409,.T.);
#10413=DIRECTION('',(0.3539997147577366,0.8546184599005966,0.37988352155440175));
#10414=DIRECTION('',(-0.09902116298092802,-0.36965347108933,0.9238783039954529));
#10415=AXIS2_PLACEMENT_3D('',#5710,#10413,#10414);
#10416=PLANE('',#10415);
#10417=EDGE_LOOP('',(#10410,#10411,#10412));
#10418=FACE_BOUND('',#10417,.T.);
#10419=ADVANCED_FACE('',(#10418),#10416,.T.);
#10420=DIRECTION('',(0.1913392378326887,0.33141207326977123,-0.9238805841431227));
#10421=VECTOR('',#10420,1000.0);
#10422=LINE('',#5744,#10421);
#10423=EDGE_CURVE('',#5745,#5753,#10422,.T.);
#10424=LINE('',#5752,#9932);
#10425=EDGE_CURVE('',#5753,#5711,#10424,.T.);
#10426=ORIENTED_EDGE('',*,*,#10409,.F.);
#10427=ORIENTED_EDGE('',*,*,#10423,.T.);
#10428=ORIENTED_EDGE('',*,*,#10425,.T.);
#10429=DIRECTION('',(0.5173191513617442,-0.5173191513617494,0.6817343993585218));
#10430=AXIS2_PLACEMENT_3D('',#5710,#10413,#10429);
#10431=PLANE('',#10430);
#10432=EDGE_LOOP('',(#10426,#10427,#10428));
#10433=FACE_BOUND('',#10432,.T.);
#10434=ADVANCED_FACE('',(#10433),#10431,.T.);
#10435=DIRECTION('',(-0.3657688643583798,0.6335942113286656,-0.6817415296406604));
#10436=VECTOR('',#10435,1000.0);
#10437=LINE('',#5746,#10436);
#10438=EDGE_CURVE('',#5747,#5753,#10437,.T.);
#10439=ORIENTED_EDGE('',*,*,#10423,.F.);
#10440=ORIENTED_EDGE('',*,*,#10293,.F.);
#10441=ORIENTED_EDGE('',*,*,#10438,.T.);
#10442=DIRECTION('',(0.5631604286807623,0.7338543682530522,0.3798790567588767));
#10443=DIRECTION('',(-0.1913392378326887,-0.33141207326977123,0.9238805841431227));
#10444=AXIS2_PLACEMENT_3D('',#5752,#10442,#10443);
#10445=PLANE('',#10444);
#10446=EDGE_LOOP('',(#10439,#10440,#10441));
#10447=FACE_BOUND('',#10446,.T.);
#10448=ADVANCED_FACE('',(#10447),#10445,.T.);
#10449=DIRECTION('',(0.27062759747313814,0.27062759747314524,-0.9238622229379393));
#10450=VECTOR('',#10449,1000.0);
#10451=LINE('',#5746,#10450);
#10452=EDGE_CURVE('',#5747,#5755,#10451,.T.);
#10453=LINE('',#5754,#10157);
#10454=EDGE_CURVE('',#5755,#5753,#10453,.T.);
#10455=ORIENTED_EDGE('',*,*,#10438,.F.);
#10456=ORIENTED_EDGE('',*,*,#10452,.T.);
#10457=ORIENTED_EDGE('',*,*,#10454,.T.);
#10458=DIRECTION('',(0.3657688643583798,-0.6335942113286656,0.6817415296406604));
#10459=AXIS2_PLACEMENT_3D('',#5752,#10442,#10458);
#10460=PLANE('',#10459);
#10461=EDGE_LOOP('',(#10455,#10456,#10457));
#10462=FACE_BOUND('',#10461,.T.);
#10463=ADVANCED_FACE('',(#10462),#10460,.T.);
#10464=DIRECTION('',(-0.18933923949165823,0.7066654870302869,-0.6817437508543572));
#10465=VECTOR('',#10464,1000.0);
#10466=LINE('',#5748,#10465);
#10467=EDGE_CURVE('',#5749,#5755,#10466,.T.);
#10468=ORIENTED_EDGE('',*,*,#10452,.F.);
#10469=ORIENTED_EDGE('',*,*,#10323,.F.);
#10470=ORIENTED_EDGE('',*,*,#10467,.T.);
#10471=DIRECTION('',(0.7338386498427123,0.5631483663601132,0.3799273002338222));
#10472=DIRECTION('',(-0.27062759747313814,-0.27062759747314524,0.9238622229379393));
#10473=AXIS2_PLACEMENT_3D('',#5754,#10471,#10472);
#10474=PLANE('',#10473);
#10475=EDGE_LOOP('',(#10468,#10469,#10470));
#10476=FACE_BOUND('',#10475,.T.);
#10477=ADVANCED_FACE('',(#10476),#10474,.T.);
#10478=DIRECTION('',(0.3314120732697708,0.19133923783269552,-0.9238805841431215));
#10479=VECTOR('',#10478,1000.0);
#10480=LINE('',#5748,#10479);
#10481=EDGE_CURVE('',#5749,#5757,#10480,.T.);
#10482=LINE('',#5756,#10014);
#10483=EDGE_CURVE('',#5757,#5755,#10482,.T.);
#10484=ORIENTED_EDGE('',*,*,#10467,.F.);
#10485=ORIENTED_EDGE('',*,*,#10481,.T.);
#10486=ORIENTED_EDGE('',*,*,#10483,.T.);
#10487=DIRECTION('',(0.18933923949165823,-0.7066654870302869,0.6817437508543572));
#10488=AXIS2_PLACEMENT_3D('',#5754,#10471,#10487);
#10489=PLANE('',#10488);
#10490=EDGE_LOOP('',(#10484,#10485,#10486));
#10491=FACE_BOUND('',#10490,.T.);
#10492=ADVANCED_FACE('',(#10491),#10489,.T.);
#10493=DIRECTION('',(0.0,0.7315892691030247,-0.681745657362995));
#10494=VECTOR('',#10493,1000.0);
#10495=LINE('',#5750,#10494);
#10496=EDGE_CURVE('',#5751,#5757,#10495,.T.);
#10497=ORIENTED_EDGE('',*,*,#10481,.F.);
#10498=ORIENTED_EDGE('',*,*,#10353,.F.);
#10499=ORIENTED_EDGE('',*,*,#10496,.T.);
#10500=DIRECTION('',(0.8546191973332566,0.35400002021679644,0.37988157791075877));
#10501=DIRECTION('',(-0.3314120732697708,-0.19133923783269552,0.9238805841431215));
#10502=AXIS2_PLACEMENT_3D('',#5756,#10500,#10501);
#10503=PLANE('',#10502);
#10504=EDGE_LOOP('',(#10497,#10498,#10499));
#10505=FACE_BOUND('',#10504,.T.);
#10506=ADVANCED_FACE('',(#10505),#10503,.T.);
#10507=DIRECTION('',(0.3696534710893241,0.09902116298092126,-0.923878303995456));
#10508=VECTOR('',#10507,1000.0);
#10509=LINE('',#5750,#10508);
#10510=EDGE_CURVE('',#5751,#5759,#10509,.T.);
#10511=LINE('',#5758,#10049);
#10512=EDGE_CURVE('',#5759,#5757,#10511,.T.);
#10513=ORIENTED_EDGE('',*,*,#10496,.F.);
#10514=ORIENTED_EDGE('',*,*,#10510,.T.);
#10515=ORIENTED_EDGE('',*,*,#10512,.T.);
#10516=DIRECTION('',(0.0,-0.7315892691030247,0.681745657362995));
#10517=AXIS2_PLACEMENT_3D('',#5756,#10500,#10516);
#10518=PLANE('',#10517);
#10519=EDGE_LOOP('',(#10513,#10514,#10515));
#10520=FACE_BOUND('',#10519,.T.);
#10521=ADVANCED_FACE('',(#10520),#10518,.T.);
#10522=DIRECTION('',(0.18933923949164816,0.7066654870302883,-0.6817437508543587));
#10523=VECTOR('',#10522,1000.0);
#10524=LINE('',#5634,#10523);
#10525=EDGE_CURVE('',#5635,#5759,#10524,.T.);
#10526=ORIENTED_EDGE('',*,*,#10510,.F.);
#10527=ORIENTED_EDGE('',*,*,#10379,.F.);
#10528=ORIENTED_EDGE('',*,*,#10525,.T.);
#10529=DIRECTION('',(0.9171139555419855,0.12076799875565625,0.37989088305286667));
#10530=DIRECTION('',(-0.3696534710893241,-0.09902116298092126,0.923878303995456));
#10531=AXIS2_PLACEMENT_3D('',#5758,#10529,#10530);
#10532=PLANE('',#10531);
#10533=EDGE_LOOP('',(#10526,#10527,#10528));
#10534=FACE_BOUND('',#10533,.T.);
#10535=ADVANCED_FACE('',(#10534),#10532,.T.);
#10536=LINE('',#5638,#10243);
#10537=EDGE_CURVE('',#5639,#5759,#10536,.T.);
#10538=ORIENTED_EDGE('',*,*,#10525,.F.);
#10539=ORIENTED_EDGE('',*,*,#8693,.F.);
#10540=ORIENTED_EDGE('',*,*,#10537,.T.);
#10541=DIRECTION('',(-0.18933923949164816,-0.7066654870302883,0.6817437508543587));
#10542=AXIS2_PLACEMENT_3D('',#5758,#10529,#10541);
#10543=PLANE('',#10542);
#10544=EDGE_LOOP('',(#10538,#10539,#10540));
#10545=FACE_BOUND('',#10544,.T.);
#10546=ADVANCED_FACE('',(#10545),#10543,.T.);
#10547=DIRECTION('',(0.0337738111685719,0.12609315133823737,-0.9914433150033046));
#10548=VECTOR('',#10547,1000.0);
#10549=LINE('',#5710,#10548);
#10550=EDGE_CURVE('',#5711,#5761,#10549,.T.);
#10551=LINE('',#5760,#9992);
#10552=EDGE_CURVE('',#5761,#5601,#10551,.T.);
#10553=ORIENTED_EDGE('',*,*,#9860,.F.);
#10554=ORIENTED_EDGE('',*,*,#10550,.T.);
#10555=ORIENTED_EDGE('',*,*,#10552,.T.);
#10556=DIRECTION('',(0.6830171941743864,-0.1830030735591222,0.7071049338889263));
#10557=AXIS2_PLACEMENT_3D('',#5600,#9864,#10556);
#10558=PLANE('',#10557);
#10559=EDGE_LOOP('',(#10553,#10554,#10555));
#10560=FACE_BOUND('',#10559,.T.);
#10561=ADVANCED_FACE('',(#10560),#10558,.T.);
#10562=DIRECTION('',(-0.6123814938579826,0.35356846604262854,-0.7070913984772607));
#10563=VECTOR('',#10562,1000.0);
#10564=LINE('',#5752,#10563);
#10565=EDGE_CURVE('',#5753,#5761,#10564,.T.);
#10566=ORIENTED_EDGE('',*,*,#10550,.F.);
#10567=ORIENTED_EDGE('',*,*,#10425,.F.);
#10568=ORIENTED_EDGE('',*,*,#10565,.T.);
#10569=DIRECTION('',(0.37947097296329846,0.9161045354198363,0.12943825115279334));
#10570=DIRECTION('',(-0.0337738111685719,-0.12609315133823737,0.9914433150033046));
#10571=AXIS2_PLACEMENT_3D('',#5760,#10569,#10570);
#10572=PLANE('',#10571);
#10573=EDGE_LOOP('',(#10566,#10567,#10568));
#10574=FACE_BOUND('',#10573,.T.);
#10575=ADVANCED_FACE('',(#10574),#10572,.T.);
#10576=DIRECTION('',(0.06524915448911901,0.11306874031333268,-0.9914423875356606));
#10577=VECTOR('',#10576,1000.0);
#10578=LINE('',#5752,#10577);
#10579=EDGE_CURVE('',#5753,#5763,#10578,.T.);
#10580=LINE('',#5762,#9932);
#10581=EDGE_CURVE('',#5763,#5761,#10580,.T.);
#10582=ORIENTED_EDGE('',*,*,#10565,.F.);
#10583=ORIENTED_EDGE('',*,*,#10579,.T.);
#10584=ORIENTED_EDGE('',*,*,#10581,.T.);
#10585=DIRECTION('',(0.6123814938579826,-0.35356846604262854,0.7070913984772607));
#10586=AXIS2_PLACEMENT_3D('',#5760,#10569,#10585);
#10587=PLANE('',#10586);
#10588=EDGE_LOOP('',(#10582,#10583,#10584));
#10589=FACE_BOUND('',#10588,.T.);
#10590=ADVANCED_FACE('',(#10589),#10587,.T.);
#10591=DIRECTION('',(-0.5000077132676254,0.5000077132676305,-0.7070958728105794));
#10592=VECTOR('',#10591,1000.0);
#10593=LINE('',#5754,#10592);
#10594=EDGE_CURVE('',#5755,#5763,#10593,.T.);
#10595=ORIENTED_EDGE('',*,*,#10579,.F.);
#10596=ORIENTED_EDGE('',*,*,#10454,.F.);
#10597=ORIENTED_EDGE('',*,*,#10594,.T.);
#10598=DIRECTION('',(0.6036304661281898,0.786685828983355,0.1294436821117041));
#10599=DIRECTION('',(-0.06524915448911901,-0.11306874031333268,0.9914423875356606));
#10600=AXIS2_PLACEMENT_3D('',#5762,#10598,#10599);
#10601=PLANE('',#10600);
#10602=EDGE_LOOP('',(#10595,#10596,#10597));
#10603=FACE_BOUND('',#10602,.T.);
#10604=ADVANCED_FACE('',(#10603),#10601,.T.);
#10605=DIRECTION('',(0.09231962710456415,0.09225578227253979,-0.9914463964776694));
#10606=VECTOR('',#10605,1000.0);
#10607=LINE('',#5754,#10606);
#10608=EDGE_CURVE('',#5755,#5765,#10607,.T.);
#10609=LINE('',#5764,#10157);
#10610=EDGE_CURVE('',#5765,#5763,#10609,.T.);
#10611=ORIENTED_EDGE('',*,*,#10594,.F.);
#10612=ORIENTED_EDGE('',*,*,#10608,.T.);
#10613=ORIENTED_EDGE('',*,*,#10610,.T.);
#10614=DIRECTION('',(0.5000077132676254,-0.5000077132676305,0.7070958728105794));
#10615=AXIS2_PLACEMENT_3D('',#5762,#10598,#10614);
#10616=PLANE('',#10615);
#10617=EDGE_LOOP('',(#10611,#10612,#10613));
#10618=FACE_BOUND('',#10617,.T.);
#10619=ADVANCED_FACE('',(#10618),#10616,.T.);
#10620=DIRECTION('',(-0.35353848179268166,0.6123628932441944,-0.7071224991960905));
#10621=VECTOR('',#10620,1000.0);
#10622=LINE('',#5756,#10621);
#10623=EDGE_CURVE('',#5757,#5765,#10622,.T.);
#10624=ORIENTED_EDGE('',*,*,#10608,.F.);
#10625=ORIENTED_EDGE('',*,*,#10483,.F.);
#10626=ORIENTED_EDGE('',*,*,#10623,.T.);
#10627=DIRECTION('',(0.7866880400457391,0.6036321626944425,0.12942233118679147));
#10628=DIRECTION('',(-0.09231962710456415,-0.09225578227253979,0.9914463964776694));
#10629=AXIS2_PLACEMENT_3D('',#5764,#10627,#10628);
#10630=PLANE('',#10629);
#10631=EDGE_LOOP('',(#10624,#10625,#10626));
#10632=FACE_BOUND('',#10631,.T.);
#10633=ADVANCED_FACE('',(#10632),#10630,.T.);
#10634=DIRECTION('',(0.11306874031332574,0.065249154489112,-0.9914423875356619));
#10635=VECTOR('',#10634,1000.0);
#10636=LINE('',#5756,#10635);
#10637=EDGE_CURVE('',#5757,#5767,#10636,.T.);
#10638=LINE('',#5766,#10014);
#10639=EDGE_CURVE('',#5767,#5765,#10638,.T.);
#10640=ORIENTED_EDGE('',*,*,#10623,.F.);
#10641=ORIENTED_EDGE('',*,*,#10637,.T.);
#10642=ORIENTED_EDGE('',*,*,#10639,.T.);
#10643=DIRECTION('',(0.35353848179268166,-0.6123628932441944,0.7071224991960905));
#10644=AXIS2_PLACEMENT_3D('',#5764,#10627,#10643);
#10645=PLANE('',#10644);
#10646=EDGE_LOOP('',(#10640,#10641,#10642));
#10647=FACE_BOUND('',#10646,.T.);
#10648=ADVANCED_FACE('',(#10647),#10645,.T.);
#10649=DIRECTION('',(-0.18300307355912285,0.6830171941743838,-0.7071049338889287));
#10650=VECTOR('',#10649,1000.0);
#10651=LINE('',#5758,#10650);
#10652=EDGE_CURVE('',#5759,#5767,#10651,.T.);
#10653=ORIENTED_EDGE('',*,*,#10637,.F.);
#10654=ORIENTED_EDGE('',*,*,#10512,.F.);
#10655=ORIENTED_EDGE('',*,*,#10652,.T.);
#10656=DIRECTION('',(0.9161030550090684,0.3794703597440588,0.12945052598876028));
#10657=DIRECTION('',(-0.11306874031332574,-0.065249154489112,0.9914423875356619));
#10658=AXIS2_PLACEMENT_3D('',#5766,#10656,#10657);
#10659=PLANE('',#10658);
#10660=EDGE_LOOP('',(#10653,#10654,#10655));
#10661=FACE_BOUND('',#10660,.T.);
#10662=ADVANCED_FACE('',(#10661),#10659,.T.);
#10663=DIRECTION('',(0.12609315133824436,0.03377381116857187,-0.9914433150033037));
#10664=VECTOR('',#10663,1000.0);
#10665=LINE('',#5758,#10664);
#10666=EDGE_CURVE('',#5759,#5769,#10665,.T.);
#10667=LINE('',#5768,#10049);
#10668=EDGE_CURVE('',#5769,#5767,#10667,.T.);
#10669=ORIENTED_EDGE('',*,*,#10652,.F.);
#10670=ORIENTED_EDGE('',*,*,#10666,.T.);
#10671=ORIENTED_EDGE('',*,*,#10668,.T.);
#10672=DIRECTION('',(0.18300307355912285,-0.6830171941743838,0.7071049338889287));
#10673=AXIS2_PLACEMENT_3D('',#5766,#10656,#10672);
#10674=PLANE('',#10673);
#10675=EDGE_LOOP('',(#10669,#10670,#10671));
#10676=FACE_BOUND('',#10675,.T.);
#10677=ADVANCED_FACE('',(#10676),#10674,.T.);
#10678=LINE('',#5638,#6253);
#10679=EDGE_CURVE('',#5639,#5769,#10678,.T.);
#10680=ORIENTED_EDGE('',*,*,#10666,.F.);
#10681=ORIENTED_EDGE('',*,*,#10537,.F.);
#10682=ORIENTED_EDGE('',*,*,#10679,.T.);
#10683=DIRECTION('',(0.9831020577111954,0.12944177093197792,0.12944177093197884));
#10684=DIRECTION('',(-0.12609315133824436,-0.03377381116857187,0.9914433150033037));
#10685=AXIS2_PLACEMENT_3D('',#5768,#10683,#10684);
#10686=PLANE('',#10685);
#10687=EDGE_LOOP('',(#10680,#10681,#10682));
#10688=FACE_BOUND('',#10687,.T.);
#10689=ADVANCED_FACE('',(#10688),#10686,.T.);
#10690=LINE('',#5532,#9893);
#10691=EDGE_CURVE('',#5533,#5769,#10690,.T.);
#10692=ORIENTED_EDGE('',*,*,#10679,.F.);
#10693=ORIENTED_EDGE('',*,*,#8725,.F.);
#10694=ORIENTED_EDGE('',*,*,#10691,.T.);
#10695=AXIS2_PLACEMENT_3D('',#5768,#10683,#6277);
#10696=PLANE('',#10695);
#10697=EDGE_LOOP('',(#10692,#10693,#10694));
#10698=FACE_BOUND('',#10697,.T.);
#10699=ADVANCED_FACE('',(#10698),#10696,.T.);
#10700=DIRECTION('',(-0.858614183071184,-0.4957349343109332,0.13049352295320313));
#10701=VECTOR('',#10700,1000.0);
#10702=LINE('',#5728,#10701);
#10703=EDGE_CURVE('',#5729,#5607,#10702,.T.);
#10704=ORIENTED_EDGE('',*,*,#10703,.T.);
#10705=ORIENTED_EDGE('',*,*,#9899,.F.);
#10706=ORIENTED_EDGE('',*,*,#10029,.F.);
#10707=DIRECTION('',(0.12159255292743858,0.0503443805633917,0.9913025241661985));
#10708=AXIS2_PLACEMENT_3D('',#5728,#10707,#10700);
#10709=PLANE('',#10708);
#10710=EDGE_LOOP('',(#10704,#10705,#10706));
#10711=FACE_BOUND('',#10710,.T.);
#10712=ADVANCED_FACE('',(#10711),#10709,.T.);
#10713=LINE('',#5646,#9854);
#10714=EDGE_CURVE('',#5647,#5743,#10713,.T.);
#10715=ORIENTED_EDGE('',*,*,#8845,.F.);
#10716=ORIENTED_EDGE('',*,*,#10714,.T.);
#10717=ORIENTED_EDGE('',*,*,#10392,.F.);
#10718=AXIS2_PLACEMENT_3D('',#5648,#10400,#6545);
#10719=PLANE('',#10718);
#10720=EDGE_LOOP('',(#10715,#10716,#10717));
#10721=FACE_BOUND('',#10720,.T.);
#10722=ADVANCED_FACE('',(#10721),#10719,.T.);
#10723=DIRECTION('',(0.15757167305268868,0.5880207085961522,-0.7933491123795725));
#10724=VECTOR('',#10723,1000.0);
#10725=LINE('',#5724,#10724);
#10726=EDGE_CURVE('',#5725,#5743,#10725,.T.);
#10727=ORIENTED_EDGE('',*,*,#10714,.F.);
#10728=ORIENTED_EDGE('',*,*,#10139,.F.);
#10729=ORIENTED_EDGE('',*,*,#10726,.T.);
#10730=DIRECTION('',(0.10390464157434655,0.7890533735366062,0.6054738633250882));
#10731=DIRECTION('',(-0.9914409919432421,0.13055558009752052,0.0));
#10732=AXIS2_PLACEMENT_3D('',#5742,#10730,#10731);
#10733=PLANE('',#10732);
#10734=EDGE_LOOP('',(#10727,#10728,#10729));
#10735=FACE_BOUND('',#10734,.T.);
#10736=ADVANCED_FACE('',(#10735),#10733,.T.);
#10737=VECTOR('',#9956,1000.0);
#10738=LINE('',#5724,#10737);
#10739=EDGE_CURVE('',#5725,#5735,#10738,.T.);
#10740=ORIENTED_EDGE('',*,*,#10726,.F.);
#10741=ORIENTED_EDGE('',*,*,#10739,.T.);
#10742=ORIENTED_EDGE('',*,*,#10258,.F.);
#10743=DIRECTION('',(0.3046122725959339,0.7352660469925941,0.6054710591959165));
#10744=DIRECTION('',(-0.15757167305268868,-0.5880207085961522,0.7933491123795725));
#10745=AXIS2_PLACEMENT_3D('',#5742,#10743,#10744);
#10746=PLANE('',#10745);
#10747=EDGE_LOOP('',(#10740,#10741,#10742));
#10748=FACE_BOUND('',#10747,.T.);
#10749=ADVANCED_FACE('',(#10748),#10746,.T.);
#10750=DIRECTION('',(0.39666227915281216,0.687024430382006,-0.6088156275553191));
#10751=VECTOR('',#10750,1000.0);
#10752=LINE('',#5712,#10751);
#10753=EDGE_CURVE('',#5713,#5735,#10752,.T.);
#10754=ORIENTED_EDGE('',*,*,#10739,.F.);
#10755=ORIENTED_EDGE('',*,*,#9977,.F.);
#10756=ORIENTED_EDGE('',*,*,#10753,.T.);
#10757=AXIS2_PLACEMENT_3D('',#5734,#9985,#9931);
#10758=PLANE('',#10757);
#10759=EDGE_LOOP('',(#10754,#10755,#10756));
#10760=FACE_BOUND('',#10759,.T.);
#10761=ADVANCED_FACE('',(#10760),#10758,.T.);
#10762=LINE('',#5712,#9876);
#10763=EDGE_CURVE('',#5713,#5727,#10762,.T.);
#10764=ORIENTED_EDGE('',*,*,#10753,.F.);
#10765=ORIENTED_EDGE('',*,*,#10763,.T.);
#10766=ORIENTED_EDGE('',*,*,#10152,.F.);
#10767=DIRECTION('',(-0.39666227915281216,-0.687024430382006,0.6088156275553191));
#10768=AXIS2_PLACEMENT_3D('',#5734,#10163,#10767);
#10769=PLANE('',#10768);
#10770=EDGE_LOOP('',(#10764,#10765,#10766));
#10771=FACE_BOUND('',#10770,.T.);
#10772=ADVANCED_FACE('',(#10771),#10769,.T.);
#10773=DIRECTION('',(0.6532777605989601,0.6532777605989601,-0.3826961392718971));
#10774=VECTOR('',#10773,1000.0);
#10775=LINE('',#5716,#10774);
#10776=EDGE_CURVE('',#5717,#5727,#10775,.T.);
#10777=ORIENTED_EDGE('',*,*,#10763,.F.);
#10778=ORIENTED_EDGE('',*,*,#9882,.F.);
#10779=ORIENTED_EDGE('',*,*,#10776,.T.);
#10780=AXIS2_PLACEMENT_3D('',#5726,#9886,#9921);
#10781=PLANE('',#10780);
#10782=EDGE_LOOP('',(#10777,#10778,#10779));
#10783=FACE_BOUND('',#10782,.T.);
#10784=ADVANCED_FACE('',(#10783),#10781,.T.);
#10785=DIRECTION('',(0.6088043436399855,-0.7933204088923254,0.0));
#10786=VECTOR('',#10785,1000.0);
#10787=LINE('',#5716,#10786);
#10788=EDGE_CURVE('',#5717,#5729,#10787,.T.);
#10789=ORIENTED_EDGE('',*,*,#10776,.F.);
#10790=ORIENTED_EDGE('',*,*,#10788,.T.);
#10791=ORIENTED_EDGE('',*,*,#10008,.F.);
#10792=DIRECTION('',(-0.6532777605989601,-0.6532777605989601,0.3826961392718971));
#10793=AXIS2_PLACEMENT_3D('',#5726,#10020,#10792);
#10794=PLANE('',#10793);
#10795=EDGE_LOOP('',(#10789,#10790,#10791));
#10796=FACE_BOUND('',#10795,.T.);
#10797=ADVANCED_FACE('',(#10796),#10794,.T.);
#10798=ORIENTED_EDGE('',*,*,#10788,.F.);
#10799=ORIENTED_EDGE('',*,*,#9916,.F.);
#10800=ORIENTED_EDGE('',*,*,#10703,.F.);
#10801=DIRECTION('',(0.10440163462171824,0.08011916487760945,0.991302788308208));
#10802=AXIS2_PLACEMENT_3D('',#5728,#10801,#10013);
#10803=PLANE('',#10802);
#10804=EDGE_LOOP('',(#10798,#10799,#10800));
#10805=FACE_BOUND('',#10804,.T.);
#10806=ADVANCED_FACE('',(#10805),#10803,.T.);
#10807=DIRECTION('',(0.0,-0.9914484272354998,0.13049910395191966));
#10808=VECTOR('',#10807,1000.0);
#10809=LINE('',#5604,#10808);
#10810=EDGE_CURVE('',#5605,#5771,#10809,.T.);
#10811=DIRECTION('',(-0.9993948022426178,0.03448800418672362,-0.004539473279519804));
#10812=VECTOR('',#10811,1000.0);
#10813=LINE('',#5770,#10812);
#10814=EDGE_CURVE('',#5771,#5547,#10813,.T.);
#10815=ORIENTED_EDGE('',*,*,#8334,.F.);
#10816=ORIENTED_EDGE('',*,*,#10810,.T.);
#10817=ORIENTED_EDGE('',*,*,#10814,.T.);
#10818=AXIS2_PLACEMENT_3D('',#5546,#6634,#12);
#10819=PLANE('',#10818);
#10820=EDGE_LOOP('',(#10815,#10816,#10817));
#10821=FACE_BOUND('',#10820,.T.);
#10822=ADVANCED_FACE('',(#10821),#10819,.T.);
#10823=LINE('',#5770,#512);
#10824=EDGE_CURVE('',#5771,#5597,#10823,.T.);
#10825=ORIENTED_EDGE('',*,*,#10814,.F.);
#10826=ORIENTED_EDGE('',*,*,#10824,.T.);
#10827=ORIENTED_EDGE('',*,*,#8280,.F.);
#10828=DIRECTION('',(-0.0,-0.13049910395191966,-0.9914484272354998));
#10829=DIRECTION('',(0.9993948022426178,-0.03448800418672362,0.004539473279519804));
#10830=AXIS2_PLACEMENT_3D('',#5546,#10828,#10829);
#10831=PLANE('',#10830);
#10832=EDGE_LOOP('',(#10825,#10826,#10827));
#10833=FACE_BOUND('',#10832,.T.);
#10834=ADVANCED_FACE('',(#10833),#10831,.T.);
#10835=LINE('',#5770,#6439);
#10836=EDGE_CURVE('',#5771,#5773,#10835,.T.);
#10837=DIRECTION('',(-0.9993947773495975,0.032138315162280086,-0.013311938434296637));
#10838=VECTOR('',#10837,1000.0);
#10839=LINE('',#5772,#10838);
#10840=EDGE_CURVE('',#5773,#5597,#10839,.T.);
#10841=ORIENTED_EDGE('',*,*,#10824,.F.);
#10842=ORIENTED_EDGE('',*,*,#10836,.T.);
#10843=ORIENTED_EDGE('',*,*,#10840,.T.);
#10844=DIRECTION('',(0.0,-0.38267882974024703,-0.9238814389674874));
#10845=AXIS2_PLACEMENT_3D('',#5596,#10844,#12);
#10846=PLANE('',#10845);
#10847=EDGE_LOOP('',(#10841,#10842,#10843));
#10848=FACE_BOUND('',#10847,.T.);
#10849=ADVANCED_FACE('',(#10848),#10846,.T.);
#10850=LINE('',#5772,#512);
#10851=EDGE_CURVE('',#5773,#5595,#10850,.T.);
#10852=ORIENTED_EDGE('',*,*,#10840,.F.);
#10853=ORIENTED_EDGE('',*,*,#10851,.T.);
#10854=ORIENTED_EDGE('',*,*,#8255,.F.);
#10855=DIRECTION('',(-0.0,-0.38267882974024703,-0.9238814389674874));
#10856=DIRECTION('',(0.9993947773495975,-0.032138315162280086,0.013311938434296637));
#10857=AXIS2_PLACEMENT_3D('',#5596,#10855,#10856);
#10858=PLANE('',#10857);
#10859=EDGE_LOOP('',(#10852,#10853,#10854));
#10860=FACE_BOUND('',#10859,.T.);
#10861=ADVANCED_FACE('',(#10860),#10858,.T.);
#10862=LINE('',#5772,#6475);
#10863=EDGE_CURVE('',#5773,#5775,#10862,.T.);
#10864=DIRECTION('',(-0.9993947702144201,0.027596620921520966,-0.021178285619477134));
#10865=VECTOR('',#10864,1000.0);
#10866=LINE('',#5774,#10865);
#10867=EDGE_CURVE('',#5775,#5595,#10866,.T.);
#10868=ORIENTED_EDGE('',*,*,#10851,.F.);
#10869=ORIENTED_EDGE('',*,*,#10863,.T.);
#10870=ORIENTED_EDGE('',*,*,#10867,.T.);
#10871=DIRECTION('',(0.0,-0.6088094411189653,-0.7933164969949971));
#10872=AXIS2_PLACEMENT_3D('',#5594,#10871,#12);
#10873=PLANE('',#10872);
#10874=EDGE_LOOP('',(#10868,#10869,#10870));
#10875=FACE_BOUND('',#10874,.T.);
#10876=ADVANCED_FACE('',(#10875),#10873,.T.);
#10877=LINE('',#5774,#512);
#10878=EDGE_CURVE('',#5775,#5593,#10877,.T.);
#10879=ORIENTED_EDGE('',*,*,#10867,.F.);
#10880=ORIENTED_EDGE('',*,*,#10878,.T.);
#10881=ORIENTED_EDGE('',*,*,#8227,.F.);
#10882=DIRECTION('',(-0.0,-0.6088094411189653,-0.7933164969949971));
#10883=DIRECTION('',(0.9993947702144201,-0.027596620921520966,0.021178285619477134));
#10884=AXIS2_PLACEMENT_3D('',#5594,#10882,#10883);
#10885=PLANE('',#10884);
#10886=EDGE_LOOP('',(#10879,#10880,#10881));
#10887=FACE_BOUND('',#10886,.T.);
#10888=ADVANCED_FACE('',(#10887),#10885,.T.);
#10889=LINE('',#5774,#6511);
#10890=EDGE_CURVE('',#5775,#5777,#10889,.T.);
#10891=DIRECTION('',(-0.9993947702144201,0.021178285619477114,-0.02759662092152086));
#10892=VECTOR('',#10891,1000.0);
#10893=LINE('',#5776,#10892);
#10894=EDGE_CURVE('',#5777,#5593,#10893,.T.);
#10895=ORIENTED_EDGE('',*,*,#10878,.F.);
#10896=ORIENTED_EDGE('',*,*,#10890,.T.);
#10897=ORIENTED_EDGE('',*,*,#10894,.T.);
#10898=DIRECTION('',(0.0,-0.7933164969949963,-0.6088094411189665));
#10899=AXIS2_PLACEMENT_3D('',#5592,#10898,#12);
#10900=PLANE('',#10899);
#10901=EDGE_LOOP('',(#10895,#10896,#10897));
#10902=FACE_BOUND('',#10901,.T.);
#10903=ADVANCED_FACE('',(#10902),#10900,.T.);
#10904=LINE('',#5776,#512);
#10905=EDGE_CURVE('',#5777,#5591,#10904,.T.);
#10906=ORIENTED_EDGE('',*,*,#10894,.F.);
#10907=ORIENTED_EDGE('',*,*,#10905,.T.);
#10908=ORIENTED_EDGE('',*,*,#8198,.F.);
#10909=DIRECTION('',(-0.0,-0.7933164969949963,-0.6088094411189665));
#10910=DIRECTION('',(0.9993947702144201,-0.021178285619477114,0.02759662092152086));
#10911=AXIS2_PLACEMENT_3D('',#5592,#10909,#10910);
#10912=PLANE('',#10911);
#10913=EDGE_LOOP('',(#10906,#10907,#10908));
#10914=FACE_BOUND('',#10913,.T.);
#10915=ADVANCED_FACE('',(#10914),#10912,.T.);
#10916=LINE('',#5776,#6546);
#10917=EDGE_CURVE('',#5777,#5779,#10916,.T.);
#10918=DIRECTION('',(-0.9993947773495975,0.013311938434296514,-0.032138315162280065));
#10919=VECTOR('',#10918,1000.0);
#10920=LINE('',#5778,#10919);
#10921=EDGE_CURVE('',#5779,#5591,#10920,.T.);
#10922=ORIENTED_EDGE('',*,*,#10905,.F.);
#10923=ORIENTED_EDGE('',*,*,#10917,.T.);
#10924=ORIENTED_EDGE('',*,*,#10921,.T.);
#10925=DIRECTION('',(0.0,-0.9238814389674885,-0.38267882974024425));
#10926=AXIS2_PLACEMENT_3D('',#5590,#10925,#12);
#10927=PLANE('',#10926);
#10928=EDGE_LOOP('',(#10922,#10923,#10924));
#10929=FACE_BOUND('',#10928,.T.);
#10930=ADVANCED_FACE('',(#10929),#10927,.T.);
#10931=LINE('',#5778,#512);
#10932=EDGE_CURVE('',#5779,#5589,#10931,.T.);
#10933=ORIENTED_EDGE('',*,*,#10921,.F.);
#10934=ORIENTED_EDGE('',*,*,#10932,.T.);
#10935=ORIENTED_EDGE('',*,*,#8170,.F.);
#10936=DIRECTION('',(-0.0,-0.9238814389674885,-0.38267882974024425));
#10937=DIRECTION('',(0.9993947773495975,-0.013311938434296514,0.032138315162280065));
#10938=AXIS2_PLACEMENT_3D('',#5590,#10936,#10937);
#10939=PLANE('',#10938);
#10940=EDGE_LOOP('',(#10933,#10934,#10935));
#10941=FACE_BOUND('',#10940,.T.);
#10942=ADVANCED_FACE('',(#10941),#10939,.T.);
#10943=DIRECTION('',(0.0,-0.13049910395192257,0.9914484272354993));
#10944=VECTOR('',#10943,1000.0);
#10945=LINE('',#5778,#10944);
#10946=EDGE_CURVE('',#5779,#5539,#10945,.T.);
#10947=DIRECTION('',(-0.9993948022426178,0.004539473279519904,-0.03448800418672359));
#10948=VECTOR('',#10947,1000.0);
#10949=LINE('',#5538,#10948);
#10950=EDGE_CURVE('',#5539,#5589,#10949,.T.);
#10951=ORIENTED_EDGE('',*,*,#10932,.F.);
#10952=ORIENTED_EDGE('',*,*,#10946,.T.);
#10953=ORIENTED_EDGE('',*,*,#10950,.T.);
#10954=DIRECTION('',(0.0,-0.9914484272354994,-0.13049910395192263));
#10955=AXIS2_PLACEMENT_3D('',#5588,#10954,#12);
#10956=PLANE('',#10955);
#10957=EDGE_LOOP('',(#10951,#10952,#10953));
#10958=FACE_BOUND('',#10957,.T.);
#10959=ADVANCED_FACE('',(#10958),#10956,.T.);
#10960=ORIENTED_EDGE('',*,*,#10950,.F.);
#10961=ORIENTED_EDGE('',*,*,#7370,.F.);
#10962=ORIENTED_EDGE('',*,*,#8140,.F.);
#10963=DIRECTION('',(-0.0,-0.9914484272354994,-0.13049910395192263));
#10964=DIRECTION('',(0.9993948022426178,-0.004539473279519904,0.03448800418672359));
#10965=AXIS2_PLACEMENT_3D('',#5588,#10963,#10964);
#10966=PLANE('',#10965);
#10967=EDGE_LOOP('',(#10960,#10961,#10962));
#10968=FACE_BOUND('',#10967,.T.);
#10969=ADVANCED_FACE('',(#10968),#10966,.T.);
#10970=DIRECTION('',(0.0012023019114539672,0.00913431819127655,-0.9999575584500046));
#10971=VECTOR('',#10970,1000.0);
#10972=LINE('',#5700,#10971);
#10973=EDGE_CURVE('',#5701,#5535,#10972,.T.);
#10974=ORIENTED_EDGE('',*,*,#7352,.F.);
#10975=ORIENTED_EDGE('',*,*,#9597,.F.);
#10976=ORIENTED_EDGE('',*,*,#10973,.T.);
#10977=AXIS2_PLACEMENT_3D('',#5534,#10095,#11);
#10978=PLANE('',#10977);
#10979=EDGE_LOOP('',(#10974,#10975,#10976));
#10980=FACE_BOUND('',#10979,.T.);
#10981=ADVANCED_FACE('',(#10980),#10978,.T.);
#10982=DIRECTION('',(0.0,0.0,-1.0));
#10983=VECTOR('',#10982,1000.0);
#10984=LINE('',#5700,#10983);
#10985=EDGE_CURVE('',#5701,#5781,#10984,.T.);
#10986=LINE('',#5780,#9035);
#10987=EDGE_CURVE('',#5781,#5535,#10986,.T.);
#10988=ORIENTED_EDGE('',*,*,#10973,.F.);
#10989=ORIENTED_EDGE('',*,*,#10985,.T.);
#10990=ORIENTED_EDGE('',*,*,#10987,.T.);
#10991=DIRECTION('',(-0.0012023019114539672,-0.00913431819127655,0.9999575584500046));
#10992=AXIS2_PLACEMENT_3D('',#5534,#10095,#10991);
#10993=PLANE('',#10992);
#10994=EDGE_LOOP('',(#10988,#10989,#10990));
#10995=FACE_BOUND('',#10994,.T.);
#10996=ADVANCED_FACE('',(#10995),#10993,.T.);
#10997=DIRECTION('',(0.0035257327028686888,0.008511991648850912,-0.9999575567028222));
#10998=VECTOR('',#10997,1000.0);
#10999=LINE('',#5702,#10998);
#11000=EDGE_CURVE('',#5703,#5781,#10999,.T.);
#11001=ORIENTED_EDGE('',*,*,#10985,.F.);
#11002=ORIENTED_EDGE('',*,*,#9626,.F.);
#11003=ORIENTED_EDGE('',*,*,#11000,.T.);
#11004=AXIS2_PLACEMENT_3D('',#5780,#9956,#11);
#11005=PLANE('',#11004);
#11006=EDGE_LOOP('',(#11001,#11002,#11003));
#11007=FACE_BOUND('',#11006,.T.);
#11008=ADVANCED_FACE('',(#11007),#11005,.T.);
#11009=DIRECTION('',(0.0,0.0,-1.0));
#11010=VECTOR('',#11009,1000.0);
#11011=LINE('',#5702,#11010);
#11012=EDGE_CURVE('',#5703,#5783,#11011,.T.);
#11013=LINE('',#5782,#8975);
#11014=EDGE_CURVE('',#5783,#5781,#11013,.T.);
#11015=ORIENTED_EDGE('',*,*,#11000,.F.);
#11016=ORIENTED_EDGE('',*,*,#11012,.T.);
#11017=ORIENTED_EDGE('',*,*,#11014,.T.);
#11018=DIRECTION('',(-0.0035257327028686888,-0.008511991648850912,0.9999575567028222));
#11019=AXIS2_PLACEMENT_3D('',#5780,#9956,#11018);
#11020=PLANE('',#11019);
#11021=EDGE_LOOP('',(#11015,#11016,#11017));
#11022=FACE_BOUND('',#11021,.T.);
#11023=ADVANCED_FACE('',(#11022),#11020,.T.);
#11024=DIRECTION('',(0.005608585488142874,0.007309101549623819,-0.9999575595010818));
#11025=VECTOR('',#11024,1000.0);
#11026=LINE('',#5704,#11025);
#11027=EDGE_CURVE('',#5705,#5783,#11026,.T.);
#11028=ORIENTED_EDGE('',*,*,#11012,.F.);
#11029=ORIENTED_EDGE('',*,*,#9655,.F.);
#11030=ORIENTED_EDGE('',*,*,#11027,.T.);
#11031=AXIS2_PLACEMENT_3D('',#5782,#9875,#11);
#11032=PLANE('',#11031);
#11033=EDGE_LOOP('',(#11028,#11029,#11030));
#11034=FACE_BOUND('',#11033,.T.);
#11035=ADVANCED_FACE('',(#11034),#11032,.T.);
#11036=DIRECTION('',(0.0,0.0,-1.0));
#11037=VECTOR('',#11036,1000.0);
#11038=LINE('',#5704,#11037);
#11039=EDGE_CURVE('',#5705,#5785,#11038,.T.);
#11040=LINE('',#5784,#9201);
#11041=EDGE_CURVE('',#5785,#5783,#11040,.T.);
#11042=ORIENTED_EDGE('',*,*,#11027,.F.);
#11043=ORIENTED_EDGE('',*,*,#11039,.T.);
#11044=ORIENTED_EDGE('',*,*,#11041,.T.);
#11045=DIRECTION('',(-0.005608585488142874,-0.007309101549623819,0.9999575595010818));
#11046=AXIS2_PLACEMENT_3D('',#5782,#9875,#11045);
#11047=PLANE('',#11046);
#11048=EDGE_LOOP('',(#11042,#11043,#11044));
#11049=FACE_BOUND('',#11048,.T.);
#11050=ADVANCED_FACE('',(#11049),#11047,.T.);
#11051=DIRECTION('',(0.00730968970440902,0.005609173655849725,-0.9999575519027414));
#11052=VECTOR('',#11051,1000.0);
#11053=LINE('',#5706,#11052);
#11054=EDGE_CURVE('',#5707,#5785,#11053,.T.);
#11055=ORIENTED_EDGE('',*,*,#11039,.F.);
#11056=ORIENTED_EDGE('',*,*,#9684,.F.);
#11057=ORIENTED_EDGE('',*,*,#11054,.T.);
#11058=AXIS2_PLACEMENT_3D('',#5784,#10785,#11);
#11059=PLANE('',#11058);
#11060=EDGE_LOOP('',(#11055,#11056,#11057));
#11061=FACE_BOUND('',#11060,.T.);
#11062=ADVANCED_FACE('',(#11061),#11059,.T.);
#11063=DIRECTION('',(0.0,0.0,-1.0));
#11064=VECTOR('',#11063,1000.0);
#11065=LINE('',#5706,#11064);
#11066=EDGE_CURVE('',#5707,#5787,#11065,.T.);
#11067=LINE('',#5786,#9056);
#11068=EDGE_CURVE('',#5787,#5785,#11067,.T.);
#11069=ORIENTED_EDGE('',*,*,#11054,.F.);
#11070=ORIENTED_EDGE('',*,*,#11066,.T.);
#11071=ORIENTED_EDGE('',*,*,#11068,.T.);
#11072=DIRECTION('',(-0.00730968970440902,-0.005609173655849725,0.9999575519027414));
#11073=AXIS2_PLACEMENT_3D('',#5784,#10785,#11072);
#11074=PLANE('',#11073);
#11075=EDGE_LOOP('',(#11069,#11070,#11071));
#11076=FACE_BOUND('',#11075,.T.);
#11077=ADVANCED_FACE('',(#11076),#11074,.T.);
#11078=DIRECTION('',(0.008511991648850846,0.0035257327028686233,-0.9999575567028222));
#11079=VECTOR('',#11078,1000.0);
#11080=LINE('',#5708,#11079);
#11081=EDGE_CURVE('',#5709,#5787,#11080,.T.);
#11082=ORIENTED_EDGE('',*,*,#11066,.F.);
#11083=ORIENTED_EDGE('',*,*,#9713,.F.);
#11084=ORIENTED_EDGE('',*,*,#11081,.T.);
#11085=AXIS2_PLACEMENT_3D('',#5786,#10026,#11);
#11086=PLANE('',#11085);
#11087=EDGE_LOOP('',(#11082,#11083,#11084));
#11088=FACE_BOUND('',#11087,.T.);
#11089=ADVANCED_FACE('',(#11088),#11086,.T.);
#11090=DIRECTION('',(0.0,0.0,-1.0));
#11091=VECTOR('',#11090,1000.0);
#11092=LINE('',#5708,#11091);
#11093=EDGE_CURVE('',#5709,#5789,#11092,.T.);
#11094=LINE('',#5788,#9091);
#11095=EDGE_CURVE('',#5789,#5787,#11094,.T.);
#11096=ORIENTED_EDGE('',*,*,#11081,.F.);
#11097=ORIENTED_EDGE('',*,*,#11093,.T.);
#11098=ORIENTED_EDGE('',*,*,#11095,.T.);
#11099=DIRECTION('',(-0.008511991648850846,-0.0035257327028686233,0.9999575567028222));
#11100=AXIS2_PLACEMENT_3D('',#5786,#10026,#11099);
#11101=PLANE('',#11100);
#11102=EDGE_LOOP('',(#11096,#11097,#11098));
#11103=FACE_BOUND('',#11102,.T.);
#11104=ADVANCED_FACE('',(#11103),#11101,.T.);
#11105=DIRECTION('',(0.009134318191276617,0.0012023019114540325,-0.9999575584500046));
#11106=VECTOR('',#11105,1000.0);
#11107=LINE('',#5540,#11106);
#11108=EDGE_CURVE('',#5541,#5789,#11107,.T.);
#11109=ORIENTED_EDGE('',*,*,#11093,.F.);
#11110=ORIENTED_EDGE('',*,*,#9738,.F.);
#11111=ORIENTED_EDGE('',*,*,#11108,.T.);
#11112=DIRECTION('',(0.13049910395192157,-0.9914484272354995,0.0));
#11113=AXIS2_PLACEMENT_3D('',#5788,#11112,#11);
#11114=PLANE('',#11113);
#11115=EDGE_LOOP('',(#11109,#11110,#11111));
#11116=FACE_BOUND('',#11115,.T.);
#11117=ADVANCED_FACE('',(#11116),#11114,.T.);
#11118=LINE('',#5538,#8935);
#11119=EDGE_CURVE('',#5539,#5789,#11118,.T.);
#11120=ORIENTED_EDGE('',*,*,#11108,.F.);
#11121=ORIENTED_EDGE('',*,*,#7364,.F.);
#11122=ORIENTED_EDGE('',*,*,#11119,.T.);
#11123=DIRECTION('',(-0.009134318191276617,-0.0012023019114540325,0.9999575584500046));
#11124=AXIS2_PLACEMENT_3D('',#5788,#11112,#11123);
#11125=PLANE('',#11124);
#11126=EDGE_LOOP('',(#11120,#11121,#11122));
#11127=FACE_BOUND('',#11126,.T.);
#11128=ADVANCED_FACE('',(#11127),#11125,.T.);
#11129=DIRECTION('',(-0.009134318191276617,0.0012023019114540325,-0.9999575584500046));
#11130=VECTOR('',#11129,1000.0);
#11131=LINE('',#5760,#11130);
#11132=EDGE_CURVE('',#5761,#5599,#11131,.T.);
#11133=ORIENTED_EDGE('',*,*,#8306,.F.);
#11134=ORIENTED_EDGE('',*,*,#10552,.F.);
#11135=ORIENTED_EDGE('',*,*,#11132,.T.);
#11136=DIRECTION('',(0.13049910395192157,0.9914484272354995,-0.0));
#11137=AXIS2_PLACEMENT_3D('',#5598,#11136,#11);
#11138=PLANE('',#11137);
#11139=EDGE_LOOP('',(#11133,#11134,#11135));
#11140=FACE_BOUND('',#11139,.T.);
#11141=ADVANCED_FACE('',(#11140),#11138,.T.);
#11142=DIRECTION('',(0.0,0.0,-1.0));
#11143=VECTOR('',#11142,1000.0);
#11144=LINE('',#5760,#11143);
#11145=EDGE_CURVE('',#5761,#5791,#11144,.T.);
#11146=LINE('',#5790,#9992);
#11147=EDGE_CURVE('',#5791,#5599,#11146,.T.);
#11148=ORIENTED_EDGE('',*,*,#11132,.F.);
#11149=ORIENTED_EDGE('',*,*,#11145,.T.);
#11150=ORIENTED_EDGE('',*,*,#11147,.T.);
#11151=DIRECTION('',(0.009134318191276617,-0.0012023019114540325,0.9999575584500046));
#11152=AXIS2_PLACEMENT_3D('',#5598,#9034,#11151);
#11153=PLANE('',#11152);
#11154=EDGE_LOOP('',(#11148,#11149,#11150));
#11155=FACE_BOUND('',#11154,.T.);
#11156=ADVANCED_FACE('',(#11155),#11153,.T.);
#11157=DIRECTION('',(-0.008511991648850846,0.0035257327028686233,-0.9999575567028222));
#11158=VECTOR('',#11157,1000.0);
#11159=LINE('',#5762,#11158);
#11160=EDGE_CURVE('',#5763,#5791,#11159,.T.);
#11161=ORIENTED_EDGE('',*,*,#11145,.F.);
#11162=ORIENTED_EDGE('',*,*,#10581,.F.);
#11163=ORIENTED_EDGE('',*,*,#11160,.T.);
#11164=DIRECTION('',(0.3826788297402465,0.9238814389674876,-0.0));
#11165=AXIS2_PLACEMENT_3D('',#5790,#11164,#11);
#11166=PLANE('',#11165);
#11167=EDGE_LOOP('',(#11161,#11162,#11163));
#11168=FACE_BOUND('',#11167,.T.);
#11169=ADVANCED_FACE('',(#11168),#11166,.T.);
#11170=DIRECTION('',(0.0,0.0,-1.0));
#11171=VECTOR('',#11170,1000.0);
#11172=LINE('',#5762,#11171);
#11173=EDGE_CURVE('',#5763,#5793,#11172,.T.);
#11174=LINE('',#5792,#9932);
#11175=EDGE_CURVE('',#5793,#5791,#11174,.T.);
#11176=ORIENTED_EDGE('',*,*,#11160,.F.);
#11177=ORIENTED_EDGE('',*,*,#11173,.T.);
#11178=ORIENTED_EDGE('',*,*,#11175,.T.);
#11179=DIRECTION('',(0.008511991648850846,-0.0035257327028686233,0.9999575567028222));
#11180=AXIS2_PLACEMENT_3D('',#5790,#8974,#11179);
#11181=PLANE('',#11180);
#11182=EDGE_LOOP('',(#11176,#11177,#11178));
#11183=FACE_BOUND('',#11182,.T.);
#11184=ADVANCED_FACE('',(#11183),#11181,.T.);
#11185=DIRECTION('',(-0.00730968970440902,0.005609173655849725,-0.9999575519027414));
#11186=VECTOR('',#11185,1000.0);
#11187=LINE('',#5764,#11186);
#11188=EDGE_CURVE('',#5765,#5793,#11187,.T.);
#11189=ORIENTED_EDGE('',*,*,#11173,.F.);
#11190=ORIENTED_EDGE('',*,*,#10610,.F.);
#11191=ORIENTED_EDGE('',*,*,#11188,.T.);
#11192=DIRECTION('',(0.6087786072884208,0.7933401586381285,-0.0));
#11193=AXIS2_PLACEMENT_3D('',#5792,#11192,#11);
#11194=PLANE('',#11193);
#11195=EDGE_LOOP('',(#11189,#11190,#11191));
#11196=FACE_BOUND('',#11195,.T.);
#11197=ADVANCED_FACE('',(#11196),#11194,.T.);
#11198=DIRECTION('',(0.0,0.0,-1.0));
#11199=VECTOR('',#11198,1000.0);
#11200=LINE('',#5764,#11199);
#11201=EDGE_CURVE('',#5765,#5795,#11200,.T.);
#11202=LINE('',#5794,#10157);
#11203=EDGE_CURVE('',#5795,#5793,#11202,.T.);
#11204=ORIENTED_EDGE('',*,*,#11188,.F.);
#11205=ORIENTED_EDGE('',*,*,#11201,.T.);
#11206=ORIENTED_EDGE('',*,*,#11203,.T.);
#11207=DIRECTION('',(0.00730968970440902,-0.005609173655849725,0.9999575519027414));
#11208=AXIS2_PLACEMENT_3D('',#5792,#8964,#11207);
#11209=PLANE('',#11208);
#11210=EDGE_LOOP('',(#11204,#11205,#11206));
#11211=FACE_BOUND('',#11210,.T.);
#11212=ADVANCED_FACE('',(#11211),#11209,.T.);
#11213=DIRECTION('',(-0.005608585488142874,0.007309101549623819,-0.9999575595010818));
#11214=VECTOR('',#11213,1000.0);
#11215=LINE('',#5766,#11214);
#11216=EDGE_CURVE('',#5767,#5795,#11215,.T.);
#11217=ORIENTED_EDGE('',*,*,#11201,.F.);
#11218=ORIENTED_EDGE('',*,*,#10639,.F.);
#11219=ORIENTED_EDGE('',*,*,#11216,.T.);
#11220=DIRECTION('',(0.7933473321082972,0.6087692589451666,-0.0));
#11221=AXIS2_PLACEMENT_3D('',#5794,#11220,#11);
#11222=PLANE('',#11221);
#11223=EDGE_LOOP('',(#11217,#11218,#11219));
#11224=FACE_BOUND('',#11223,.T.);
#11225=ADVANCED_FACE('',(#11224),#11222,.T.);
#11226=DIRECTION('',(0.0,0.0,-1.0));
#11227=VECTOR('',#11226,1000.0);
#11228=LINE('',#5766,#11227);
#11229=EDGE_CURVE('',#5767,#5797,#11228,.T.);
#11230=LINE('',#5796,#10014);
#11231=EDGE_CURVE('',#5797,#5795,#11230,.T.);
#11232=ORIENTED_EDGE('',*,*,#11216,.F.);
#11233=ORIENTED_EDGE('',*,*,#11229,.T.);
#11234=ORIENTED_EDGE('',*,*,#11231,.T.);
#11235=DIRECTION('',(0.005608585488142874,-0.007309101549623819,0.9999575595010818));
#11236=AXIS2_PLACEMENT_3D('',#5794,#9055,#11235);
#11237=PLANE('',#11236);
#11238=EDGE_LOOP('',(#11232,#11233,#11234));
#11239=FACE_BOUND('',#11238,.T.);
#11240=ADVANCED_FACE('',(#11239),#11237,.T.);
#11241=DIRECTION('',(-0.0035257327028686888,0.008511991648850912,-0.9999575567028222));
#11242=VECTOR('',#11241,1000.0);
#11243=LINE('',#5768,#11242);
#11244=EDGE_CURVE('',#5769,#5797,#11243,.T.);
#11245=ORIENTED_EDGE('',*,*,#11229,.F.);
#11246=ORIENTED_EDGE('',*,*,#10668,.F.);
#11247=ORIENTED_EDGE('',*,*,#11244,.T.);
#11248=DIRECTION('',(0.9238814389674862,0.38267882974024997,-0.0));
#11249=AXIS2_PLACEMENT_3D('',#5796,#11248,#11);
#11250=PLANE('',#11249);
#11251=EDGE_LOOP('',(#11245,#11246,#11247));
#11252=FACE_BOUND('',#11251,.T.);
#11253=ADVANCED_FACE('',(#11252),#11250,.T.);
#11254=DIRECTION('',(0.0,0.0,-1.0));
#11255=VECTOR('',#11254,1000.0);
#11256=LINE('',#5768,#11255);
#11257=EDGE_CURVE('',#5769,#5799,#11256,.T.);
#11258=LINE('',#5798,#10049);
#11259=EDGE_CURVE('',#5799,#5797,#11258,.T.);
#11260=ORIENTED_EDGE('',*,*,#11244,.F.);
#11261=ORIENTED_EDGE('',*,*,#11257,.T.);
#11262=ORIENTED_EDGE('',*,*,#11259,.T.);
#11263=DIRECTION('',(0.0035257327028686888,-0.008511991648850912,0.9999575567028222));
#11264=AXIS2_PLACEMENT_3D('',#5796,#9090,#11263);
#11265=PLANE('',#11264);
#11266=EDGE_LOOP('',(#11260,#11261,#11262));
#11267=FACE_BOUND('',#11266,.T.);
#11268=ADVANCED_FACE('',(#11267),#11265,.T.);
#11269=DIRECTION('',(-0.0012023019114539672,0.00913431819127655,-0.9999575584500046));
#11270=VECTOR('',#11269,1000.0);
#11271=LINE('',#5532,#11270);
#11272=EDGE_CURVE('',#5533,#5799,#11271,.T.);
#11273=ORIENTED_EDGE('',*,*,#11257,.F.);
#11274=ORIENTED_EDGE('',*,*,#10691,.F.);
#11275=ORIENTED_EDGE('',*,*,#11272,.T.);
#11276=DIRECTION('',(0.9914484272355003,0.13049910395191552,-0.0));
#11277=AXIS2_PLACEMENT_3D('',#5798,#11276,#11);
#11278=PLANE('',#11277);
#11279=EDGE_LOOP('',(#11273,#11274,#11275));
#11280=FACE_BOUND('',#11279,.T.);
#11281=ADVANCED_FACE('',(#11280),#11278,.T.);
#11282=LINE('',#5530,#9893);
#11283=EDGE_CURVE('',#5531,#5799,#11282,.T.);
#11284=ORIENTED_EDGE('',*,*,#11272,.F.);
#11285=ORIENTED_EDGE('',*,*,#7329,.F.);
#11286=ORIENTED_EDGE('',*,*,#11283,.T.);
#11287=DIRECTION('',(0.0012023019114539672,-0.00913431819127655,0.9999575584500046));
#11288=AXIS2_PLACEMENT_3D('',#5798,#8934,#11287);
#11289=PLANE('',#11288);
#11290=EDGE_LOOP('',(#11284,#11285,#11286));
#11291=FACE_BOUND('',#11290,.T.);
#11292=ADVANCED_FACE('',(#11291),#11289,.T.);
#11293=DIRECTION('',(0.9993948022426178,-0.03448800418672362,-0.004539473279519804));
#11294=VECTOR('',#11293,1000.0);
#11295=LINE('',#5550,#11294);
#11296=EDGE_CURVE('',#5551,#5603,#11295,.T.);
#11297=ORIENTED_EDGE('',*,*,#8323,.F.);
#11298=ORIENTED_EDGE('',*,*,#7470,.F.);
#11299=ORIENTED_EDGE('',*,*,#11296,.T.);
#11300=AXIS2_PLACEMENT_3D('',#5602,#6566,#511);
#11301=PLANE('',#11300);
#11302=EDGE_LOOP('',(#11297,#11298,#11299));
#11303=FACE_BOUND('',#11302,.T.);
#11304=ADVANCED_FACE('',(#11303),#11301,.T.);
#11305=LINE('',#5550,#491);
#11306=EDGE_CURVE('',#5551,#5801,#11305,.T.);
#11307=DIRECTION('',(0.0,-0.9914484272354998,-0.13049910395191966));
#11308=VECTOR('',#11307,1000.0);
#11309=LINE('',#5800,#11308);
#11310=EDGE_CURVE('',#5801,#5603,#11309,.T.);
#11311=ORIENTED_EDGE('',*,*,#11296,.F.);
#11312=ORIENTED_EDGE('',*,*,#11306,.T.);
#11313=ORIENTED_EDGE('',*,*,#11310,.T.);
#11314=DIRECTION('',(-0.9993948022426178,0.03448800418672362,0.004539473279519804));
#11315=AXIS2_PLACEMENT_3D('',#5602,#6566,#11314);
#11316=PLANE('',#11315);
#11317=EDGE_LOOP('',(#11311,#11312,#11313));
#11318=FACE_BOUND('',#11317,.T.);
#11319=ADVANCED_FACE('',(#11318),#11316,.T.);
#11320=DIRECTION('',(0.9993947773495975,-0.032138315162280086,-0.013311938434296637));
#11321=VECTOR('',#11320,1000.0);
#11322=LINE('',#5552,#11321);
#11323=EDGE_CURVE('',#5553,#5801,#11322,.T.);
#11324=ORIENTED_EDGE('',*,*,#11306,.F.);
#11325=ORIENTED_EDGE('',*,*,#7503,.F.);
#11326=ORIENTED_EDGE('',*,*,#11323,.T.);
#11327=AXIS2_PLACEMENT_3D('',#5800,#6531,#511);
#11328=PLANE('',#11327);
#11329=EDGE_LOOP('',(#11324,#11325,#11326));
#11330=FACE_BOUND('',#11329,.T.);
#11331=ADVANCED_FACE('',(#11330),#11328,.T.);
#11332=LINE('',#5552,#491);
#11333=EDGE_CURVE('',#5553,#5803,#11332,.T.);
#11334=DIRECTION('',(0.0,-0.9238814389674874,-0.38267882974024703));
#11335=VECTOR('',#11334,1000.0);
#11336=LINE('',#5802,#11335);
#11337=EDGE_CURVE('',#5803,#5801,#11336,.T.);
#11338=ORIENTED_EDGE('',*,*,#11323,.F.);
#11339=ORIENTED_EDGE('',*,*,#11333,.T.);
#11340=ORIENTED_EDGE('',*,*,#11337,.T.);
#11341=DIRECTION('',(-0.9993947773495975,0.032138315162280086,0.013311938434296637));
#11342=AXIS2_PLACEMENT_3D('',#5800,#6531,#11341);
#11343=PLANE('',#11342);
#11344=EDGE_LOOP('',(#11338,#11339,#11340));
#11345=FACE_BOUND('',#11344,.T.);
#11346=ADVANCED_FACE('',(#11345),#11343,.T.);
#11347=DIRECTION('',(0.9993947702144201,-0.027596620921520966,-0.021178285619477134));
#11348=VECTOR('',#11347,1000.0);
#11349=LINE('',#5554,#11348);
#11350=EDGE_CURVE('',#5555,#5803,#11349,.T.);
#11351=ORIENTED_EDGE('',*,*,#11333,.F.);
#11352=ORIENTED_EDGE('',*,*,#7537,.F.);
#11353=ORIENTED_EDGE('',*,*,#11350,.T.);
#11354=AXIS2_PLACEMENT_3D('',#5802,#6496,#511);
#11355=PLANE('',#11354);
#11356=EDGE_LOOP('',(#11351,#11352,#11353));
#11357=FACE_BOUND('',#11356,.T.);
#11358=ADVANCED_FACE('',(#11357),#11355,.T.);
#11359=LINE('',#5554,#491);
#11360=EDGE_CURVE('',#5555,#5805,#11359,.T.);
#11361=DIRECTION('',(0.0,-0.793316496994997,-0.6088094411189652));
#11362=VECTOR('',#11361,1000.0);
#11363=LINE('',#5804,#11362);
#11364=EDGE_CURVE('',#5805,#5803,#11363,.T.);
#11365=ORIENTED_EDGE('',*,*,#11350,.F.);
#11366=ORIENTED_EDGE('',*,*,#11360,.T.);
#11367=ORIENTED_EDGE('',*,*,#11364,.T.);
#11368=DIRECTION('',(-0.9993947702144201,0.027596620921520966,0.021178285619477134));
#11369=AXIS2_PLACEMENT_3D('',#5802,#6496,#11368);
#11370=PLANE('',#11369);
#11371=EDGE_LOOP('',(#11365,#11366,#11367));
#11372=FACE_BOUND('',#11371,.T.);
#11373=ADVANCED_FACE('',(#11372),#11370,.T.);
#11374=DIRECTION('',(0.9993947702144201,-0.021178285619477114,-0.02759662092152086));
#11375=VECTOR('',#11374,1000.0);
#11376=LINE('',#5556,#11375);
#11377=EDGE_CURVE('',#5557,#5805,#11376,.T.);
#11378=ORIENTED_EDGE('',*,*,#11360,.F.);
#11379=ORIENTED_EDGE('',*,*,#7570,.F.);
#11380=ORIENTED_EDGE('',*,*,#11377,.T.);
#11381=AXIS2_PLACEMENT_3D('',#5804,#6460,#511);
#11382=PLANE('',#11381);
#11383=EDGE_LOOP('',(#11378,#11379,#11380));
#11384=FACE_BOUND('',#11383,.T.);
#11385=ADVANCED_FACE('',(#11384),#11382,.T.);
#11386=LINE('',#5556,#491);
#11387=EDGE_CURVE('',#5557,#5807,#11386,.T.);
#11388=DIRECTION('',(0.0,-0.6088094411189663,-0.7933164969949962));
#11389=VECTOR('',#11388,1000.0);
#11390=LINE('',#5806,#11389);
#11391=EDGE_CURVE('',#5807,#5805,#11390,.T.);
#11392=ORIENTED_EDGE('',*,*,#11377,.F.);
#11393=ORIENTED_EDGE('',*,*,#11387,.T.);
#11394=ORIENTED_EDGE('',*,*,#11391,.T.);
#11395=DIRECTION('',(-0.9993947702144201,0.021178285619477114,0.02759662092152086));
#11396=AXIS2_PLACEMENT_3D('',#5804,#6460,#11395);
#11397=PLANE('',#11396);
#11398=EDGE_LOOP('',(#11392,#11393,#11394));
#11399=FACE_BOUND('',#11398,.T.);
#11400=ADVANCED_FACE('',(#11399),#11397,.T.);
#11401=DIRECTION('',(0.9993947773495975,-0.013311938434296514,-0.032138315162280065));
#11402=VECTOR('',#11401,1000.0);
#11403=LINE('',#5558,#11402);
#11404=EDGE_CURVE('',#5559,#5807,#11403,.T.);
#11405=ORIENTED_EDGE('',*,*,#11387,.F.);
#11406=ORIENTED_EDGE('',*,*,#7603,.F.);
#11407=ORIENTED_EDGE('',*,*,#11404,.T.);
#11408=AXIS2_PLACEMENT_3D('',#5806,#6424,#511);
#11409=PLANE('',#11408);
#11410=EDGE_LOOP('',(#11405,#11406,#11407));
#11411=FACE_BOUND('',#11410,.T.);
#11412=ADVANCED_FACE('',(#11411),#11409,.T.);
#11413=LINE('',#5558,#491);
#11414=EDGE_CURVE('',#5559,#5809,#11413,.T.);
#11415=DIRECTION('',(0.0,-0.38267882974024425,-0.9238814389674886));
#11416=VECTOR('',#11415,1000.0);
#11417=LINE('',#5808,#11416);
#11418=EDGE_CURVE('',#5809,#5807,#11417,.T.);
#11419=ORIENTED_EDGE('',*,*,#11404,.F.);
#11420=ORIENTED_EDGE('',*,*,#11414,.T.);
#11421=ORIENTED_EDGE('',*,*,#11418,.T.);
#11422=DIRECTION('',(-0.9993947773495975,0.013311938434296514,0.032138315162280065));
#11423=AXIS2_PLACEMENT_3D('',#5806,#6424,#11422);
#11424=PLANE('',#11423);
#11425=EDGE_LOOP('',(#11419,#11420,#11421));
#11426=FACE_BOUND('',#11425,.T.);
#11427=ADVANCED_FACE('',(#11426),#11424,.T.);
#11428=DIRECTION('',(0.9993948022426178,-0.004539473279519904,-0.03448800418672359));
#11429=VECTOR('',#11428,1000.0);
#11430=LINE('',#5560,#11429);
#11431=EDGE_CURVE('',#5561,#5809,#11430,.T.);
#11432=ORIENTED_EDGE('',*,*,#11414,.F.);
#11433=ORIENTED_EDGE('',*,*,#7635,.F.);
#11434=ORIENTED_EDGE('',*,*,#11431,.T.);
#11435=AXIS2_PLACEMENT_3D('',#5808,#6389,#511);
#11436=PLANE('',#11435);
#11437=EDGE_LOOP('',(#11432,#11433,#11434));
#11438=FACE_BOUND('',#11437,.T.);
#11439=ADVANCED_FACE('',(#11438),#11436,.T.);
#11440=LINE('',#5598,#6635);
#11441=EDGE_CURVE('',#5599,#5809,#11440,.T.);
#11442=ORIENTED_EDGE('',*,*,#11431,.F.);
#11443=ORIENTED_EDGE('',*,*,#8292,.F.);
#11444=ORIENTED_EDGE('',*,*,#11441,.T.);
#11445=DIRECTION('',(-0.9993948022426178,0.004539473279519904,0.03448800418672359));
#11446=AXIS2_PLACEMENT_3D('',#5808,#6389,#11445);
#11447=PLANE('',#11446);
#11448=EDGE_LOOP('',(#11442,#11443,#11444));
#11449=FACE_BOUND('',#11448,.T.);
#11450=ADVANCED_FACE('',(#11449),#11447,.T.);
#11451=LINE('',#5782,#8901);
#11452=EDGE_CURVE('',#5783,#5811,#11451,.T.);
#11453=DIRECTION('',(0.12609315133824356,-0.033773811168571664,0.9914433150033038));
#11454=VECTOR('',#11453,1000.0);
#11455=LINE('',#5810,#11454);
#11456=EDGE_CURVE('',#5811,#5781,#11455,.T.);
#11457=ORIENTED_EDGE('',*,*,#11014,.F.);
#11458=ORIENTED_EDGE('',*,*,#11452,.T.);
#11459=ORIENTED_EDGE('',*,*,#11456,.T.);
#11460=DIRECTION('',(0.9161092466711785,-0.37945952764474394,-0.12943846044817459));
#11461=AXIS2_PLACEMENT_3D('',#5780,#11460,#8999);
#11462=PLANE('',#11461);
#11463=EDGE_LOOP('',(#11457,#11458,#11459));
#11464=FACE_BOUND('',#11463,.T.);
#11465=ADVANCED_FACE('',(#11464),#11462,.T.);
#11466=DIRECTION('',(-0.11306874031332503,0.0652491544891116,-0.9914423875356619));
#11467=VECTOR('',#11466,1000.0);
#11468=LINE('',#5782,#11467);
#11469=EDGE_CURVE('',#5783,#5813,#11468,.T.);
#11470=LINE('',#5812,#8975);
#11471=EDGE_CURVE('',#5813,#5811,#11470,.T.);
#11472=ORIENTED_EDGE('',*,*,#11452,.F.);
#11473=ORIENTED_EDGE('',*,*,#11469,.T.);
#11474=ORIENTED_EDGE('',*,*,#11471,.T.);
#11475=DIRECTION('',(0.9161030550090684,-0.3794703597440588,-0.12945052598875947));
#11476=AXIS2_PLACEMENT_3D('',#5810,#11475,#9601);
#11477=PLANE('',#11476);
#11478=EDGE_LOOP('',(#11472,#11473,#11474));
#11479=FACE_BOUND('',#11478,.T.);
#11480=ADVANCED_FACE('',(#11479),#11477,.T.);
#11481=LINE('',#5812,#10494);
#11482=EDGE_CURVE('',#5813,#5815,#11481,.T.);
#11483=DIRECTION('',(0.3696534710893267,-0.09902116298092195,0.9238783039954548));
#11484=VECTOR('',#11483,1000.0);
#11485=LINE('',#5814,#11484);
#11486=EDGE_CURVE('',#5815,#5811,#11485,.T.);
#11487=ORIENTED_EDGE('',*,*,#11471,.F.);
#11488=ORIENTED_EDGE('',*,*,#11482,.T.);
#11489=ORIENTED_EDGE('',*,*,#11486,.T.);
#11490=DIRECTION('',(0.8546176666486788,-0.3540017377232652,-0.3798834209871184));
#11491=AXIS2_PLACEMENT_3D('',#5810,#11490,#8999);
#11492=PLANE('',#11491);
#11493=EDGE_LOOP('',(#11487,#11488,#11489));
#11494=FACE_BOUND('',#11493,.T.);
#11495=ADVANCED_FACE('',(#11494),#11492,.T.);
#11496=DIRECTION('',(-0.3314120732697731,0.19133923783269688,-0.9238805841431202));
#11497=VECTOR('',#11496,1000.0);
#11498=LINE('',#5812,#11497);
#11499=EDGE_CURVE('',#5813,#5817,#11498,.T.);
#11500=LINE('',#5816,#8975);
#11501=EDGE_CURVE('',#5817,#5815,#11500,.T.);
#11502=ORIENTED_EDGE('',*,*,#11482,.F.);
#11503=ORIENTED_EDGE('',*,*,#11499,.T.);
#11504=ORIENTED_EDGE('',*,*,#11501,.T.);
#11505=DIRECTION('',(0.8546191973332555,-0.35400002021679605,-0.3798815779107616));
#11506=AXIS2_PLACEMENT_3D('',#5814,#11505,#10516);
#11507=PLANE('',#11506);
#11508=EDGE_LOOP('',(#11502,#11503,#11504));
#11509=FACE_BOUND('',#11508,.T.);
#11510=ADVANCED_FACE('',(#11509),#11507,.T.);
#11511=LINE('',#5816,#10275);
#11512=EDGE_CURVE('',#5817,#5819,#11511,.T.);
#11513=DIRECTION('',(0.5880207085961623,-0.1575716730526947,0.793349112379564));
#11514=VECTOR('',#11513,1000.0);
#11515=LINE('',#5818,#11514);
#11516=EDGE_CURVE('',#5819,#5815,#11515,.T.);
#11517=ORIENTED_EDGE('',*,*,#11501,.F.);
#11518=ORIENTED_EDGE('',*,*,#11512,.T.);
#11519=ORIENTED_EDGE('',*,*,#11516,.T.);
#11520=DIRECTION('',(0.7352818742382673,-0.3045681622383346,-0.6054740291436327));
#11521=AXIS2_PLACEMENT_3D('',#5814,#11520,#8999);
#11522=PLANE('',#11521);
#11523=EDGE_LOOP('',(#11517,#11518,#11519));
#11524=FACE_BOUND('',#11523,.T.);
#11525=ADVANCED_FACE('',(#11524),#11522,.T.);
#11526=DIRECTION('',(-0.5272251621202696,0.3044090061745474,-0.7933276658399602));
#11527=VECTOR('',#11526,1000.0);
#11528=LINE('',#5816,#11527);
#11529=EDGE_CURVE('',#5817,#5821,#11528,.T.);
#11530=LINE('',#5820,#8975);
#11531=EDGE_CURVE('',#5821,#5819,#11530,.T.);
#11532=ORIENTED_EDGE('',*,*,#11512,.F.);
#11533=ORIENTED_EDGE('',*,*,#11529,.T.);
#11534=ORIENTED_EDGE('',*,*,#11531,.T.);
#11535=DIRECTION('',(0.7352432989302581,-0.3046028483351516,-0.605503423742809));
#11536=AXIS2_PLACEMENT_3D('',#5818,#11535,#10298);
#11537=PLANE('',#11536);
#11538=EDGE_LOOP('',(#11532,#11533,#11534));
#11539=FACE_BOUND('',#11538,.T.);
#11540=ADVANCED_FACE('',(#11539),#11537,.T.);
#11541=LINE('',#5820,#10113);
#11542=EDGE_CURVE('',#5821,#5823,#11541,.T.);
#11543=DIRECTION('',(0.7662964426592332,-0.2053161176032737,0.6087980402564739));
#11544=VECTOR('',#11543,1000.0);
#11545=LINE('',#5822,#11544);
#11546=EDGE_CURVE('',#5823,#5819,#11545,.T.);
#11547=ORIENTED_EDGE('',*,*,#11531,.F.);
#11548=ORIENTED_EDGE('',*,*,#11542,.T.);
#11549=ORIENTED_EDGE('',*,*,#11546,.T.);
#11550=DIRECTION('',(0.5654846951588962,-0.23427380988843724,-0.7907862173441105));
#11551=AXIS2_PLACEMENT_3D('',#5818,#11550,#8999);
#11552=PLANE('',#11551);
#11553=EDGE_LOOP('',(#11547,#11548,#11549));
#11554=FACE_BOUND('',#11553,.T.);
#11555=ADVANCED_FACE('',(#11554),#11552,.T.);
#11556=DIRECTION('',(-0.6870244303820057,0.396662279152812,-0.6088156275553195));
#11557=VECTOR('',#11556,1000.0);
#11558=LINE('',#5820,#11557);
#11559=EDGE_CURVE('',#5821,#5825,#11558,.T.);
#11560=LINE('',#5824,#8975);
#11561=EDGE_CURVE('',#5825,#5823,#11560,.T.);
#11562=ORIENTED_EDGE('',*,*,#11542,.F.);
#11563=ORIENTED_EDGE('',*,*,#11559,.T.);
#11564=ORIENTED_EDGE('',*,*,#11561,.T.);
#11565=DIRECTION('',(0.5655072021179677,-0.234253639909814,-0.790776097603937));
#11566=AXIS2_PLACEMENT_3D('',#5822,#11565,#10130);
#11567=PLANE('',#11566);
#11568=EDGE_LOOP('',(#11562,#11563,#11564));
#11569=FACE_BOUND('',#11568,.T.);
#11570=ADVANCED_FACE('',(#11569),#11567,.T.);
#11571=DIRECTION('',(-0.6596739035031459,0.6596739035031526,-0.36008427079481736));
#11572=VECTOR('',#11571,1000.0);
#11573=LINE('',#5824,#11572);
#11574=EDGE_CURVE('',#5825,#5827,#11573,.T.);
#11575=DIRECTION('',(0.8923935002047674,-0.23915481841229969,0.38267324654653334));
#11576=VECTOR('',#11575,1000.0);
#11577=LINE('',#5826,#11576);
#11578=EDGE_CURVE('',#5827,#5823,#11577,.T.);
#11579=ORIENTED_EDGE('',*,*,#11561,.F.);
#11580=ORIENTED_EDGE('',*,*,#11574,.T.);
#11581=ORIENTED_EDGE('',*,*,#11578,.T.);
#11582=DIRECTION('',(0.3561393062593597,-0.1475258466978953,-0.9227138879919231));
#11583=AXIS2_PLACEMENT_3D('',#5822,#11582,#8999);
#11584=PLANE('',#11583);
#11585=EDGE_LOOP('',(#11579,#11580,#11581));
#11586=FACE_BOUND('',#11585,.T.);
#11587=ADVANCED_FACE('',(#11586),#11584,.T.);
#11588=DIRECTION('',(-0.8001107681562512,0.4619215933299135,-0.3826894306039398));
#11589=VECTOR('',#11588,1000.0);
#11590=LINE('',#5824,#11589);
#11591=EDGE_CURVE('',#5825,#5829,#11590,.T.);
#11592=LINE('',#5828,#8975);
#11593=EDGE_CURVE('',#5829,#5827,#11592,.T.);
#11594=ORIENTED_EDGE('',*,*,#11574,.F.);
#11595=ORIENTED_EDGE('',*,*,#11591,.T.);
#11596=ORIENTED_EDGE('',*,*,#11593,.T.);
#11597=DIRECTION('',(0.35618470025713883,-0.14747529901197196,-0.9227044464421215));
#11598=DIRECTION('',(0.6596739035031459,-0.6596739035031526,0.36008427079481736));
#11599=AXIS2_PLACEMENT_3D('',#5826,#11597,#11598);
#11600=PLANE('',#11599);
#11601=EDGE_LOOP('',(#11594,#11595,#11596));
#11602=FACE_BOUND('',#11601,.T.);
#11603=ADVANCED_FACE('',(#11602),#11600,.T.);
#11604=DIRECTION('',(-0.858614183071185,0.49573493431093374,-0.1304935229531933));
#11605=VECTOR('',#11604,1000.0);
#11606=LINE('',#5828,#11605);
#11607=EDGE_CURVE('',#5829,#5605,#11606,.T.);
#11608=DIRECTION('',(0.9576695233526958,-0.2565915876236298,0.1304984337155263));
#11609=VECTOR('',#11608,1000.0);
#11610=LINE('',#5604,#11609);
#11611=EDGE_CURVE('',#5605,#5827,#11610,.T.);
#11612=ORIENTED_EDGE('',*,*,#11593,.F.);
#11613=ORIENTED_EDGE('',*,*,#11607,.T.);
#11614=ORIENTED_EDGE('',*,*,#11611,.T.);
#11615=DIRECTION('',(0.12159255292742946,-0.05034438056338801,-0.9913025241661998));
#11616=AXIS2_PLACEMENT_3D('',#5826,#11615,#8999);
#11617=PLANE('',#11616);
#11618=EDGE_LOOP('',(#11612,#11613,#11614));
#11619=FACE_BOUND('',#11618,.T.);
#11620=ADVANCED_FACE('',(#11619),#11617,.T.);
#11621=LINE('',#5784,#9608);
#11622=EDGE_CURVE('',#5785,#5813,#11621,.T.);
#11623=ORIENTED_EDGE('',*,*,#11041,.F.);
#11624=ORIENTED_EDGE('',*,*,#11622,.T.);
#11625=ORIENTED_EDGE('',*,*,#11469,.F.);
#11626=DIRECTION('',(0.7866727605600303,-0.6036475754015705,-0.12944331772890547));
#11627=AXIS2_PLACEMENT_3D('',#5782,#11626,#8917);
#11628=PLANE('',#11627);
#11629=EDGE_LOOP('',(#11623,#11624,#11625));
#11630=FACE_BOUND('',#11629,.T.);
#11631=ADVANCED_FACE('',(#11630),#11628,.T.);
#11632=DIRECTION('',(-0.09231962710456358,0.09225578227253922,-0.9914463964776695));
#11633=VECTOR('',#11632,1000.0);
#11634=LINE('',#5784,#11633);
#11635=EDGE_CURVE('',#5785,#5831,#11634,.T.);
#11636=LINE('',#5830,#9201);
#11637=EDGE_CURVE('',#5831,#5813,#11636,.T.);
#11638=ORIENTED_EDGE('',*,*,#11622,.F.);
#11639=ORIENTED_EDGE('',*,*,#11635,.T.);
#11640=ORIENTED_EDGE('',*,*,#11637,.T.);
#11641=DIRECTION('',(0.7866880400457392,-0.6036321626944426,-0.1294223311867907));
#11642=AXIS2_PLACEMENT_3D('',#5812,#11641,#9630);
#11643=PLANE('',#11642);
#11644=EDGE_LOOP('',(#11638,#11639,#11640));
#11645=FACE_BOUND('',#11644,.T.);
#11646=ADVANCED_FACE('',(#11645),#11643,.T.);
#11647=LINE('',#5830,#10523);
#11648=EDGE_CURVE('',#5831,#5817,#11647,.T.);
#11649=ORIENTED_EDGE('',*,*,#11637,.F.);
#11650=ORIENTED_EDGE('',*,*,#11648,.T.);
#11651=ORIENTED_EDGE('',*,*,#11499,.F.);
#11652=DIRECTION('',(0.7338863853141199,-0.5631170214732293,-0.3798815520365448));
#11653=AXIS2_PLACEMENT_3D('',#5812,#11652,#8917);
#11654=PLANE('',#11653);
#11655=EDGE_LOOP('',(#11649,#11650,#11651));
#11656=FACE_BOUND('',#11655,.T.);
#11657=ADVANCED_FACE('',(#11656),#11654,.T.);
#11658=DIRECTION('',(-0.2706275974731401,0.27062759747314713,-0.9238622229379381));
#11659=VECTOR('',#11658,1000.0);
#11660=LINE('',#5830,#11659);
#11661=EDGE_CURVE('',#5831,#5833,#11660,.T.);
#11662=LINE('',#5832,#9201);
#11663=EDGE_CURVE('',#5833,#5817,#11662,.T.);
#11664=ORIENTED_EDGE('',*,*,#11648,.F.);
#11665=ORIENTED_EDGE('',*,*,#11661,.T.);
#11666=ORIENTED_EDGE('',*,*,#11663,.T.);
#11667=DIRECTION('',(0.7338386498427114,-0.5631483663601127,-0.3799273002338249));
#11668=AXIS2_PLACEMENT_3D('',#5816,#11667,#10541);
#11669=PLANE('',#11668);
#11670=EDGE_LOOP('',(#11664,#11665,#11666));
#11671=FACE_BOUND('',#11670,.T.);
#11672=ADVANCED_FACE('',(#11671),#11669,.T.);
#11673=LINE('',#5832,#10305);
#11674=EDGE_CURVE('',#5833,#5821,#11673,.T.);
#11675=ORIENTED_EDGE('',*,*,#11663,.F.);
#11676=ORIENTED_EDGE('',*,*,#11674,.T.);
#11677=ORIENTED_EDGE('',*,*,#11529,.F.);
#11678=DIRECTION('',(0.6313639855120091,-0.48450922705679994,-0.6055000633321305));
#11679=AXIS2_PLACEMENT_3D('',#5816,#11678,#8917);
#11680=PLANE('',#11679);
#11681=EDGE_LOOP('',(#11675,#11676,#11677));
#11682=FACE_BOUND('',#11681,.T.);
#11683=ADVANCED_FACE('',(#11682),#11680,.T.);
#11684=DIRECTION('',(-0.4304542960469226,0.4304542960469226,-0.7933588078728923));
#11685=VECTOR('',#11684,1000.0);
#11686=LINE('',#5832,#11685);
#11687=EDGE_CURVE('',#5833,#5835,#11686,.T.);
#11688=LINE('',#5834,#9201);
#11689=EDGE_CURVE('',#5835,#5821,#11688,.T.);
#11690=ORIENTED_EDGE('',*,*,#11674,.F.);
#11691=ORIENTED_EDGE('',*,*,#11687,.T.);
#11692=ORIENTED_EDGE('',*,*,#11689,.T.);
#11693=DIRECTION('',(0.6314287897899487,-0.4844762604715893,-0.605458864386232));
#11694=AXIS2_PLACEMENT_3D('',#5820,#11693,#10328);
#11695=PLANE('',#11694);
#11696=EDGE_LOOP('',(#11690,#11691,#11692));
#11697=FACE_BOUND('',#11696,.T.);
#11698=ADVANCED_FACE('',(#11697),#11695,.T.);
#11699=LINE('',#5834,#9975);
#11700=EDGE_CURVE('',#5835,#5825,#11699,.T.);
#11701=ORIENTED_EDGE('',*,*,#11689,.F.);
#11702=ORIENTED_EDGE('',*,*,#11700,.T.);
#11703=ORIENTED_EDGE('',*,*,#11559,.F.);
#11704=DIRECTION('',(0.4856279559172853,-0.37260767938936545,-0.7907774691350729));
#11705=AXIS2_PLACEMENT_3D('',#5820,#11704,#8917);
#11706=PLANE('',#11705);
#11707=EDGE_LOOP('',(#11701,#11702,#11703));
#11708=FACE_BOUND('',#11707,.T.);
#11709=ADVANCED_FACE('',(#11708),#11706,.T.);
#11710=DIRECTION('',(-0.5609710960298177,0.5609710960298248,-0.6087880245522266));
#11711=VECTOR('',#11710,1000.0);
#11712=LINE('',#5834,#11711);
#11713=EDGE_CURVE('',#5835,#5837,#11712,.T.);
#11714=LINE('',#5836,#9201);
#11715=EDGE_CURVE('',#5837,#5825,#11714,.T.);
#11716=ORIENTED_EDGE('',*,*,#11700,.F.);
#11717=ORIENTED_EDGE('',*,*,#11713,.T.);
#11718=ORIENTED_EDGE('',*,*,#11715,.T.);
#11719=DIRECTION('',(0.4855695145710515,-0.37263728399721674,-0.7907994063568908));
#11720=DIRECTION('',(0.22054216781535865,-0.823123293662699,0.5232869152244993));
#11721=AXIS2_PLACEMENT_3D('',#5824,#11719,#11720);
#11722=PLANE('',#11721);
#11723=EDGE_LOOP('',(#11716,#11717,#11718));
#11724=FACE_BOUND('',#11723,.T.);
#11725=ADVANCED_FACE('',(#11724),#11722,.T.);
#11726=DIRECTION('',(-0.46644603431878723,0.8079297101389713,-0.3601078734810372));
#11727=VECTOR('',#11726,1000.0);
#11728=LINE('',#5836,#11727);
#11729=EDGE_CURVE('',#5837,#5829,#11728,.T.);
#11730=ORIENTED_EDGE('',*,*,#11715,.F.);
#11731=ORIENTED_EDGE('',*,*,#11729,.T.);
#11732=ORIENTED_EDGE('',*,*,#11591,.F.);
#11733=DIRECTION('',(0.3058284386698843,-0.23469982224013633,-0.9227052397928547));
#11734=AXIS2_PLACEMENT_3D('',#5824,#11733,#8917);
#11735=PLANE('',#11734);
#11736=EDGE_LOOP('',(#11730,#11731,#11732));
#11737=FACE_BOUND('',#11736,.T.);
#11738=ADVANCED_FACE('',(#11737),#11735,.T.);
#11739=DIRECTION('',(-0.6532777605989576,0.6532777605989576,-0.3826961392719062));
#11740=VECTOR('',#11739,1000.0);
#11741=LINE('',#5836,#11740);
#11742=EDGE_CURVE('',#5837,#5839,#11741,.T.);
#11743=LINE('',#5838,#9201);
#11744=EDGE_CURVE('',#5839,#5829,#11743,.T.);
#11745=ORIENTED_EDGE('',*,*,#11729,.F.);
#11746=ORIENTED_EDGE('',*,*,#11742,.T.);
#11747=ORIENTED_EDGE('',*,*,#11744,.T.);
#11748=DIRECTION('',(0.3058306396492549,-0.23469838888505462,-0.922704874868713));
#11749=DIRECTION('',(0.46644603431878723,-0.8079297101389713,0.3601078734810372));
#11750=AXIS2_PLACEMENT_3D('',#5828,#11748,#11749);
#11751=PLANE('',#11750);
#11752=EDGE_LOOP('',(#11745,#11746,#11747));
#11753=FACE_BOUND('',#11752,.T.);
#11754=ADVANCED_FACE('',(#11753),#11751,.T.);
#11755=DIRECTION('',(-0.7010602744434362,0.7010602744434291,-0.13049514624919106));
#11756=VECTOR('',#11755,1000.0);
#11757=LINE('',#5838,#11756);
#11758=EDGE_CURVE('',#5839,#5605,#11757,.T.);
#11759=ORIENTED_EDGE('',*,*,#11744,.F.);
#11760=ORIENTED_EDGE('',*,*,#11758,.T.);
#11761=ORIENTED_EDGE('',*,*,#11607,.F.);
#11762=DIRECTION('',(0.10440163462171043,-0.08011916487760344,-0.9913027883082093));
#11763=AXIS2_PLACEMENT_3D('',#5828,#11762,#8917);
#11764=PLANE('',#11763);
#11765=EDGE_LOOP('',(#11759,#11760,#11761));
#11766=FACE_BOUND('',#11765,.T.);
#11767=ADVANCED_FACE('',(#11766),#11764,.T.);
#11768=LINE('',#5780,#6253);
#11769=EDGE_CURVE('',#5781,#5841,#11768,.T.);
#11770=VECTOR('',#8545,1000.0);
#11771=LINE('',#5840,#11770);
#11772=EDGE_CURVE('',#5841,#5535,#11771,.T.);
#11773=ORIENTED_EDGE('',*,*,#10987,.F.);
#11774=ORIENTED_EDGE('',*,*,#11769,.T.);
#11775=ORIENTED_EDGE('',*,*,#11772,.T.);
#11776=DIRECTION('',(0.9831125560699953,-0.12940189739242736,-0.12940189739242747));
#11777=AXIS2_PLACEMENT_3D('',#5534,#11776,#9137);
#11778=PLANE('',#11777);
#11779=EDGE_LOOP('',(#11773,#11774,#11775));
#11780=FACE_BOUND('',#11779,.T.);
#11781=ADVANCED_FACE('',(#11780),#11778,.T.);
#11782=LINE('',#5810,#9168);
#11783=EDGE_CURVE('',#5811,#5841,#11782,.T.);
#11784=ORIENTED_EDGE('',*,*,#11769,.F.);
#11785=ORIENTED_EDGE('',*,*,#11456,.F.);
#11786=ORIENTED_EDGE('',*,*,#11783,.T.);
#11787=DIRECTION('',(0.9831020577111955,-0.12944177093197787,-0.129441770931978));
#11788=AXIS2_PLACEMENT_3D('',#5840,#11787,#6277);
#11789=PLANE('',#11788);
#11790=EDGE_LOOP('',(#11784,#11785,#11786));
#11791=FACE_BOUND('',#11790,.T.);
#11792=ADVANCED_FACE('',(#11791),#11789,.T.);
#11793=LINE('',#5810,#10465);
#11794=EDGE_CURVE('',#5811,#5843,#11793,.T.);
#11795=VECTOR('',#8579,1000.0);
#11796=LINE('',#5842,#11795);
#11797=EDGE_CURVE('',#5843,#5841,#11796,.T.);
#11798=ORIENTED_EDGE('',*,*,#11783,.F.);
#11799=ORIENTED_EDGE('',*,*,#11794,.T.);
#11800=ORIENTED_EDGE('',*,*,#11797,.T.);
#11801=DIRECTION('',(0.917120874034253,-0.12075424841451354,-0.3798785515141568));
#11802=AXIS2_PLACEMENT_3D('',#5840,#11801,#8896);
#11803=PLANE('',#11802);
#11804=EDGE_LOOP('',(#11798,#11799,#11800));
#11805=FACE_BOUND('',#11804,.T.);
#11806=ADVANCED_FACE('',(#11805),#11803,.T.);
#11807=LINE('',#5814,#9168);
#11808=EDGE_CURVE('',#5815,#5843,#11807,.T.);
#11809=ORIENTED_EDGE('',*,*,#11794,.F.);
#11810=ORIENTED_EDGE('',*,*,#11486,.F.);
#11811=ORIENTED_EDGE('',*,*,#11808,.T.);
#11812=DIRECTION('',(0.9171139555419845,-0.12076799875565611,-0.3798908830528695));
#11813=AXIS2_PLACEMENT_3D('',#5842,#11812,#10487);
#11814=PLANE('',#11813);
#11815=EDGE_LOOP('',(#11809,#11810,#11811));
#11816=FACE_BOUND('',#11815,.T.);
#11817=ADVANCED_FACE('',(#11816),#11814,.T.);
#11818=DIRECTION('',(-0.3903722324032931,0.676212796701679,-0.6247765790627583));
#11819=VECTOR('',#11818,1000.0);
#11820=LINE('',#5814,#11819);
#11821=EDGE_CURVE('',#5815,#5845,#11820,.T.);
#11822=VECTOR('',#8613,1000.0);
#11823=LINE('',#5844,#11822);
#11824=EDGE_CURVE('',#5845,#5843,#11823,.T.);
#11825=ORIENTED_EDGE('',*,*,#11808,.F.);
#11826=ORIENTED_EDGE('',*,*,#11821,.T.);
#11827=ORIENTED_EDGE('',*,*,#11824,.T.);
#11828=DIRECTION('',(0.7890531547309491,-0.10390461276143059,-0.6054741534170011));
#11829=AXIS2_PLACEMENT_3D('',#5842,#11828,#8896);
#11830=PLANE('',#11829);
#11831=EDGE_LOOP('',(#11825,#11826,#11827));
#11832=FACE_BOUND('',#11831,.T.);
#11833=ADVANCED_FACE('',(#11832),#11830,.T.);
#11834=LINE('',#5818,#9168);
#11835=EDGE_CURVE('',#5819,#5845,#11834,.T.);
#11836=ORIENTED_EDGE('',*,*,#11821,.F.);
#11837=ORIENTED_EDGE('',*,*,#11516,.F.);
#11838=ORIENTED_EDGE('',*,*,#11835,.T.);
#11839=DIRECTION('',(0.7890534652035606,-0.10390413538697683,-0.6054738307307246));
#11840=AXIS2_PLACEMENT_3D('',#5844,#11839,#10255);
#11841=PLANE('',#11840);
#11842=EDGE_LOOP('',(#11836,#11837,#11838));
#11843=FACE_BOUND('',#11842,.T.);
#11844=ADVANCED_FACE('',(#11843),#11841,.T.);
#11845=DIRECTION('',(-0.6025699114929189,0.602569911492925,-0.5232771765774086));
#11846=VECTOR('',#11845,1000.0);
#11847=LINE('',#5818,#11846);
#11848=EDGE_CURVE('',#5819,#5847,#11847,.T.);
#11849=DIRECTION('',(0.7933401586381282,0.0,0.6087786072884213));
#11850=VECTOR('',#11849,1000.0);
#11851=LINE('',#5846,#11850);
#11852=EDGE_CURVE('',#5847,#5845,#11851,.T.);
#11853=ORIENTED_EDGE('',*,*,#11835,.F.);
#11854=ORIENTED_EDGE('',*,*,#11848,.T.);
#11855=ORIENTED_EDGE('',*,*,#11852,.T.);
#11856=DIRECTION('',(0.6068318407855054,-0.07990882813731671,-0.7908031968793473));
#11857=AXIS2_PLACEMENT_3D('',#5844,#11856,#8896);
#11858=PLANE('',#11857);
#11859=EDGE_LOOP('',(#11853,#11854,#11855));
#11860=FACE_BOUND('',#11859,.T.);
#11861=ADVANCED_FACE('',(#11860),#11858,.T.);
#11862=LINE('',#5822,#9035);
#11863=EDGE_CURVE('',#5823,#5847,#11862,.T.);
#11864=ORIENTED_EDGE('',*,*,#11848,.F.);
#11865=ORIENTED_EDGE('',*,*,#11546,.F.);
#11866=ORIENTED_EDGE('',*,*,#11863,.T.);
#11867=DIRECTION('',(0.6068558313364436,-0.07987207464596152,-0.790788499957292));
#11868=DIRECTION('',(0.6025699114929189,-0.602569911492925,0.5232771765774086));
#11869=AXIS2_PLACEMENT_3D('',#5846,#11867,#11868);
#11870=PLANE('',#11869);
#11871=EDGE_LOOP('',(#11864,#11865,#11866));
#11872=FACE_BOUND('',#11871,.T.);
#11873=ADVANCED_FACE('',(#11872),#11870,.T.);
#11874=DIRECTION('',(-0.8079279310545348,0.4664703981439931,-0.36008030476176256));
#11875=VECTOR('',#11874,1000.0);
#11876=LINE('',#5822,#11875);
#11877=EDGE_CURVE('',#5823,#5849,#11876,.T.);
#11878=DIRECTION('',(0.9238814389674863,0.0,0.38267882974024947));
#11879=VECTOR('',#11878,1000.0);
#11880=LINE('',#5848,#11879);
#11881=EDGE_CURVE('',#5849,#5847,#11880,.T.);
#11882=ORIENTED_EDGE('',*,*,#11863,.F.);
#11883=ORIENTED_EDGE('',*,*,#11877,.T.);
#11884=ORIENTED_EDGE('',*,*,#11881,.T.);
#11885=DIRECTION('',(0.38219435977847677,-0.05030297948404792,-0.9227118085342508));
#11886=AXIS2_PLACEMENT_3D('',#5846,#11885,#9137);
#11887=PLANE('',#11886);
#11888=EDGE_LOOP('',(#11882,#11883,#11884));
#11889=FACE_BOUND('',#11888,.T.);
#11890=ADVANCED_FACE('',(#11889),#11887,.T.);
#11891=LINE('',#5826,#9035);
#11892=EDGE_CURVE('',#5827,#5849,#11891,.T.);
#11893=ORIENTED_EDGE('',*,*,#11877,.F.);
#11894=ORIENTED_EDGE('',*,*,#11578,.F.);
#11895=ORIENTED_EDGE('',*,*,#11892,.T.);
#11896=DIRECTION('',(0.38219280305249576,-0.050306044492354235,-0.9227122862422552));
#11897=DIRECTION('',(0.8079279310545348,-0.4664703981439931,0.36008030476176256));
#11898=AXIS2_PLACEMENT_3D('',#5848,#11896,#11897);
#11899=PLANE('',#11898);
#11900=EDGE_LOOP('',(#11893,#11894,#11895));
#11901=FACE_BOUND('',#11900,.T.);
#11902=ADVANCED_FACE('',(#11901),#11899,.T.);
#11903=DIRECTION('',(0.9914484272354999,0.0,0.13049910395191872));
#11904=VECTOR('',#11903,1000.0);
#11905=LINE('',#5604,#11904);
#11906=EDGE_CURVE('',#5605,#5849,#11905,.T.);
#11907=ORIENTED_EDGE('',*,*,#11892,.F.);
#11908=ORIENTED_EDGE('',*,*,#11611,.F.);
#11909=ORIENTED_EDGE('',*,*,#11906,.T.);
#11910=DIRECTION('',(0.13047985656240677,-0.01717438271249403,-0.9913021979244769));
#11911=AXIS2_PLACEMENT_3D('',#5848,#11910,#9137);
#11912=PLANE('',#11911);
#11913=EDGE_LOOP('',(#11907,#11908,#11909));
#11914=FACE_BOUND('',#11913,.T.);
#11915=ADVANCED_FACE('',(#11914),#11912,.T.);
#11916=LINE('',#5788,#9666);
#11917=EDGE_CURVE('',#5789,#5851,#11916,.T.);
#11918=DIRECTION('',(0.06524915448911861,-0.11306874031333197,0.9914423875356606));
#11919=VECTOR('',#11918,1000.0);
#11920=LINE('',#5850,#11919);
#11921=EDGE_CURVE('',#5851,#5787,#11920,.T.);
#11922=ORIENTED_EDGE('',*,*,#11095,.F.);
#11923=ORIENTED_EDGE('',*,*,#11917,.T.);
#11924=ORIENTED_EDGE('',*,*,#11921,.T.);
#11925=DIRECTION('',(0.3794589353315338,-0.9161078166804536,-0.12945031716466046));
#11926=AXIS2_PLACEMENT_3D('',#5786,#11925,#9068);
#11927=PLANE('',#11926);
#11928=EDGE_LOOP('',(#11922,#11923,#11924));
#11929=FACE_BOUND('',#11928,.T.);
#11930=ADVANCED_FACE('',(#11929),#11927,.T.);
#11931=DIRECTION('',(-0.03377381116857169,0.1260931513382366,-0.9914433150033047));
#11932=VECTOR('',#11931,1000.0);
#11933=LINE('',#5788,#11932);
#11934=EDGE_CURVE('',#5789,#5853,#11933,.T.);
#11935=LINE('',#5852,#9091);
#11936=EDGE_CURVE('',#5853,#5851,#11935,.T.);
#11937=ORIENTED_EDGE('',*,*,#11917,.F.);
#11938=ORIENTED_EDGE('',*,*,#11934,.T.);
#11939=ORIENTED_EDGE('',*,*,#11936,.T.);
#11940=DIRECTION('',(0.3794709729632984,-0.9161045354198364,-0.12943825115279253));
#11941=AXIS2_PLACEMENT_3D('',#5850,#11940,#9688);
#11942=PLANE('',#11941);
#11943=EDGE_LOOP('',(#11937,#11938,#11939));
#11944=FACE_BOUND('',#11943,.T.);
#11945=ADVANCED_FACE('',(#11944),#11942,.T.);
#11946=LINE('',#5852,#9452);
#11947=EDGE_CURVE('',#5853,#5855,#11946,.T.);
#11948=DIRECTION('',(0.19133923783269005,-0.33141207326977357,0.9238805841431216));
#11949=VECTOR('',#11948,1000.0);
#11950=LINE('',#5854,#11949);
#11951=EDGE_CURVE('',#5855,#5851,#11950,.T.);
#11952=ORIENTED_EDGE('',*,*,#11936,.F.);
#11953=ORIENTED_EDGE('',*,*,#11947,.T.);
#11954=ORIENTED_EDGE('',*,*,#11951,.T.);
#11955=DIRECTION('',(0.35400201158440814,-0.8546183277939088,-0.37988167841175974));
#11956=AXIS2_PLACEMENT_3D('',#5850,#11955,#9068);
#11957=PLANE('',#11956);
#11958=EDGE_LOOP('',(#11952,#11953,#11954));
#11959=FACE_BOUND('',#11958,.T.);
#11960=ADVANCED_FACE('',(#11959),#11957,.T.);
#11961=DIRECTION('',(-0.09902116298092871,0.3696534710893326,-0.9238783039954517));
#11962=VECTOR('',#11961,1000.0);
#11963=LINE('',#5852,#11962);
#11964=EDGE_CURVE('',#5853,#5857,#11963,.T.);
#11965=LINE('',#5856,#9091);
#11966=EDGE_CURVE('',#5857,#5855,#11965,.T.);
#11967=ORIENTED_EDGE('',*,*,#11947,.F.);
#11968=ORIENTED_EDGE('',*,*,#11964,.T.);
#11969=ORIENTED_EDGE('',*,*,#11966,.T.);
#11970=DIRECTION('',(0.3539997147577361,-0.8546184599005955,-0.37988352155440447));
#11971=AXIS2_PLACEMENT_3D('',#5854,#11970,#9474);
#11972=PLANE('',#11971);
#11973=EDGE_LOOP('',(#11967,#11968,#11969));
#11974=FACE_BOUND('',#11973,.T.);
#11975=ADVANCED_FACE('',(#11974),#11972,.T.);
#11976=LINE('',#5856,#10365);
#11977=EDGE_CURVE('',#5857,#5859,#11976,.T.);
#11978=DIRECTION('',(0.30440900617454214,-0.5272251621202657,0.793327665839965));
#11979=VECTOR('',#11978,1000.0);
#11980=LINE('',#5858,#11979);
#11981=EDGE_CURVE('',#5859,#5855,#11980,.T.);
#11982=ORIENTED_EDGE('',*,*,#11966,.F.);
#11983=ORIENTED_EDGE('',*,*,#11977,.T.);
#11984=ORIENTED_EDGE('',*,*,#11981,.T.);
#11985=DIRECTION('',(0.3045604685186281,-0.7352633002264465,-0.605500454463767));
#11986=AXIS2_PLACEMENT_3D('',#5854,#11985,#9068);
#11987=PLANE('',#11986);
#11988=EDGE_LOOP('',(#11982,#11983,#11984));
#11989=FACE_BOUND('',#11988,.T.);
#11990=ADVANCED_FACE('',(#11989),#11987,.T.);
#11991=DIRECTION('',(-0.1575716730526891,0.5880207085961537,-0.7933491123795715));
#11992=VECTOR('',#11991,1000.0);
#11993=LINE('',#5856,#11992);
#11994=EDGE_CURVE('',#5857,#5861,#11993,.T.);
#11995=LINE('',#5860,#9091);
#11996=EDGE_CURVE('',#5861,#5859,#11995,.T.);
#11997=ORIENTED_EDGE('',*,*,#11977,.F.);
#11998=ORIENTED_EDGE('',*,*,#11994,.T.);
#11999=ORIENTED_EDGE('',*,*,#11996,.T.);
#12000=DIRECTION('',(0.30461227259593343,-0.7352660469925931,-0.6054710591959179));
#12001=AXIS2_PLACEMENT_3D('',#5858,#12000,#10383);
#12002=PLANE('',#12001);
#12003=EDGE_LOOP('',(#11997,#11998,#11999));
#12004=FACE_BOUND('',#12003,.T.);
#12005=ADVANCED_FACE('',(#12004),#12002,.T.);
#12006=LINE('',#5860,#10170);
#12007=EDGE_CURVE('',#5861,#5863,#12006,.T.);
#12008=DIRECTION('',(0.396662279152812,-0.6870244303820057,0.6088156275553195));
#12009=VECTOR('',#12008,1000.0);
#12010=LINE('',#5862,#12009);
#12011=EDGE_CURVE('',#5863,#5859,#12010,.T.);
#12012=ORIENTED_EDGE('',*,*,#11996,.F.);
#12013=ORIENTED_EDGE('',*,*,#12007,.T.);
#12014=ORIENTED_EDGE('',*,*,#12011,.T.);
#12015=DIRECTION('',(0.23427795543786833,-0.5654947015900631,-0.7907778335723744));
#12016=AXIS2_PLACEMENT_3D('',#5858,#12015,#9068);
#12017=PLANE('',#12016);
#12018=EDGE_LOOP('',(#12012,#12013,#12014));
#12019=FACE_BOUND('',#12018,.T.);
#12020=ADVANCED_FACE('',(#12019),#12017,.T.);
#12021=DIRECTION('',(-0.20531611760328047,0.766296442659232,-0.608798040256473));
#12022=VECTOR('',#12021,1000.0);
#12023=LINE('',#5860,#12022);
#12024=EDGE_CURVE('',#5861,#5865,#12023,.T.);
#12025=LINE('',#5864,#9091);
#12026=EDGE_CURVE('',#5865,#5863,#12025,.T.);
#12027=ORIENTED_EDGE('',*,*,#12007,.F.);
#12028=ORIENTED_EDGE('',*,*,#12024,.T.);
#12029=ORIENTED_EDGE('',*,*,#12026,.T.);
#12030=DIRECTION('',(0.23424777764500102,-0.5654930501373342,-0.7907879544572948));
#12031=AXIS2_PLACEMENT_3D('',#5862,#12030,#10192);
#12032=PLANE('',#12031);
#12033=EDGE_LOOP('',(#12027,#12028,#12029));
#12034=FACE_BOUND('',#12033,.T.);
#12035=ADVANCED_FACE('',(#12034),#12032,.T.);
#12036=LINE('',#5864,#9945);
#12037=EDGE_CURVE('',#5865,#5867,#12036,.T.);
#12038=DIRECTION('',(0.46192159332991906,-0.8001107681562485,0.3826894306039385));
#12039=VECTOR('',#12038,1000.0);
#12040=LINE('',#5866,#12039);
#12041=EDGE_CURVE('',#5867,#5863,#12040,.T.);
#12042=ORIENTED_EDGE('',*,*,#12026,.F.);
#12043=ORIENTED_EDGE('',*,*,#12037,.T.);
#12044=ORIENTED_EDGE('',*,*,#12041,.T.);
#12045=DIRECTION('',(0.1475317460287375,-0.35615354772036073,-0.9227074478727875));
#12046=AXIS2_PLACEMENT_3D('',#5862,#12045,#9068);
#12047=PLANE('',#12046);
#12048=EDGE_LOOP('',(#12042,#12043,#12044));
#12049=FACE_BOUND('',#12048,.T.);
#12050=ADVANCED_FACE('',(#12049),#12047,.T.);
#12051=DIRECTION('',(-0.23915481841229666,0.8923935002047704,-0.3826732465465285));
#12052=VECTOR('',#12051,1000.0);
#12053=LINE('',#5864,#12052);
#12054=EDGE_CURVE('',#5865,#5869,#12053,.T.);
#12055=LINE('',#5868,#9091);
#12056=EDGE_CURVE('',#5869,#5867,#12055,.T.);
#12057=ORIENTED_EDGE('',*,*,#12037,.F.);
#12058=ORIENTED_EDGE('',*,*,#12054,.T.);
#12059=ORIENTED_EDGE('',*,*,#12056,.T.);
#12060=DIRECTION('',(0.14746390887029315,-0.3561571906048569,-0.9227168857028409));
#12061=AXIS2_PLACEMENT_3D('',#5866,#12060,#9968);
#12062=PLANE('',#12061);
#12063=EDGE_LOOP('',(#12057,#12058,#12059));
#12064=FACE_BOUND('',#12063,.T.);
#12065=ADVANCED_FACE('',(#12064),#12062,.T.);
#12066=DIRECTION('',(-0.25659158762363155,0.9576695233526952,-0.1304984337155272));
#12067=VECTOR('',#12066,1000.0);
#12068=LINE('',#5868,#12067);
#12069=EDGE_CURVE('',#5869,#5605,#12068,.T.);
#12070=DIRECTION('',(0.49573493431093374,-0.858614183071185,0.1304935229531933));
#12071=VECTOR('',#12070,1000.0);
#12072=LINE('',#5604,#12071);
#12073=EDGE_CURVE('',#5605,#5867,#12072,.T.);
#12074=ORIENTED_EDGE('',*,*,#12056,.F.);
#12075=ORIENTED_EDGE('',*,*,#12069,.T.);
#12076=ORIENTED_EDGE('',*,*,#12073,.T.);
#12077=DIRECTION('',(0.05034438056338508,-0.1215925529274311,-0.9913025241661997));
#12078=AXIS2_PLACEMENT_3D('',#5866,#12077,#9068);
#12079=PLANE('',#12078);
#12080=EDGE_LOOP('',(#12074,#12075,#12076));
#12081=FACE_BOUND('',#12080,.T.);
#12082=ADVANCED_FACE('',(#12081),#12079,.T.);
#12083=LINE('',#5538,#9695);
#12084=EDGE_CURVE('',#5539,#5853,#12083,.T.);
#12085=ORIENTED_EDGE('',*,*,#11119,.F.);
#12086=ORIENTED_EDGE('',*,*,#12084,.T.);
#12087=ORIENTED_EDGE('',*,*,#11934,.F.);
#12088=DIRECTION('',(0.12940123000530684,-0.9831074856909888,-0.1294410802313388));
#12089=DIRECTION('',(-0.9914484272354996,-0.13049910395192157,0.0));
#12090=AXIS2_PLACEMENT_3D('',#5788,#12088,#12089);
#12091=PLANE('',#12090);
#12092=EDGE_LOOP('',(#12085,#12086,#12087));
#12093=FACE_BOUND('',#12092,.T.);
#12094=ADVANCED_FACE('',(#12093),#12091,.T.);
#12095=LINE('',#5778,#9421);
#12096=EDGE_CURVE('',#5779,#5853,#12095,.T.);
#12097=ORIENTED_EDGE('',*,*,#12084,.F.);
#12098=ORIENTED_EDGE('',*,*,#10946,.F.);
#12099=ORIENTED_EDGE('',*,*,#12096,.T.);
#12100=DIRECTION('',(0.12944246206838864,-0.9831073068485545,-0.12940120646522574));
#12101=AXIS2_PLACEMENT_3D('',#5852,#12100,#9717);
#12102=PLANE('',#12101);
#12103=EDGE_LOOP('',(#12097,#12098,#12099));
#12104=FACE_BOUND('',#12103,.T.);
#12105=ADVANCED_FACE('',(#12104),#12102,.T.);
#12106=LINE('',#5778,#9481);
#12107=EDGE_CURVE('',#5779,#5857,#12106,.T.);
#12108=ORIENTED_EDGE('',*,*,#12096,.F.);
#12109=ORIENTED_EDGE('',*,*,#12107,.T.);
#12110=ORIENTED_EDGE('',*,*,#11964,.F.);
#12111=DIRECTION('',(0.1207536233596924,-0.9171161267825053,-0.37989021103597986));
#12112=DIRECTION('',(-0.9914430433540212,-0.130540000708275,0.0));
#12113=AXIS2_PLACEMENT_3D('',#5852,#12111,#12112);
#12114=PLANE('',#12113);
#12115=EDGE_LOOP('',(#12108,#12109,#12110));
#12116=FACE_BOUND('',#12115,.T.);
#12117=ADVANCED_FACE('',(#12116),#12114,.T.);
#12118=LINE('',#5776,#9421);
#12119=EDGE_CURVE('',#5777,#5857,#12118,.T.);
#12120=ORIENTED_EDGE('',*,*,#12107,.F.);
#12121=ORIENTED_EDGE('',*,*,#10917,.F.);
#12122=ORIENTED_EDGE('',*,*,#12119,.T.);
#12123=DIRECTION('',(0.12076869597640567,-0.917119250246535,-0.3798778789287318));
#12124=AXIS2_PLACEMENT_3D('',#5856,#12123,#9503);
#12125=PLANE('',#12124);
#12126=EDGE_LOOP('',(#12120,#12121,#12122));
#12127=FACE_BOUND('',#12126,.T.);
#12128=ADVANCED_FACE('',(#12127),#12125,.T.);
#12129=LINE('',#5776,#9181);
#12130=EDGE_CURVE('',#5777,#5861,#12129,.T.);
#12131=ORIENTED_EDGE('',*,*,#12119,.F.);
#12132=ORIENTED_EDGE('',*,*,#12130,.T.);
#12133=ORIENTED_EDGE('',*,*,#11994,.F.);
#12134=DIRECTION('',(0.10390464157434638,-0.7890533735366051,-0.6054738633250897));
#12135=AXIS2_PLACEMENT_3D('',#5856,#12134,#12112);
#12136=PLANE('',#12135);
#12137=EDGE_LOOP('',(#12131,#12132,#12133));
#12138=FACE_BOUND('',#12137,.T.);
#12139=ADVANCED_FACE('',(#12138),#12136,.T.);
#12140=LINE('',#5774,#8935);
#12141=EDGE_CURVE('',#5775,#5861,#12140,.T.);
#12142=ORIENTED_EDGE('',*,*,#12130,.F.);
#12143=ORIENTED_EDGE('',*,*,#10890,.F.);
#12144=ORIENTED_EDGE('',*,*,#12141,.T.);
#12145=DIRECTION('',(0.10382902666142378,-0.7890287486291243,-0.605518923782981));
#12146=DIRECTION('',(-0.552115715577633,-0.5521157155776273,0.6247691359409512));
#12147=AXIS2_PLACEMENT_3D('',#5860,#12145,#12146);
#12148=PLANE('',#12147);
#12149=EDGE_LOOP('',(#12142,#12143,#12144));
#12150=FACE_BOUND('',#12149,.T.);
#12151=ADVANCED_FACE('',(#12150),#12148,.T.);
#12152=LINE('',#5774,#10199);
#12153=EDGE_CURVE('',#5775,#5865,#12152,.T.);
#12154=ORIENTED_EDGE('',*,*,#12141,.F.);
#12155=ORIENTED_EDGE('',*,*,#12153,.T.);
#12156=ORIENTED_EDGE('',*,*,#12024,.F.);
#12157=DIRECTION('',(0.07985714794721914,-0.6068590599366129,-0.7907875298046793));
#12158=AXIS2_PLACEMENT_3D('',#5860,#12157,#12089);
#12159=PLANE('',#12158);
#12160=EDGE_LOOP('',(#12154,#12155,#12156));
#12161=FACE_BOUND('',#12160,.T.);
#12162=ADVANCED_FACE('',(#12161),#12159,.T.);
#12163=LINE('',#5772,#8935);
#12164=EDGE_CURVE('',#5773,#5865,#12163,.T.);
#12165=ORIENTED_EDGE('',*,*,#12153,.F.);
#12166=ORIENTED_EDGE('',*,*,#10863,.F.);
#12167=ORIENTED_EDGE('',*,*,#12164,.T.);
#12168=DIRECTION('',(0.07987319122001428,-0.6068643148957263,-0.7907818767716365));
#12169=AXIS2_PLACEMENT_3D('',#5864,#12168,#10222);
#12170=PLANE('',#12169);
#12171=EDGE_LOOP('',(#12165,#12166,#12167));
#12172=FACE_BOUND('',#12171,.T.);
#12173=ADVANCED_FACE('',(#12172),#12170,.T.);
#12174=LINE('',#5772,#9880);
#12175=EDGE_CURVE('',#5773,#5869,#12174,.T.);
#12176=ORIENTED_EDGE('',*,*,#12164,.F.);
#12177=ORIENTED_EDGE('',*,*,#12175,.T.);
#12178=ORIENTED_EDGE('',*,*,#12054,.F.);
#12179=DIRECTION('',(0.05030287771953754,-0.382193586587302,-0.9227121343434624));
#12180=AXIS2_PLACEMENT_3D('',#5864,#12179,#12089);
#12181=PLANE('',#12180);
#12182=EDGE_LOOP('',(#12176,#12177,#12178));
#12183=FACE_BOUND('',#12182,.T.);
#12184=ADVANCED_FACE('',(#12183),#12181,.T.);
#12185=LINE('',#5770,#8935);
#12186=EDGE_CURVE('',#5771,#5869,#12185,.T.);
#12187=ORIENTED_EDGE('',*,*,#12175,.F.);
#12188=ORIENTED_EDGE('',*,*,#10836,.F.);
#12189=ORIENTED_EDGE('',*,*,#12186,.T.);
#12190=DIRECTION('',(0.0503062411211154,-0.3821942969107036,-0.9227116567558887));
#12191=DIRECTION('',(-0.241443270677856,-0.9011318885712486,0.3600923026730706));
#12192=AXIS2_PLACEMENT_3D('',#5868,#12190,#12191);
#12193=PLANE('',#12192);
#12194=EDGE_LOOP('',(#12187,#12188,#12189));
#12195=FACE_BOUND('',#12194,.T.);
#12196=ADVANCED_FACE('',(#12195),#12193,.T.);
#12197=ORIENTED_EDGE('',*,*,#12186,.F.);
#12198=ORIENTED_EDGE('',*,*,#10810,.F.);
#12199=ORIENTED_EDGE('',*,*,#12069,.F.);
#12200=DIRECTION('',(0.01717438271249415,-0.13047985656240768,-0.9913021979244767));
#12201=AXIS2_PLACEMENT_3D('',#5868,#12200,#12089);
#12202=PLANE('',#12201);
#12203=EDGE_LOOP('',(#12197,#12198,#12199));
#12204=FACE_BOUND('',#12203,.T.);
#12205=ADVANCED_FACE('',(#12204),#12202,.T.);
#12206=LINE('',#5786,#9637);
#12207=EDGE_CURVE('',#5787,#5831,#12206,.T.);
#12208=ORIENTED_EDGE('',*,*,#11068,.F.);
#12209=ORIENTED_EDGE('',*,*,#12207,.T.);
#12210=ORIENTED_EDGE('',*,*,#11635,.F.);
#12211=DIRECTION('',(0.6036593889997206,-0.7866689625733553,-0.12941130320124622));
#12212=AXIS2_PLACEMENT_3D('',#5784,#12211,#9831);
#12213=PLANE('',#12212);
#12214=EDGE_LOOP('',(#12208,#12209,#12210));
#12215=FACE_BOUND('',#12214,.T.);
#12216=ADVANCED_FACE('',(#12215),#12213,.T.);
#12217=LINE('',#5850,#9056);
#12218=EDGE_CURVE('',#5851,#5831,#12217,.T.);
#12219=ORIENTED_EDGE('',*,*,#12207,.F.);
#12220=ORIENTED_EDGE('',*,*,#11921,.F.);
#12221=ORIENTED_EDGE('',*,*,#12218,.T.);
#12222=DIRECTION('',(0.6036304661281898,-0.786685828983355,-0.1294436821117033));
#12223=AXIS2_PLACEMENT_3D('',#5830,#12222,#9659);
#12224=PLANE('',#12223);
#12225=EDGE_LOOP('',(#12219,#12220,#12221));
#12226=FACE_BOUND('',#12225,.T.);
#12227=ADVANCED_FACE('',(#12226),#12224,.T.);
#12228=DIRECTION('',(0.3657688643583812,0.633594211328668,-0.6817415296406574));
#12229=VECTOR('',#12228,1000.0);
#12230=LINE('',#5850,#12229);
#12231=EDGE_CURVE('',#5851,#5833,#12230,.T.);
#12232=ORIENTED_EDGE('',*,*,#12218,.F.);
#12233=ORIENTED_EDGE('',*,*,#12231,.T.);
#12234=ORIENTED_EDGE('',*,*,#11661,.F.);
#12235=DIRECTION('',(0.5631062076285192,-0.7338722920917645,-0.3799248054947281));
#12236=AXIS2_PLACEMENT_3D('',#5830,#12235,#9831);
#12237=PLANE('',#12236);
#12238=EDGE_LOOP('',(#12232,#12233,#12234));
#12239=FACE_BOUND('',#12238,.T.);
#12240=ADVANCED_FACE('',(#12239),#12237,.T.);
#12241=LINE('',#5854,#9056);
#12242=EDGE_CURVE('',#5855,#5833,#12241,.T.);
#12243=ORIENTED_EDGE('',*,*,#12231,.F.);
#12244=ORIENTED_EDGE('',*,*,#11951,.F.);
#12245=ORIENTED_EDGE('',*,*,#12242,.T.);
#12246=DIRECTION('',(0.5631604286807617,-0.7338543682530513,-0.37987905675887945));
#12247=AXIS2_PLACEMENT_3D('',#5832,#12246,#9434);
#12248=PLANE('',#12247);
#12249=EDGE_LOOP('',(#12243,#12244,#12245));
#12250=FACE_BOUND('',#12249,.T.);
#12251=ADVANCED_FACE('',(#12250),#12248,.T.);
#12252=LINE('',#5854,#10335);
#12253=EDGE_CURVE('',#5855,#5835,#12252,.T.);
#12254=ORIENTED_EDGE('',*,*,#12242,.F.);
#12255=ORIENTED_EDGE('',*,*,#12253,.T.);
#12256=ORIENTED_EDGE('',*,*,#11687,.F.);
#12257=DIRECTION('',(0.48452638143997506,-0.6313863393891486,-0.6054630262216304));
#12258=AXIS2_PLACEMENT_3D('',#5832,#12257,#9831);
#12259=PLANE('',#12258);
#12260=EDGE_LOOP('',(#12254,#12255,#12256));
#12261=FACE_BOUND('',#12260,.T.);
#12262=ADVANCED_FACE('',(#12261),#12259,.T.);
#12263=LINE('',#5858,#9056);
#12264=EDGE_CURVE('',#5859,#5835,#12263,.T.);
#12265=ORIENTED_EDGE('',*,*,#12253,.F.);
#12266=ORIENTED_EDGE('',*,*,#11981,.F.);
#12267=ORIENTED_EDGE('',*,*,#12264,.T.);
#12268=DIRECTION('',(0.4844552532833444,-0.6314014106497584,-0.6055042247545973));
#12269=AXIS2_PLACEMENT_3D('',#5834,#12268,#10358);
#12270=PLANE('',#12269);
#12271=EDGE_LOOP('',(#12265,#12266,#12267));
#12272=FACE_BOUND('',#12271,.T.);
#12273=ADVANCED_FACE('',(#12272),#12270,.T.);
#12274=DIRECTION('',(0.0,0.8521553417218694,-0.5232889006800011));
#12275=VECTOR('',#12274,1000.0);
#12276=LINE('',#5858,#12275);
#12277=EDGE_CURVE('',#5859,#5837,#12276,.T.);
#12278=ORIENTED_EDGE('',*,*,#12264,.F.);
#12279=ORIENTED_EDGE('',*,*,#12277,.T.);
#12280=ORIENTED_EDGE('',*,*,#11713,.F.);
#12281=DIRECTION('',(0.37259338661004715,-0.4856093278170315,-0.7907956430023795));
#12282=AXIS2_PLACEMENT_3D('',#5834,#12281,#9831);
#12283=PLANE('',#12282);
#12284=EDGE_LOOP('',(#12278,#12279,#12280));
#12285=FACE_BOUND('',#12284,.T.);
#12286=ADVANCED_FACE('',(#12285),#12283,.T.);
#12287=LINE('',#5862,#9056);
#12288=EDGE_CURVE('',#5863,#5837,#12287,.T.);
#12289=ORIENTED_EDGE('',*,*,#12277,.F.);
#12290=ORIENTED_EDGE('',*,*,#12011,.F.);
#12291=ORIENTED_EDGE('',*,*,#12288,.T.);
#12292=DIRECTION('',(0.3726574992146693,-0.4855958562543523,-0.7907737050937337));
#12293=AXIS2_PLACEMENT_3D('',#5836,#12292,#10149);
#12294=PLANE('',#12293);
#12295=EDGE_LOOP('',(#12289,#12290,#12291));
#12296=FACE_BOUND('',#12295,.T.);
#12297=ADVANCED_FACE('',(#12296),#12294,.T.);
#12298=LINE('',#5862,#10088);
#12299=EDGE_CURVE('',#5863,#5839,#12298,.T.);
#12300=ORIENTED_EDGE('',*,*,#12288,.F.);
#12301=ORIENTED_EDGE('',*,*,#12299,.T.);
#12302=ORIENTED_EDGE('',*,*,#11742,.F.);
#12303=DIRECTION('',(0.23470018503932477,-0.3058289114197425,-0.9227049908190169));
#12304=AXIS2_PLACEMENT_3D('',#5836,#12303,#9831);
#12305=PLANE('',#12304);
#12306=EDGE_LOOP('',(#12300,#12301,#12302));
#12307=FACE_BOUND('',#12306,.T.);
#12308=ADVANCED_FACE('',(#12307),#12305,.T.);
#12309=LINE('',#5866,#9056);
#12310=EDGE_CURVE('',#5867,#5839,#12309,.T.);
#12311=ORIENTED_EDGE('',*,*,#12299,.F.);
#12312=ORIENTED_EDGE('',*,*,#12041,.F.);
#12313=ORIENTED_EDGE('',*,*,#12310,.T.);
#12314=DIRECTION('',(0.23469768799463897,-0.3058297263333779,-0.9227053558643855));
#12315=AXIS2_PLACEMENT_3D('',#5838,#12314,#10106);
#12316=PLANE('',#12315);
#12317=EDGE_LOOP('',(#12311,#12312,#12313));
#12318=FACE_BOUND('',#12317,.T.);
#12319=ADVANCED_FACE('',(#12318),#12316,.T.);
#12320=ORIENTED_EDGE('',*,*,#12310,.F.);
#12321=ORIENTED_EDGE('',*,*,#12073,.F.);
#12322=ORIENTED_EDGE('',*,*,#11758,.F.);
#12323=DIRECTION('',(0.08011916487760402,-0.10440163462171008,-0.9913027883082092));
#12324=AXIS2_PLACEMENT_3D('',#5838,#12323,#9831);
#12325=PLANE('',#12324);
#12326=EDGE_LOOP('',(#12320,#12321,#12322));
#12327=FACE_BOUND('',#12326,.T.);
#12328=ADVANCED_FACE('',(#12327),#12325,.T.);
#12329=LINE('',#5792,#9858);
#12330=EDGE_CURVE('',#5793,#5871,#12329,.T.);
#12331=DIRECTION('',(0.03377381116857169,0.1260931513382366,0.9914433150033047));
#12332=VECTOR('',#12331,1000.0);
#12333=LINE('',#5870,#12332);
#12334=EDGE_CURVE('',#5871,#5791,#12333,.T.);
#12335=ORIENTED_EDGE('',*,*,#11175,.F.);
#12336=ORIENTED_EDGE('',*,*,#12330,.T.);
#12337=ORIENTED_EDGE('',*,*,#12334,.T.);
#12338=DIRECTION('',(0.3794595276447408,0.9161092466711808,-0.1294384604481682));
#12339=AXIS2_PLACEMENT_3D('',#5790,#12338,#9956);
#12340=PLANE('',#12339);
#12341=EDGE_LOOP('',(#12335,#12336,#12337));
#12342=FACE_BOUND('',#12341,.T.);
#12343=ADVANCED_FACE('',(#12342),#12340,.T.);
#12344=DIRECTION('',(-0.06524915448911861,-0.11306874031333197,-0.9914423875356606));
#12345=VECTOR('',#12344,1000.0);
#12346=LINE('',#5792,#12345);
#12347=EDGE_CURVE('',#5793,#5873,#12346,.T.);
#12348=LINE('',#5872,#9932);
#12349=EDGE_CURVE('',#5873,#5871,#12348,.T.);
#12350=ORIENTED_EDGE('',*,*,#12330,.F.);
#12351=ORIENTED_EDGE('',*,*,#12347,.T.);
#12352=ORIENTED_EDGE('',*,*,#12349,.T.);
#12353=DIRECTION('',(0.37947035974406973,0.9161030550090625,-0.12945052598876874));
#12354=AXIS2_PLACEMENT_3D('',#5870,#12353,#10556);
#12355=PLANE('',#12354);
#12356=EDGE_LOOP('',(#12350,#12351,#12352));
#12357=FACE_BOUND('',#12356,.T.);
#12358=ADVANCED_FACE('',(#12357),#12355,.T.);
#12359=DIRECTION('',(-0.731589269103025,0.0,-0.6817456573629945));
#12360=VECTOR('',#12359,1000.0);
#12361=LINE('',#5872,#12360);
#12362=EDGE_CURVE('',#5873,#5875,#12361,.T.);
#12363=DIRECTION('',(0.09902116298092871,0.3696534710893326,0.9238783039954517));
#12364=VECTOR('',#12363,1000.0);
#12365=LINE('',#5874,#12364);
#12366=EDGE_CURVE('',#5875,#5871,#12365,.T.);
#12367=ORIENTED_EDGE('',*,*,#12349,.F.);
#12368=ORIENTED_EDGE('',*,*,#12362,.T.);
#12369=ORIENTED_EDGE('',*,*,#12366,.T.);
#12370=DIRECTION('',(0.3540017377232747,0.8546176666486717,-0.37988342098712585));
#12371=AXIS2_PLACEMENT_3D('',#5870,#12370,#9956);
#12372=PLANE('',#12371);
#12373=EDGE_LOOP('',(#12367,#12368,#12369));
#12374=FACE_BOUND('',#12373,.T.);
#12375=ADVANCED_FACE('',(#12374),#12372,.T.);
#12376=DIRECTION('',(-0.19133923783269005,-0.33141207326977357,-0.9238805841431216));
#12377=VECTOR('',#12376,1000.0);
#12378=LINE('',#5872,#12377);
#12379=EDGE_CURVE('',#5873,#5877,#12378,.T.);
#12380=LINE('',#5876,#9932);
#12381=EDGE_CURVE('',#5877,#5875,#12380,.T.);
#12382=ORIENTED_EDGE('',*,*,#12362,.F.);
#12383=ORIENTED_EDGE('',*,*,#12379,.T.);
#12384=ORIENTED_EDGE('',*,*,#12381,.T.);
#12385=DIRECTION('',(0.3540000202167964,0.8546191973332565,-0.3798815779107592));
#12386=DIRECTION('',(0.731589269103025,0.0,0.6817456573629945));
#12387=AXIS2_PLACEMENT_3D('',#5874,#12385,#12386);
#12388=PLANE('',#12387);
#12389=EDGE_LOOP('',(#12382,#12383,#12384));
#12390=FACE_BOUND('',#12389,.T.);
#12391=ADVANCED_FACE('',(#12390),#12388,.T.);
#12392=DIRECTION('',(-0.7541995385543058,-0.20207519636331805,-0.624778897738391));
#12393=VECTOR('',#12392,1000.0);
#12394=LINE('',#5876,#12393);
#12395=EDGE_CURVE('',#5877,#5879,#12394,.T.);
#12396=DIRECTION('',(0.1575716730526891,0.5880207085961537,0.7933491123795715));
#12397=VECTOR('',#12396,1000.0);
#12398=LINE('',#5878,#12397);
#12399=EDGE_CURVE('',#5879,#5875,#12398,.T.);
#12400=ORIENTED_EDGE('',*,*,#12381,.F.);
#12401=ORIENTED_EDGE('',*,*,#12395,.T.);
#12402=ORIENTED_EDGE('',*,*,#12399,.T.);
#12403=DIRECTION('',(0.30456816223833755,0.7352818742382744,-0.6054740291436226));
#12404=AXIS2_PLACEMENT_3D('',#5874,#12403,#9956);
#12405=PLANE('',#12404);
#12406=EDGE_LOOP('',(#12400,#12401,#12402));
#12407=FACE_BOUND('',#12406,.T.);
#12408=ADVANCED_FACE('',(#12407),#12405,.T.);
#12409=DIRECTION('',(-0.30440900617454214,-0.5272251621202657,-0.793327665839965));
#12410=VECTOR('',#12409,1000.0);
#12411=LINE('',#5876,#12410);
#12412=EDGE_CURVE('',#5877,#5881,#12411,.T.);
#12413=LINE('',#5880,#9932);
#12414=EDGE_CURVE('',#5881,#5879,#12413,.T.);
#12415=ORIENTED_EDGE('',*,*,#12395,.F.);
#12416=ORIENTED_EDGE('',*,*,#12412,.T.);
#12417=ORIENTED_EDGE('',*,*,#12414,.T.);
#12418=DIRECTION('',(0.30460284833516,0.7352432989302591,-0.6055034237428036));
#12419=DIRECTION('',(0.7541995385543058,0.20207519636331805,0.624778897738391));
#12420=AXIS2_PLACEMENT_3D('',#5878,#12418,#12419);
#12421=PLANE('',#12420);
#12422=EDGE_LOOP('',(#12415,#12416,#12417));
#12423=FACE_BOUND('',#12422,.T.);
#12424=ADVANCED_FACE('',(#12423),#12421,.T.);
#12425=DIRECTION('',(-0.7379840944410482,-0.4260639878971028,-0.5233057945114343));
#12426=VECTOR('',#12425,1000.0);
#12427=LINE('',#5880,#12426);
#12428=EDGE_CURVE('',#5881,#5883,#12427,.T.);
#12429=DIRECTION('',(0.20531611760328047,0.766296442659232,0.608798040256473));
#12430=VECTOR('',#12429,1000.0);
#12431=LINE('',#5882,#12430);
#12432=EDGE_CURVE('',#5883,#5879,#12431,.T.);
#12433=ORIENTED_EDGE('',*,*,#12414,.F.);
#12434=ORIENTED_EDGE('',*,*,#12428,.T.);
#12435=ORIENTED_EDGE('',*,*,#12432,.T.);
#12436=DIRECTION('',(0.23427380988844212,0.5654846951588932,-0.7907862173441111));
#12437=AXIS2_PLACEMENT_3D('',#5878,#12436,#9956);
#12438=PLANE('',#12437);
#12439=EDGE_LOOP('',(#12433,#12434,#12435));
#12440=FACE_BOUND('',#12439,.T.);
#12441=ADVANCED_FACE('',(#12440),#12438,.T.);
#12442=DIRECTION('',(-0.396662279152812,-0.6870244303820057,-0.6088156275553195));
#12443=VECTOR('',#12442,1000.0);
#12444=LINE('',#5880,#12443);
#12445=EDGE_CURVE('',#5881,#5885,#12444,.T.);
#12446=LINE('',#5884,#9932);
#12447=EDGE_CURVE('',#5885,#5883,#12446,.T.);
#12448=ORIENTED_EDGE('',*,*,#12428,.F.);
#12449=ORIENTED_EDGE('',*,*,#12445,.T.);
#12450=ORIENTED_EDGE('',*,*,#12447,.T.);
#12451=DIRECTION('',(0.23425363990981818,0.5655072021179656,-0.7907760976039373));
#12452=DIRECTION('',(0.7379840944410482,0.4260639878971028,0.5233057945114343));
#12453=AXIS2_PLACEMENT_3D('',#5882,#12451,#12452);
#12454=PLANE('',#12453);
#12455=EDGE_LOOP('',(#12448,#12449,#12450));
#12456=FACE_BOUND('',#12455,.T.);
#12457=ADVANCED_FACE('',(#12456),#12454,.T.);
#12458=DIRECTION('',(-0.6596739035031535,-0.6596739035031468,-0.36008427079481425));
#12459=VECTOR('',#12458,1000.0);
#12460=LINE('',#5884,#12459);
#12461=EDGE_CURVE('',#5885,#5887,#12460,.T.);
#12462=DIRECTION('',(0.23915481841229666,0.8923935002047704,0.3826732465465285));
#12463=VECTOR('',#12462,1000.0);
#12464=LINE('',#5886,#12463);
#12465=EDGE_CURVE('',#5887,#5883,#12464,.T.);
#12466=ORIENTED_EDGE('',*,*,#12447,.F.);
#12467=ORIENTED_EDGE('',*,*,#12461,.T.);
#12468=ORIENTED_EDGE('',*,*,#12465,.T.);
#12469=DIRECTION('',(0.14752584669789634,0.35613930625935447,-0.9227138879919249));
#12470=AXIS2_PLACEMENT_3D('',#5882,#12469,#9956);
#12471=PLANE('',#12470);
#12472=EDGE_LOOP('',(#12466,#12467,#12468));
#12473=FACE_BOUND('',#12472,.T.);
#12474=ADVANCED_FACE('',(#12473),#12471,.T.);
#12475=DIRECTION('',(-0.46192159332991906,-0.8001107681562485,-0.3826894306039385));
#12476=VECTOR('',#12475,1000.0);
#12477=LINE('',#5884,#12476);
#12478=EDGE_CURVE('',#5885,#5889,#12477,.T.);
#12479=LINE('',#5888,#9932);
#12480=EDGE_CURVE('',#5889,#5887,#12479,.T.);
#12481=ORIENTED_EDGE('',*,*,#12461,.F.);
#12482=ORIENTED_EDGE('',*,*,#12478,.T.);
#12483=ORIENTED_EDGE('',*,*,#12480,.T.);
#12484=DIRECTION('',(0.14747529901196305,0.3561847002571428,-0.9227044464421214));
#12485=DIRECTION('',(0.6596739035031535,0.6596739035031468,0.36008427079481425));
#12486=AXIS2_PLACEMENT_3D('',#5886,#12484,#12485);
#12487=PLANE('',#12486);
#12488=EDGE_LOOP('',(#12481,#12482,#12483));
#12489=FACE_BOUND('',#12488,.T.);
#12490=ADVANCED_FACE('',(#12489),#12487,.T.);
#12491=DIRECTION('',(-0.49573493431093374,-0.858614183071185,-0.1304935229531933));
#12492=VECTOR('',#12491,1000.0);
#12493=LINE('',#5888,#12492);
#12494=EDGE_CURVE('',#5889,#5603,#12493,.T.);
#12495=DIRECTION('',(0.25659158762363155,0.9576695233526952,0.1304984337155272));
#12496=VECTOR('',#12495,1000.0);
#12497=LINE('',#5602,#12496);
#12498=EDGE_CURVE('',#5603,#5887,#12497,.T.);
#12499=ORIENTED_EDGE('',*,*,#12480,.F.);
#12500=ORIENTED_EDGE('',*,*,#12494,.T.);
#12501=ORIENTED_EDGE('',*,*,#12498,.T.);
#12502=DIRECTION('',(0.05034438056338508,0.1215925529274311,-0.9913025241661997));
#12503=AXIS2_PLACEMENT_3D('',#5886,#12502,#9956);
#12504=PLANE('',#12503);
#12505=EDGE_LOOP('',(#12499,#12500,#12501));
#12506=FACE_BOUND('',#12505,.T.);
#12507=ADVANCED_FACE('',(#12506),#12504,.T.);
#12508=LINE('',#5794,#10563);
#12509=EDGE_CURVE('',#5795,#5873,#12508,.T.);
#12510=ORIENTED_EDGE('',*,*,#11203,.F.);
#12511=ORIENTED_EDGE('',*,*,#12509,.T.);
#12512=ORIENTED_EDGE('',*,*,#12347,.F.);
#12513=DIRECTION('',(0.6036568608135127,0.786665667924655,-0.12944311994629937));
#12514=AXIS2_PLACEMENT_3D('',#5792,#12513,#9875);
#12515=PLANE('',#12514);
#12516=EDGE_LOOP('',(#12510,#12511,#12512));
#12517=FACE_BOUND('',#12516,.T.);
#12518=ADVANCED_FACE('',(#12517),#12515,.T.);
#12519=DIRECTION('',(-0.09231962710456358,-0.09225578227253922,-0.9914463964776695));
#12520=VECTOR('',#12519,1000.0);
#12521=LINE('',#5794,#12520);
#12522=EDGE_CURVE('',#5795,#5891,#12521,.T.);
#12523=LINE('',#5890,#10157);
#12524=EDGE_CURVE('',#5891,#5873,#12523,.T.);
#12525=ORIENTED_EDGE('',*,*,#12509,.F.);
#12526=ORIENTED_EDGE('',*,*,#12522,.T.);
#12527=ORIENTED_EDGE('',*,*,#12524,.T.);
#12528=DIRECTION('',(0.6036330835743309,0.7866892401892218,-0.12941074060930943));
#12529=AXIS2_PLACEMENT_3D('',#5872,#12528,#10585);
#12530=PLANE('',#12529);
#12531=EDGE_LOOP('',(#12525,#12526,#12527));
#12532=FACE_BOUND('',#12531,.T.);
#12533=ADVANCED_FACE('',(#12532),#12530,.T.);
#12534=DIRECTION('',(-0.7066654870302884,0.1893392394916496,-0.681743750854358));
#12535=VECTOR('',#12534,1000.0);
#12536=LINE('',#5890,#12535);
#12537=EDGE_CURVE('',#5891,#5877,#12536,.T.);
#12538=ORIENTED_EDGE('',*,*,#12524,.F.);
#12539=ORIENTED_EDGE('',*,*,#12537,.T.);
#12540=ORIENTED_EDGE('',*,*,#12379,.F.);
#12541=DIRECTION('',(0.5631170214732216,0.7338863853141274,-0.37988155203654156));
#12542=AXIS2_PLACEMENT_3D('',#5872,#12541,#9875);
#12543=PLANE('',#12542);
#12544=EDGE_LOOP('',(#12538,#12539,#12540));
#12545=FACE_BOUND('',#12544,.T.);
#12546=ADVANCED_FACE('',(#12545),#12543,.T.);
#12547=DIRECTION('',(-0.2706275974731401,-0.27062759747314713,-0.9238622229379381));
#12548=VECTOR('',#12547,1000.0);
#12549=LINE('',#5890,#12548);
#12550=EDGE_CURVE('',#5891,#5893,#12549,.T.);
#12551=LINE('',#5892,#10157);
#12552=EDGE_CURVE('',#5893,#5877,#12551,.T.);
#12553=ORIENTED_EDGE('',*,*,#12537,.F.);
#12554=ORIENTED_EDGE('',*,*,#12550,.T.);
#12555=ORIENTED_EDGE('',*,*,#12552,.T.);
#12556=DIRECTION('',(0.5631483663601077,0.7338386498427147,-0.37992730023382576));
#12557=DIRECTION('',(0.7066654870302884,-0.1893392394916496,0.681743750854358));
#12558=AXIS2_PLACEMENT_3D('',#5876,#12556,#12557);
#12559=PLANE('',#12558);
#12560=EDGE_LOOP('',(#12553,#12554,#12555));
#12561=FACE_BOUND('',#12560,.T.);
#12562=ADVANCED_FACE('',(#12561),#12559,.T.);
#12563=DIRECTION('',(-0.7808001294257392,0.0,-0.6247808879029103));
#12564=VECTOR('',#12563,1000.0);
#12565=LINE('',#5892,#12564);
#12566=EDGE_CURVE('',#5893,#5881,#12565,.T.);
#12567=ORIENTED_EDGE('',*,*,#12552,.F.);
#12568=ORIENTED_EDGE('',*,*,#12566,.T.);
#12569=ORIENTED_EDGE('',*,*,#12412,.F.);
#12570=DIRECTION('',(0.48450922705679855,0.6313639855120158,-0.6055000633321245));
#12571=AXIS2_PLACEMENT_3D('',#5876,#12570,#9875);
#12572=PLANE('',#12571);
#12573=EDGE_LOOP('',(#12567,#12568,#12569));
#12574=FACE_BOUND('',#12573,.T.);
#12575=ADVANCED_FACE('',(#12574),#12572,.T.);
#12576=DIRECTION('',(-0.4304542960469226,-0.4304542960469226,-0.7933588078728923));
#12577=VECTOR('',#12576,1000.0);
#12578=LINE('',#5892,#12577);
#12579=EDGE_CURVE('',#5893,#5895,#12578,.T.);
#12580=LINE('',#5894,#10157);
#12581=EDGE_CURVE('',#5895,#5881,#12580,.T.);
#12582=ORIENTED_EDGE('',*,*,#12566,.F.);
#12583=ORIENTED_EDGE('',*,*,#12579,.T.);
#12584=ORIENTED_EDGE('',*,*,#12581,.T.);
#12585=DIRECTION('',(0.48447626047159303,0.6314287897899455,-0.6054588643862323));
#12586=DIRECTION('',(0.7808001294257392,0.0,0.6247808879029103));
#12587=AXIS2_PLACEMENT_3D('',#5880,#12585,#12586);
#12588=PLANE('',#12587);
#12589=EDGE_LOOP('',(#12582,#12583,#12584));
#12590=FACE_BOUND('',#12589,.T.);
#12591=ADVANCED_FACE('',(#12590),#12588,.T.);
#12592=DIRECTION('',(-0.8231232936626971,-0.2205421678153598,-0.523286915224502));
#12593=VECTOR('',#12592,1000.0);
#12594=LINE('',#5894,#12593);
#12595=EDGE_CURVE('',#5895,#5885,#12594,.T.);
#12596=ORIENTED_EDGE('',*,*,#12581,.F.);
#12597=ORIENTED_EDGE('',*,*,#12595,.T.);
#12598=ORIENTED_EDGE('',*,*,#12445,.F.);
#12599=DIRECTION('',(0.3726076793893686,0.4856279559172833,-0.7907774691350726));
#12600=AXIS2_PLACEMENT_3D('',#5880,#12599,#9875);
#12601=PLANE('',#12600);
#12602=EDGE_LOOP('',(#12596,#12597,#12598));
#12603=FACE_BOUND('',#12602,.T.);
#12604=ADVANCED_FACE('',(#12603),#12601,.T.);
#12605=DIRECTION('',(-0.5609710960298177,-0.5609710960298248,-0.6087880245522266));
#12606=VECTOR('',#12605,1000.0);
#12607=LINE('',#5894,#12606);
#12608=EDGE_CURVE('',#5895,#5897,#12607,.T.);
#12609=LINE('',#5896,#10157);
#12610=EDGE_CURVE('',#5897,#5885,#12609,.T.);
#12611=ORIENTED_EDGE('',*,*,#12595,.F.);
#12612=ORIENTED_EDGE('',*,*,#12608,.T.);
#12613=ORIENTED_EDGE('',*,*,#12610,.T.);
#12614=DIRECTION('',(0.3726372839972215,0.48556951457104647,-0.7907994063568917));
#12615=DIRECTION('',(0.8231232936626971,0.2205421678153598,0.523286915224502));
#12616=AXIS2_PLACEMENT_3D('',#5884,#12614,#12615);
#12617=PLANE('',#12616);
#12618=EDGE_LOOP('',(#12611,#12612,#12613));
#12619=FACE_BOUND('',#12618,.T.);
#12620=ADVANCED_FACE('',(#12619),#12617,.T.);
#12621=DIRECTION('',(-0.8079297101389762,-0.46644603431877946,-0.36010787348103634));
#12622=VECTOR('',#12621,1000.0);
#12623=LINE('',#5896,#12622);
#12624=EDGE_CURVE('',#5897,#5889,#12623,.T.);
#12625=ORIENTED_EDGE('',*,*,#12610,.F.);
#12626=ORIENTED_EDGE('',*,*,#12624,.T.);
#12627=ORIENTED_EDGE('',*,*,#12478,.F.);
#12628=DIRECTION('',(0.2346998222401391,0.3058284386698808,-0.9227052397928551));
#12629=AXIS2_PLACEMENT_3D('',#5884,#12628,#9875);
#12630=PLANE('',#12629);
#12631=EDGE_LOOP('',(#12625,#12626,#12627));
#12632=FACE_BOUND('',#12631,.T.);
#12633=ADVANCED_FACE('',(#12632),#12630,.T.);
#12634=DIRECTION('',(-0.6532777605989576,-0.6532777605989576,-0.3826961392719062));
#12635=VECTOR('',#12634,1000.0);
#12636=LINE('',#5896,#12635);
#12637=EDGE_CURVE('',#5897,#5899,#12636,.T.);
#12638=LINE('',#5898,#10157);
#12639=EDGE_CURVE('',#5899,#5889,#12638,.T.);
#12640=ORIENTED_EDGE('',*,*,#12624,.F.);
#12641=ORIENTED_EDGE('',*,*,#12637,.T.);
#12642=ORIENTED_EDGE('',*,*,#12639,.T.);
#12643=DIRECTION('',(0.23469838888505598,0.3058306396492537,-0.922704874868713));
#12644=DIRECTION('',(0.8079297101389762,0.46644603431877946,0.36010787348103634));
#12645=AXIS2_PLACEMENT_3D('',#5888,#12643,#12644);
#12646=PLANE('',#12645);
#12647=EDGE_LOOP('',(#12640,#12641,#12642));
#12648=FACE_BOUND('',#12647,.T.);
#12649=ADVANCED_FACE('',(#12648),#12646,.T.);
#12650=DIRECTION('',(-0.7010602744434362,-0.7010602744434291,-0.13049514624919106));
#12651=VECTOR('',#12650,1000.0);
#12652=LINE('',#5898,#12651);
#12653=EDGE_CURVE('',#5899,#5603,#12652,.T.);
#12654=ORIENTED_EDGE('',*,*,#12639,.F.);
#12655=ORIENTED_EDGE('',*,*,#12653,.T.);
#12656=ORIENTED_EDGE('',*,*,#12494,.F.);
#12657=DIRECTION('',(0.08011916487760402,0.10440163462171008,-0.9913027883082092));
#12658=AXIS2_PLACEMENT_3D('',#5888,#12657,#9875);
#12659=PLANE('',#12658);
#12660=EDGE_LOOP('',(#12654,#12655,#12656));
#12661=FACE_BOUND('',#12660,.T.);
#12662=ADVANCED_FACE('',(#12661),#12659,.T.);
#12663=DIRECTION('',(-0.7071067811865503,0.0,-0.7071067811865447));
#12664=VECTOR('',#12663,1000.0);
#12665=LINE('',#5790,#12664);
#12666=EDGE_CURVE('',#5791,#5809,#12665,.T.);
#12667=ORIENTED_EDGE('',*,*,#11147,.F.);
#12668=ORIENTED_EDGE('',*,*,#12666,.T.);
#12669=ORIENTED_EDGE('',*,*,#11441,.F.);
#12670=DIRECTION('',(0.1294018973924332,0.9831125560699936,-0.12940189739243427));
#12671=AXIS2_PLACEMENT_3D('',#5598,#12670,#10095);
#12672=PLANE('',#12671);
#12673=EDGE_LOOP('',(#12667,#12668,#12669));
#12674=FACE_BOUND('',#12673,.T.);
#12675=ADVANCED_FACE('',(#12674),#12672,.T.);
#12676=VECTOR('',#10731,1000.0);
#12677=LINE('',#5870,#12676);
#12678=EDGE_CURVE('',#5871,#5809,#12677,.T.);
#12679=ORIENTED_EDGE('',*,*,#12666,.F.);
#12680=ORIENTED_EDGE('',*,*,#12334,.F.);
#12681=ORIENTED_EDGE('',*,*,#12678,.T.);
#12682=DIRECTION('',(0.12944177093196993,0.9831020577111975,-0.12944177093197098));
#12683=DIRECTION('',(0.7071067811865503,0.0,0.7071067811865447));
#12684=AXIS2_PLACEMENT_3D('',#5808,#12682,#12683);
#12685=PLANE('',#12684);
#12686=EDGE_LOOP('',(#12679,#12680,#12681));
#12687=FACE_BOUND('',#12686,.T.);
#12688=ADVANCED_FACE('',(#12687),#12685,.T.);
#12689=DIRECTION('',(-0.7066654870302936,-0.18933923949164821,-0.681743750854353));
#12690=VECTOR('',#12689,1000.0);
#12691=LINE('',#5870,#12690);
#12692=EDGE_CURVE('',#5871,#5807,#12691,.T.);
#12693=ORIENTED_EDGE('',*,*,#12678,.F.);
#12694=ORIENTED_EDGE('',*,*,#12692,.T.);
#12695=ORIENTED_EDGE('',*,*,#11418,.F.);
#12696=DIRECTION('',(0.1207542484145063,0.9171208740342564,-0.37987855151415106));
#12697=AXIS2_PLACEMENT_3D('',#5808,#12696,#9853);
#12698=PLANE('',#12697);
#12699=EDGE_LOOP('',(#12693,#12694,#12695));
#12700=FACE_BOUND('',#12699,.T.);
#12701=ADVANCED_FACE('',(#12700),#12698,.T.);
#12702=LINE('',#5874,#12676);
#12703=EDGE_CURVE('',#5875,#5807,#12702,.T.);
#12704=ORIENTED_EDGE('',*,*,#12692,.F.);
#12705=ORIENTED_EDGE('',*,*,#12366,.F.);
#12706=ORIENTED_EDGE('',*,*,#12703,.T.);
#12707=DIRECTION('',(0.12076799875566319,0.9171139555419806,-0.3798908830528766));
#12708=DIRECTION('',(0.7066654870302936,0.18933923949164821,0.681743750854353));
#12709=AXIS2_PLACEMENT_3D('',#5806,#12707,#12708);
#12710=PLANE('',#12709);
#12711=EDGE_LOOP('',(#12704,#12705,#12706));
#12712=FACE_BOUND('',#12711,.T.);
#12713=ADVANCED_FACE('',(#12712),#12710,.T.);
#12714=DIRECTION('',(-0.6761995236472462,-0.390414848770971,-0.6247643156250021));
#12715=VECTOR('',#12714,1000.0);
#12716=LINE('',#5874,#12715);
#12717=EDGE_CURVE('',#5875,#5805,#12716,.T.);
#12718=ORIENTED_EDGE('',*,*,#12703,.F.);
#12719=ORIENTED_EDGE('',*,*,#12717,.T.);
#12720=ORIENTED_EDGE('',*,*,#11391,.F.);
#12721=DIRECTION('',(0.10390061788754568,0.7890228175999688,-0.6055143721739333));
#12722=AXIS2_PLACEMENT_3D('',#5806,#12721,#9853);
#12723=PLANE('',#12722);
#12724=EDGE_LOOP('',(#12718,#12719,#12720));
#12725=FACE_BOUND('',#12724,.T.);
#12726=ADVANCED_FACE('',(#12725),#12723,.T.);
#12727=LINE('',#5878,#9992);
#12728=EDGE_CURVE('',#5879,#5805,#12727,.T.);
#12729=ORIENTED_EDGE('',*,*,#12717,.F.);
#12730=ORIENTED_EDGE('',*,*,#12399,.F.);
#12731=ORIENTED_EDGE('',*,*,#12728,.T.);
#12732=DIRECTION('',(0.10383395136355096,0.7890661729571921,-0.605469309906722));
#12733=DIRECTION('',(0.6761995236472462,0.390414848770971,0.6247643156250021));
#12734=AXIS2_PLACEMENT_3D('',#5804,#12732,#12733);
#12735=PLANE('',#12734);
#12736=EDGE_LOOP('',(#12729,#12730,#12731));
#12737=FACE_BOUND('',#12736,.T.);
#12738=ADVANCED_FACE('',(#12737),#12735,.T.);
#12739=DIRECTION('',(-0.6025699114929267,-0.6025699114929206,-0.5232771765774047));
#12740=VECTOR('',#12739,1000.0);
#12741=LINE('',#5878,#12740);
#12742=EDGE_CURVE('',#5879,#5803,#12741,.T.);
#12743=ORIENTED_EDGE('',*,*,#12728,.F.);
#12744=ORIENTED_EDGE('',*,*,#12742,.T.);
#12745=ORIENTED_EDGE('',*,*,#11364,.F.);
#12746=DIRECTION('',(0.07985793736420317,0.6068650589593823,-0.7907828463327721));
#12747=AXIS2_PLACEMENT_3D('',#5804,#12746,#10095);
#12748=PLANE('',#12747);
#12749=EDGE_LOOP('',(#12743,#12744,#12745));
#12750=FACE_BOUND('',#12749,.T.);
#12751=ADVANCED_FACE('',(#12750),#12748,.T.);
#12752=LINE('',#5882,#9992);
#12753=EDGE_CURVE('',#5883,#5803,#12752,.T.);
#12754=ORIENTED_EDGE('',*,*,#12742,.F.);
#12755=ORIENTED_EDGE('',*,*,#12432,.F.);
#12756=ORIENTED_EDGE('',*,*,#12753,.T.);
#12757=DIRECTION('',(0.07987207464595304,0.606855831336445,-0.7907884999572918));
#12758=DIRECTION('',(0.6025699114929267,0.6025699114929206,0.5232771765774047));
#12759=AXIS2_PLACEMENT_3D('',#5802,#12757,#12758);
#12760=PLANE('',#12759);
#12761=EDGE_LOOP('',(#12754,#12755,#12756));
#12762=FACE_BOUND('',#12761,.T.);
#12763=ADVANCED_FACE('',(#12762),#12760,.T.);
#12764=DIRECTION('',(-0.46647039814398805,-0.8079279310545393,-0.3600803047617587));
#12765=VECTOR('',#12764,1000.0);
#12766=LINE('',#5882,#12765);
#12767=EDGE_CURVE('',#5883,#5801,#12766,.T.);
#12768=ORIENTED_EDGE('',*,*,#12753,.F.);
#12769=ORIENTED_EDGE('',*,*,#12767,.T.);
#12770=ORIENTED_EDGE('',*,*,#11337,.F.);
#12771=DIRECTION('',(0.05030297948404213,0.38219435977847427,-0.922711808534252));
#12772=AXIS2_PLACEMENT_3D('',#5802,#12771,#10095);
#12773=PLANE('',#12772);
#12774=EDGE_LOOP('',(#12768,#12769,#12770));
#12775=FACE_BOUND('',#12774,.T.);
#12776=ADVANCED_FACE('',(#12775),#12773,.T.);
#12777=LINE('',#5886,#9992);
#12778=EDGE_CURVE('',#5887,#5801,#12777,.T.);
#12779=ORIENTED_EDGE('',*,*,#12767,.F.);
#12780=ORIENTED_EDGE('',*,*,#12465,.F.);
#12781=ORIENTED_EDGE('',*,*,#12778,.T.);
#12782=DIRECTION('',(0.050306044492353576,0.38219280305249076,-0.9227122862422573));
#12783=DIRECTION('',(0.46647039814398805,0.8079279310545393,0.3600803047617587));
#12784=AXIS2_PLACEMENT_3D('',#5800,#12782,#12783);
#12785=PLANE('',#12784);
#12786=EDGE_LOOP('',(#12779,#12780,#12781));
#12787=FACE_BOUND('',#12786,.T.);
#12788=ADVANCED_FACE('',(#12787),#12785,.T.);
#12789=ORIENTED_EDGE('',*,*,#12778,.F.);
#12790=ORIENTED_EDGE('',*,*,#12498,.F.);
#12791=ORIENTED_EDGE('',*,*,#11310,.F.);
#12792=DIRECTION('',(0.01717438271249415,0.13047985656240768,-0.9913021979244767));
#12793=AXIS2_PLACEMENT_3D('',#5800,#12792,#10095);
#12794=PLANE('',#12793);
#12795=EDGE_LOOP('',(#12789,#12790,#12791));
#12796=FACE_BOUND('',#12795,.T.);
#12797=ADVANCED_FACE('',(#12796),#12794,.T.);
#12798=LINE('',#5798,#10621);
#12799=EDGE_CURVE('',#5799,#5901,#12798,.T.);
#12800=DIRECTION('',(0.11306874031332503,0.0652491544891116,0.9914423875356619));
#12801=VECTOR('',#12800,1000.0);
#12802=LINE('',#5900,#12801);
#12803=EDGE_CURVE('',#5901,#5797,#12802,.T.);
#12804=ORIENTED_EDGE('',*,*,#11259,.F.);
#12805=ORIENTED_EDGE('',*,*,#12799,.T.);
#12806=ORIENTED_EDGE('',*,*,#12803,.T.);
#12807=DIRECTION('',(0.9161078166804534,0.37945893533153774,-0.1294503171646514));
#12808=AXIS2_PLACEMENT_3D('',#5796,#12807,#10026);
#12809=PLANE('',#12808);
#12810=EDGE_LOOP('',(#12804,#12805,#12806));
#12811=FACE_BOUND('',#12810,.T.);
#12812=ADVANCED_FACE('',(#12811),#12809,.T.);
#12813=DIRECTION('',(-0.12609315133824356,-0.033773811168571664,-0.9914433150033038));
#12814=VECTOR('',#12813,1000.0);
#12815=LINE('',#5798,#12814);
#12816=EDGE_CURVE('',#5799,#5903,#12815,.T.);
#12817=LINE('',#5902,#10049);
#12818=EDGE_CURVE('',#5903,#5901,#12817,.T.);
#12819=ORIENTED_EDGE('',*,*,#12799,.F.);
#12820=ORIENTED_EDGE('',*,*,#12816,.T.);
#12821=ORIENTED_EDGE('',*,*,#12818,.T.);
#12822=DIRECTION('',(0.9161045354198403,0.37947097296328686,-0.12943825115279922));
#12823=AXIS2_PLACEMENT_3D('',#5900,#12822,#10643);
#12824=PLANE('',#12823);
#12825=EDGE_LOOP('',(#12819,#12820,#12821));
#12826=FACE_BOUND('',#12825,.T.);
#12827=ADVANCED_FACE('',(#12826),#12824,.T.);
#12828=LINE('',#5902,#10407);
#12829=EDGE_CURVE('',#5903,#5905,#12828,.T.);
#12830=DIRECTION('',(0.3314120732697731,0.19133923783269688,0.9238805841431202));
#12831=VECTOR('',#12830,1000.0);
#12832=LINE('',#5904,#12831);
#12833=EDGE_CURVE('',#5905,#5901,#12832,.T.);
#12834=ORIENTED_EDGE('',*,*,#12818,.F.);
#12835=ORIENTED_EDGE('',*,*,#12829,.T.);
#12836=ORIENTED_EDGE('',*,*,#12833,.T.);
#12837=DIRECTION('',(0.8546183277939126,0.35400201158439726,-0.3798816784117616));
#12838=AXIS2_PLACEMENT_3D('',#5900,#12837,#10026);
#12839=PLANE('',#12838);
#12840=EDGE_LOOP('',(#12834,#12835,#12836));
#12841=FACE_BOUND('',#12840,.T.);
#12842=ADVANCED_FACE('',(#12841),#12839,.T.);
#12843=DIRECTION('',(-0.3696534710893267,-0.09902116298092195,-0.9238783039954548));
#12844=VECTOR('',#12843,1000.0);
#12845=LINE('',#5902,#12844);
#12846=EDGE_CURVE('',#5903,#5907,#12845,.T.);
#12847=LINE('',#5906,#10049);
#12848=EDGE_CURVE('',#5907,#5905,#12847,.T.);
#12849=ORIENTED_EDGE('',*,*,#12829,.F.);
#12850=ORIENTED_EDGE('',*,*,#12846,.T.);
#12851=ORIENTED_EDGE('',*,*,#12848,.T.);
#12852=DIRECTION('',(0.8546184599005986,0.35399971475773745,-0.37988352155439653));
#12853=AXIS2_PLACEMENT_3D('',#5904,#12852,#10429);
#12854=PLANE('',#12853);
#12855=EDGE_LOOP('',(#12849,#12850,#12851));
#12856=FACE_BOUND('',#12855,.T.);
#12857=ADVANCED_FACE('',(#12856),#12854,.T.);
#12858=DIRECTION('',(-0.6762127967016804,0.39037223240328833,-0.6247765790627595));
#12859=VECTOR('',#12858,1000.0);
#12860=LINE('',#5906,#12859);
#12861=EDGE_CURVE('',#5907,#5909,#12860,.T.);
#12862=DIRECTION('',(0.5272251621202696,0.3044090061745474,0.7933276658399602));
#12863=VECTOR('',#12862,1000.0);
#12864=LINE('',#5908,#12863);
#12865=EDGE_CURVE('',#5909,#5905,#12864,.T.);
#12866=ORIENTED_EDGE('',*,*,#12848,.F.);
#12867=ORIENTED_EDGE('',*,*,#12861,.T.);
#12868=ORIENTED_EDGE('',*,*,#12865,.T.);
#12869=DIRECTION('',(0.7352633002264423,0.30456046851862634,-0.6055004544637729));
#12870=AXIS2_PLACEMENT_3D('',#5904,#12869,#10026);
#12871=PLANE('',#12870);
#12872=EDGE_LOOP('',(#12866,#12867,#12868));
#12873=FACE_BOUND('',#12872,.T.);
#12874=ADVANCED_FACE('',(#12873),#12871,.T.);
#12875=DIRECTION('',(-0.5880207085961623,-0.1575716730526947,-0.793349112379564));
#12876=VECTOR('',#12875,1000.0);
#12877=LINE('',#5906,#12876);
#12878=EDGE_CURVE('',#5907,#5911,#12877,.T.);
#12879=LINE('',#5910,#10049);
#12880=EDGE_CURVE('',#5911,#5909,#12879,.T.);
#12881=ORIENTED_EDGE('',*,*,#12861,.F.);
#12882=ORIENTED_EDGE('',*,*,#12878,.T.);
#12883=ORIENTED_EDGE('',*,*,#12880,.T.);
#12884=DIRECTION('',(0.7352660469925885,0.3046122725959236,-0.6054710591959285));
#12885=DIRECTION('',(0.6762127967016804,-0.39037223240328833,0.6247765790627595));
#12886=AXIS2_PLACEMENT_3D('',#5908,#12884,#12885);
#12887=PLANE('',#12886);
#12888=EDGE_LOOP('',(#12881,#12882,#12883));
#12889=FACE_BOUND('',#12888,.T.);
#12890=ADVANCED_FACE('',(#12889),#12887,.T.);
#12891=DIRECTION('',(-0.8231232936626971,0.2205421678153598,-0.523286915224502));
#12892=VECTOR('',#12891,1000.0);
#12893=LINE('',#5910,#12892);
#12894=EDGE_CURVE('',#5911,#5913,#12893,.T.);
#12895=DIRECTION('',(0.6870244303820057,0.396662279152812,0.6088156275553195));
#12896=VECTOR('',#12895,1000.0);
#12897=LINE('',#5912,#12896);
#12898=EDGE_CURVE('',#5913,#5909,#12897,.T.);
#12899=ORIENTED_EDGE('',*,*,#12880,.F.);
#12900=ORIENTED_EDGE('',*,*,#12894,.T.);
#12901=ORIENTED_EDGE('',*,*,#12898,.T.);
#12902=DIRECTION('',(0.5654947015900655,0.23427795543786326,-0.7907778335723741));
#12903=AXIS2_PLACEMENT_3D('',#5908,#12902,#10026);
#12904=PLANE('',#12903);
#12905=EDGE_LOOP('',(#12899,#12900,#12901));
#12906=FACE_BOUND('',#12905,.T.);
#12907=ADVANCED_FACE('',(#12906),#12904,.T.);
#12908=DIRECTION('',(-0.7662964426592332,-0.2053161176032737,-0.6087980402564739));
#12909=VECTOR('',#12908,1000.0);
#12910=LINE('',#5910,#12909);
#12911=EDGE_CURVE('',#5911,#5915,#12910,.T.);
#12912=LINE('',#5914,#10049);
#12913=EDGE_CURVE('',#5915,#5913,#12912,.T.);
#12914=ORIENTED_EDGE('',*,*,#12894,.F.);
#12915=ORIENTED_EDGE('',*,*,#12911,.T.);
#12916=ORIENTED_EDGE('',*,*,#12913,.T.);
#12917=DIRECTION('',(0.5654930501373369,0.23424777764499705,-0.7907879544572941));
#12918=DIRECTION('',(0.8231232936626971,-0.2205421678153598,0.523286915224502));
#12919=AXIS2_PLACEMENT_3D('',#5912,#12917,#12918);
#12920=PLANE('',#12919);
#12921=EDGE_LOOP('',(#12914,#12915,#12916));
#12922=FACE_BOUND('',#12921,.T.);
#12923=ADVANCED_FACE('',(#12922),#12920,.T.);
#12924=DIRECTION('',(-0.9329160488757772,0.0,-0.3600939401739611));
#12925=VECTOR('',#12924,1000.0);
#12926=LINE('',#5914,#12925);
#12927=EDGE_CURVE('',#5915,#5917,#12926,.T.);
#12928=DIRECTION('',(0.8001107681562512,0.4619215933299135,0.3826894306039398));
#12929=VECTOR('',#12928,1000.0);
#12930=LINE('',#5916,#12929);
#12931=EDGE_CURVE('',#5917,#5913,#12930,.T.);
#12932=ORIENTED_EDGE('',*,*,#12913,.F.);
#12933=ORIENTED_EDGE('',*,*,#12927,.T.);
#12934=ORIENTED_EDGE('',*,*,#12931,.T.);
#12935=DIRECTION('',(0.3561535477203631,0.14753174602873528,-0.9227074478727869));
#12936=AXIS2_PLACEMENT_3D('',#5912,#12935,#10026);
#12937=PLANE('',#12936);
#12938=EDGE_LOOP('',(#12932,#12933,#12934));
#12939=FACE_BOUND('',#12938,.T.);
#12940=ADVANCED_FACE('',(#12939),#12937,.T.);
#12941=DIRECTION('',(-0.8923935002047674,-0.23915481841229969,-0.38267324654653334));
#12942=VECTOR('',#12941,1000.0);
#12943=LINE('',#5914,#12942);
#12944=EDGE_CURVE('',#5915,#5919,#12943,.T.);
#12945=LINE('',#5918,#10049);
#12946=EDGE_CURVE('',#5919,#5917,#12945,.T.);
#12947=ORIENTED_EDGE('',*,*,#12927,.F.);
#12948=ORIENTED_EDGE('',*,*,#12944,.T.);
#12949=ORIENTED_EDGE('',*,*,#12946,.T.);
#12950=DIRECTION('',(0.3561571906048585,0.14746390887030436,-0.9227168857028385));
#12951=DIRECTION('',(0.9329160488757772,0.0,0.3600939401739611));
#12952=AXIS2_PLACEMENT_3D('',#5916,#12950,#12951);
#12953=PLANE('',#12952);
#12954=EDGE_LOOP('',(#12947,#12948,#12949));
#12955=FACE_BOUND('',#12954,.T.);
#12956=ADVANCED_FACE('',(#12955),#12953,.T.);
#12957=DIRECTION('',(-0.9576695233526958,-0.2565915876236298,-0.1304984337155263));
#12958=VECTOR('',#12957,1000.0);
#12959=LINE('',#5918,#12958);
#12960=EDGE_CURVE('',#5919,#5603,#12959,.T.);
#12961=DIRECTION('',(0.858614183071185,0.49573493431093374,0.1304935229531933));
#12962=VECTOR('',#12961,1000.0);
#12963=LINE('',#5602,#12962);
#12964=EDGE_CURVE('',#5603,#5917,#12963,.T.);
#12965=ORIENTED_EDGE('',*,*,#12946,.F.);
#12966=ORIENTED_EDGE('',*,*,#12960,.T.);
#12967=ORIENTED_EDGE('',*,*,#12964,.T.);
#12968=DIRECTION('',(0.12159255292742946,0.05034438056338801,-0.9913025241661998));
#12969=AXIS2_PLACEMENT_3D('',#5916,#12968,#10026);
#12970=PLANE('',#12969);
#12971=EDGE_LOOP('',(#12965,#12966,#12967));
#12972=FACE_BOUND('',#12971,.T.);
#12973=ADVANCED_FACE('',(#12972),#12970,.T.);
#12974=LINE('',#5530,#10650);
#12975=EDGE_CURVE('',#5531,#5903,#12974,.T.);
#12976=ORIENTED_EDGE('',*,*,#11283,.F.);
#12977=ORIENTED_EDGE('',*,*,#12975,.T.);
#12978=ORIENTED_EDGE('',*,*,#12816,.F.);
#12979=DIRECTION('',(0.9831074856909887,0.12940123000530074,-0.12944108023134562));
#12980=AXIS2_PLACEMENT_3D('',#5798,#12979,#11112);
#12981=PLANE('',#12980);
#12982=EDGE_LOOP('',(#12976,#12977,#12978));
#12983=FACE_BOUND('',#12982,.T.);
#12984=ADVANCED_FACE('',(#12983),#12981,.T.);
#12985=DIRECTION('',(-0.13049910395191563,0.0,-0.9914484272355004));
#12986=VECTOR('',#12985,1000.0);
#12987=LINE('',#5530,#12986);
#12988=EDGE_CURVE('',#5531,#5921,#12987,.T.);
#12989=LINE('',#5920,#10243);
#12990=EDGE_CURVE('',#5921,#5903,#12989,.T.);
#12991=ORIENTED_EDGE('',*,*,#12975,.F.);
#12992=ORIENTED_EDGE('',*,*,#12988,.T.);
#12993=ORIENTED_EDGE('',*,*,#12990,.T.);
#12994=DIRECTION('',(0.9831073068485544,0.12944246206839685,-0.1294012064652187));
#12995=AXIS2_PLACEMENT_3D('',#5902,#12994,#10672);
#12996=PLANE('',#12995);
#12997=EDGE_LOOP('',(#12991,#12992,#12993));
#12998=FACE_BOUND('',#12997,.T.);
#12999=ADVANCED_FACE('',(#12998),#12996,.T.);
#13000=LINE('',#5920,#10436);
#13001=EDGE_CURVE('',#5921,#5907,#13000,.T.);
#13002=ORIENTED_EDGE('',*,*,#12990,.F.);
#13003=ORIENTED_EDGE('',*,*,#13001,.T.);
#13004=ORIENTED_EDGE('',*,*,#12846,.F.);
#13005=DIRECTION('',(0.9171161267825069,0.12075362335970032,-0.3798902110359734));
#13006=DIRECTION('',(0.13054000070828317,-0.9914430433540202,0.0));
#13007=AXIS2_PLACEMENT_3D('',#5902,#13005,#13006);
#13008=PLANE('',#13007);
#13009=EDGE_LOOP('',(#13002,#13003,#13004));
#13010=FACE_BOUND('',#13009,.T.);
#13011=ADVANCED_FACE('',(#13010),#13008,.T.);
#13012=DIRECTION('',(-0.3826788297402502,0.0,-0.923881438967486));
#13013=VECTOR('',#13012,1000.0);
#13014=LINE('',#5920,#13013);
#13015=EDGE_CURVE('',#5921,#5923,#13014,.T.);
#13016=LINE('',#5922,#10243);
#13017=EDGE_CURVE('',#5923,#5907,#13016,.T.);
#13018=ORIENTED_EDGE('',*,*,#13001,.F.);
#13019=ORIENTED_EDGE('',*,*,#13015,.T.);
#13020=ORIENTED_EDGE('',*,*,#13017,.T.);
#13021=DIRECTION('',(0.9171192502465333,0.12076869597639786,-0.37987787892873826));
#13022=AXIS2_PLACEMENT_3D('',#5906,#13021,#10458);
#13023=PLANE('',#13022);
#13024=EDGE_LOOP('',(#13018,#13019,#13020));
#13025=FACE_BOUND('',#13024,.T.);
#13026=ADVANCED_FACE('',(#13025),#13023,.T.);
#13027=LINE('',#5922,#10137);
#13028=EDGE_CURVE('',#5923,#5911,#13027,.T.);
#13029=ORIENTED_EDGE('',*,*,#13017,.F.);
#13030=ORIENTED_EDGE('',*,*,#13028,.T.);
#13031=ORIENTED_EDGE('',*,*,#12878,.F.);
#13032=DIRECTION('',(0.7890533735365991,0.10390464157433907,-0.6054738633250988));
#13033=AXIS2_PLACEMENT_3D('',#5906,#13032,#13006);
#13034=PLANE('',#13033);
#13035=EDGE_LOOP('',(#13029,#13030,#13031));
#13036=FACE_BOUND('',#13035,.T.);
#13037=ADVANCED_FACE('',(#13036),#13034,.T.);
#13038=DIRECTION('',(-0.6087692589451681,0.0,-0.7933473321082959));
#13039=VECTOR('',#13038,1000.0);
#13040=LINE('',#5922,#13039);
#13041=EDGE_CURVE('',#5923,#5925,#13040,.T.);
#13042=LINE('',#5924,#10243);
#13043=EDGE_CURVE('',#5925,#5911,#13042,.T.);
#13044=ORIENTED_EDGE('',*,*,#13028,.F.);
#13045=ORIENTED_EDGE('',*,*,#13041,.T.);
#13046=ORIENTED_EDGE('',*,*,#13043,.T.);
#13047=DIRECTION('',(0.7890531972208917,0.10390410009848405,-0.6054741860213471));
#13048=DIRECTION('',(0.552115715577633,-0.5521157155776273,0.6247691359409512));
#13049=AXIS2_PLACEMENT_3D('',#5910,#13047,#13048);
#13050=PLANE('',#13049);
#13051=EDGE_LOOP('',(#13044,#13045,#13046));
#13052=FACE_BOUND('',#13051,.T.);
#13053=ADVANCED_FACE('',(#13052),#13050,.T.);
#13054=DIRECTION('',(-0.7379918281811318,0.4260916459087282,-0.5232723677251282));
#13055=VECTOR('',#13054,1000.0);
#13056=LINE('',#5924,#13055);
#13057=EDGE_CURVE('',#5925,#5915,#13056,.T.);
#13058=ORIENTED_EDGE('',*,*,#13043,.F.);
#13059=ORIENTED_EDGE('',*,*,#13057,.T.);
#13060=ORIENTED_EDGE('',*,*,#12911,.F.);
#13061=DIRECTION('',(0.6068474367711334,0.07991088184783651,-0.7907910213492605));
#13062=AXIS2_PLACEMENT_3D('',#5910,#13061,#13006);
#13063=PLANE('',#13062);
#13064=EDGE_LOOP('',(#13058,#13059,#13060));
#13065=FACE_BOUND('',#13064,.T.);
#13066=ADVANCED_FACE('',(#13065),#13063,.T.);
#13067=DIRECTION('',(-0.7933401586381282,0.0,-0.6087786072884213));
#13068=VECTOR('',#13067,1000.0);
#13069=LINE('',#5924,#13068);
#13070=EDGE_CURVE('',#5925,#5927,#13069,.T.);
#13071=LINE('',#5926,#9893);
#13072=EDGE_CURVE('',#5927,#5915,#13071,.T.);
#13073=ORIENTED_EDGE('',*,*,#13057,.F.);
#13074=ORIENTED_EDGE('',*,*,#13070,.T.);
#13075=ORIENTED_EDGE('',*,*,#13072,.T.);
#13076=DIRECTION('',(0.6068337756463843,0.0798691717592597,-0.7908057183260904));
#13077=DIRECTION('',(0.7379918281811318,-0.4260916459087282,0.5232723677251282));
#13078=AXIS2_PLACEMENT_3D('',#5914,#13076,#13077);
#13079=PLANE('',#13078);
#13080=EDGE_LOOP('',(#13073,#13074,#13075));
#13081=FACE_BOUND('',#13080,.T.);
#13082=ADVANCED_FACE('',(#13081),#13079,.T.);
#13083=DIRECTION('',(-0.9011318885712474,0.24144327067785748,-0.36009230267307274));
#13084=VECTOR('',#13083,1000.0);
#13085=LINE('',#5926,#13084);
#13086=EDGE_CURVE('',#5927,#5919,#13085,.T.);
#13087=ORIENTED_EDGE('',*,*,#13072,.F.);
#13088=ORIENTED_EDGE('',*,*,#13086,.T.);
#13089=ORIENTED_EDGE('',*,*,#12944,.F.);
#13090=DIRECTION('',(0.3821935865873057,0.0503028777195435,-0.9227121343434606));
#13091=AXIS2_PLACEMENT_3D('',#5914,#13090,#11112);
#13092=PLANE('',#13091);
#13093=EDGE_LOOP('',(#13087,#13088,#13089));
#13094=FACE_BOUND('',#13093,.T.);
#13095=ADVANCED_FACE('',(#13094),#13092,.T.);
#13096=DIRECTION('',(-0.9238814389674863,0.0,-0.38267882974024947));
#13097=VECTOR('',#13096,1000.0);
#13098=LINE('',#5926,#13097);
#13099=EDGE_CURVE('',#5927,#5929,#13098,.T.);
#13100=LINE('',#5928,#9893);
#13101=EDGE_CURVE('',#5929,#5919,#13100,.T.);
#13102=ORIENTED_EDGE('',*,*,#13086,.F.);
#13103=ORIENTED_EDGE('',*,*,#13099,.T.);
#13104=ORIENTED_EDGE('',*,*,#13101,.T.);
#13105=DIRECTION('',(0.3821942969107061,0.05030624112111574,-0.9227116567558877));
#13106=DIRECTION('',(0.9011318885712474,-0.24144327067785748,0.36009230267307274));
#13107=AXIS2_PLACEMENT_3D('',#5918,#13105,#13106);
#13108=PLANE('',#13107);
#13109=EDGE_LOOP('',(#13102,#13103,#13104));
#13110=FACE_BOUND('',#13109,.T.);
#13111=ADVANCED_FACE('',(#13110),#13108,.T.);
#13112=DIRECTION('',(-0.9914484272354999,0.0,-0.13049910395191872));
#13113=VECTOR('',#13112,1000.0);
#13114=LINE('',#5928,#13113);
#13115=EDGE_CURVE('',#5929,#5603,#13114,.T.);
#13116=ORIENTED_EDGE('',*,*,#13101,.F.);
#13117=ORIENTED_EDGE('',*,*,#13115,.T.);
#13118=ORIENTED_EDGE('',*,*,#12960,.F.);
#13119=DIRECTION('',(0.13047985656240677,0.01717438271249403,-0.9913021979244769));
#13120=AXIS2_PLACEMENT_3D('',#5918,#13119,#11112);
#13121=PLANE('',#13120);
#13122=EDGE_LOOP('',(#13116,#13117,#13118));
#13123=FACE_BOUND('',#13122,.T.);
#13124=ADVANCED_FACE('',(#13123),#13121,.T.);
#13125=LINE('',#5796,#10592);
#13126=EDGE_CURVE('',#5797,#5891,#13125,.T.);
#13127=ORIENTED_EDGE('',*,*,#11231,.F.);
#13128=ORIENTED_EDGE('',*,*,#13126,.T.);
#13129=ORIENTED_EDGE('',*,*,#12522,.F.);
#13130=DIRECTION('',(0.7866748962833063,0.6036492142331686,-0.1294226939656548));
#13131=AXIS2_PLACEMENT_3D('',#5794,#13130,#10785);
#13132=PLANE('',#13131);
#13133=EDGE_LOOP('',(#13127,#13128,#13129));
#13134=FACE_BOUND('',#13133,.T.);
#13135=ADVANCED_FACE('',(#13134),#13132,.T.);
#13136=LINE('',#5900,#10014);
#13137=EDGE_CURVE('',#5901,#5891,#13136,.T.);
#13138=ORIENTED_EDGE('',*,*,#13126,.F.);
#13139=ORIENTED_EDGE('',*,*,#12803,.F.);
#13140=ORIENTED_EDGE('',*,*,#13137,.T.);
#13141=DIRECTION('',(0.7866858289833492,0.6036304661281997,-0.12944368211169333));
#13142=AXIS2_PLACEMENT_3D('',#5890,#13141,#10614);
#13143=PLANE('',#13142);
#13144=EDGE_LOOP('',(#13138,#13139,#13140));
#13145=FACE_BOUND('',#13144,.T.);
#13146=ADVANCED_FACE('',(#13145),#13143,.T.);
#13147=DIRECTION('',(-0.6335942113286723,0.3657688643583754,-0.6817415296406564));
#13148=VECTOR('',#13147,1000.0);
#13149=LINE('',#5900,#13148);
#13150=EDGE_CURVE('',#5901,#5893,#13149,.T.);
#13151=ORIENTED_EDGE('',*,*,#13137,.F.);
#13152=ORIENTED_EDGE('',*,*,#13150,.T.);
#13153=ORIENTED_EDGE('',*,*,#12550,.F.);
#13154=DIRECTION('',(0.7338722920917582,0.5631062076285278,-0.37992480549472746));
#13155=AXIS2_PLACEMENT_3D('',#5890,#13154,#10785);
#13156=PLANE('',#13155);
#13157=EDGE_LOOP('',(#13151,#13152,#13153));
#13158=FACE_BOUND('',#13157,.T.);
#13159=ADVANCED_FACE('',(#13158),#13156,.T.);
#13160=LINE('',#5904,#10014);
#13161=EDGE_CURVE('',#5905,#5893,#13160,.T.);
#13162=ORIENTED_EDGE('',*,*,#13150,.F.);
#13163=ORIENTED_EDGE('',*,*,#12833,.F.);
#13164=ORIENTED_EDGE('',*,*,#13161,.T.);
#13165=DIRECTION('',(0.7338543682530464,0.5631604286807657,-0.37987905675888284));
#13166=AXIS2_PLACEMENT_3D('',#5892,#13165,#10389);
#13167=PLANE('',#13166);
#13168=EDGE_LOOP('',(#13162,#13163,#13164));
#13169=FACE_BOUND('',#13168,.T.);
#13170=ADVANCED_FACE('',(#13169),#13167,.T.);
#13171=DIRECTION('',(-0.7541995385543107,0.20207519636331636,-0.6247788977383857));
#13172=VECTOR('',#13171,1000.0);
#13173=LINE('',#5904,#13172);
#13174=EDGE_CURVE('',#5905,#5895,#13173,.T.);
#13175=ORIENTED_EDGE('',*,*,#13161,.F.);
#13176=ORIENTED_EDGE('',*,*,#13174,.T.);
#13177=ORIENTED_EDGE('',*,*,#12579,.F.);
#13178=DIRECTION('',(0.6313863393891452,0.484526381439979,-0.6054630262216308));
#13179=AXIS2_PLACEMENT_3D('',#5892,#13178,#10785);
#13180=PLANE('',#13179);
#13181=EDGE_LOOP('',(#13175,#13176,#13177));
#13182=FACE_BOUND('',#13181,.T.);
#13183=ADVANCED_FACE('',(#13182),#13180,.T.);
#13184=LINE('',#5908,#10014);
#13185=EDGE_CURVE('',#5909,#5895,#13184,.T.);
#13186=ORIENTED_EDGE('',*,*,#13174,.F.);
#13187=ORIENTED_EDGE('',*,*,#12865,.F.);
#13188=ORIENTED_EDGE('',*,*,#13185,.T.);
#13189=DIRECTION('',(0.6314014106497574,0.48445525328333733,-0.605504224754604));
#13190=DIRECTION('',(0.7541995385543107,-0.20207519636331636,0.6247788977383857));
#13191=AXIS2_PLACEMENT_3D('',#5894,#13189,#13190);
#13192=PLANE('',#13191);
#13193=EDGE_LOOP('',(#13186,#13187,#13188));
#13194=FACE_BOUND('',#13193,.T.);
#13195=ADVANCED_FACE('',(#13194),#13192,.T.);
#13196=DIRECTION('',(-0.8521553417218677,0.0,-0.5232889006800038));
#13197=VECTOR('',#13196,1000.0);
#13198=LINE('',#5908,#13197);
#13199=EDGE_CURVE('',#5909,#5897,#13198,.T.);
#13200=ORIENTED_EDGE('',*,*,#13185,.F.);
#13201=ORIENTED_EDGE('',*,*,#13199,.T.);
#13202=ORIENTED_EDGE('',*,*,#12608,.F.);
#13203=DIRECTION('',(0.48560932781703453,0.3725933866100448,-0.7907956430023787));
#13204=AXIS2_PLACEMENT_3D('',#5894,#13203,#10785);
#13205=PLANE('',#13204);
#13206=EDGE_LOOP('',(#13200,#13201,#13202));
#13207=FACE_BOUND('',#13206,.T.);
#13208=ADVANCED_FACE('',(#13207),#13205,.T.);
#13209=LINE('',#5912,#10014);
#13210=EDGE_CURVE('',#5913,#5897,#13209,.T.);
#13211=ORIENTED_EDGE('',*,*,#13199,.F.);
#13212=ORIENTED_EDGE('',*,*,#12898,.F.);
#13213=ORIENTED_EDGE('',*,*,#13210,.T.);
#13214=DIRECTION('',(0.48559585625435603,0.37265749921466346,-0.790773705093734));
#13215=DIRECTION('',(0.8521553417218677,0.0,0.5232889006800038));
#13216=AXIS2_PLACEMENT_3D('',#5896,#13214,#13215);
#13217=PLANE('',#13216);
#13218=EDGE_LOOP('',(#13211,#13212,#13213));
#13219=FACE_BOUND('',#13218,.T.);
#13220=ADVANCED_FACE('',(#13219),#13217,.T.);
#13221=DIRECTION('',(-0.9011318885712474,-0.24144327067785748,-0.36009230267307274));
#13222=VECTOR('',#13221,1000.0);
#13223=LINE('',#5912,#13222);
#13224=EDGE_CURVE('',#5913,#5899,#13223,.T.);
#13225=ORIENTED_EDGE('',*,*,#13210,.F.);
#13226=ORIENTED_EDGE('',*,*,#13224,.T.);
#13227=ORIENTED_EDGE('',*,*,#12637,.F.);
#13228=DIRECTION('',(0.30582891141974555,0.23470018503932166,-0.9227049908190167));
#13229=AXIS2_PLACEMENT_3D('',#5896,#13228,#10785);
#13230=PLANE('',#13229);
#13231=EDGE_LOOP('',(#13225,#13226,#13227));
#13232=FACE_BOUND('',#13231,.T.);
#13233=ADVANCED_FACE('',(#13232),#13230,.T.);
#13234=LINE('',#5916,#10014);
#13235=EDGE_CURVE('',#5917,#5899,#13234,.T.);
#13236=ORIENTED_EDGE('',*,*,#13224,.F.);
#13237=ORIENTED_EDGE('',*,*,#12931,.F.);
#13238=ORIENTED_EDGE('',*,*,#13235,.T.);
#13239=DIRECTION('',(0.3058297263333802,0.23469768799463828,-0.922705355864385));
#13240=DIRECTION('',(0.9011318885712474,0.24144327067785748,0.36009230267307274));
#13241=AXIS2_PLACEMENT_3D('',#5898,#13239,#13240);
#13242=PLANE('',#13241);
#13243=EDGE_LOOP('',(#13236,#13237,#13238));
#13244=FACE_BOUND('',#13243,.T.);
#13245=ADVANCED_FACE('',(#13244),#13242,.T.);
#13246=ORIENTED_EDGE('',*,*,#13235,.F.);
#13247=ORIENTED_EDGE('',*,*,#12964,.F.);
#13248=ORIENTED_EDGE('',*,*,#12653,.F.);
#13249=DIRECTION('',(0.10440163462171043,0.08011916487760344,-0.9913027883082093));
#13250=AXIS2_PLACEMENT_3D('',#5898,#13249,#10785);
#13251=PLANE('',#13250);
#13252=EDGE_LOOP('',(#13246,#13247,#13248));
#13253=FACE_BOUND('',#13252,.T.);
#13254=ADVANCED_FACE('',(#13253),#13251,.T.);
#13255=DIRECTION('',(-0.009134318191276617,-0.9999575584500046,-0.001202301911454006));
#13256=VECTOR('',#13255,1000.0);
#13257=LINE('',#5928,#13256);
#13258=EDGE_CURVE('',#5929,#5605,#13257,.T.);
#13259=ORIENTED_EDGE('',*,*,#8319,.F.);
#13260=ORIENTED_EDGE('',*,*,#13115,.F.);
#13261=ORIENTED_EDGE('',*,*,#13258,.T.);
#13262=DIRECTION('',(0.13049910395191874,0.0,-0.9914484272354999));
#13263=AXIS2_PLACEMENT_3D('',#5604,#13262,#1192);
#13264=PLANE('',#13263);
#13265=EDGE_LOOP('',(#13259,#13260,#13261));
#13266=FACE_BOUND('',#13265,.T.);
#13267=ADVANCED_FACE('',(#13266),#13264,.T.);
#13268=DIRECTION('',(0.0,-1.0,0.0));
#13269=VECTOR('',#13268,1000.0);
#13270=LINE('',#5928,#13269);
#13271=EDGE_CURVE('',#5929,#5849,#13270,.T.);
#13272=ORIENTED_EDGE('',*,*,#13258,.F.);
#13273=ORIENTED_EDGE('',*,*,#13271,.T.);
#13274=ORIENTED_EDGE('',*,*,#11906,.F.);
#13275=DIRECTION('',(0.13049910395191874,0.0,-0.9914484272354999));
#13276=DIRECTION('',(0.009134318191276617,0.9999575584500046,0.001202301911454006));
#13277=AXIS2_PLACEMENT_3D('',#5604,#13275,#13276);
#13278=PLANE('',#13277);
#13279=EDGE_LOOP('',(#13272,#13273,#13274));
#13280=FACE_BOUND('',#13279,.T.);
#13281=ADVANCED_FACE('',(#13280),#13278,.T.);
#13282=DIRECTION('',(-0.008511991648850846,-0.9999575567028222,-0.0035257327028686562));
#13283=VECTOR('',#13282,1000.0);
#13284=LINE('',#5926,#13283);
#13285=EDGE_CURVE('',#5927,#5849,#13284,.T.);
#13286=ORIENTED_EDGE('',*,*,#13271,.F.);
#13287=ORIENTED_EDGE('',*,*,#13099,.F.);
#13288=ORIENTED_EDGE('',*,*,#13285,.T.);
#13289=DIRECTION('',(0.3826788297402495,0.0,-0.9238814389674863));
#13290=AXIS2_PLACEMENT_3D('',#5848,#13289,#1192);
#13291=PLANE('',#13290);
#13292=EDGE_LOOP('',(#13286,#13287,#13288));
#13293=FACE_BOUND('',#13292,.T.);
#13294=ADVANCED_FACE('',(#13293),#13291,.T.);
#13295=DIRECTION('',(0.0,-1.0,0.0));
#13296=VECTOR('',#13295,1000.0);
#13297=LINE('',#5926,#13296);
#13298=EDGE_CURVE('',#5927,#5847,#13297,.T.);
#13299=ORIENTED_EDGE('',*,*,#13285,.F.);
#13300=ORIENTED_EDGE('',*,*,#13298,.T.);
#13301=ORIENTED_EDGE('',*,*,#11881,.F.);
#13302=DIRECTION('',(0.3826788297402495,0.0,-0.9238814389674863));
#13303=DIRECTION('',(0.008511991648850846,0.9999575567028222,0.0035257327028686562));
#13304=AXIS2_PLACEMENT_3D('',#5848,#13302,#13303);
#13305=PLANE('',#13304);
#13306=EDGE_LOOP('',(#13299,#13300,#13301));
#13307=FACE_BOUND('',#13306,.T.);
#13308=ADVANCED_FACE('',(#13307),#13305,.T.);
#13309=DIRECTION('',(-0.00730968970440902,-0.9999575519027414,-0.005609173655849731));
#13310=VECTOR('',#13309,1000.0);
#13311=LINE('',#5924,#13310);
#13312=EDGE_CURVE('',#5925,#5847,#13311,.T.);
#13313=ORIENTED_EDGE('',*,*,#13298,.F.);
#13314=ORIENTED_EDGE('',*,*,#13070,.F.);
#13315=ORIENTED_EDGE('',*,*,#13312,.T.);
#13316=DIRECTION('',(0.6087786072884213,0.0,-0.7933401586381281));
#13317=AXIS2_PLACEMENT_3D('',#5846,#13316,#1192);
#13318=PLANE('',#13317);
#13319=EDGE_LOOP('',(#13313,#13314,#13315));
#13320=FACE_BOUND('',#13319,.T.);
#13321=ADVANCED_FACE('',(#13320),#13318,.T.);
#13322=DIRECTION('',(0.0,-1.0,0.0));
#13323=VECTOR('',#13322,1000.0);
#13324=LINE('',#5924,#13323);
#13325=EDGE_CURVE('',#5925,#5845,#13324,.T.);
#13326=ORIENTED_EDGE('',*,*,#13312,.F.);
#13327=ORIENTED_EDGE('',*,*,#13325,.T.);
#13328=ORIENTED_EDGE('',*,*,#11852,.F.);
#13329=DIRECTION('',(0.6087786072884213,0.0,-0.7933401586381281));
#13330=DIRECTION('',(0.00730968970440902,0.9999575519027414,0.005609173655849731));
#13331=AXIS2_PLACEMENT_3D('',#5846,#13329,#13330);
#13332=PLANE('',#13331);
#13333=EDGE_LOOP('',(#13326,#13327,#13328));
#13334=FACE_BOUND('',#13333,.T.);
#13335=ADVANCED_FACE('',(#13334),#13332,.T.);
#13336=DIRECTION('',(-0.005608585488142874,-0.9999575595010818,-0.00730910154962379));
#13337=VECTOR('',#13336,1000.0);
#13338=LINE('',#5922,#13337);
#13339=EDGE_CURVE('',#5923,#5845,#13338,.T.);
#13340=ORIENTED_EDGE('',*,*,#13325,.F.);
#13341=ORIENTED_EDGE('',*,*,#13041,.F.);
#13342=ORIENTED_EDGE('',*,*,#13339,.T.);
#13343=AXIS2_PLACEMENT_3D('',#5844,#8602,#1192);
#13344=PLANE('',#13343);
#13345=EDGE_LOOP('',(#13340,#13341,#13342));
#13346=FACE_BOUND('',#13345,.T.);
#13347=ADVANCED_FACE('',(#13346),#13344,.T.);
#13348=DIRECTION('',(0.0,-1.0,0.0));
#13349=VECTOR('',#13348,1000.0);
#13350=LINE('',#5922,#13349);
#13351=EDGE_CURVE('',#5923,#5843,#13350,.T.);
#13352=ORIENTED_EDGE('',*,*,#13339,.F.);
#13353=ORIENTED_EDGE('',*,*,#13351,.T.);
#13354=ORIENTED_EDGE('',*,*,#11824,.F.);
#13355=DIRECTION('',(0.005608585488142874,0.9999575595010818,0.00730910154962379));
#13356=AXIS2_PLACEMENT_3D('',#5844,#8602,#13355);
#13357=PLANE('',#13356);
#13358=EDGE_LOOP('',(#13352,#13353,#13354));
#13359=FACE_BOUND('',#13358,.T.);
#13360=ADVANCED_FACE('',(#13359),#13357,.T.);
#13361=DIRECTION('',(-0.0035257327028686888,-0.9999575567028222,-0.008511991648850907));
#13362=VECTOR('',#13361,1000.0);
#13363=LINE('',#5920,#13362);
#13364=EDGE_CURVE('',#5921,#5843,#13363,.T.);
#13365=ORIENTED_EDGE('',*,*,#13351,.F.);
#13366=ORIENTED_EDGE('',*,*,#13015,.F.);
#13367=ORIENTED_EDGE('',*,*,#13364,.T.);
#13368=AXIS2_PLACEMENT_3D('',#5842,#8568,#1192);
#13369=PLANE('',#13368);
#13370=EDGE_LOOP('',(#13365,#13366,#13367));
#13371=FACE_BOUND('',#13370,.T.);
#13372=ADVANCED_FACE('',(#13371),#13369,.T.);
#13373=DIRECTION('',(0.0,-1.0,0.0));
#13374=VECTOR('',#13373,1000.0);
#13375=LINE('',#5920,#13374);
#13376=EDGE_CURVE('',#5921,#5841,#13375,.T.);
#13377=ORIENTED_EDGE('',*,*,#13364,.F.);
#13378=ORIENTED_EDGE('',*,*,#13376,.T.);
#13379=ORIENTED_EDGE('',*,*,#11797,.F.);
#13380=DIRECTION('',(0.0035257327028686888,0.9999575567028222,0.008511991648850907));
#13381=AXIS2_PLACEMENT_3D('',#5842,#8568,#13380);
#13382=PLANE('',#13381);
#13383=EDGE_LOOP('',(#13377,#13378,#13379));
#13384=FACE_BOUND('',#13383,.T.);
#13385=ADVANCED_FACE('',(#13384),#13382,.T.);
#13386=DIRECTION('',(-0.0012023019114539672,-0.9999575584500046,-0.009134318191276542));
#13387=VECTOR('',#13386,1000.0);
#13388=LINE('',#5530,#13387);
#13389=EDGE_CURVE('',#5531,#5841,#13388,.T.);
#13390=ORIENTED_EDGE('',*,*,#13376,.F.);
#13391=ORIENTED_EDGE('',*,*,#12988,.F.);
#13392=ORIENTED_EDGE('',*,*,#13389,.T.);
#13393=AXIS2_PLACEMENT_3D('',#5840,#8534,#1192);
#13394=PLANE('',#13393);
#13395=EDGE_LOOP('',(#13390,#13391,#13392));
#13396=FACE_BOUND('',#13395,.T.);
#13397=ADVANCED_FACE('',(#13396),#13394,.T.);
#13398=ORIENTED_EDGE('',*,*,#13389,.F.);
#13399=ORIENTED_EDGE('',*,*,#7335,.F.);
#13400=ORIENTED_EDGE('',*,*,#11772,.F.);
#13401=DIRECTION('',(0.0012023019114539672,0.9999575584500046,0.009134318191276542));
#13402=AXIS2_PLACEMENT_3D('',#5840,#8534,#13401);
#13403=PLANE('',#13402);
#13404=EDGE_LOOP('',(#13398,#13399,#13400));
#13405=FACE_BOUND('',#13404,.T.);
#13406=ADVANCED_FACE('',(#13405),#13403,.T.);
#13407=DIRECTION('',(0.0,-0.1304991039519234,0.9914484272354993));
#13408=VECTOR('',#13407,1000.0);
#13409=LINE('',#5356,#13408);
#13410=EDGE_CURVE('',#5357,#5931,#13409,.T.);
#13411=DIRECTION('',(0.9993948022426178,0.004539473279519904,-0.03448800418672337));
#13412=VECTOR('',#13411,1000.0);
#13413=LINE('',#5930,#13412);
#13414=EDGE_CURVE('',#5931,#5361,#13413,.T.);
#13415=ORIENTED_EDGE('',*,*,#6300,.F.);
#13416=ORIENTED_EDGE('',*,*,#13410,.T.);
#13417=ORIENTED_EDGE('',*,*,#13414,.T.);
#13418=DIRECTION('',(0.0,0.9914484272354993,0.13049910395192343));
#13419=AXIS2_PLACEMENT_3D('',#5360,#13418,#511);
#13420=PLANE('',#13419);
#13421=EDGE_LOOP('',(#13415,#13416,#13417));
#13422=FACE_BOUND('',#13421,.T.);
#13423=ADVANCED_FACE('',(#13422),#13420,.T.);
#13424=LINE('',#5930,#491);
#13425=EDGE_CURVE('',#5931,#5441,#13424,.T.);
#13426=ORIENTED_EDGE('',*,*,#13414,.F.);
#13427=ORIENTED_EDGE('',*,*,#13425,.T.);
#13428=ORIENTED_EDGE('',*,*,#7015,.F.);
#13429=DIRECTION('',(-0.9993948022426178,-0.004539473279519904,0.03448800418672337));
#13430=AXIS2_PLACEMENT_3D('',#5360,#8880,#13429);
#13431=PLANE('',#13430);
#13432=EDGE_LOOP('',(#13426,#13427,#13428));
#13433=FACE_BOUND('',#13432,.T.);
#13434=ADVANCED_FACE('',(#13433),#13431,.T.);
#13435=LINE('',#5930,#6546);
#13436=EDGE_CURVE('',#5931,#5933,#13435,.T.);
#13437=DIRECTION('',(0.9993947773495975,0.013311938434296514,-0.03213831516228033));
#13438=VECTOR('',#13437,1000.0);
#13439=LINE('',#5932,#13438);
#13440=EDGE_CURVE('',#5933,#5441,#13439,.T.);
#13441=ORIENTED_EDGE('',*,*,#13425,.F.);
#13442=ORIENTED_EDGE('',*,*,#13436,.T.);
#13443=ORIENTED_EDGE('',*,*,#13440,.T.);
#13444=DIRECTION('',(0.0,0.9238814389674898,0.3826788297402415));
#13445=AXIS2_PLACEMENT_3D('',#5440,#13444,#511);
#13446=PLANE('',#13445);
#13447=EDGE_LOOP('',(#13441,#13442,#13443));
#13448=FACE_BOUND('',#13447,.T.);
#13449=ADVANCED_FACE('',(#13448),#13446,.T.);
#13450=LINE('',#5932,#491);
#13451=EDGE_CURVE('',#5933,#5437,#13450,.T.);
#13452=ORIENTED_EDGE('',*,*,#13440,.F.);
#13453=ORIENTED_EDGE('',*,*,#13451,.T.);
#13454=ORIENTED_EDGE('',*,*,#6987,.F.);
#13455=DIRECTION('',(-0.9993947773495975,-0.013311938434296514,0.03213831516228033));
#13456=AXIS2_PLACEMENT_3D('',#5440,#8853,#13455);
#13457=PLANE('',#13456);
#13458=EDGE_LOOP('',(#13452,#13453,#13454));
#13459=FACE_BOUND('',#13458,.T.);
#13460=ADVANCED_FACE('',(#13459),#13457,.T.);
#13461=LINE('',#5932,#6511);
#13462=EDGE_CURVE('',#5933,#5935,#13461,.T.);
#13463=DIRECTION('',(0.9993947702144201,0.021178285619477114,-0.027596620921520966));
#13464=VECTOR('',#13463,1000.0);
#13465=LINE('',#5934,#13464);
#13466=EDGE_CURVE('',#5935,#5437,#13465,.T.);
#13467=ORIENTED_EDGE('',*,*,#13451,.F.);
#13468=ORIENTED_EDGE('',*,*,#13462,.T.);
#13469=ORIENTED_EDGE('',*,*,#13466,.T.);
#13470=DIRECTION('',(0.0,0.7933164969949974,0.6088094411189648));
#13471=AXIS2_PLACEMENT_3D('',#5436,#13470,#511);
#13472=PLANE('',#13471);
#13473=EDGE_LOOP('',(#13467,#13468,#13469));
#13474=FACE_BOUND('',#13473,.T.);
#13475=ADVANCED_FACE('',(#13474),#13472,.T.);
#13476=LINE('',#5934,#491);
#13477=EDGE_CURVE('',#5935,#5433,#13476,.T.);
#13478=ORIENTED_EDGE('',*,*,#13466,.F.);
#13479=ORIENTED_EDGE('',*,*,#13477,.T.);
#13480=ORIENTED_EDGE('',*,*,#6960,.F.);
#13481=DIRECTION('',(-0.9993947702144201,-0.021178285619477114,0.027596620921520966));
#13482=AXIS2_PLACEMENT_3D('',#5436,#8826,#13481);
#13483=PLANE('',#13482);
#13484=EDGE_LOOP('',(#13478,#13479,#13480));
#13485=FACE_BOUND('',#13484,.T.);
#13486=ADVANCED_FACE('',(#13485),#13483,.T.);
#13487=LINE('',#5934,#6475);
#13488=EDGE_CURVE('',#5935,#5937,#13487,.T.);
#13489=DIRECTION('',(0.9993947702144201,0.027596620921520966,-0.021178285619477114));
#13490=VECTOR('',#13489,1000.0);
#13491=LINE('',#5936,#13490);
#13492=EDGE_CURVE('',#5937,#5433,#13491,.T.);
#13493=ORIENTED_EDGE('',*,*,#13477,.F.);
#13494=ORIENTED_EDGE('',*,*,#13488,.T.);
#13495=ORIENTED_EDGE('',*,*,#13492,.T.);
#13496=DIRECTION('',(0.0,0.6088094411189648,0.7933164969949974));
#13497=AXIS2_PLACEMENT_3D('',#5432,#13496,#511);
#13498=PLANE('',#13497);
#13499=EDGE_LOOP('',(#13493,#13494,#13495));
#13500=FACE_BOUND('',#13499,.T.);
#13501=ADVANCED_FACE('',(#13500),#13498,.T.);
#13502=LINE('',#5936,#491);
#13503=EDGE_CURVE('',#5937,#5429,#13502,.T.);
#13504=ORIENTED_EDGE('',*,*,#13492,.F.);
#13505=ORIENTED_EDGE('',*,*,#13503,.T.);
#13506=ORIENTED_EDGE('',*,*,#6933,.F.);
#13507=DIRECTION('',(-0.9993947702144201,-0.027596620921520966,0.021178285619477114));
#13508=AXIS2_PLACEMENT_3D('',#5432,#8799,#13507);
#13509=PLANE('',#13508);
#13510=EDGE_LOOP('',(#13504,#13505,#13506));
#13511=FACE_BOUND('',#13510,.T.);
#13512=ADVANCED_FACE('',(#13511),#13509,.T.);
#13513=LINE('',#5936,#6439);
#13514=EDGE_CURVE('',#5937,#5939,#13513,.T.);
#13515=DIRECTION('',(0.9993947773495975,0.032138315162280086,-0.013311938434296268));
#13516=VECTOR('',#13515,1000.0);
#13517=LINE('',#5938,#13516);
#13518=EDGE_CURVE('',#5939,#5429,#13517,.T.);
#13519=ORIENTED_EDGE('',*,*,#13503,.F.);
#13520=ORIENTED_EDGE('',*,*,#13514,.T.);
#13521=ORIENTED_EDGE('',*,*,#13518,.T.);
#13522=DIRECTION('',(0.0,0.382678829740238,0.9238814389674911));
#13523=AXIS2_PLACEMENT_3D('',#5428,#13522,#511);
#13524=PLANE('',#13523);
#13525=EDGE_LOOP('',(#13519,#13520,#13521));
#13526=FACE_BOUND('',#13525,.T.);
#13527=ADVANCED_FACE('',(#13526),#13524,.T.);
#13528=LINE('',#5938,#491);
#13529=EDGE_CURVE('',#5939,#5425,#13528,.T.);
#13530=ORIENTED_EDGE('',*,*,#13518,.F.);
#13531=ORIENTED_EDGE('',*,*,#13529,.T.);
#13532=ORIENTED_EDGE('',*,*,#6906,.F.);
#13533=DIRECTION('',(-0.9993947773495975,-0.032138315162280086,0.013311938434296268));
#13534=AXIS2_PLACEMENT_3D('',#5428,#8772,#13533);
#13535=PLANE('',#13534);
#13536=EDGE_LOOP('',(#13530,#13531,#13532));
#13537=FACE_BOUND('',#13536,.T.);
#13538=ADVANCED_FACE('',(#13537),#13535,.T.);
#13539=DIRECTION('',(0.0,-0.9914484272354984,0.13049910395192943));
#13540=VECTOR('',#13539,1000.0);
#13541=LINE('',#5938,#13540);
#13542=EDGE_CURVE('',#5939,#5475,#13541,.T.);
#13543=DIRECTION('',(0.9993948022426178,0.03448800418672362,-0.0045394732795201505));
#13544=VECTOR('',#13543,1000.0);
#13545=LINE('',#5474,#13544);
#13546=EDGE_CURVE('',#5475,#5425,#13545,.T.);
#13547=ORIENTED_EDGE('',*,*,#13529,.F.);
#13548=ORIENTED_EDGE('',*,*,#13542,.T.);
#13549=ORIENTED_EDGE('',*,*,#13546,.T.);
#13550=DIRECTION('',(0.0,0.13049910395192948,0.9914484272354985));
#13551=AXIS2_PLACEMENT_3D('',#5424,#13550,#511);
#13552=PLANE('',#13551);
#13553=EDGE_LOOP('',(#13547,#13548,#13549));
#13554=FACE_BOUND('',#13553,.T.);
#13555=ADVANCED_FACE('',(#13554),#13552,.T.);
#13556=ORIENTED_EDGE('',*,*,#13546,.F.);
#13557=ORIENTED_EDGE('',*,*,#7305,.F.);
#13558=ORIENTED_EDGE('',*,*,#6876,.F.);
#13559=DIRECTION('',(-0.9993948022426178,-0.03448800418672362,0.0045394732795201505));
#13560=AXIS2_PLACEMENT_3D('',#5424,#8745,#13559);
#13561=PLANE('',#13560);
#13562=EDGE_LOOP('',(#13556,#13557,#13558));
#13563=FACE_BOUND('',#13562,.T.);
#13564=ADVANCED_FACE('',(#13563),#13561,.T.);
#13565=LINE('',#5348,#11770);
#13566=EDGE_CURVE('',#5349,#5941,#13565,.T.);
#13567=DIRECTION('',(-0.0012023019114539672,0.9999575584500046,-0.009134318191276485));
#13568=VECTOR('',#13567,1000.0);
#13569=LINE('',#5940,#13568);
#13570=EDGE_CURVE('',#5941,#5353,#13569,.T.);
#13571=ORIENTED_EDGE('',*,*,#6269,.F.);
#13572=ORIENTED_EDGE('',*,*,#13566,.T.);
#13573=ORIENTED_EDGE('',*,*,#13570,.T.);
#13574=DIRECTION('',(0.0,-1.0,0.0));
#13575=AXIS2_PLACEMENT_3D('',#5352,#8554,#13574);
#13576=PLANE('',#13575);
#13577=EDGE_LOOP('',(#13571,#13572,#13573));
#13578=FACE_BOUND('',#13577,.T.);
#13579=ADVANCED_FACE('',(#13578),#13576,.T.);
#13580=LINE('',#5940,#1193);
#13581=EDGE_CURVE('',#5941,#5943,#13580,.T.);
#13582=DIRECTION('',(-0.1304991039519164,0.0,-0.9914484272355001));
#13583=VECTOR('',#13582,1000.0);
#13584=LINE('',#5942,#13583);
#13585=EDGE_CURVE('',#5943,#5353,#13584,.T.);
#13586=ORIENTED_EDGE('',*,*,#13570,.F.);
#13587=ORIENTED_EDGE('',*,*,#13581,.T.);
#13588=ORIENTED_EDGE('',*,*,#13585,.T.);
#13589=DIRECTION('',(0.0012023019114539672,-0.9999575584500046,0.009134318191276485));
#13590=AXIS2_PLACEMENT_3D('',#5352,#8554,#13589);
#13591=PLANE('',#13590);
#13592=EDGE_LOOP('',(#13586,#13587,#13588));
#13593=FACE_BOUND('',#13592,.T.);
#13594=ADVANCED_FACE('',(#13593),#13591,.T.);
#13595=LINE('',#5940,#11795);
#13596=EDGE_CURVE('',#5941,#5945,#13595,.T.);
#13597=DIRECTION('',(-0.0035257327028686888,0.9999575567028222,-0.008511991648850978));
#13598=VECTOR('',#13597,1000.0);
#13599=LINE('',#5944,#13598);
#13600=EDGE_CURVE('',#5945,#5943,#13599,.T.);
#13601=ORIENTED_EDGE('',*,*,#13581,.F.);
#13602=ORIENTED_EDGE('',*,*,#13596,.T.);
#13603=ORIENTED_EDGE('',*,*,#13600,.T.);
#13604=DIRECTION('',(0.0,-1.0,0.0));
#13605=AXIS2_PLACEMENT_3D('',#5942,#8588,#13604);
#13606=PLANE('',#13605);
#13607=EDGE_LOOP('',(#13601,#13602,#13603));
#13608=FACE_BOUND('',#13607,.T.);
#13609=ADVANCED_FACE('',(#13608),#13606,.T.);
#13610=LINE('',#5944,#1193);
#13611=EDGE_CURVE('',#5945,#5947,#13610,.T.);
#13612=DIRECTION('',(-0.38267882974024753,0.0,-0.9238814389674871));
#13613=VECTOR('',#13612,1000.0);
#13614=LINE('',#5946,#13613);
#13615=EDGE_CURVE('',#5947,#5943,#13614,.T.);
#13616=ORIENTED_EDGE('',*,*,#13600,.F.);
#13617=ORIENTED_EDGE('',*,*,#13611,.T.);
#13618=ORIENTED_EDGE('',*,*,#13615,.T.);
#13619=DIRECTION('',(0.0035257327028686888,-0.9999575567028222,0.008511991648850978));
#13620=AXIS2_PLACEMENT_3D('',#5942,#8588,#13619);
#13621=PLANE('',#13620);
#13622=EDGE_LOOP('',(#13616,#13617,#13618));
#13623=FACE_BOUND('',#13622,.T.);
#13624=ADVANCED_FACE('',(#13623),#13621,.T.);
#13625=LINE('',#5944,#11822);
#13626=EDGE_CURVE('',#5945,#5949,#13625,.T.);
#13627=DIRECTION('',(-0.005608585488142874,0.9999575595010818,-0.007309101549623819));
#13628=VECTOR('',#13627,1000.0);
#13629=LINE('',#5948,#13628);
#13630=EDGE_CURVE('',#5949,#5947,#13629,.T.);
#13631=ORIENTED_EDGE('',*,*,#13611,.F.);
#13632=ORIENTED_EDGE('',*,*,#13626,.T.);
#13633=ORIENTED_EDGE('',*,*,#13630,.T.);
#13634=DIRECTION('',(0.0,-1.0,0.0));
#13635=AXIS2_PLACEMENT_3D('',#5946,#8622,#13634);
#13636=PLANE('',#13635);
#13637=EDGE_LOOP('',(#13631,#13632,#13633));
#13638=FACE_BOUND('',#13637,.T.);
#13639=ADVANCED_FACE('',(#13638),#13636,.T.);
#13640=LINE('',#5948,#1193);
#13641=EDGE_CURVE('',#5949,#5951,#13640,.T.);
#13642=DIRECTION('',(-0.6087692589451665,0.0,-0.7933473321082971));
#13643=VECTOR('',#13642,1000.0);
#13644=LINE('',#5950,#13643);
#13645=EDGE_CURVE('',#5951,#5947,#13644,.T.);
#13646=ORIENTED_EDGE('',*,*,#13630,.F.);
#13647=ORIENTED_EDGE('',*,*,#13641,.T.);
#13648=ORIENTED_EDGE('',*,*,#13645,.T.);
#13649=DIRECTION('',(0.005608585488142874,-0.9999575595010818,0.007309101549623819));
#13650=AXIS2_PLACEMENT_3D('',#5946,#8622,#13649);
#13651=PLANE('',#13650);
#13652=EDGE_LOOP('',(#13646,#13647,#13648));
#13653=FACE_BOUND('',#13652,.T.);
#13654=ADVANCED_FACE('',(#13653),#13651,.T.);
#13655=DIRECTION('',(0.7933401586381286,0.0,0.6087786072884208));
#13656=VECTOR('',#13655,1000.0);
#13657=LINE('',#5948,#13656);
#13658=EDGE_CURVE('',#5949,#5953,#13657,.T.);
#13659=DIRECTION('',(-0.00730968970440902,0.9999575519027414,-0.005609173655849725));
#13660=VECTOR('',#13659,1000.0);
#13661=LINE('',#5952,#13660);
#13662=EDGE_CURVE('',#5953,#5951,#13661,.T.);
#13663=ORIENTED_EDGE('',*,*,#13641,.F.);
#13664=ORIENTED_EDGE('',*,*,#13658,.T.);
#13665=ORIENTED_EDGE('',*,*,#13662,.T.);
#13666=DIRECTION('',(0.0,-1.0,0.0));
#13667=AXIS2_PLACEMENT_3D('',#5950,#8656,#13666);
#13668=PLANE('',#13667);
#13669=EDGE_LOOP('',(#13663,#13664,#13665));
#13670=FACE_BOUND('',#13669,.T.);
#13671=ADVANCED_FACE('',(#13670),#13668,.T.);
#13672=LINE('',#5952,#1193);
#13673=EDGE_CURVE('',#5953,#5955,#13672,.T.);
#13674=DIRECTION('',(-0.7933401586381286,0.0,-0.6087786072884208));
#13675=VECTOR('',#13674,1000.0);
#13676=LINE('',#5954,#13675);
#13677=EDGE_CURVE('',#5955,#5951,#13676,.T.);
#13678=ORIENTED_EDGE('',*,*,#13662,.F.);
#13679=ORIENTED_EDGE('',*,*,#13673,.T.);
#13680=ORIENTED_EDGE('',*,*,#13677,.T.);
#13681=DIRECTION('',(0.00730968970440902,-0.9999575519027414,0.005609173655849725));
#13682=AXIS2_PLACEMENT_3D('',#5950,#8656,#13681);
#13683=PLANE('',#13682);
#13684=EDGE_LOOP('',(#13678,#13679,#13680));
#13685=FACE_BOUND('',#13684,.T.);
#13686=ADVANCED_FACE('',(#13685),#13683,.T.);
#13687=DIRECTION('',(0.9238814389674902,0.0,0.3826788297402404));
#13688=VECTOR('',#13687,1000.0);
#13689=LINE('',#5952,#13688);
#13690=EDGE_CURVE('',#5953,#5957,#13689,.T.);
#13691=DIRECTION('',(-0.008511991648850846,0.9999575567028222,-0.0035257327028685582));
#13692=VECTOR('',#13691,1000.0);
#13693=LINE('',#5956,#13692);
#13694=EDGE_CURVE('',#5957,#5955,#13693,.T.);
#13695=ORIENTED_EDGE('',*,*,#13673,.F.);
#13696=ORIENTED_EDGE('',*,*,#13690,.T.);
#13697=ORIENTED_EDGE('',*,*,#13694,.T.);
#13698=DIRECTION('',(0.0,-1.0,0.0));
#13699=AXIS2_PLACEMENT_3D('',#5954,#8690,#13698);
#13700=PLANE('',#13699);
#13701=EDGE_LOOP('',(#13695,#13696,#13697));
#13702=FACE_BOUND('',#13701,.T.);
#13703=ADVANCED_FACE('',(#13702),#13700,.T.);
#13704=LINE('',#5956,#1193);
#13705=EDGE_CURVE('',#5957,#5959,#13704,.T.);
#13706=DIRECTION('',(-0.9238814389674902,0.0,-0.3826788297402404));
#13707=VECTOR('',#13706,1000.0);
#13708=LINE('',#5958,#13707);
#13709=EDGE_CURVE('',#5959,#5955,#13708,.T.);
#13710=ORIENTED_EDGE('',*,*,#13694,.F.);
#13711=ORIENTED_EDGE('',*,*,#13705,.T.);
#13712=ORIENTED_EDGE('',*,*,#13709,.T.);
#13713=DIRECTION('',(0.008511991648850846,-0.9999575567028222,0.0035257327028685582));
#13714=AXIS2_PLACEMENT_3D('',#5954,#8690,#13713);
#13715=PLANE('',#13714);
#13716=EDGE_LOOP('',(#13710,#13711,#13712));
#13717=FACE_BOUND('',#13716,.T.);
#13718=ADVANCED_FACE('',(#13717),#13715,.T.);
#13719=DIRECTION('',(0.9914484272354985,0.0,0.1304991039519285));
#13720=VECTOR('',#13719,1000.0);
#13721=LINE('',#5956,#13720);
#13722=EDGE_CURVE('',#5957,#5477,#13721,.T.);
#13723=DIRECTION('',(-0.009134318191276617,0.9999575584500046,-0.0012023019114540978));
#13724=VECTOR('',#13723,1000.0);
#13725=LINE('',#5476,#13724);
#13726=EDGE_CURVE('',#5477,#5959,#13725,.T.);
#13727=ORIENTED_EDGE('',*,*,#13705,.F.);
#13728=ORIENTED_EDGE('',*,*,#13722,.T.);
#13729=ORIENTED_EDGE('',*,*,#13726,.T.);
#13730=DIRECTION('',(0.0,-1.0,0.0));
#13731=AXIS2_PLACEMENT_3D('',#5958,#8722,#13730);
#13732=PLANE('',#13731);
#13733=EDGE_LOOP('',(#13727,#13728,#13729));
#13734=FACE_BOUND('',#13733,.T.);
#13735=ADVANCED_FACE('',(#13734),#13732,.T.);
#13736=DIRECTION('',(-0.9914484272354985,0.0,-0.1304991039519285));
#13737=VECTOR('',#13736,1000.0);
#13738=LINE('',#5474,#13737);
#13739=EDGE_CURVE('',#5475,#5959,#13738,.T.);
#13740=ORIENTED_EDGE('',*,*,#13726,.F.);
#13741=ORIENTED_EDGE('',*,*,#7299,.F.);
#13742=ORIENTED_EDGE('',*,*,#13739,.T.);
#13743=DIRECTION('',(0.009134318191276617,-0.9999575584500046,0.0012023019114540978));
#13744=AXIS2_PLACEMENT_3D('',#5958,#8722,#13743);
#13745=PLANE('',#13744);
#13746=EDGE_LOOP('',(#13740,#13741,#13742));
#13747=FACE_BOUND('',#13746,.T.);
#13748=ADVANCED_FACE('',(#13747),#13745,.T.);
#13749=VECTOR('',#8528,1000.0);
#13750=LINE('',#5396,#13749);
#13751=EDGE_CURVE('',#5397,#5469,#13750,.T.);
#13752=ORIENTED_EDGE('',*,*,#7253,.F.);
#13753=ORIENTED_EDGE('',*,*,#6637,.F.);
#13754=ORIENTED_EDGE('',*,*,#13751,.T.);
#13755=DIRECTION('',(0.0,-0.9914484272354993,0.13049910395192343));
#13756=AXIS2_PLACEMENT_3D('',#5468,#13755,#12);
#13757=PLANE('',#13756);
#13758=EDGE_LOOP('',(#13752,#13753,#13754));
#13759=FACE_BOUND('',#13758,.T.);
#13760=ADVANCED_FACE('',(#13759),#13757,.T.);
#13761=LINE('',#5396,#512);
#13762=EDGE_CURVE('',#5397,#5961,#13761,.T.);
#13763=LINE('',#5960,#6635);
#13764=EDGE_CURVE('',#5961,#5469,#13763,.T.);
#13765=ORIENTED_EDGE('',*,*,#13751,.F.);
#13766=ORIENTED_EDGE('',*,*,#13762,.T.);
#13767=ORIENTED_EDGE('',*,*,#13764,.T.);
#13768=DIRECTION('',(0.0,-0.9914484272354993,0.13049910395192343));
#13769=AXIS2_PLACEMENT_3D('',#5468,#13768,#8507);
#13770=PLANE('',#13769);
#13771=EDGE_LOOP('',(#13765,#13766,#13767));
#13772=FACE_BOUND('',#13771,.T.);
#13773=ADVANCED_FACE('',(#13772),#13770,.T.);
#13774=VECTOR('',#8501,1000.0);
#13775=LINE('',#5400,#13774);
#13776=EDGE_CURVE('',#5401,#5961,#13775,.T.);
#13777=ORIENTED_EDGE('',*,*,#13762,.F.);
#13778=ORIENTED_EDGE('',*,*,#6672,.F.);
#13779=ORIENTED_EDGE('',*,*,#13776,.T.);
#13780=AXIS2_PLACEMENT_3D('',#5960,#6438,#12);
#13781=PLANE('',#13780);
#13782=EDGE_LOOP('',(#13777,#13778,#13779));
#13783=FACE_BOUND('',#13782,.T.);
#13784=ADVANCED_FACE('',(#13783),#13781,.T.);
#13785=LINE('',#5400,#512);
#13786=EDGE_CURVE('',#5401,#5963,#13785,.T.);
#13787=DIRECTION('',(0.0,-0.3826788297402414,-0.9238814389674896));
#13788=VECTOR('',#13787,1000.0);
#13789=LINE('',#5962,#13788);
#13790=EDGE_CURVE('',#5963,#5961,#13789,.T.);
#13791=ORIENTED_EDGE('',*,*,#13776,.F.);
#13792=ORIENTED_EDGE('',*,*,#13786,.T.);
#13793=ORIENTED_EDGE('',*,*,#13790,.T.);
#13794=AXIS2_PLACEMENT_3D('',#5960,#6438,#8480);
#13795=PLANE('',#13794);
#13796=EDGE_LOOP('',(#13791,#13792,#13793));
#13797=FACE_BOUND('',#13796,.T.);
#13798=ADVANCED_FACE('',(#13797),#13795,.T.);
#13799=VECTOR('',#8474,1000.0);
#13800=LINE('',#5404,#13799);
#13801=EDGE_CURVE('',#5405,#5963,#13800,.T.);
#13802=ORIENTED_EDGE('',*,*,#13786,.F.);
#13803=ORIENTED_EDGE('',*,*,#6707,.F.);
#13804=ORIENTED_EDGE('',*,*,#13801,.T.);
#13805=AXIS2_PLACEMENT_3D('',#5962,#6474,#12);
#13806=PLANE('',#13805);
#13807=EDGE_LOOP('',(#13802,#13803,#13804));
#13808=FACE_BOUND('',#13807,.T.);
#13809=ADVANCED_FACE('',(#13808),#13806,.T.);
#13810=LINE('',#5404,#512);
#13811=EDGE_CURVE('',#5405,#5965,#13810,.T.);
#13812=DIRECTION('',(0.0,-0.6088094411189648,-0.7933164969949974));
#13813=VECTOR('',#13812,1000.0);
#13814=LINE('',#5964,#13813);
#13815=EDGE_CURVE('',#5965,#5963,#13814,.T.);
#13816=ORIENTED_EDGE('',*,*,#13801,.F.);
#13817=ORIENTED_EDGE('',*,*,#13811,.T.);
#13818=ORIENTED_EDGE('',*,*,#13815,.T.);
#13819=AXIS2_PLACEMENT_3D('',#5962,#6474,#8453);
#13820=PLANE('',#13819);
#13821=EDGE_LOOP('',(#13816,#13817,#13818));
#13822=FACE_BOUND('',#13821,.T.);
#13823=ADVANCED_FACE('',(#13822),#13820,.T.);
#13824=VECTOR('',#8447,1000.0);
#13825=LINE('',#5408,#13824);
#13826=EDGE_CURVE('',#5409,#5965,#13825,.T.);
#13827=ORIENTED_EDGE('',*,*,#13811,.F.);
#13828=ORIENTED_EDGE('',*,*,#6742,.F.);
#13829=ORIENTED_EDGE('',*,*,#13826,.T.);
#13830=AXIS2_PLACEMENT_3D('',#5964,#6510,#12);
#13831=PLANE('',#13830);
#13832=EDGE_LOOP('',(#13827,#13828,#13829));
#13833=FACE_BOUND('',#13832,.T.);
#13834=ADVANCED_FACE('',(#13833),#13831,.T.);
#13835=LINE('',#5408,#512);
#13836=EDGE_CURVE('',#5409,#5967,#13835,.T.);
#13837=DIRECTION('',(0.0,-0.7933164969949974,-0.6088094411189648));
#13838=VECTOR('',#13837,1000.0);
#13839=LINE('',#5966,#13838);
#13840=EDGE_CURVE('',#5967,#5965,#13839,.T.);
#13841=ORIENTED_EDGE('',*,*,#13826,.F.);
#13842=ORIENTED_EDGE('',*,*,#13836,.T.);
#13843=ORIENTED_EDGE('',*,*,#13840,.T.);
#13844=AXIS2_PLACEMENT_3D('',#5964,#6510,#8426);
#13845=PLANE('',#13844);
#13846=EDGE_LOOP('',(#13841,#13842,#13843));
#13847=FACE_BOUND('',#13846,.T.);
#13848=ADVANCED_FACE('',(#13847),#13845,.T.);
#13849=VECTOR('',#8420,1000.0);
#13850=LINE('',#5412,#13849);
#13851=EDGE_CURVE('',#5413,#5967,#13850,.T.);
#13852=ORIENTED_EDGE('',*,*,#13836,.F.);
#13853=ORIENTED_EDGE('',*,*,#6777,.F.);
#13854=ORIENTED_EDGE('',*,*,#13851,.T.);
#13855=AXIS2_PLACEMENT_3D('',#5966,#6545,#12);
#13856=PLANE('',#13855);
#13857=EDGE_LOOP('',(#13852,#13853,#13854));
#13858=FACE_BOUND('',#13857,.T.);
#13859=ADVANCED_FACE('',(#13858),#13856,.T.);
#13860=LINE('',#5412,#512);
#13861=EDGE_CURVE('',#5413,#5969,#13860,.T.);
#13862=DIRECTION('',(0.0,-0.9238814389674911,-0.3826788297402379));
#13863=VECTOR('',#13862,1000.0);
#13864=LINE('',#5968,#13863);
#13865=EDGE_CURVE('',#5969,#5967,#13864,.T.);
#13866=ORIENTED_EDGE('',*,*,#13851,.F.);
#13867=ORIENTED_EDGE('',*,*,#13861,.T.);
#13868=ORIENTED_EDGE('',*,*,#13865,.T.);
#13869=AXIS2_PLACEMENT_3D('',#5966,#6545,#8399);
#13870=PLANE('',#13869);
#13871=EDGE_LOOP('',(#13866,#13867,#13868));
#13872=FACE_BOUND('',#13871,.T.);
#13873=ADVANCED_FACE('',(#13872),#13870,.T.);
#13874=VECTOR('',#8393,1000.0);
#13875=LINE('',#5416,#13874);
#13876=EDGE_CURVE('',#5417,#5969,#13875,.T.);
#13877=ORIENTED_EDGE('',*,*,#13861,.F.);
#13878=ORIENTED_EDGE('',*,*,#6811,.F.);
#13879=ORIENTED_EDGE('',*,*,#13876,.T.);
#13880=DIRECTION('',(0.0,-0.13049910395192948,0.9914484272354985));
#13881=AXIS2_PLACEMENT_3D('',#5968,#13880,#12);
#13882=PLANE('',#13881);
#13883=EDGE_LOOP('',(#13877,#13878,#13879));
#13884=FACE_BOUND('',#13883,.T.);
#13885=ADVANCED_FACE('',(#13884),#13882,.T.);
#13886=DIRECTION('',(0.0,-0.9914484272354984,-0.13049910395192943));
#13887=VECTOR('',#13886,1000.0);
#13888=LINE('',#5476,#13887);
#13889=EDGE_CURVE('',#5477,#5969,#13888,.T.);
#13890=ORIENTED_EDGE('',*,*,#13876,.F.);
#13891=ORIENTED_EDGE('',*,*,#7317,.F.);
#13892=ORIENTED_EDGE('',*,*,#13889,.T.);
#13893=DIRECTION('',(0.0,-0.13049910395192948,0.9914484272354985));
#13894=AXIS2_PLACEMENT_3D('',#5968,#13893,#8370);
#13895=PLANE('',#13894);
#13896=EDGE_LOOP('',(#13890,#13891,#13892));
#13897=FACE_BOUND('',#13896,.T.);
#13898=ADVANCED_FACE('',(#13897),#13895,.T.);
#13899=LINE('',#5942,#9168);
#13900=EDGE_CURVE('',#5943,#5971,#13899,.T.);
#13901=DIRECTION('',(-0.18300307355912285,-0.6830171941743838,-0.7071049338889287));
#13902=VECTOR('',#13901,1000.0);
#13903=LINE('',#5970,#13902);
#13904=EDGE_CURVE('',#5971,#5353,#13903,.T.);
#13905=ORIENTED_EDGE('',*,*,#13585,.F.);
#13906=ORIENTED_EDGE('',*,*,#13900,.T.);
#13907=ORIENTED_EDGE('',*,*,#13904,.T.);
#13908=DIRECTION('',(-0.9831073068485542,0.12944246206839682,0.12940120646521946));
#13909=AXIS2_PLACEMENT_3D('',#5352,#13908,#8545);
#13910=PLANE('',#13909);
#13911=EDGE_LOOP('',(#13905,#13906,#13907));
#13912=FACE_BOUND('',#13911,.T.);
#13913=ADVANCED_FACE('',(#13912),#13910,.T.);
#13914=DIRECTION('',(0.8001107681562545,-0.46192159332991545,0.3826894306039308));
#13915=VECTOR('',#13914,1000.0);
#13916=LINE('',#5972,#13915);
#13917=EDGE_CURVE('',#5973,#5975,#13916,.T.);
#13918=LINE('',#5974,#9201);
#13919=EDGE_CURVE('',#5975,#5977,#13918,.T.);
#13920=LINE('',#5976,#13084);
#13921=EDGE_CURVE('',#5977,#5973,#13920,.T.);
#13922=ORIENTED_EDGE('',*,*,#13917,.T.);
#13923=ORIENTED_EDGE('',*,*,#13919,.T.);
#13924=ORIENTED_EDGE('',*,*,#13921,.T.);
#13925=DIRECTION('',(-0.30582972633337296,0.2346976879946328,0.9227053558643888));
#13926=AXIS2_PLACEMENT_3D('',#5972,#13925,#13914);
#13927=PLANE('',#13926);
#13928=EDGE_LOOP('',(#13922,#13923,#13924));
#13929=FACE_BOUND('',#13928,.T.);
#13930=ADVANCED_FACE('',(#13929),#13927,.T.);
#13931=VECTOR('',#12089,1000.0);
#13932=LINE('',#5938,#13931);
#13933=EDGE_CURVE('',#5939,#5979,#13932,.T.);
#13934=DIRECTION('',(0.2565915876236312,-0.9576695233526938,0.130498433715537));
#13935=VECTOR('',#13934,1000.0);
#13936=LINE('',#5978,#13935);
#13937=EDGE_CURVE('',#5979,#5475,#13936,.T.);
#13938=ORIENTED_EDGE('',*,*,#13542,.F.);
#13939=ORIENTED_EDGE('',*,*,#13933,.T.);
#13940=ORIENTED_EDGE('',*,*,#13937,.T.);
#13941=DIRECTION('',(-0.01717438271249544,0.13047985656241748,0.9913021979244754));
#13942=AXIS2_PLACEMENT_3D('',#5474,#13941,#6389);
#13943=PLANE('',#13942);
#13944=EDGE_LOOP('',(#13938,#13939,#13940));
#13945=FACE_BOUND('',#13944,.T.);
#13946=ADVANCED_FACE('',(#13945),#13943,.T.);
#13947=DIRECTION('',(0.858614183071184,-0.4957349343109332,0.13049352295320313));
#13948=VECTOR('',#13947,1000.0);
#13949=LINE('',#5974,#13948);
#13950=EDGE_CURVE('',#5975,#5475,#13949,.T.);
#13951=LINE('',#5474,#11756);
#13952=EDGE_CURVE('',#5475,#5977,#13951,.T.);
#13953=ORIENTED_EDGE('',*,*,#13919,.F.);
#13954=ORIENTED_EDGE('',*,*,#13950,.T.);
#13955=ORIENTED_EDGE('',*,*,#13952,.T.);
#13956=DIRECTION('',(-0.10440163462171824,0.08011916487760945,0.991302788308208));
#13957=AXIS2_PLACEMENT_3D('',#5976,#13956,#8917);
#13958=PLANE('',#13957);
#13959=EDGE_LOOP('',(#13953,#13954,#13955));
#13960=FACE_BOUND('',#13959,.T.);
#13961=ADVANCED_FACE('',(#13960),#13958,.T.);
#13962=LINE('',#5980,#11609);
#13963=EDGE_CURVE('',#5981,#5475,#13962,.T.);
#13964=LINE('',#5974,#9783);
#13965=EDGE_CURVE('',#5975,#5981,#13964,.T.);
#13966=ORIENTED_EDGE('',*,*,#13963,.T.);
#13967=ORIENTED_EDGE('',*,*,#13950,.F.);
#13968=ORIENTED_EDGE('',*,*,#13965,.T.);
#13969=DIRECTION('',(-0.12159255292743858,0.0503443805633917,0.9913025241661985));
#13970=AXIS2_PLACEMENT_3D('',#5980,#13969,#11608);
#13971=PLANE('',#13970);
#13972=EDGE_LOOP('',(#13966,#13967,#13968));
#13973=FACE_BOUND('',#13972,.T.);
#13974=ADVANCED_FACE('',(#13973),#13971,.T.);
#13975=DIRECTION('',(-0.9329160488757807,0.0,-0.36009394017395246));
#13976=VECTOR('',#13975,1000.0);
#13977=LINE('',#5974,#13976);
#13978=EDGE_CURVE('',#5975,#5983,#13977,.T.);
#13979=LINE('',#5982,#11576);
#13980=EDGE_CURVE('',#5983,#5981,#13979,.T.);
#13981=ORIENTED_EDGE('',*,*,#13965,.F.);
#13982=ORIENTED_EDGE('',*,*,#13978,.T.);
#13983=ORIENTED_EDGE('',*,*,#13980,.T.);
#13984=DIRECTION('',(-0.35615719060485007,0.14746390887030086,0.9227168857028423));
#13985=AXIS2_PLACEMENT_3D('',#5980,#13984,#8974);
#13986=PLANE('',#13985);
#13987=EDGE_LOOP('',(#13981,#13982,#13983));
#13988=FACE_BOUND('',#13987,.T.);
#13989=ADVANCED_FACE('',(#13988),#13986,.T.);
#13990=LINE('',#5972,#9783);
#13991=EDGE_CURVE('',#5973,#5983,#13990,.T.);
#13992=ORIENTED_EDGE('',*,*,#13978,.F.);
#13993=ORIENTED_EDGE('',*,*,#13917,.F.);
#13994=ORIENTED_EDGE('',*,*,#13991,.T.);
#13995=DIRECTION('',(-0.3561535477203547,0.1475317460287318,0.9227074478727908));
#13996=DIRECTION('',(0.9329160488757807,0.0,0.36009394017395246));
#13997=AXIS2_PLACEMENT_3D('',#5982,#13995,#13996);
#13998=PLANE('',#13997);
#13999=EDGE_LOOP('',(#13992,#13993,#13994));
#14000=FACE_BOUND('',#13999,.T.);
#14001=ADVANCED_FACE('',(#14000),#13998,.T.);
#14002=LINE('',#5972,#12593);
#14003=EDGE_CURVE('',#5973,#5985,#14002,.T.);
#14004=LINE('',#5984,#11544);
#14005=EDGE_CURVE('',#5985,#5983,#14004,.T.);
#14006=ORIENTED_EDGE('',*,*,#13991,.F.);
#14007=ORIENTED_EDGE('',*,*,#14003,.T.);
#14008=ORIENTED_EDGE('',*,*,#14005,.T.);
#14009=DIRECTION('',(-0.5654930501373365,0.23424777764499685,0.7907879544572946));
#14010=AXIS2_PLACEMENT_3D('',#5982,#14009,#8974);
#14011=PLANE('',#14010);
#14012=EDGE_LOOP('',(#14006,#14007,#14008));
#14013=FACE_BOUND('',#14012,.T.);
#14014=ADVANCED_FACE('',(#14013),#14011,.T.);
#14015=VECTOR('',#9137,1000.0);
#14016=LINE('',#5980,#14015);
#14017=EDGE_CURVE('',#5981,#5959,#14016,.T.);
#14018=ORIENTED_EDGE('',*,*,#13739,.F.);
#14019=ORIENTED_EDGE('',*,*,#13963,.F.);
#14020=ORIENTED_EDGE('',*,*,#14017,.T.);
#14021=DIRECTION('',(-0.13047985656241656,0.017174382712495346,0.9913021979244755));
#14022=DIRECTION('',(0.9914484272354985,0.0,0.1304991039519285));
#14023=AXIS2_PLACEMENT_3D('',#5958,#14021,#14022);
#14024=PLANE('',#14023);
#14025=EDGE_LOOP('',(#14018,#14019,#14020));
#14026=FACE_BOUND('',#14025,.T.);
#14027=ADVANCED_FACE('',(#14026),#14024,.T.);
#14028=VECTOR('',#11897,1000.0);
#14029=LINE('',#5986,#14028);
#14030=EDGE_CURVE('',#5987,#5989,#14029,.T.);
#14031=DIRECTION('',(-0.461921593329921,0.8001107681562518,-0.3826894306039295));
#14032=VECTOR('',#14031,1000.0);
#14033=LINE('',#5988,#14032);
#14034=EDGE_CURVE('',#5989,#5991,#14033,.T.);
#14035=LINE('',#5990,#9832);
#14036=EDGE_CURVE('',#5991,#5987,#14035,.T.);
#14037=ORIENTED_EDGE('',*,*,#14030,.T.);
#14038=ORIENTED_EDGE('',*,*,#14034,.T.);
#14039=ORIENTED_EDGE('',*,*,#14036,.T.);
#14040=DIRECTION('',(-0.23469982224013358,0.3058284386698736,0.9227052397928589));
#14041=AXIS2_PLACEMENT_3D('',#5986,#14040,#11897);
#14042=PLANE('',#14041);
#14043=EDGE_LOOP('',(#14037,#14038,#14039));
#14044=FACE_BOUND('',#14043,.T.);
#14045=ADVANCED_FACE('',(#14044),#14042,.T.);
#14046=LINE('',#5988,#9091);
#14047=EDGE_CURVE('',#5989,#5979,#14046,.T.);
#14048=DIRECTION('',(-0.6596739035031558,0.6596739035031491,-0.3600842707948055));
#14049=VECTOR('',#14048,1000.0);
#14050=LINE('',#5978,#14049);
#14051=EDGE_CURVE('',#5979,#5991,#14050,.T.);
#14052=ORIENTED_EDGE('',*,*,#14034,.F.);
#14053=ORIENTED_EDGE('',*,*,#14047,.T.);
#14054=ORIENTED_EDGE('',*,*,#14051,.T.);
#14055=DIRECTION('',(-0.14747529901195947,0.3561847002571343,0.9227044464421251));
#14056=DIRECTION('',(0.461921593329921,-0.8001107681562518,0.3826894306039295));
#14057=AXIS2_PLACEMENT_3D('',#5990,#14055,#14056);
#14058=PLANE('',#14057);
#14059=EDGE_LOOP('',(#14052,#14053,#14054));
#14060=FACE_BOUND('',#14059,.T.);
#14061=ADVANCED_FACE('',(#14060),#14058,.T.);
#14062=DIRECTION('',(-0.23915481841229763,0.8923935002047739,-0.38267324654651935));
#14063=VECTOR('',#14062,1000.0);
#14064=LINE('',#5978,#14063);
#14065=EDGE_CURVE('',#5979,#5993,#14064,.T.);
#14066=LINE('',#5992,#9069);
#14067=EDGE_CURVE('',#5993,#5991,#14066,.T.);
#14068=ORIENTED_EDGE('',*,*,#14051,.F.);
#14069=ORIENTED_EDGE('',*,*,#14065,.T.);
#14070=ORIENTED_EDGE('',*,*,#14067,.T.);
#14071=DIRECTION('',(-0.14752584669789287,0.35613930625934603,0.9227138879919287));
#14072=DIRECTION('',(0.6596739035031558,-0.6596739035031491,0.3600842707948055));
#14073=AXIS2_PLACEMENT_3D('',#5990,#14071,#14072);
#14074=PLANE('',#14073);
#14075=EDGE_LOOP('',(#14068,#14069,#14070));
#14076=FACE_BOUND('',#14075,.T.);
#14077=ADVANCED_FACE('',(#14076),#14074,.T.);
#14078=DIRECTION('',(-0.46647039814398966,0.8079279310545422,-0.36008030476174996));
#14079=VECTOR('',#14078,1000.0);
#14080=LINE('',#5938,#14079);
#14081=EDGE_CURVE('',#5939,#5993,#14080,.T.);
#14082=ORIENTED_EDGE('',*,*,#14065,.F.);
#14083=ORIENTED_EDGE('',*,*,#13933,.F.);
#14084=ORIENTED_EDGE('',*,*,#14081,.T.);
#14085=DIRECTION('',(-0.05030604449235225,0.38219280305248166,0.9227122862422612));
#14086=DIRECTION('',(0.23915481841229763,-0.8923935002047739,0.38267324654651935));
#14087=AXIS2_PLACEMENT_3D('',#5992,#14085,#14086);
#14088=PLANE('',#14087);
#14089=EDGE_LOOP('',(#14082,#14083,#14084));
#14090=FACE_BOUND('',#14089,.T.);
#14091=ADVANCED_FACE('',(#14090),#14088,.T.);
#14092=LINE('',#5936,#13931);
#14093=EDGE_CURVE('',#5937,#5993,#14092,.T.);
#14094=ORIENTED_EDGE('',*,*,#14081,.F.);
#14095=ORIENTED_EDGE('',*,*,#13514,.F.);
#14096=ORIENTED_EDGE('',*,*,#14093,.T.);
#14097=DIRECTION('',(0.46647039814398966,-0.8079279310545422,0.36008030476174996));
#14098=AXIS2_PLACEMENT_3D('',#5992,#14085,#14097);
#14099=PLANE('',#14098);
#14100=EDGE_LOOP('',(#14094,#14095,#14096));
#14101=FACE_BOUND('',#14100,.T.);
#14102=ADVANCED_FACE('',(#14101),#14099,.T.);
#14103=DIRECTION('',(-0.9011318885712506,-0.24144327067785834,-0.360092302673064));
#14104=VECTOR('',#14103,1000.0);
#14105=LINE('',#5980,#14104);
#14106=EDGE_CURVE('',#5981,#5955,#14105,.T.);
#14107=ORIENTED_EDGE('',*,*,#14017,.F.);
#14108=ORIENTED_EDGE('',*,*,#14106,.T.);
#14109=ORIENTED_EDGE('',*,*,#13709,.F.);
#14110=DIRECTION('',(-0.3821942969106971,0.05030624112111463,0.9227116567558915));
#14111=AXIS2_PLACEMENT_3D('',#5958,#14110,#9034);
#14112=PLANE('',#14111);
#14113=EDGE_LOOP('',(#14107,#14108,#14109));
#14114=FACE_BOUND('',#14113,.T.);
#14115=ADVANCED_FACE('',(#14114),#14112,.T.);
#14116=LINE('',#5982,#14015);
#14117=EDGE_CURVE('',#5983,#5955,#14116,.T.);
#14118=ORIENTED_EDGE('',*,*,#14106,.F.);
#14119=ORIENTED_EDGE('',*,*,#13980,.F.);
#14120=ORIENTED_EDGE('',*,*,#14117,.T.);
#14121=DIRECTION('',(0.9011318885712506,0.24144327067785834,0.360092302673064));
#14122=AXIS2_PLACEMENT_3D('',#5954,#14110,#14121);
#14123=PLANE('',#14122);
#14124=EDGE_LOOP('',(#14118,#14119,#14120));
#14125=FACE_BOUND('',#14124,.T.);
#14126=ADVANCED_FACE('',(#14125),#14123,.T.);
#14127=DIRECTION('',(-0.7379918281811321,-0.4260916459087284,-0.5232723677251279));
#14128=VECTOR('',#14127,1000.0);
#14129=LINE('',#5982,#14128);
#14130=EDGE_CURVE('',#5983,#5951,#14129,.T.);
#14131=ORIENTED_EDGE('',*,*,#14117,.F.);
#14132=ORIENTED_EDGE('',*,*,#14130,.T.);
#14133=ORIENTED_EDGE('',*,*,#13677,.F.);
#14134=DIRECTION('',(-0.606833775646384,0.07986917175925952,0.7908057183260906));
#14135=AXIS2_PLACEMENT_3D('',#5954,#14134,#9034);
#14136=PLANE('',#14135);
#14137=EDGE_LOOP('',(#14131,#14132,#14133));
#14138=FACE_BOUND('',#14137,.T.);
#14139=ADVANCED_FACE('',(#14138),#14136,.T.);
#14140=LINE('',#5984,#8897);
#14141=EDGE_CURVE('',#5985,#5951,#14140,.T.);
#14142=ORIENTED_EDGE('',*,*,#14130,.F.);
#14143=ORIENTED_EDGE('',*,*,#14005,.F.);
#14144=ORIENTED_EDGE('',*,*,#14141,.T.);
#14145=DIRECTION('',(0.7379918281811321,0.4260916459087284,0.5232723677251279));
#14146=AXIS2_PLACEMENT_3D('',#5950,#14134,#14145);
#14147=PLANE('',#14146);
#14148=EDGE_LOOP('',(#14142,#14143,#14144));
#14149=FACE_BOUND('',#14148,.T.);
#14150=ADVANCED_FACE('',(#14149),#14147,.T.);
#14151=DIRECTION('',(-0.5521157155776321,-0.5521157155776265,-0.6247691359409527));
#14152=VECTOR('',#14151,1000.0);
#14153=LINE('',#5984,#14152);
#14154=EDGE_CURVE('',#5985,#5947,#14153,.T.);
#14155=ORIENTED_EDGE('',*,*,#14141,.F.);
#14156=ORIENTED_EDGE('',*,*,#14154,.T.);
#14157=ORIENTED_EDGE('',*,*,#13645,.F.);
#14158=DIRECTION('',(-0.7890531972208928,0.1039041000984842,0.6054741860213456));
#14159=AXIS2_PLACEMENT_3D('',#5950,#14158,#9167);
#14160=PLANE('',#14159);
#14161=EDGE_LOOP('',(#14155,#14156,#14157));
#14162=FACE_BOUND('',#14161,.T.);
#14163=ADVANCED_FACE('',(#14162),#14160,.T.);
#14164=VECTOR('',#13215,1000.0);
#14165=LINE('',#5994,#14164);
#14166=EDGE_CURVE('',#5995,#5987,#14165,.T.);
#14167=DIRECTION('',(-0.5609710960298179,0.560971096029825,-0.6087880245522261));
#14168=VECTOR('',#14167,1000.0);
#14169=LINE('',#5986,#14168);
#14170=EDGE_CURVE('',#5987,#5997,#14169,.T.);
#14171=LINE('',#5996,#8918);
#14172=EDGE_CURVE('',#5997,#5995,#14171,.T.);
#14173=ORIENTED_EDGE('',*,*,#14166,.T.);
#14174=ORIENTED_EDGE('',*,*,#14170,.T.);
#14175=ORIENTED_EDGE('',*,*,#14172,.T.);
#14176=DIRECTION('',(-0.48560932781703425,0.3725933866100446,0.7907956430023789));
#14177=AXIS2_PLACEMENT_3D('',#5994,#14176,#13215);
#14178=PLANE('',#14177);
#14179=EDGE_LOOP('',(#14173,#14174,#14175));
#14180=FACE_BOUND('',#14179,.T.);
#14181=ADVANCED_FACE('',(#14180),#14178,.T.);
#14182=DIRECTION('',(-0.8231232936626972,0.22054216781535982,-0.5232869152245015));
#14183=VECTOR('',#14182,1000.0);
#14184=LINE('',#5990,#14183);
#14185=EDGE_CURVE('',#5991,#5997,#14184,.T.);
#14186=ORIENTED_EDGE('',*,*,#14170,.F.);
#14187=ORIENTED_EDGE('',*,*,#14036,.F.);
#14188=ORIENTED_EDGE('',*,*,#14185,.T.);
#14189=DIRECTION('',(-0.3726372839972213,0.4855695145710461,0.790799406356892));
#14190=DIRECTION('',(0.5609710960298179,-0.560971096029825,0.6087880245522261));
#14191=AXIS2_PLACEMENT_3D('',#5996,#14189,#14190);
#14192=PLANE('',#14191);
#14193=EDGE_LOOP('',(#14186,#14187,#14188));
#14194=FACE_BOUND('',#14193,.T.);
#14195=ADVANCED_FACE('',(#14194),#14192,.T.);
#14196=DIRECTION('',(-0.39666227915281216,0.687024430382006,-0.6088156275553191));
#14197=VECTOR('',#14196,1000.0);
#14198=LINE('',#5990,#14197);
#14199=EDGE_CURVE('',#5991,#5999,#14198,.T.);
#14200=LINE('',#5998,#9832);
#14201=EDGE_CURVE('',#5999,#5997,#14200,.T.);
#14202=ORIENTED_EDGE('',*,*,#14185,.F.);
#14203=ORIENTED_EDGE('',*,*,#14199,.T.);
#14204=ORIENTED_EDGE('',*,*,#14201,.T.);
#14205=DIRECTION('',(0.8231232936626972,-0.22054216781535982,0.5232869152245015));
#14206=AXIS2_PLACEMENT_3D('',#5996,#14189,#14205);
#14207=PLANE('',#14206);
#14208=EDGE_LOOP('',(#14202,#14203,#14204));
#14209=FACE_BOUND('',#14208,.T.);
#14210=ADVANCED_FACE('',(#14209),#14207,.T.);
#14211=DIRECTION('',(-0.7379840944410484,0.426063987897103,-0.5233057945114339));
#14212=VECTOR('',#14211,1000.0);
#14213=LINE('',#5992,#14212);
#14214=EDGE_CURVE('',#5993,#5999,#14213,.T.);
#14215=ORIENTED_EDGE('',*,*,#14199,.F.);
#14216=ORIENTED_EDGE('',*,*,#14067,.F.);
#14217=ORIENTED_EDGE('',*,*,#14214,.T.);
#14218=DIRECTION('',(-0.234253639909818,0.5655072021179652,0.7907760976039376));
#14219=DIRECTION('',(0.39666227915281216,-0.687024430382006,0.6088156275553191));
#14220=AXIS2_PLACEMENT_3D('',#5998,#14218,#14219);
#14221=PLANE('',#14220);
#14222=EDGE_LOOP('',(#14215,#14216,#14217));
#14223=FACE_BOUND('',#14222,.T.);
#14224=ADVANCED_FACE('',(#14223),#14221,.T.);
#14225=DIRECTION('',(-0.20531611760328058,0.7662964426592324,-0.6087980402564726));
#14226=VECTOR('',#14225,1000.0);
#14227=LINE('',#5992,#14226);
#14228=EDGE_CURVE('',#5993,#6001,#14227,.T.);
#14229=LINE('',#6000,#9069);
#14230=EDGE_CURVE('',#6001,#5999,#14229,.T.);
#14231=ORIENTED_EDGE('',*,*,#14214,.F.);
#14232=ORIENTED_EDGE('',*,*,#14228,.T.);
#14233=ORIENTED_EDGE('',*,*,#14230,.T.);
#14234=DIRECTION('',(-0.23427380988844196,0.5654846951588929,0.7907862173441114));
#14235=DIRECTION('',(0.7379840944410484,-0.426063987897103,0.5233057945114339));
#14236=AXIS2_PLACEMENT_3D('',#5998,#14234,#14235);
#14237=PLANE('',#14236);
#14238=EDGE_LOOP('',(#14231,#14232,#14233));
#14239=FACE_BOUND('',#14238,.T.);
#14240=ADVANCED_FACE('',(#14239),#14237,.T.);
#14241=DIRECTION('',(-0.6025699114929269,0.6025699114929208,-0.5232771765774042));
#14242=VECTOR('',#14241,1000.0);
#14243=LINE('',#5936,#14242);
#14244=EDGE_CURVE('',#5937,#6001,#14243,.T.);
#14245=ORIENTED_EDGE('',*,*,#14228,.F.);
#14246=ORIENTED_EDGE('',*,*,#14093,.F.);
#14247=ORIENTED_EDGE('',*,*,#14244,.T.);
#14248=DIRECTION('',(-0.07987207464595296,0.6068558313364445,0.7907884999572921));
#14249=DIRECTION('',(0.20531611760328058,-0.7662964426592324,0.6087980402564726));
#14250=AXIS2_PLACEMENT_3D('',#6000,#14248,#14249);
#14251=PLANE('',#14250);
#14252=EDGE_LOOP('',(#14245,#14246,#14247));
#14253=FACE_BOUND('',#14252,.T.);
#14254=ADVANCED_FACE('',(#14253),#14251,.T.);
#14255=LINE('',#5934,#13931);
#14256=EDGE_CURVE('',#5935,#6001,#14255,.T.);
#14257=ORIENTED_EDGE('',*,*,#14244,.F.);
#14258=ORIENTED_EDGE('',*,*,#13488,.F.);
#14259=ORIENTED_EDGE('',*,*,#14256,.T.);
#14260=DIRECTION('',(0.6025699114929269,-0.6025699114929208,0.5232771765774042));
#14261=AXIS2_PLACEMENT_3D('',#6000,#14248,#14260);
#14262=PLANE('',#14261);
#14263=EDGE_LOOP('',(#14257,#14258,#14259));
#14264=FACE_BOUND('',#14263,.T.);
#14265=ADVANCED_FACE('',(#14264),#14262,.T.);
#14266=VECTOR('',#12733,1000.0);
#14267=LINE('',#6002,#14266);
#14268=EDGE_CURVE('',#6003,#5995,#14267,.T.);
#14269=DIRECTION('',(-0.5272251621202683,0.3044090061745467,-0.7933276658399614));
#14270=VECTOR('',#14269,1000.0);
#14271=LINE('',#5994,#14270);
#14272=EDGE_CURVE('',#5995,#6005,#14271,.T.);
#14273=LINE('',#6004,#9783);
#14274=EDGE_CURVE('',#6005,#6003,#14273,.T.);
#14275=ORIENTED_EDGE('',*,*,#14268,.T.);
#14276=ORIENTED_EDGE('',*,*,#14272,.T.);
#14277=ORIENTED_EDGE('',*,*,#14274,.T.);
#14278=DIRECTION('',(-0.7352633002264434,0.3045604685186269,0.6055004544637714));
#14279=AXIS2_PLACEMENT_3D('',#6002,#14278,#12733);
#14280=PLANE('',#14279);
#14281=EDGE_LOOP('',(#14275,#14276,#14277));
#14282=FACE_BOUND('',#14281,.T.);
#14283=ADVANCED_FACE('',(#14282),#14280,.T.);
#14284=DIRECTION('',(-0.7541995385543094,-0.20207519636331606,-0.6247788977383872));
#14285=VECTOR('',#14284,1000.0);
#14286=LINE('',#5996,#14285);
#14287=EDGE_CURVE('',#5997,#6005,#14286,.T.);
#14288=ORIENTED_EDGE('',*,*,#14272,.F.);
#14289=ORIENTED_EDGE('',*,*,#14172,.F.);
#14290=ORIENTED_EDGE('',*,*,#14287,.T.);
#14291=DIRECTION('',(-0.6314014106497583,0.4844552532833381,0.6055042247546025));
#14292=DIRECTION('',(0.5272251621202683,-0.3044090061745467,0.7933276658399614));
#14293=AXIS2_PLACEMENT_3D('',#6004,#14291,#14292);
#14294=PLANE('',#14293);
#14295=EDGE_LOOP('',(#14288,#14289,#14290));
#14296=FACE_BOUND('',#14295,.T.);
#14297=ADVANCED_FACE('',(#14296),#14294,.T.);
#14298=DIRECTION('',(-0.4304542960469216,0.4304542960469216,-0.7933588078728935));
#14299=VECTOR('',#14298,1000.0);
#14300=LINE('',#5996,#14299);
#14301=EDGE_CURVE('',#5997,#6007,#14300,.T.);
#14302=LINE('',#6006,#8918);
#14303=EDGE_CURVE('',#6007,#6005,#14302,.T.);
#14304=ORIENTED_EDGE('',*,*,#14287,.F.);
#14305=ORIENTED_EDGE('',*,*,#14301,.T.);
#14306=ORIENTED_EDGE('',*,*,#14303,.T.);
#14307=DIRECTION('',(-0.6313863393891461,0.48452638143997967,0.6054630262216294));
#14308=DIRECTION('',(0.7541995385543094,0.20207519636331606,0.6247788977383872));
#14309=AXIS2_PLACEMENT_3D('',#6004,#14307,#14308);
#14310=PLANE('',#14309);
#14311=EDGE_LOOP('',(#14304,#14305,#14306));
#14312=FACE_BOUND('',#14311,.T.);
#14313=ADVANCED_FACE('',(#14312),#14310,.T.);
#14314=DIRECTION('',(-0.780800129425738,0.0,-0.6247808879029119));
#14315=VECTOR('',#14314,1000.0);
#14316=LINE('',#5998,#14315);
#14317=EDGE_CURVE('',#5999,#6007,#14316,.T.);
#14318=ORIENTED_EDGE('',*,*,#14301,.F.);
#14319=ORIENTED_EDGE('',*,*,#14201,.F.);
#14320=ORIENTED_EDGE('',*,*,#14317,.T.);
#14321=DIRECTION('',(-0.4844762604715937,0.6314287897899464,0.6054588643862308));
#14322=DIRECTION('',(0.4304542960469216,-0.4304542960469216,0.7933588078728935));
#14323=AXIS2_PLACEMENT_3D('',#6006,#14321,#14322);
#14324=PLANE('',#14323);
#14325=EDGE_LOOP('',(#14318,#14319,#14320));
#14326=FACE_BOUND('',#14325,.T.);
#14327=ADVANCED_FACE('',(#14326),#14324,.T.);
#14328=DIRECTION('',(-0.3044090061745414,0.5272251621202644,-0.7933276658399662));
#14329=VECTOR('',#14328,1000.0);
#14330=LINE('',#5998,#14329);
#14331=EDGE_CURVE('',#5999,#6009,#14330,.T.);
#14332=LINE('',#6008,#9832);
#14333=EDGE_CURVE('',#6009,#6007,#14332,.T.);
#14334=ORIENTED_EDGE('',*,*,#14317,.F.);
#14335=ORIENTED_EDGE('',*,*,#14331,.T.);
#14336=ORIENTED_EDGE('',*,*,#14333,.T.);
#14337=DIRECTION('',(-0.4845092270567993,0.6313639855120167,0.605500063332123));
#14338=DIRECTION('',(0.780800129425738,0.0,0.6247808879029119));
#14339=AXIS2_PLACEMENT_3D('',#6006,#14337,#14338);
#14340=PLANE('',#14339);
#14341=EDGE_LOOP('',(#14334,#14335,#14336));
#14342=FACE_BOUND('',#14341,.T.);
#14343=ADVANCED_FACE('',(#14342),#14340,.T.);
#14344=DIRECTION('',(-0.7541995385543047,0.20207519636331775,-0.6247788977383925));
#14345=VECTOR('',#14344,1000.0);
#14346=LINE('',#6000,#14345);
#14347=EDGE_CURVE('',#6001,#6009,#14346,.T.);
#14348=ORIENTED_EDGE('',*,*,#14331,.F.);
#14349=ORIENTED_EDGE('',*,*,#14230,.F.);
#14350=ORIENTED_EDGE('',*,*,#14347,.T.);
#14351=DIRECTION('',(-0.30460284833516044,0.7352432989302601,0.6055034237428022));
#14352=DIRECTION('',(0.3044090061745414,-0.5272251621202644,0.7933276658399662));
#14353=AXIS2_PLACEMENT_3D('',#6008,#14351,#14352);
#14354=PLANE('',#14353);
#14355=EDGE_LOOP('',(#14348,#14349,#14350));
#14356=FACE_BOUND('',#14355,.T.);
#14357=ADVANCED_FACE('',(#14356),#14354,.T.);
#14358=DIRECTION('',(-0.15757167305268868,0.5880207085961522,-0.7933491123795725));
#14359=VECTOR('',#14358,1000.0);
#14360=LINE('',#6000,#14359);
#14361=EDGE_CURVE('',#6001,#6011,#14360,.T.);
#14362=LINE('',#6010,#9069);
#14363=EDGE_CURVE('',#6011,#6009,#14362,.T.);
#14364=ORIENTED_EDGE('',*,*,#14347,.F.);
#14365=ORIENTED_EDGE('',*,*,#14361,.T.);
#14366=ORIENTED_EDGE('',*,*,#14363,.T.);
#14367=DIRECTION('',(-0.304568162238338,0.7352818742382754,0.6054740291436211));
#14368=DIRECTION('',(0.7541995385543047,-0.20207519636331775,0.6247788977383925));
#14369=AXIS2_PLACEMENT_3D('',#6008,#14367,#14368);
#14370=PLANE('',#14369);
#14371=EDGE_LOOP('',(#14364,#14365,#14366));
#14372=FACE_BOUND('',#14371,.T.);
#14373=ADVANCED_FACE('',(#14372),#14370,.T.);
#14374=DIRECTION('',(-0.6761995236472451,0.3904148487709704,-0.6247643156250036));
#14375=VECTOR('',#14374,1000.0);
#14376=LINE('',#5934,#14375);
#14377=EDGE_CURVE('',#5935,#6011,#14376,.T.);
#14378=ORIENTED_EDGE('',*,*,#14361,.F.);
#14379=ORIENTED_EDGE('',*,*,#14256,.F.);
#14380=ORIENTED_EDGE('',*,*,#14377,.T.);
#14381=DIRECTION('',(-0.10383395136355104,0.7890661729571933,0.6054693099067205));
#14382=DIRECTION('',(0.15757167305268868,-0.5880207085961522,0.7933491123795725));
#14383=AXIS2_PLACEMENT_3D('',#6010,#14381,#14382);
#14384=PLANE('',#14383);
#14385=EDGE_LOOP('',(#14378,#14379,#14380));
#14386=FACE_BOUND('',#14385,.T.);
#14387=ADVANCED_FACE('',(#14386),#14384,.T.);
#14388=VECTOR('',#12112,1000.0);
#14389=LINE('',#5932,#14388);
#14390=EDGE_CURVE('',#5933,#6011,#14389,.T.);
#14391=ORIENTED_EDGE('',*,*,#14377,.F.);
#14392=ORIENTED_EDGE('',*,*,#13462,.F.);
#14393=ORIENTED_EDGE('',*,*,#14390,.T.);
#14394=DIRECTION('',(-0.10390061788754583,0.78902281759997,0.6055143721739318));
#14395=DIRECTION('',(0.6761995236472451,-0.3904148487709704,0.6247643156250036));
#14396=AXIS2_PLACEMENT_3D('',#6010,#14394,#14395);
#14397=PLANE('',#14396);
#14398=EDGE_LOOP('',(#14391,#14392,#14393));
#14399=FACE_BOUND('',#14398,.T.);
#14400=ADVANCED_FACE('',(#14399),#14397,.T.);
#14401=DIRECTION('',(0.36580967136587644,0.6335832930070411,0.6817297816272541));
#14402=VECTOR('',#14401,1000.0);
#14403=LINE('',#5942,#14402);
#14404=EDGE_CURVE('',#5943,#6003,#14403,.T.);
#14405=DIRECTION('',(-0.3696534710893241,0.09902116298092126,-0.923878303995456));
#14406=VECTOR('',#14405,1000.0);
#14407=LINE('',#6002,#14406);
#14408=EDGE_CURVE('',#6003,#5971,#14407,.T.);
#14409=ORIENTED_EDGE('',*,*,#14404,.T.);
#14410=ORIENTED_EDGE('',*,*,#14408,.T.);
#14411=ORIENTED_EDGE('',*,*,#13900,.F.);
#14412=DIRECTION('',(-0.9171161267825081,0.12075362335970044,0.3798902110359707));
#14413=DIRECTION('',(0.36580967136587644,0.6335832930070411,0.6817297816272541));
#14414=AXIS2_PLACEMENT_3D('',#5942,#14412,#14413);
#14415=PLANE('',#14414);
#14416=EDGE_LOOP('',(#14409,#14410,#14411));
#14417=FACE_BOUND('',#14416,.T.);
#14418=ADVANCED_FACE('',(#14417),#14415,.T.);
#14419=DIRECTION('',(-0.5173191513617442,-0.5173191513617494,-0.6817343993585218));
#14420=VECTOR('',#14419,1000.0);
#14421=LINE('',#6004,#14420);
#14422=EDGE_CURVE('',#6005,#5971,#14421,.T.);
#14423=ORIENTED_EDGE('',*,*,#14408,.F.);
#14424=ORIENTED_EDGE('',*,*,#14274,.F.);
#14425=ORIENTED_EDGE('',*,*,#14422,.T.);
#14426=DIRECTION('',(-0.8546184599005996,0.35399971475773784,0.37988352155439375));
#14427=DIRECTION('',(0.3696534710893241,-0.09902116298092126,0.923878303995456));
#14428=AXIS2_PLACEMENT_3D('',#5970,#14426,#14427);
#14429=PLANE('',#14428);
#14430=EDGE_LOOP('',(#14423,#14424,#14425));
#14431=FACE_BOUND('',#14430,.T.);
#14432=ADVANCED_FACE('',(#14431),#14429,.T.);
#14433=DIRECTION('',(-0.3314120732697708,0.19133923783269552,-0.9238805841431215));
#14434=VECTOR('',#14433,1000.0);
#14435=LINE('',#6004,#14434);
#14436=EDGE_CURVE('',#6005,#6013,#14435,.T.);
#14437=LINE('',#6012,#9783);
#14438=EDGE_CURVE('',#6013,#5971,#14437,.T.);
#14439=ORIENTED_EDGE('',*,*,#14422,.F.);
#14440=ORIENTED_EDGE('',*,*,#14436,.T.);
#14441=ORIENTED_EDGE('',*,*,#14438,.T.);
#14442=DIRECTION('',(0.5173191513617442,0.5173191513617494,0.6817343993585218));
#14443=AXIS2_PLACEMENT_3D('',#5970,#14426,#14442);
#14444=PLANE('',#14443);
#14445=EDGE_LOOP('',(#14439,#14440,#14441));
#14446=FACE_BOUND('',#14445,.T.);
#14447=ADVANCED_FACE('',(#14446),#14444,.T.);
#14448=DIRECTION('',(-0.6335942113286698,-0.365768864358374,-0.6817415296406594));
#14449=VECTOR('',#14448,1000.0);
#14450=LINE('',#6006,#14449);
#14451=EDGE_CURVE('',#6007,#6013,#14450,.T.);
#14452=ORIENTED_EDGE('',*,*,#14436,.F.);
#14453=ORIENTED_EDGE('',*,*,#14303,.F.);
#14454=ORIENTED_EDGE('',*,*,#14451,.T.);
#14455=DIRECTION('',(-0.7338543682530474,0.5631604286807663,0.3798790567588801));
#14456=DIRECTION('',(0.3314120732697708,-0.19133923783269552,0.9238805841431215));
#14457=AXIS2_PLACEMENT_3D('',#6012,#14455,#14456);
#14458=PLANE('',#14457);
#14459=EDGE_LOOP('',(#14452,#14453,#14454));
#14460=FACE_BOUND('',#14459,.T.);
#14461=ADVANCED_FACE('',(#14460),#14458,.T.);
#14462=DIRECTION('',(-0.27062759747313814,0.27062759747314524,-0.9238622229379393));
#14463=VECTOR('',#14462,1000.0);
#14464=LINE('',#6006,#14463);
#14465=EDGE_CURVE('',#6007,#6015,#14464,.T.);
#14466=LINE('',#6014,#8918);
#14467=EDGE_CURVE('',#6015,#6013,#14466,.T.);
#14468=ORIENTED_EDGE('',*,*,#14451,.F.);
#14469=ORIENTED_EDGE('',*,*,#14465,.T.);
#14470=ORIENTED_EDGE('',*,*,#14467,.T.);
#14471=DIRECTION('',(0.6335942113286698,0.365768864358374,0.6817415296406594));
#14472=AXIS2_PLACEMENT_3D('',#6012,#14455,#14471);
#14473=PLANE('',#14472);
#14474=EDGE_LOOP('',(#14468,#14469,#14470));
#14475=FACE_BOUND('',#14474,.T.);
#14476=ADVANCED_FACE('',(#14475),#14473,.T.);
#14477=DIRECTION('',(-0.7066654870302856,-0.18933923949164885,-0.6817437508543611));
#14478=VECTOR('',#14477,1000.0);
#14479=LINE('',#6008,#14478);
#14480=EDGE_CURVE('',#6009,#6015,#14479,.T.);
#14481=ORIENTED_EDGE('',*,*,#14465,.F.);
#14482=ORIENTED_EDGE('',*,*,#14333,.F.);
#14483=ORIENTED_EDGE('',*,*,#14480,.T.);
#14484=DIRECTION('',(-0.5631483663601083,0.7338386498427157,0.379927300233823));
#14485=DIRECTION('',(0.27062759747313814,-0.27062759747314524,0.9238622229379393));
#14486=AXIS2_PLACEMENT_3D('',#6014,#14484,#14485);
#14487=PLANE('',#14486);
#14488=EDGE_LOOP('',(#14481,#14482,#14483));
#14489=FACE_BOUND('',#14488,.T.);
#14490=ADVANCED_FACE('',(#14489),#14487,.T.);
#14491=DIRECTION('',(-0.1913392378326887,0.33141207326977123,-0.9238805841431227));
#14492=VECTOR('',#14491,1000.0);
#14493=LINE('',#6008,#14492);
#14494=EDGE_CURVE('',#6009,#6017,#14493,.T.);
#14495=LINE('',#6016,#9832);
#14496=EDGE_CURVE('',#6017,#6015,#14495,.T.);
#14497=ORIENTED_EDGE('',*,*,#14480,.F.);
#14498=ORIENTED_EDGE('',*,*,#14494,.T.);
#14499=ORIENTED_EDGE('',*,*,#14496,.T.);
#14500=DIRECTION('',(0.7066654870302856,0.18933923949164885,0.6817437508543611));
#14501=AXIS2_PLACEMENT_3D('',#6014,#14484,#14500);
#14502=PLANE('',#14501);
#14503=EDGE_LOOP('',(#14497,#14498,#14499));
#14504=FACE_BOUND('',#14503,.T.);
#14505=ADVANCED_FACE('',(#14504),#14502,.T.);
#14506=DIRECTION('',(-0.7315892691030222,0.0,-0.6817456573629975));
#14507=VECTOR('',#14506,1000.0);
#14508=LINE('',#6010,#14507);
#14509=EDGE_CURVE('',#6011,#6017,#14508,.T.);
#14510=ORIENTED_EDGE('',*,*,#14494,.F.);
#14511=ORIENTED_EDGE('',*,*,#14363,.F.);
#14512=ORIENTED_EDGE('',*,*,#14509,.T.);
#14513=DIRECTION('',(-0.35400002021679683,0.8546191973332575,0.3798815779107565));
#14514=DIRECTION('',(0.1913392378326887,-0.33141207326977123,0.9238805841431227));
#14515=AXIS2_PLACEMENT_3D('',#6016,#14513,#14514);
#14516=PLANE('',#14515);
#14517=EDGE_LOOP('',(#14510,#14511,#14512));
#14518=FACE_BOUND('',#14517,.T.);
#14519=ADVANCED_FACE('',(#14518),#14516,.T.);
#14520=DIRECTION('',(-0.09902116298092802,0.36965347108933,-0.9238783039954529));
#14521=VECTOR('',#14520,1000.0);
#14522=LINE('',#6010,#14521);
#14523=EDGE_CURVE('',#6011,#6019,#14522,.T.);
#14524=LINE('',#6018,#9069);
#14525=EDGE_CURVE('',#6019,#6017,#14524,.T.);
#14526=ORIENTED_EDGE('',*,*,#14509,.F.);
#14527=ORIENTED_EDGE('',*,*,#14523,.T.);
#14528=ORIENTED_EDGE('',*,*,#14525,.T.);
#14529=DIRECTION('',(0.7315892691030222,0.0,0.6817456573629975));
#14530=AXIS2_PLACEMENT_3D('',#6016,#14513,#14529);
#14531=PLANE('',#14530);
#14532=EDGE_LOOP('',(#14526,#14527,#14528));
#14533=FACE_BOUND('',#14532,.T.);
#14534=ADVANCED_FACE('',(#14533),#14531,.T.);
#14535=DIRECTION('',(-0.7066654870302909,0.18933923949164747,-0.6817437508543561));
#14536=VECTOR('',#14535,1000.0);
#14537=LINE('',#5932,#14536);
#14538=EDGE_CURVE('',#5933,#6019,#14537,.T.);
#14539=ORIENTED_EDGE('',*,*,#14523,.F.);
#14540=ORIENTED_EDGE('',*,*,#14390,.F.);
#14541=ORIENTED_EDGE('',*,*,#14538,.T.);
#14542=DIRECTION('',(-0.1207679987556633,0.9171139555419816,0.37989088305287383));
#14543=DIRECTION('',(0.09902116298092802,-0.36965347108933,0.9238783039954529));
#14544=AXIS2_PLACEMENT_3D('',#6018,#14542,#14543);
#14545=PLANE('',#14544);
#14546=EDGE_LOOP('',(#14539,#14540,#14541));
#14547=FACE_BOUND('',#14546,.T.);
#14548=ADVANCED_FACE('',(#14547),#14545,.T.);
#14549=LINE('',#5930,#14388);
#14550=EDGE_CURVE('',#5931,#6019,#14549,.T.);
#14551=ORIENTED_EDGE('',*,*,#14538,.F.);
#14552=ORIENTED_EDGE('',*,*,#13436,.F.);
#14553=ORIENTED_EDGE('',*,*,#14550,.T.);
#14554=DIRECTION('',(0.7066654870302909,-0.18933923949164747,0.6817437508543561));
#14555=AXIS2_PLACEMENT_3D('',#6018,#14542,#14554);
#14556=PLANE('',#14555);
#14557=EDGE_LOOP('',(#14551,#14552,#14553));
#14558=FACE_BOUND('',#14557,.T.);
#14559=ADVANCED_FACE('',(#14558),#14556,.T.);
#14560=DIRECTION('',(-0.12609315133824436,0.03377381116857187,-0.9914433150033037));
#14561=VECTOR('',#14560,1000.0);
#14562=LINE('',#5970,#14561);
#14563=EDGE_CURVE('',#5971,#6021,#14562,.T.);
#14564=LINE('',#6020,#14015);
#14565=EDGE_CURVE('',#6021,#5353,#14564,.T.);
#14566=ORIENTED_EDGE('',*,*,#13904,.F.);
#14567=ORIENTED_EDGE('',*,*,#14563,.T.);
#14568=ORIENTED_EDGE('',*,*,#14565,.T.);
#14569=DIRECTION('',(0.18300307355912285,0.6830171941743838,0.7071049338889287));
#14570=AXIS2_PLACEMENT_3D('',#5352,#13908,#14569);
#14571=PLANE('',#14570);
#14572=EDGE_LOOP('',(#14566,#14567,#14568));
#14573=FACE_BOUND('',#14572,.T.);
#14574=ADVANCED_FACE('',(#14573),#14571,.T.);
#14575=DIRECTION('',(-0.3535684660426264,-0.6123814938579889,-0.7070913984772563));
#14576=VECTOR('',#14575,1000.0);
#14577=LINE('',#6012,#14576);
#14578=EDGE_CURVE('',#6013,#6021,#14577,.T.);
#14579=ORIENTED_EDGE('',*,*,#14563,.F.);
#14580=ORIENTED_EDGE('',*,*,#14438,.F.);
#14581=ORIENTED_EDGE('',*,*,#14578,.T.);
#14582=DIRECTION('',(-0.9161045354198403,0.3794709729632868,0.12943825115280003));
#14583=DIRECTION('',(0.12609315133824436,-0.03377381116857187,0.9914433150033037));
#14584=AXIS2_PLACEMENT_3D('',#6020,#14582,#14583);
#14585=PLANE('',#14584);
#14586=EDGE_LOOP('',(#14579,#14580,#14581));
#14587=FACE_BOUND('',#14586,.T.);
#14588=ADVANCED_FACE('',(#14587),#14585,.T.);
#14589=DIRECTION('',(-0.11306874031332574,0.065249154489112,-0.9914423875356619));
#14590=VECTOR('',#14589,1000.0);
#14591=LINE('',#6012,#14590);
#14592=EDGE_CURVE('',#6013,#6023,#14591,.T.);
#14593=LINE('',#6022,#9783);
#14594=EDGE_CURVE('',#6023,#6021,#14593,.T.);
#14595=ORIENTED_EDGE('',*,*,#14578,.F.);
#14596=ORIENTED_EDGE('',*,*,#14592,.T.);
#14597=ORIENTED_EDGE('',*,*,#14594,.T.);
#14598=DIRECTION('',(0.3535684660426264,0.6123814938579889,0.7070913984772563));
#14599=AXIS2_PLACEMENT_3D('',#6020,#14582,#14598);
#14600=PLANE('',#14599);
#14601=EDGE_LOOP('',(#14595,#14596,#14597));
#14602=FACE_BOUND('',#14601,.T.);
#14603=ADVANCED_FACE('',(#14602),#14600,.T.);
#14604=DIRECTION('',(-0.5000077132676329,-0.5000077132676279,-0.7070958728105758));
#14605=VECTOR('',#14604,1000.0);
#14606=LINE('',#6014,#14605);
#14607=EDGE_CURVE('',#6015,#6023,#14606,.T.);
#14608=ORIENTED_EDGE('',*,*,#14592,.F.);
#14609=ORIENTED_EDGE('',*,*,#14467,.F.);
#14610=ORIENTED_EDGE('',*,*,#14607,.T.);
#14611=DIRECTION('',(-0.786685828983349,0.6036304661281998,0.12944368211169413));
#14612=DIRECTION('',(0.11306874031332574,-0.065249154489112,0.9914423875356619));
#14613=AXIS2_PLACEMENT_3D('',#6022,#14611,#14612);
#14614=PLANE('',#14613);
#14615=EDGE_LOOP('',(#14608,#14609,#14610));
#14616=FACE_BOUND('',#14615,.T.);
#14617=ADVANCED_FACE('',(#14616),#14614,.T.);
#14618=DIRECTION('',(-0.09231962710456415,0.09225578227253979,-0.9914463964776694));
#14619=VECTOR('',#14618,1000.0);
#14620=LINE('',#6014,#14619);
#14621=EDGE_CURVE('',#6015,#6025,#14620,.T.);
#14622=LINE('',#6024,#8918);
#14623=EDGE_CURVE('',#6025,#6023,#14622,.T.);
#14624=ORIENTED_EDGE('',*,*,#14607,.F.);
#14625=ORIENTED_EDGE('',*,*,#14621,.T.);
#14626=ORIENTED_EDGE('',*,*,#14623,.T.);
#14627=DIRECTION('',(0.5000077132676329,0.5000077132676279,0.7070958728105758));
#14628=AXIS2_PLACEMENT_3D('',#6022,#14611,#14627);
#14629=PLANE('',#14628);
#14630=EDGE_LOOP('',(#14624,#14625,#14626));
#14631=FACE_BOUND('',#14630,.T.);
#14632=ADVANCED_FACE('',(#14631),#14629,.T.);
#14633=DIRECTION('',(-0.61238149385799,-0.35356846604262193,-0.7070913984772575));
#14634=VECTOR('',#14633,1000.0);
#14635=LINE('',#6016,#14634);
#14636=EDGE_CURVE('',#6017,#6025,#14635,.T.);
#14637=ORIENTED_EDGE('',*,*,#14621,.F.);
#14638=ORIENTED_EDGE('',*,*,#14496,.F.);
#14639=ORIENTED_EDGE('',*,*,#14636,.T.);
#14640=DIRECTION('',(-0.6036330835743309,0.7866892401892216,0.1294107406093102));
#14641=DIRECTION('',(0.09231962710456415,-0.09225578227253979,0.9914463964776694));
#14642=AXIS2_PLACEMENT_3D('',#6024,#14640,#14641);
#14643=PLANE('',#14642);
#14644=EDGE_LOOP('',(#14637,#14638,#14639));
#14645=FACE_BOUND('',#14644,.T.);
#14646=ADVANCED_FACE('',(#14645),#14643,.T.);
#14647=DIRECTION('',(-0.06524915448911901,0.11306874031333268,-0.9914423875356606));
#14648=VECTOR('',#14647,1000.0);
#14649=LINE('',#6016,#14648);
#14650=EDGE_CURVE('',#6017,#6027,#14649,.T.);
#14651=LINE('',#6026,#9832);
#14652=EDGE_CURVE('',#6027,#6025,#14651,.T.);
#14653=ORIENTED_EDGE('',*,*,#14636,.F.);
#14654=ORIENTED_EDGE('',*,*,#14650,.T.);
#14655=ORIENTED_EDGE('',*,*,#14652,.T.);
#14656=DIRECTION('',(0.61238149385799,0.35356846604262193,0.7070913984772575));
#14657=AXIS2_PLACEMENT_3D('',#6024,#14640,#14656);
#14658=PLANE('',#14657);
#14659=EDGE_LOOP('',(#14653,#14654,#14655));
#14660=FACE_BOUND('',#14659,.T.);
#14661=ADVANCED_FACE('',(#14660),#14658,.T.);
#14662=DIRECTION('',(-0.6830171941743811,-0.18300307355912346,-0.7071049338889313));
#14663=VECTOR('',#14662,1000.0);
#14664=LINE('',#6018,#14663);
#14665=EDGE_CURVE('',#6019,#6027,#14664,.T.);
#14666=ORIENTED_EDGE('',*,*,#14650,.F.);
#14667=ORIENTED_EDGE('',*,*,#14525,.F.);
#14668=ORIENTED_EDGE('',*,*,#14665,.T.);
#14669=DIRECTION('',(-0.3794703597440697,0.9161030550090625,0.12945052598876958));
#14670=DIRECTION('',(0.06524915448911901,-0.11306874031333268,0.9914423875356606));
#14671=AXIS2_PLACEMENT_3D('',#6026,#14669,#14670);
#14672=PLANE('',#14671);
#14673=EDGE_LOOP('',(#14666,#14667,#14668));
#14674=FACE_BOUND('',#14673,.T.);
#14675=ADVANCED_FACE('',(#14674),#14672,.T.);
#14676=DIRECTION('',(-0.0337738111685719,0.12609315133823737,-0.9914433150033046));
#14677=VECTOR('',#14676,1000.0);
#14678=LINE('',#6018,#14677);
#14679=EDGE_CURVE('',#6019,#6029,#14678,.T.);
#14680=LINE('',#6028,#9069);
#14681=EDGE_CURVE('',#6029,#6027,#14680,.T.);
#14682=ORIENTED_EDGE('',*,*,#14665,.F.);
#14683=ORIENTED_EDGE('',*,*,#14679,.T.);
#14684=ORIENTED_EDGE('',*,*,#14681,.T.);
#14685=DIRECTION('',(0.6830171941743811,0.18300307355912346,0.7071049338889313));
#14686=AXIS2_PLACEMENT_3D('',#6026,#14669,#14685);
#14687=PLANE('',#14686);
#14688=EDGE_LOOP('',(#14682,#14683,#14684));
#14689=FACE_BOUND('',#14688,.T.);
#14690=ADVANCED_FACE('',(#14689),#14687,.T.);
#14691=DIRECTION('',(-0.7071067811865526,0.0,-0.7071067811865425));
#14692=VECTOR('',#14691,1000.0);
#14693=LINE('',#5930,#14692);
#14694=EDGE_CURVE('',#5931,#6029,#14693,.T.);
#14695=ORIENTED_EDGE('',*,*,#14679,.F.);
#14696=ORIENTED_EDGE('',*,*,#14550,.F.);
#14697=ORIENTED_EDGE('',*,*,#14694,.T.);
#14698=DIRECTION('',(-0.1294417709319699,0.9831020577111973,0.12944177093197176));
#14699=DIRECTION('',(0.0337738111685719,-0.12609315133823737,0.9914433150033046));
#14700=AXIS2_PLACEMENT_3D('',#6028,#14698,#14699);
#14701=PLANE('',#14700);
#14702=EDGE_LOOP('',(#14695,#14696,#14697));
#14703=FACE_BOUND('',#14702,.T.);
#14704=ADVANCED_FACE('',(#14703),#14701,.T.);
#14705=LINE('',#5356,#13931);
#14706=EDGE_CURVE('',#5357,#6029,#14705,.T.);
#14707=ORIENTED_EDGE('',*,*,#14694,.F.);
#14708=ORIENTED_EDGE('',*,*,#13410,.F.);
#14709=ORIENTED_EDGE('',*,*,#14706,.T.);
#14710=DIRECTION('',(0.7071067811865526,0.0,0.7071067811865425));
#14711=AXIS2_PLACEMENT_3D('',#6028,#14698,#14710);
#14712=PLANE('',#14711);
#14713=EDGE_LOOP('',(#14707,#14708,#14709));
#14714=FACE_BOUND('',#14713,.T.);
#14715=ADVANCED_FACE('',(#14714),#14712,.T.);
#14716=LINE('',#5988,#12071);
#14717=EDGE_CURVE('',#5989,#5475,#14716,.T.);
#14718=ORIENTED_EDGE('',*,*,#14717,.T.);
#14719=ORIENTED_EDGE('',*,*,#13937,.F.);
#14720=ORIENTED_EDGE('',*,*,#14047,.F.);
#14721=DIRECTION('',(-0.05034438056338885,0.12159255292744026,0.9913025241661985));
#14722=AXIS2_PLACEMENT_3D('',#5988,#14721,#12070);
#14723=PLANE('',#14722);
#14724=EDGE_LOOP('',(#14718,#14719,#14720));
#14725=FACE_BOUND('',#14724,.T.);
#14726=ADVANCED_FACE('',(#14725),#14723,.T.);
#14727=LINE('',#5946,#9168);
#14728=EDGE_CURVE('',#5947,#6003,#14727,.T.);
#14729=ORIENTED_EDGE('',*,*,#13615,.F.);
#14730=ORIENTED_EDGE('',*,*,#14728,.T.);
#14731=ORIENTED_EDGE('',*,*,#14404,.F.);
#14732=AXIS2_PLACEMENT_3D('',#5942,#14412,#8579);
#14733=PLANE('',#14732);
#14734=EDGE_LOOP('',(#14729,#14730,#14731));
#14735=FACE_BOUND('',#14734,.T.);
#14736=ADVANCED_FACE('',(#14735),#14733,.T.);
#14737=DIRECTION('',(-0.5880207085961608,0.15757167305269432,-0.7933491123795651));
#14738=VECTOR('',#14737,1000.0);
#14739=LINE('',#5984,#14738);
#14740=EDGE_CURVE('',#5985,#6003,#14739,.T.);
#14741=ORIENTED_EDGE('',*,*,#14728,.F.);
#14742=ORIENTED_EDGE('',*,*,#14154,.F.);
#14743=ORIENTED_EDGE('',*,*,#14740,.T.);
#14744=AXIS2_PLACEMENT_3D('',#6002,#14158,#8896);
#14745=PLANE('',#14744);
#14746=EDGE_LOOP('',(#14741,#14742,#14743));
#14747=FACE_BOUND('',#14746,.T.);
#14748=ADVANCED_FACE('',(#14747),#14745,.T.);
#14749=LINE('',#5984,#8975);
#14750=EDGE_CURVE('',#5985,#5995,#14749,.T.);
#14751=ORIENTED_EDGE('',*,*,#14740,.F.);
#14752=ORIENTED_EDGE('',*,*,#14750,.T.);
#14753=ORIENTED_EDGE('',*,*,#14268,.F.);
#14754=DIRECTION('',(-0.7352660469925895,0.304612272595924,0.6054710591959269));
#14755=DIRECTION('',(0.5880207085961608,-0.15757167305269432,0.7933491123795651));
#14756=AXIS2_PLACEMENT_3D('',#6002,#14754,#14755);
#14757=PLANE('',#14756);
#14758=EDGE_LOOP('',(#14751,#14752,#14753));
#14759=FACE_BOUND('',#14758,.T.);
#14760=ADVANCED_FACE('',(#14759),#14757,.T.);
#14761=DIRECTION('',(-0.687024430382006,0.39666227915281216,-0.6088156275553191));
#14762=VECTOR('',#14761,1000.0);
#14763=LINE('',#5972,#14762);
#14764=EDGE_CURVE('',#5973,#5995,#14763,.T.);
#14765=ORIENTED_EDGE('',*,*,#14750,.F.);
#14766=ORIENTED_EDGE('',*,*,#14003,.F.);
#14767=ORIENTED_EDGE('',*,*,#14764,.T.);
#14768=AXIS2_PLACEMENT_3D('',#5994,#14009,#8999);
#14769=PLANE('',#14768);
#14770=EDGE_LOOP('',(#14765,#14766,#14767));
#14771=FACE_BOUND('',#14770,.T.);
#14772=ADVANCED_FACE('',(#14771),#14769,.T.);
#14773=LINE('',#5972,#9201);
#14774=EDGE_CURVE('',#5973,#5987,#14773,.T.);
#14775=ORIENTED_EDGE('',*,*,#14764,.F.);
#14776=ORIENTED_EDGE('',*,*,#14774,.T.);
#14777=ORIENTED_EDGE('',*,*,#14166,.F.);
#14778=DIRECTION('',(0.687024430382006,-0.39666227915281216,0.6088156275553191));
#14779=AXIS2_PLACEMENT_3D('',#5994,#14176,#14778);
#14780=PLANE('',#14779);
#14781=EDGE_LOOP('',(#14775,#14776,#14777));
#14782=FACE_BOUND('',#14781,.T.);
#14783=ADVANCED_FACE('',(#14782),#14780,.T.);
#14784=DIRECTION('',(-0.6532777605989601,0.6532777605989601,-0.3826961392718971));
#14785=VECTOR('',#14784,1000.0);
#14786=LINE('',#5976,#14785);
#14787=EDGE_CURVE('',#5977,#5987,#14786,.T.);
#14788=ORIENTED_EDGE('',*,*,#14774,.F.);
#14789=ORIENTED_EDGE('',*,*,#13921,.F.);
#14790=ORIENTED_EDGE('',*,*,#14787,.T.);
#14791=AXIS2_PLACEMENT_3D('',#5986,#13925,#8917);
#14792=PLANE('',#14791);
#14793=EDGE_LOOP('',(#14788,#14789,#14790));
#14794=FACE_BOUND('',#14793,.T.);
#14795=ADVANCED_FACE('',(#14794),#14792,.T.);
#14796=LINE('',#5976,#9056);
#14797=EDGE_CURVE('',#5977,#5989,#14796,.T.);
#14798=ORIENTED_EDGE('',*,*,#14787,.F.);
#14799=ORIENTED_EDGE('',*,*,#14797,.T.);
#14800=ORIENTED_EDGE('',*,*,#14030,.F.);
#14801=DIRECTION('',(0.6532777605989601,-0.6532777605989601,0.3826961392718971));
#14802=AXIS2_PLACEMENT_3D('',#5986,#14040,#14801);
#14803=PLANE('',#14802);
#14804=EDGE_LOOP('',(#14798,#14799,#14800));
#14805=FACE_BOUND('',#14804,.T.);
#14806=ADVANCED_FACE('',(#14805),#14803,.T.);
#14807=ORIENTED_EDGE('',*,*,#14797,.F.);
#14808=ORIENTED_EDGE('',*,*,#13952,.F.);
#14809=ORIENTED_EDGE('',*,*,#14717,.F.);
#14810=DIRECTION('',(-0.08011916487761005,0.10440163462171792,0.991302788308208));
#14811=AXIS2_PLACEMENT_3D('',#5988,#14810,#9831);
#14812=PLANE('',#14811);
#14813=EDGE_LOOP('',(#14807,#14808,#14809));
#14814=FACE_BOUND('',#14813,.T.);
#14815=ADVANCED_FACE('',(#14814),#14812,.T.);
#14816=LINE('',#5960,#12676);
#14817=EDGE_CURVE('',#5961,#6031,#14816,.T.);
#14818=DIRECTION('',(0.6830171941743864,-0.1830030735591222,-0.7071049338889263));
#14819=VECTOR('',#14818,1000.0);
#14820=LINE('',#6030,#14819);
#14821=EDGE_CURVE('',#6031,#5469,#14820,.T.);
#14822=ORIENTED_EDGE('',*,*,#13764,.F.);
#14823=ORIENTED_EDGE('',*,*,#14817,.T.);
#14824=ORIENTED_EDGE('',*,*,#14821,.T.);
#14825=DIRECTION('',(-0.12944246206838858,-0.9831073068485544,0.12940120646522654));
#14826=DIRECTION('',(0.0,0.1304991039519234,0.9914484272354993));
#14827=AXIS2_PLACEMENT_3D('',#5468,#14825,#14826);
#14828=PLANE('',#14827);
#14829=EDGE_LOOP('',(#14822,#14823,#14824));
#14830=FACE_BOUND('',#14829,.T.);
#14831=ADVANCED_FACE('',(#14830),#14828,.T.);
#14832=DIRECTION('',(0.461921593329921,0.8001107681562518,0.3826894306039295));
#14833=VECTOR('',#14832,1000.0);
#14834=LINE('',#6032,#14833);
#14835=EDGE_CURVE('',#6033,#6035,#14834,.T.);
#14836=LINE('',#6034,#10157);
#14837=EDGE_CURVE('',#6035,#6037,#14836,.T.);
#14838=DIRECTION('',(-0.24144327067785687,-0.9011318885712518,-0.36009230267306186));
#14839=VECTOR('',#14838,1000.0);
#14840=LINE('',#6036,#14839);
#14841=EDGE_CURVE('',#6037,#6033,#14840,.T.);
#14842=ORIENTED_EDGE('',*,*,#14835,.T.);
#14843=ORIENTED_EDGE('',*,*,#14837,.T.);
#14844=ORIENTED_EDGE('',*,*,#14841,.T.);
#14845=DIRECTION('',(-0.23469768799463353,-0.3058297263333707,0.9227053558643893));
#14846=AXIS2_PLACEMENT_3D('',#6032,#14845,#14832);
#14847=PLANE('',#14846);
#14848=EDGE_LOOP('',(#14842,#14843,#14844));
#14849=FACE_BOUND('',#14848,.T.);
#14850=ADVANCED_FACE('',(#14849),#14847,.T.);
#14851=VECTOR('',#11112,1000.0);
#14852=LINE('',#5956,#14851);
#14853=EDGE_CURVE('',#5957,#6039,#14852,.T.);
#14854=DIRECTION('',(0.9576695233526946,0.2565915876236295,0.1304984337155361));
#14855=VECTOR('',#14854,1000.0);
#14856=LINE('',#6038,#14855);
#14857=EDGE_CURVE('',#6039,#5477,#14856,.T.);
#14858=ORIENTED_EDGE('',*,*,#13722,.F.);
#14859=ORIENTED_EDGE('',*,*,#14853,.T.);
#14860=ORIENTED_EDGE('',*,*,#14857,.T.);
#14861=DIRECTION('',(-0.13047985656241656,-0.017174382712495318,0.9913021979244755));
#14862=DIRECTION('',(-0.9914484272354985,0.0,-0.1304991039519285));
#14863=AXIS2_PLACEMENT_3D('',#5476,#14861,#14862);
#14864=PLANE('',#14863);
#14865=EDGE_LOOP('',(#14858,#14859,#14860));
#14866=FACE_BOUND('',#14865,.T.);
#14867=ADVANCED_FACE('',(#14866),#14864,.T.);
#14868=DIRECTION('',(0.4957349343109332,0.858614183071184,0.13049352295320313));
#14869=VECTOR('',#14868,1000.0);
#14870=LINE('',#6034,#14869);
#14871=EDGE_CURVE('',#6035,#5477,#14870,.T.);
#14872=LINE('',#5476,#12651);
#14873=EDGE_CURVE('',#5477,#6037,#14872,.T.);
#14874=ORIENTED_EDGE('',*,*,#14837,.F.);
#14875=ORIENTED_EDGE('',*,*,#14871,.T.);
#14876=ORIENTED_EDGE('',*,*,#14873,.T.);
#14877=DIRECTION('',(-0.08011916487761005,-0.10440163462171792,0.991302788308208));
#14878=AXIS2_PLACEMENT_3D('',#6036,#14877,#9875);
#14879=PLANE('',#14878);
#14880=EDGE_LOOP('',(#14874,#14875,#14876));
#14881=FACE_BOUND('',#14880,.T.);
#14882=ADVANCED_FACE('',(#14881),#14879,.T.);
#14883=LINE('',#6040,#12496);
#14884=EDGE_CURVE('',#6041,#5477,#14883,.T.);
#14885=LINE('',#6034,#10737);
#14886=EDGE_CURVE('',#6035,#6041,#14885,.T.);
#14887=ORIENTED_EDGE('',*,*,#14884,.T.);
#14888=ORIENTED_EDGE('',*,*,#14871,.F.);
#14889=ORIENTED_EDGE('',*,*,#14886,.T.);
#14890=DIRECTION('',(-0.05034438056338885,-0.12159255292744026,0.9913025241661985));
#14891=AXIS2_PLACEMENT_3D('',#6040,#14890,#12495);
#14892=PLANE('',#14891);
#14893=EDGE_LOOP('',(#14887,#14888,#14889));
#14894=FACE_BOUND('',#14893,.T.);
#14895=ADVANCED_FACE('',(#14894),#14892,.T.);
#14896=DIRECTION('',(0.0,-0.9329160488757815,-0.36009394017395024));
#14897=VECTOR('',#14896,1000.0);
#14898=LINE('',#6034,#14897);
#14899=EDGE_CURVE('',#6035,#6043,#14898,.T.);
#14900=LINE('',#6042,#12463);
#14901=EDGE_CURVE('',#6043,#6041,#14900,.T.);
#14902=ORIENTED_EDGE('',*,*,#14886,.F.);
#14903=ORIENTED_EDGE('',*,*,#14899,.T.);
#14904=ORIENTED_EDGE('',*,*,#14901,.T.);
#14905=DIRECTION('',(-0.14746390887028965,-0.35615719060484846,0.9227168857028448));
#14906=AXIS2_PLACEMENT_3D('',#6040,#14905,#9931);
#14907=PLANE('',#14906);
#14908=EDGE_LOOP('',(#14902,#14903,#14904));
#14909=FACE_BOUND('',#14908,.T.);
#14910=ADVANCED_FACE('',(#14909),#14907,.T.);
#14911=LINE('',#6032,#10737);
#14912=EDGE_CURVE('',#6033,#6043,#14911,.T.);
#14913=ORIENTED_EDGE('',*,*,#14899,.F.);
#14914=ORIENTED_EDGE('',*,*,#14835,.F.);
#14915=ORIENTED_EDGE('',*,*,#14912,.T.);
#14916=DIRECTION('',(-0.14753174602873403,-0.35615354772035235,0.9227074478727914));
#14917=DIRECTION('',(0.0,0.9329160488757815,0.36009394017395024));
#14918=AXIS2_PLACEMENT_3D('',#6042,#14916,#14917);
#14919=PLANE('',#14918);
#14920=EDGE_LOOP('',(#14913,#14914,#14915));
#14921=FACE_BOUND('',#14920,.T.);
#14922=ADVANCED_FACE('',(#14921),#14919,.T.);
#14923=DIRECTION('',(0.22054216781535874,-0.8231232936626992,-0.5232869152244989));
#14924=VECTOR('',#14923,1000.0);
#14925=LINE('',#6032,#14924);
#14926=EDGE_CURVE('',#6033,#6045,#14925,.T.);
#14927=LINE('',#6044,#12430);
#14928=EDGE_CURVE('',#6045,#6043,#14927,.T.);
#14929=ORIENTED_EDGE('',*,*,#14912,.F.);
#14930=ORIENTED_EDGE('',*,*,#14926,.T.);
#14931=ORIENTED_EDGE('',*,*,#14928,.T.);
#14932=DIRECTION('',(-0.23424777764500082,-0.5654930501373339,0.7907879544572952));
#14933=AXIS2_PLACEMENT_3D('',#6042,#14932,#9931);
#14934=PLANE('',#14933);
#14935=EDGE_LOOP('',(#14929,#14930,#14931));
#14936=FACE_BOUND('',#14935,.T.);
#14937=ADVANCED_FACE('',(#14936),#14934,.T.);
#14938=VECTOR('',#10095,1000.0);
#14939=LINE('',#6040,#14938);
#14940=EDGE_CURVE('',#6041,#5969,#14939,.T.);
#14941=ORIENTED_EDGE('',*,*,#13889,.F.);
#14942=ORIENTED_EDGE('',*,*,#14884,.F.);
#14943=ORIENTED_EDGE('',*,*,#14940,.T.);
#14944=DIRECTION('',(-0.017174382712495467,-0.13047985656241748,0.9913021979244754));
#14945=DIRECTION('',(0.0,0.9914484272354984,0.13049910395192943));
#14946=AXIS2_PLACEMENT_3D('',#5968,#14944,#14945);
#14947=PLANE('',#14946);
#14948=EDGE_LOOP('',(#14941,#14942,#14943));
#14949=FACE_BOUND('',#14948,.T.);
#14950=ADVANCED_FACE('',(#14949),#14947,.T.);
#14951=VECTOR('',#12783,1000.0);
#14952=LINE('',#6046,#14951);
#14953=EDGE_CURVE('',#6047,#6049,#14952,.T.);
#14954=DIRECTION('',(-0.8001107681562545,-0.46192159332991545,-0.3826894306039308));
#14955=VECTOR('',#14954,1000.0);
#14956=LINE('',#6048,#14955);
#14957=EDGE_CURVE('',#6049,#6051,#14956,.T.);
#14958=LINE('',#6050,#10786);
#14959=EDGE_CURVE('',#6051,#6047,#14958,.T.);
#14960=ORIENTED_EDGE('',*,*,#14953,.T.);
#14961=ORIENTED_EDGE('',*,*,#14957,.T.);
#14962=ORIENTED_EDGE('',*,*,#14959,.T.);
#14963=DIRECTION('',(-0.305828438669877,-0.23469982224013078,0.9227052397928585));
#14964=AXIS2_PLACEMENT_3D('',#6046,#14963,#12783);
#14965=PLANE('',#14964);
#14966=EDGE_LOOP('',(#14960,#14961,#14962));
#14967=FACE_BOUND('',#14966,.T.);
#14968=ADVANCED_FACE('',(#14967),#14965,.T.);
#14969=LINE('',#6048,#10049);
#14970=EDGE_CURVE('',#6049,#6039,#14969,.T.);
#14971=DIRECTION('',(-0.6596739035031483,-0.6596739035031549,-0.36008427079480865));
#14972=VECTOR('',#14971,1000.0);
#14973=LINE('',#6038,#14972);
#14974=EDGE_CURVE('',#6039,#6051,#14973,.T.);
#14975=ORIENTED_EDGE('',*,*,#14957,.F.);
#14976=ORIENTED_EDGE('',*,*,#14970,.T.);
#14977=ORIENTED_EDGE('',*,*,#14974,.T.);
#14978=DIRECTION('',(-0.35618470025713034,-0.14747529901196843,0.9227044464421251));
#14979=DIRECTION('',(0.8001107681562545,0.46192159332991545,0.3826894306039308));
#14980=AXIS2_PLACEMENT_3D('',#6050,#14978,#14979);
#14981=PLANE('',#14980);
#14982=EDGE_LOOP('',(#14975,#14976,#14977));
#14983=FACE_BOUND('',#14982,.T.);
#14984=ADVANCED_FACE('',(#14983),#14981,.T.);
#14985=DIRECTION('',(-0.8923935002047709,-0.23915481841230063,-0.38267324654652424));
#14986=VECTOR('',#14985,1000.0);
#14987=LINE('',#6038,#14986);
#14988=EDGE_CURVE('',#6039,#6053,#14987,.T.);
#14989=LINE('',#6052,#10027);
#14990=EDGE_CURVE('',#6053,#6051,#14989,.T.);
#14991=ORIENTED_EDGE('',*,*,#14974,.F.);
#14992=ORIENTED_EDGE('',*,*,#14988,.T.);
#14993=ORIENTED_EDGE('',*,*,#14990,.T.);
#14994=DIRECTION('',(-0.3561393062593512,-0.1475258466978918,0.9227138879919269));
#14995=DIRECTION('',(0.6596739035031483,0.6596739035031549,0.36008427079480865));
#14996=AXIS2_PLACEMENT_3D('',#6050,#14994,#14995);
#14997=PLANE('',#14996);
#14998=EDGE_LOOP('',(#14991,#14992,#14993));
#14999=FACE_BOUND('',#14998,.T.);
#15000=ADVANCED_FACE('',(#14999),#14997,.T.);
#15001=DIRECTION('',(-0.8079279310545376,-0.4664703981439947,-0.36008030476175384));
#15002=VECTOR('',#15001,1000.0);
#15003=LINE('',#5956,#15002);
#15004=EDGE_CURVE('',#5957,#6053,#15003,.T.);
#15005=ORIENTED_EDGE('',*,*,#14988,.F.);
#15006=ORIENTED_EDGE('',*,*,#14853,.F.);
#15007=ORIENTED_EDGE('',*,*,#15004,.T.);
#15008=DIRECTION('',(-0.38219280305248665,-0.05030604449235291,0.9227122862422591));
#15009=DIRECTION('',(0.8923935002047709,0.23915481841230063,0.38267324654652424));
#15010=AXIS2_PLACEMENT_3D('',#6052,#15008,#15009);
#15011=PLANE('',#15010);
#15012=EDGE_LOOP('',(#15005,#15006,#15007));
#15013=FACE_BOUND('',#15012,.T.);
#15014=ADVANCED_FACE('',(#15013),#15011,.T.);
#15015=LINE('',#5952,#14851);
#15016=EDGE_CURVE('',#5953,#6053,#15015,.T.);
#15017=ORIENTED_EDGE('',*,*,#15004,.F.);
#15018=ORIENTED_EDGE('',*,*,#13690,.F.);
#15019=ORIENTED_EDGE('',*,*,#15016,.T.);
#15020=DIRECTION('',(0.8079279310545376,0.4664703981439947,0.36008030476175384));
#15021=AXIS2_PLACEMENT_3D('',#6052,#15008,#15020);
#15022=PLANE('',#15021);
#15023=EDGE_LOOP('',(#15017,#15018,#15019));
#15024=FACE_BOUND('',#15023,.T.);
#15025=ADVANCED_FACE('',(#15024),#15022,.T.);
#15026=DIRECTION('',(0.24144327067785687,-0.9011318885712518,-0.36009230267306186));
#15027=VECTOR('',#15026,1000.0);
#15028=LINE('',#6040,#15027);
#15029=EDGE_CURVE('',#6041,#5967,#15028,.T.);
#15030=ORIENTED_EDGE('',*,*,#14940,.F.);
#15031=ORIENTED_EDGE('',*,*,#15029,.T.);
#15032=ORIENTED_EDGE('',*,*,#13865,.F.);
#15033=DIRECTION('',(-0.05030624112111429,-0.38219429691069456,0.9227116567558925));
#15034=AXIS2_PLACEMENT_3D('',#5968,#15033,#9991);
#15035=PLANE('',#15034);
#15036=EDGE_LOOP('',(#15030,#15031,#15032));
#15037=FACE_BOUND('',#15036,.T.);
#15038=ADVANCED_FACE('',(#15037),#15035,.T.);
#15039=LINE('',#6042,#14938);
#15040=EDGE_CURVE('',#6043,#5967,#15039,.T.);
#15041=ORIENTED_EDGE('',*,*,#15029,.F.);
#15042=ORIENTED_EDGE('',*,*,#14901,.F.);
#15043=ORIENTED_EDGE('',*,*,#15040,.T.);
#15044=DIRECTION('',(-0.24144327067785687,0.9011318885712518,0.36009230267306186));
#15045=AXIS2_PLACEMENT_3D('',#5966,#15033,#15044);
#15046=PLANE('',#15045);
#15047=EDGE_LOOP('',(#15041,#15042,#15043));
#15048=FACE_BOUND('',#15047,.T.);
#15049=ADVANCED_FACE('',(#15048),#15046,.T.);
#15050=DIRECTION('',(0.42610890136176827,-0.7379668390873214,-0.5232935587103421));
#15051=VECTOR('',#15050,1000.0);
#15052=LINE('',#6042,#15051);
#15053=EDGE_CURVE('',#6043,#5965,#15052,.T.);
#15054=ORIENTED_EDGE('',*,*,#15040,.F.);
#15055=ORIENTED_EDGE('',*,*,#15053,.T.);
#15056=ORIENTED_EDGE('',*,*,#13840,.F.);
#15057=DIRECTION('',(-0.07987319122001421,-0.606864314895726,0.7907818767716368));
#15058=AXIS2_PLACEMENT_3D('',#5966,#15057,#9991);
#15059=PLANE('',#15058);
#15060=EDGE_LOOP('',(#15054,#15055,#15056));
#15061=FACE_BOUND('',#15060,.T.);
#15062=ADVANCED_FACE('',(#15061),#15059,.T.);
#15063=LINE('',#6044,#14938);
#15064=EDGE_CURVE('',#6045,#5965,#15063,.T.);
#15065=ORIENTED_EDGE('',*,*,#15053,.F.);
#15066=ORIENTED_EDGE('',*,*,#14928,.F.);
#15067=ORIENTED_EDGE('',*,*,#15064,.T.);
#15068=DIRECTION('',(-0.42610890136176827,0.7379668390873214,0.5232935587103421));
#15069=AXIS2_PLACEMENT_3D('',#5964,#15057,#15068);
#15070=PLANE('',#15069);
#15071=EDGE_LOOP('',(#15065,#15066,#15067));
#15072=FACE_BOUND('',#15071,.T.);
#15073=ADVANCED_FACE('',(#15072),#15070,.T.);
#15074=DIRECTION('',(0.5521157155776321,-0.5521157155776265,-0.6247691359409527));
#15075=VECTOR('',#15074,1000.0);
#15076=LINE('',#6044,#15075);
#15077=EDGE_CURVE('',#6045,#5963,#15076,.T.);
#15078=ORIENTED_EDGE('',*,*,#15064,.F.);
#15079=ORIENTED_EDGE('',*,*,#15077,.T.);
#15080=ORIENTED_EDGE('',*,*,#13815,.F.);
#15081=DIRECTION('',(-0.10382902666142392,-0.7890287486291255,0.6055189237829794));
#15082=AXIS2_PLACEMENT_3D('',#5964,#15081,#9991);
#15083=PLANE('',#15082);
#15084=EDGE_LOOP('',(#15078,#15079,#15080));
#15085=FACE_BOUND('',#15084,.T.);
#15086=ADVANCED_FACE('',(#15085),#15083,.T.);
#15087=DIRECTION('',(0.0,0.8521553417218695,0.5232889006800007));
#15088=VECTOR('',#15087,1000.0);
#15089=LINE('',#6054,#15088);
#15090=EDGE_CURVE('',#6055,#6047,#15089,.T.);
#15091=DIRECTION('',(-0.5609710960298179,-0.560971096029825,-0.6087880245522261));
#15092=VECTOR('',#15091,1000.0);
#15093=LINE('',#6046,#15092);
#15094=EDGE_CURVE('',#6047,#6057,#15093,.T.);
#15095=LINE('',#6056,#9876);
#15096=EDGE_CURVE('',#6057,#6055,#15095,.T.);
#15097=ORIENTED_EDGE('',*,*,#15090,.T.);
#15098=ORIENTED_EDGE('',*,*,#15094,.T.);
#15099=ORIENTED_EDGE('',*,*,#15096,.T.);
#15100=DIRECTION('',(-0.37259338661004693,-0.48560932781703114,0.7907956430023798));
#15101=DIRECTION('',(0.0,0.8521553417218695,0.5232889006800007));
#15102=AXIS2_PLACEMENT_3D('',#6054,#15100,#15101);
#15103=PLANE('',#15102);
#15104=EDGE_LOOP('',(#15097,#15098,#15099));
#15105=FACE_BOUND('',#15104,.T.);
#15106=ADVANCED_FACE('',(#15105),#15103,.T.);
#15107=DIRECTION('',(-0.22054216781535874,-0.8231232936626992,-0.5232869152244989));
#15108=VECTOR('',#15107,1000.0);
#15109=LINE('',#6050,#15108);
#15110=EDGE_CURVE('',#6051,#6057,#15109,.T.);
#15111=ORIENTED_EDGE('',*,*,#15094,.F.);
#15112=ORIENTED_EDGE('',*,*,#14959,.F.);
#15113=ORIENTED_EDGE('',*,*,#15110,.T.);
#15114=DIRECTION('',(-0.48556951457105113,-0.3726372839972165,0.7907994063568912));
#15115=DIRECTION('',(0.5609710960298179,0.560971096029825,0.6087880245522261));
#15116=AXIS2_PLACEMENT_3D('',#6056,#15114,#15115);
#15117=PLANE('',#15116);
#15118=EDGE_LOOP('',(#15111,#15112,#15113));
#15119=FACE_BOUND('',#15118,.T.);
#15120=ADVANCED_FACE('',(#15119),#15117,.T.);
#15121=DIRECTION('',(-0.687024430382006,-0.39666227915281216,-0.6088156275553191));
#15122=VECTOR('',#15121,1000.0);
#15123=LINE('',#6050,#15122);
#15124=EDGE_CURVE('',#6051,#6059,#15123,.T.);
#15125=LINE('',#6058,#10786);
#15126=EDGE_CURVE('',#6059,#6057,#15125,.T.);
#15127=ORIENTED_EDGE('',*,*,#15110,.F.);
#15128=ORIENTED_EDGE('',*,*,#15124,.T.);
#15129=ORIENTED_EDGE('',*,*,#15126,.T.);
#15130=DIRECTION('',(0.22054216781535874,0.8231232936626992,0.5232869152244989));
#15131=AXIS2_PLACEMENT_3D('',#6056,#15114,#15130);
#15132=PLANE('',#15131);
#15133=EDGE_LOOP('',(#15127,#15128,#15129));
#15134=FACE_BOUND('',#15133,.T.);
#15135=ADVANCED_FACE('',(#15134),#15132,.T.);
#15136=DIRECTION('',(-0.4260639878971098,-0.7379840944410436,-0.5233057945114349));
#15137=VECTOR('',#15136,1000.0);
#15138=LINE('',#6052,#15137);
#15139=EDGE_CURVE('',#6053,#6059,#15138,.T.);
#15140=ORIENTED_EDGE('',*,*,#15124,.F.);
#15141=ORIENTED_EDGE('',*,*,#14990,.F.);
#15142=ORIENTED_EDGE('',*,*,#15139,.T.);
#15143=DIRECTION('',(-0.5655072021179673,-0.23425363990981382,0.7907760976039373));
#15144=DIRECTION('',(0.687024430382006,0.39666227915281216,0.6088156275553191));
#15145=AXIS2_PLACEMENT_3D('',#6058,#15143,#15144);
#15146=PLANE('',#15145);
#15147=EDGE_LOOP('',(#15140,#15141,#15142));
#15148=FACE_BOUND('',#15147,.T.);
#15149=ADVANCED_FACE('',(#15148),#15146,.T.);
#15150=DIRECTION('',(-0.7662964426592336,-0.2053161176032738,-0.6087980402564735));
#15151=VECTOR('',#15150,1000.0);
#15152=LINE('',#6052,#15151);
#15153=EDGE_CURVE('',#6053,#6061,#15152,.T.);
#15154=LINE('',#6060,#10027);
#15155=EDGE_CURVE('',#6061,#6059,#15154,.T.);
#15156=ORIENTED_EDGE('',*,*,#15139,.F.);
#15157=ORIENTED_EDGE('',*,*,#15153,.T.);
#15158=ORIENTED_EDGE('',*,*,#15155,.T.);
#15159=DIRECTION('',(-0.5654846951588959,-0.23427380988843707,0.7907862173441107));
#15160=DIRECTION('',(0.4260639878971098,0.7379840944410436,0.5233057945114349));
#15161=AXIS2_PLACEMENT_3D('',#6058,#15159,#15160);
#15162=PLANE('',#15161);
#15163=EDGE_LOOP('',(#15156,#15157,#15158));
#15164=FACE_BOUND('',#15163,.T.);
#15165=ADVANCED_FACE('',(#15164),#15162,.T.);
#15166=DIRECTION('',(-0.602569911492919,-0.6025699114929252,-0.523277176577408));
#15167=VECTOR('',#15166,1000.0);
#15168=LINE('',#5952,#15167);
#15169=EDGE_CURVE('',#5953,#6061,#15168,.T.);
#15170=ORIENTED_EDGE('',*,*,#15153,.F.);
#15171=ORIENTED_EDGE('',*,*,#15016,.F.);
#15172=ORIENTED_EDGE('',*,*,#15169,.T.);
#15173=DIRECTION('',(-0.6068558313364432,-0.07987207464596145,0.7907884999572923));
#15174=DIRECTION('',(0.7662964426592336,0.2053161176032738,0.6087980402564735));
#15175=AXIS2_PLACEMENT_3D('',#6060,#15173,#15174);
#15176=PLANE('',#15175);
#15177=EDGE_LOOP('',(#15170,#15171,#15172));
#15178=FACE_BOUND('',#15177,.T.);
#15179=ADVANCED_FACE('',(#15178),#15176,.T.);
#15180=VECTOR('',#13006,1000.0);
#15181=LINE('',#5948,#15180);
#15182=EDGE_CURVE('',#5949,#6061,#15181,.T.);
#15183=ORIENTED_EDGE('',*,*,#15169,.F.);
#15184=ORIENTED_EDGE('',*,*,#13658,.F.);
#15185=ORIENTED_EDGE('',*,*,#15182,.T.);
#15186=DIRECTION('',(0.602569911492919,0.6025699114929252,0.523277176577408));
#15187=AXIS2_PLACEMENT_3D('',#6060,#15173,#15186);
#15188=PLANE('',#15187);
#15189=EDGE_LOOP('',(#15183,#15184,#15185));
#15190=FACE_BOUND('',#15189,.T.);
#15191=ADVANCED_FACE('',(#15190),#15188,.T.);
#15192=DIRECTION('',(-0.390372232403294,0.676212796701675,0.6247765790627621));
#15193=VECTOR('',#15192,1000.0);
#15194=LINE('',#6062,#15193);
#15195=EDGE_CURVE('',#6063,#6055,#15194,.T.);
#15196=DIRECTION('',(-0.3044090061745414,-0.5272251621202644,-0.7933276658399662));
#15197=VECTOR('',#15196,1000.0);
#15198=LINE('',#6054,#15197);
#15199=EDGE_CURVE('',#6055,#6065,#15198,.T.);
#15200=LINE('',#6064,#10737);
#15201=EDGE_CURVE('',#6065,#6063,#15200,.T.);
#15202=ORIENTED_EDGE('',*,*,#15195,.T.);
#15203=ORIENTED_EDGE('',*,*,#15199,.T.);
#15204=ORIENTED_EDGE('',*,*,#15201,.T.);
#15205=DIRECTION('',(-0.30456046851862845,-0.7352633002264475,0.6055004544637654));
#15206=DIRECTION('',(-0.390372232403294,0.676212796701675,0.6247765790627621));
#15207=AXIS2_PLACEMENT_3D('',#6062,#15205,#15206);
#15208=PLANE('',#15207);
#15209=EDGE_LOOP('',(#15202,#15203,#15204));
#15210=FACE_BOUND('',#15209,.T.);
#15211=ADVANCED_FACE('',(#15210),#15208,.T.);
#15212=DIRECTION('',(0.2020751963633169,-0.754199538554307,-0.6247788977383898));
#15213=VECTOR('',#15212,1000.0);
#15214=LINE('',#6056,#15213);
#15215=EDGE_CURVE('',#6057,#6065,#15214,.T.);
#15216=ORIENTED_EDGE('',*,*,#15199,.F.);
#15217=ORIENTED_EDGE('',*,*,#15096,.F.);
#15218=ORIENTED_EDGE('',*,*,#15215,.T.);
#15219=DIRECTION('',(-0.48445525328334493,-0.6314014106497593,0.6055042247545959));
#15220=DIRECTION('',(0.3044090061745414,0.5272251621202644,0.7933276658399662));
#15221=AXIS2_PLACEMENT_3D('',#6064,#15219,#15220);
#15222=PLANE('',#15221);
#15223=EDGE_LOOP('',(#15216,#15217,#15218));
#15224=FACE_BOUND('',#15223,.T.);
#15225=ADVANCED_FACE('',(#15224),#15222,.T.);
#15226=DIRECTION('',(-0.4304542960469216,-0.4304542960469216,-0.7933588078728935));
#15227=VECTOR('',#15226,1000.0);
#15228=LINE('',#6056,#15227);
#15229=EDGE_CURVE('',#6057,#6067,#15228,.T.);
#15230=LINE('',#6066,#9876);
#15231=EDGE_CURVE('',#6067,#6065,#15230,.T.);
#15232=ORIENTED_EDGE('',*,*,#15215,.F.);
#15233=ORIENTED_EDGE('',*,*,#15229,.T.);
#15234=ORIENTED_EDGE('',*,*,#15231,.T.);
#15235=DIRECTION('',(-0.48452638143997573,-0.6313863393891495,0.6054630262216291));
#15236=DIRECTION('',(-0.2020751963633169,0.754199538554307,0.6247788977383898));
#15237=AXIS2_PLACEMENT_3D('',#6064,#15235,#15236);
#15238=PLANE('',#15237);
#15239=EDGE_LOOP('',(#15232,#15233,#15234));
#15240=FACE_BOUND('',#15239,.T.);
#15241=ADVANCED_FACE('',(#15240),#15238,.T.);
#15242=DIRECTION('',(0.0,-0.7808001294257402,-0.6247808879029091));
#15243=VECTOR('',#15242,1000.0);
#15244=LINE('',#6058,#15243);
#15245=EDGE_CURVE('',#6059,#6067,#15244,.T.);
#15246=ORIENTED_EDGE('',*,*,#15229,.F.);
#15247=ORIENTED_EDGE('',*,*,#15126,.F.);
#15248=ORIENTED_EDGE('',*,*,#15245,.T.);
#15249=DIRECTION('',(-0.6314287897899497,-0.48447626047159004,0.6054588643862305));
#15250=DIRECTION('',(0.4304542960469216,0.4304542960469216,0.7933588078728935));
#15251=AXIS2_PLACEMENT_3D('',#6066,#15249,#15250);
#15252=PLANE('',#15251);
#15253=EDGE_LOOP('',(#15246,#15247,#15248));
#15254=FACE_BOUND('',#15253,.T.);
#15255=ADVANCED_FACE('',(#15254),#15252,.T.);
#15256=DIRECTION('',(-0.5272251621202683,-0.3044090061745467,-0.7933276658399614));
#15257=VECTOR('',#15256,1000.0);
#15258=LINE('',#6058,#15257);
#15259=EDGE_CURVE('',#6059,#6069,#15258,.T.);
#15260=LINE('',#6068,#10786);
#15261=EDGE_CURVE('',#6069,#6067,#15260,.T.);
#15262=ORIENTED_EDGE('',*,*,#15245,.F.);
#15263=ORIENTED_EDGE('',*,*,#15259,.T.);
#15264=ORIENTED_EDGE('',*,*,#15261,.T.);
#15265=DIRECTION('',(-0.6313639855120101,-0.48450922705680055,0.605500063332129));
#15266=DIRECTION('',(0.0,0.7808001294257402,0.6247808879029091));
#15267=AXIS2_PLACEMENT_3D('',#6066,#15265,#15266);
#15268=PLANE('',#15267);
#15269=EDGE_LOOP('',(#15262,#15263,#15264));
#15270=FACE_BOUND('',#15269,.T.);
#15271=ADVANCED_FACE('',(#15270),#15268,.T.);
#15272=DIRECTION('',(-0.2020751963633276,-0.7541995385543053,-0.6247788977383884));
#15273=VECTOR('',#15272,1000.0);
#15274=LINE('',#6060,#15273);
#15275=EDGE_CURVE('',#6061,#6069,#15274,.T.);
#15276=ORIENTED_EDGE('',*,*,#15259,.F.);
#15277=ORIENTED_EDGE('',*,*,#15155,.F.);
#15278=ORIENTED_EDGE('',*,*,#15275,.T.);
#15279=DIRECTION('',(-0.7352432989302592,-0.30460284833515205,0.6055034237428076));
#15280=DIRECTION('',(0.5272251621202683,0.3044090061745467,0.7933276658399614));
#15281=AXIS2_PLACEMENT_3D('',#6068,#15279,#15280);
#15282=PLANE('',#15281);
#15283=EDGE_LOOP('',(#15276,#15277,#15278));
#15284=FACE_BOUND('',#15283,.T.);
#15285=ADVANCED_FACE('',(#15284),#15282,.T.);
#15286=DIRECTION('',(-0.5880207085961608,-0.15757167305269432,-0.7933491123795651));
#15287=VECTOR('',#15286,1000.0);
#15288=LINE('',#6060,#15287);
#15289=EDGE_CURVE('',#6061,#6071,#15288,.T.);
#15290=LINE('',#6070,#10027);
#15291=EDGE_CURVE('',#6071,#6069,#15290,.T.);
#15292=ORIENTED_EDGE('',*,*,#15275,.F.);
#15293=ORIENTED_EDGE('',*,*,#15289,.T.);
#15294=ORIENTED_EDGE('',*,*,#15291,.T.);
#15295=DIRECTION('',(-0.7352818742382683,-0.304568162238335,0.6054740291436311));
#15296=DIRECTION('',(0.2020751963633276,0.7541995385543053,0.6247788977383884));
#15297=AXIS2_PLACEMENT_3D('',#6068,#15295,#15296);
#15298=PLANE('',#15297);
#15299=EDGE_LOOP('',(#15292,#15293,#15294));
#15300=FACE_BOUND('',#15299,.T.);
#15301=ADVANCED_FACE('',(#15300),#15298,.T.);
#15302=DIRECTION('',(-0.3903722324032925,-0.676212796701678,-0.6247765790627597));
#15303=VECTOR('',#15302,1000.0);
#15304=LINE('',#5948,#15303);
#15305=EDGE_CURVE('',#5949,#6071,#15304,.T.);
#15306=ORIENTED_EDGE('',*,*,#15289,.F.);
#15307=ORIENTED_EDGE('',*,*,#15182,.F.);
#15308=ORIENTED_EDGE('',*,*,#15305,.T.);
#15309=DIRECTION('',(-0.7890534652035618,-0.103904135386977,0.6054738307307231));
#15310=DIRECTION('',(0.5880207085961608,0.15757167305269432,0.7933491123795651));
#15311=AXIS2_PLACEMENT_3D('',#6070,#15309,#15310);
#15312=PLANE('',#15311);
#15313=EDGE_LOOP('',(#15306,#15307,#15308));
#15314=FACE_BOUND('',#15313,.T.);
#15315=ADVANCED_FACE('',(#15314),#15312,.T.);
#15316=LINE('',#5944,#15180);
#15317=EDGE_CURVE('',#5945,#6071,#15316,.T.);
#15318=ORIENTED_EDGE('',*,*,#15305,.F.);
#15319=ORIENTED_EDGE('',*,*,#13626,.F.);
#15320=ORIENTED_EDGE('',*,*,#15317,.T.);
#15321=DIRECTION('',(0.3903722324032925,0.676212796701678,0.6247765790627597));
#15322=AXIS2_PLACEMENT_3D('',#6070,#15309,#15321);
#15323=PLANE('',#15322);
#15324=EDGE_LOOP('',(#15318,#15319,#15320));
#15325=FACE_BOUND('',#15324,.T.);
#15326=ADVANCED_FACE('',(#15325),#15323,.T.);
#15327=DIRECTION('',(-0.6335832930070411,0.36580967136587644,0.6817297816272541));
#15328=VECTOR('',#15327,1000.0);
#15329=LINE('',#5960,#15328);
#15330=EDGE_CURVE('',#5961,#6063,#15329,.T.);
#15331=DIRECTION('',(-0.09902116298092802,-0.36965347108933,-0.9238783039954529));
#15332=VECTOR('',#15331,1000.0);
#15333=LINE('',#6062,#15332);
#15334=EDGE_CURVE('',#6063,#6031,#15333,.T.);
#15335=ORIENTED_EDGE('',*,*,#15330,.T.);
#15336=ORIENTED_EDGE('',*,*,#15334,.T.);
#15337=ORIENTED_EDGE('',*,*,#14817,.F.);
#15338=DIRECTION('',(-0.12075362335969252,-0.9171161267825064,0.3798902110359772));
#15339=DIRECTION('',(-0.6335832930070411,0.36580967136587644,0.6817297816272541));
#15340=AXIS2_PLACEMENT_3D('',#5960,#15338,#15339);
#15341=PLANE('',#15340);
#15342=EDGE_LOOP('',(#15335,#15336,#15337));
#15343=FACE_BOUND('',#15342,.T.);
#15344=ADVANCED_FACE('',(#15343),#15341,.T.);
#15345=DIRECTION('',(0.5173191513617442,-0.5173191513617494,-0.6817343993585218));
#15346=VECTOR('',#15345,1000.0);
#15347=LINE('',#6064,#15346);
#15348=EDGE_CURVE('',#6065,#6031,#15347,.T.);
#15349=ORIENTED_EDGE('',*,*,#15334,.F.);
#15350=ORIENTED_EDGE('',*,*,#15201,.F.);
#15351=ORIENTED_EDGE('',*,*,#15348,.T.);
#15352=DIRECTION('',(-0.3539997147577366,-0.8546184599005966,0.37988352155440175));
#15353=DIRECTION('',(0.09902116298092802,0.36965347108933,0.9238783039954529));
#15354=AXIS2_PLACEMENT_3D('',#6030,#15352,#15353);
#15355=PLANE('',#15354);
#15356=EDGE_LOOP('',(#15349,#15350,#15351));
#15357=FACE_BOUND('',#15356,.T.);
#15358=ADVANCED_FACE('',(#15357),#15355,.T.);
#15359=DIRECTION('',(-0.1913392378326887,-0.33141207326977123,-0.9238805841431227));
#15360=VECTOR('',#15359,1000.0);
#15361=LINE('',#6064,#15360);
#15362=EDGE_CURVE('',#6065,#6073,#15361,.T.);
#15363=LINE('',#6072,#10737);
#15364=EDGE_CURVE('',#6073,#6031,#15363,.T.);
#15365=ORIENTED_EDGE('',*,*,#15348,.F.);
#15366=ORIENTED_EDGE('',*,*,#15362,.T.);
#15367=ORIENTED_EDGE('',*,*,#15364,.T.);
#15368=DIRECTION('',(-0.5173191513617442,0.5173191513617494,0.6817343993585218));
#15369=AXIS2_PLACEMENT_3D('',#6030,#15352,#15368);
#15370=PLANE('',#15369);
#15371=EDGE_LOOP('',(#15365,#15366,#15367));
#15372=FACE_BOUND('',#15371,.T.);
#15373=ADVANCED_FACE('',(#15372),#15370,.T.);
#15374=DIRECTION('',(0.3657688643583798,-0.6335942113286656,-0.6817415296406604));
#15375=VECTOR('',#15374,1000.0);
#15376=LINE('',#6066,#15375);
#15377=EDGE_CURVE('',#6067,#6073,#15376,.T.);
#15378=ORIENTED_EDGE('',*,*,#15362,.F.);
#15379=ORIENTED_EDGE('',*,*,#15231,.F.);
#15380=ORIENTED_EDGE('',*,*,#15377,.T.);
#15381=DIRECTION('',(-0.5631604286807623,-0.7338543682530522,0.3798790567588767));
#15382=DIRECTION('',(0.1913392378326887,0.33141207326977123,0.9238805841431227));
#15383=AXIS2_PLACEMENT_3D('',#6072,#15381,#15382);
#15384=PLANE('',#15383);
#15385=EDGE_LOOP('',(#15378,#15379,#15380));
#15386=FACE_BOUND('',#15385,.T.);
#15387=ADVANCED_FACE('',(#15386),#15384,.T.);
#15388=DIRECTION('',(-0.27062759747313814,-0.27062759747314524,-0.9238622229379393));
#15389=VECTOR('',#15388,1000.0);
#15390=LINE('',#6066,#15389);
#15391=EDGE_CURVE('',#6067,#6075,#15390,.T.);
#15392=LINE('',#6074,#9876);
#15393=EDGE_CURVE('',#6075,#6073,#15392,.T.);
#15394=ORIENTED_EDGE('',*,*,#15377,.F.);
#15395=ORIENTED_EDGE('',*,*,#15391,.T.);
#15396=ORIENTED_EDGE('',*,*,#15393,.T.);
#15397=DIRECTION('',(-0.3657688643583798,0.6335942113286656,0.6817415296406604));
#15398=AXIS2_PLACEMENT_3D('',#6072,#15381,#15397);
#15399=PLANE('',#15398);
#15400=EDGE_LOOP('',(#15394,#15395,#15396));
#15401=FACE_BOUND('',#15400,.T.);
#15402=ADVANCED_FACE('',(#15401),#15399,.T.);
#15403=DIRECTION('',(0.18933923949165823,-0.7066654870302869,-0.6817437508543572));
#15404=VECTOR('',#15403,1000.0);
#15405=LINE('',#6068,#15404);
#15406=EDGE_CURVE('',#6069,#6075,#15405,.T.);
#15407=ORIENTED_EDGE('',*,*,#15391,.F.);
#15408=ORIENTED_EDGE('',*,*,#15261,.F.);
#15409=ORIENTED_EDGE('',*,*,#15406,.T.);
#15410=DIRECTION('',(-0.7338386498427123,-0.5631483663601132,0.3799273002338222));
#15411=DIRECTION('',(0.27062759747313814,0.27062759747314524,0.9238622229379393));
#15412=AXIS2_PLACEMENT_3D('',#6074,#15410,#15411);
#15413=PLANE('',#15412);
#15414=EDGE_LOOP('',(#15407,#15408,#15409));
#15415=FACE_BOUND('',#15414,.T.);
#15416=ADVANCED_FACE('',(#15415),#15413,.T.);
#15417=DIRECTION('',(-0.3314120732697708,-0.19133923783269552,-0.9238805841431215));
#15418=VECTOR('',#15417,1000.0);
#15419=LINE('',#6068,#15418);
#15420=EDGE_CURVE('',#6069,#6077,#15419,.T.);
#15421=LINE('',#6076,#10786);
#15422=EDGE_CURVE('',#6077,#6075,#15421,.T.);
#15423=ORIENTED_EDGE('',*,*,#15406,.F.);
#15424=ORIENTED_EDGE('',*,*,#15420,.T.);
#15425=ORIENTED_EDGE('',*,*,#15422,.T.);
#15426=DIRECTION('',(-0.18933923949165823,0.7066654870302869,0.6817437508543572));
#15427=AXIS2_PLACEMENT_3D('',#6074,#15410,#15426);
#15428=PLANE('',#15427);
#15429=EDGE_LOOP('',(#15423,#15424,#15425));
#15430=FACE_BOUND('',#15429,.T.);
#15431=ADVANCED_FACE('',(#15430),#15428,.T.);
#15432=DIRECTION('',(0.0,-0.7315892691030247,-0.681745657362995));
#15433=VECTOR('',#15432,1000.0);
#15434=LINE('',#6070,#15433);
#15435=EDGE_CURVE('',#6071,#6077,#15434,.T.);
#15436=ORIENTED_EDGE('',*,*,#15420,.F.);
#15437=ORIENTED_EDGE('',*,*,#15291,.F.);
#15438=ORIENTED_EDGE('',*,*,#15435,.T.);
#15439=DIRECTION('',(-0.8546191973332566,-0.35400002021679644,0.37988157791075877));
#15440=DIRECTION('',(0.3314120732697708,0.19133923783269552,0.9238805841431215));
#15441=AXIS2_PLACEMENT_3D('',#6076,#15439,#15440);
#15442=PLANE('',#15441);
#15443=EDGE_LOOP('',(#15436,#15437,#15438));
#15444=FACE_BOUND('',#15443,.T.);
#15445=ADVANCED_FACE('',(#15444),#15442,.T.);
#15446=DIRECTION('',(-0.3696534710893241,-0.09902116298092126,-0.923878303995456));
#15447=VECTOR('',#15446,1000.0);
#15448=LINE('',#6070,#15447);
#15449=EDGE_CURVE('',#6071,#6079,#15448,.T.);
#15450=LINE('',#6078,#10027);
#15451=EDGE_CURVE('',#6079,#6077,#15450,.T.);
#15452=ORIENTED_EDGE('',*,*,#15435,.F.);
#15453=ORIENTED_EDGE('',*,*,#15449,.T.);
#15454=ORIENTED_EDGE('',*,*,#15451,.T.);
#15455=DIRECTION('',(0.0,0.7315892691030247,0.681745657362995));
#15456=AXIS2_PLACEMENT_3D('',#6076,#15439,#15455);
#15457=PLANE('',#15456);
#15458=EDGE_LOOP('',(#15452,#15453,#15454));
#15459=FACE_BOUND('',#15458,.T.);
#15460=ADVANCED_FACE('',(#15459),#15457,.T.);
#15461=DIRECTION('',(-0.18933923949164816,-0.7066654870302883,-0.6817437508543587));
#15462=VECTOR('',#15461,1000.0);
#15463=LINE('',#5944,#15462);
#15464=EDGE_CURVE('',#5945,#6079,#15463,.T.);
#15465=ORIENTED_EDGE('',*,*,#15449,.F.);
#15466=ORIENTED_EDGE('',*,*,#15317,.F.);
#15467=ORIENTED_EDGE('',*,*,#15464,.T.);
#15468=DIRECTION('',(-0.9171139555419855,-0.12076799875565625,0.37989088305286667));
#15469=DIRECTION('',(0.3696534710893241,0.09902116298092126,0.923878303995456));
#15470=AXIS2_PLACEMENT_3D('',#6078,#15468,#15469);
#15471=PLANE('',#15470);
#15472=EDGE_LOOP('',(#15465,#15466,#15467));
#15473=FACE_BOUND('',#15472,.T.);
#15474=ADVANCED_FACE('',(#15473),#15471,.T.);
#15475=LINE('',#5940,#15180);
#15476=EDGE_CURVE('',#5941,#6079,#15475,.T.);
#15477=ORIENTED_EDGE('',*,*,#15464,.F.);
#15478=ORIENTED_EDGE('',*,*,#13596,.F.);
#15479=ORIENTED_EDGE('',*,*,#15476,.T.);
#15480=DIRECTION('',(0.18933923949164816,0.7066654870302883,0.6817437508543587));
#15481=AXIS2_PLACEMENT_3D('',#6078,#15468,#15480);
#15482=PLANE('',#15481);
#15483=EDGE_LOOP('',(#15477,#15478,#15479));
#15484=FACE_BOUND('',#15483,.T.);
#15485=ADVANCED_FACE('',(#15484),#15482,.T.);
#15486=DIRECTION('',(-0.0337738111685719,-0.12609315133823737,-0.9914433150033046));
#15487=VECTOR('',#15486,1000.0);
#15488=LINE('',#6030,#15487);
#15489=EDGE_CURVE('',#6031,#6081,#15488,.T.);
#15490=LINE('',#6080,#14938);
#15491=EDGE_CURVE('',#6081,#5469,#15490,.T.);
#15492=ORIENTED_EDGE('',*,*,#14821,.F.);
#15493=ORIENTED_EDGE('',*,*,#15489,.T.);
#15494=ORIENTED_EDGE('',*,*,#15491,.T.);
#15495=DIRECTION('',(-0.6830171941743864,0.1830030735591222,0.7071049338889263));
#15496=AXIS2_PLACEMENT_3D('',#5468,#14825,#15495);
#15497=PLANE('',#15496);
#15498=EDGE_LOOP('',(#15492,#15493,#15494));
#15499=FACE_BOUND('',#15498,.T.);
#15500=ADVANCED_FACE('',(#15499),#15497,.T.);
#15501=DIRECTION('',(0.6123814938579826,-0.35356846604262854,-0.7070913984772607));
#15502=VECTOR('',#15501,1000.0);
#15503=LINE('',#6072,#15502);
#15504=EDGE_CURVE('',#6073,#6081,#15503,.T.);
#15505=ORIENTED_EDGE('',*,*,#15489,.F.);
#15506=ORIENTED_EDGE('',*,*,#15364,.F.);
#15507=ORIENTED_EDGE('',*,*,#15504,.T.);
#15508=DIRECTION('',(-0.37947097296329846,-0.9161045354198363,0.12943825115279334));
#15509=DIRECTION('',(0.0337738111685719,0.12609315133823737,0.9914433150033046));
#15510=AXIS2_PLACEMENT_3D('',#6080,#15508,#15509);
#15511=PLANE('',#15510);
#15512=EDGE_LOOP('',(#15505,#15506,#15507));
#15513=FACE_BOUND('',#15512,.T.);
#15514=ADVANCED_FACE('',(#15513),#15511,.T.);
#15515=DIRECTION('',(-0.06524915448911901,-0.11306874031333268,-0.9914423875356606));
#15516=VECTOR('',#15515,1000.0);
#15517=LINE('',#6072,#15516);
#15518=EDGE_CURVE('',#6073,#6083,#15517,.T.);
#15519=LINE('',#6082,#10737);
#15520=EDGE_CURVE('',#6083,#6081,#15519,.T.);
#15521=ORIENTED_EDGE('',*,*,#15504,.F.);
#15522=ORIENTED_EDGE('',*,*,#15518,.T.);
#15523=ORIENTED_EDGE('',*,*,#15520,.T.);
#15524=DIRECTION('',(-0.6123814938579826,0.35356846604262854,0.7070913984772607));
#15525=AXIS2_PLACEMENT_3D('',#6080,#15508,#15524);
#15526=PLANE('',#15525);
#15527=EDGE_LOOP('',(#15521,#15522,#15523));
#15528=FACE_BOUND('',#15527,.T.);
#15529=ADVANCED_FACE('',(#15528),#15526,.T.);
#15530=DIRECTION('',(0.5000077132676254,-0.5000077132676305,-0.7070958728105794));
#15531=VECTOR('',#15530,1000.0);
#15532=LINE('',#6074,#15531);
#15533=EDGE_CURVE('',#6075,#6083,#15532,.T.);
#15534=ORIENTED_EDGE('',*,*,#15518,.F.);
#15535=ORIENTED_EDGE('',*,*,#15393,.F.);
#15536=ORIENTED_EDGE('',*,*,#15533,.T.);
#15537=DIRECTION('',(-0.6036304661281898,-0.786685828983355,0.1294436821117041));
#15538=DIRECTION('',(0.06524915448911901,0.11306874031333268,0.9914423875356606));
#15539=AXIS2_PLACEMENT_3D('',#6082,#15537,#15538);
#15540=PLANE('',#15539);
#15541=EDGE_LOOP('',(#15534,#15535,#15536));
#15542=FACE_BOUND('',#15541,.T.);
#15543=ADVANCED_FACE('',(#15542),#15540,.T.);
#15544=DIRECTION('',(-0.09231962710456415,-0.09225578227253979,-0.9914463964776694));
#15545=VECTOR('',#15544,1000.0);
#15546=LINE('',#6074,#15545);
#15547=EDGE_CURVE('',#6075,#6085,#15546,.T.);
#15548=LINE('',#6084,#9876);
#15549=EDGE_CURVE('',#6085,#6083,#15548,.T.);
#15550=ORIENTED_EDGE('',*,*,#15533,.F.);
#15551=ORIENTED_EDGE('',*,*,#15547,.T.);
#15552=ORIENTED_EDGE('',*,*,#15549,.T.);
#15553=DIRECTION('',(-0.5000077132676254,0.5000077132676305,0.7070958728105794));
#15554=AXIS2_PLACEMENT_3D('',#6082,#15537,#15553);
#15555=PLANE('',#15554);
#15556=EDGE_LOOP('',(#15550,#15551,#15552));
#15557=FACE_BOUND('',#15556,.T.);
#15558=ADVANCED_FACE('',(#15557),#15555,.T.);
#15559=DIRECTION('',(0.35353848179268166,-0.6123628932441944,-0.7071224991960905));
#15560=VECTOR('',#15559,1000.0);
#15561=LINE('',#6076,#15560);
#15562=EDGE_CURVE('',#6077,#6085,#15561,.T.);
#15563=ORIENTED_EDGE('',*,*,#15547,.F.);
#15564=ORIENTED_EDGE('',*,*,#15422,.F.);
#15565=ORIENTED_EDGE('',*,*,#15562,.T.);
#15566=DIRECTION('',(-0.7866880400457391,-0.6036321626944425,0.12942233118679147));
#15567=DIRECTION('',(0.09231962710456415,0.09225578227253979,0.9914463964776694));
#15568=AXIS2_PLACEMENT_3D('',#6084,#15566,#15567);
#15569=PLANE('',#15568);
#15570=EDGE_LOOP('',(#15563,#15564,#15565));
#15571=FACE_BOUND('',#15570,.T.);
#15572=ADVANCED_FACE('',(#15571),#15569,.T.);
#15573=DIRECTION('',(-0.11306874031332574,-0.065249154489112,-0.9914423875356619));
#15574=VECTOR('',#15573,1000.0);
#15575=LINE('',#6076,#15574);
#15576=EDGE_CURVE('',#6077,#6087,#15575,.T.);
#15577=LINE('',#6086,#10786);
#15578=EDGE_CURVE('',#6087,#6085,#15577,.T.);
#15579=ORIENTED_EDGE('',*,*,#15562,.F.);
#15580=ORIENTED_EDGE('',*,*,#15576,.T.);
#15581=ORIENTED_EDGE('',*,*,#15578,.T.);
#15582=DIRECTION('',(-0.35353848179268166,0.6123628932441944,0.7071224991960905));
#15583=AXIS2_PLACEMENT_3D('',#6084,#15566,#15582);
#15584=PLANE('',#15583);
#15585=EDGE_LOOP('',(#15579,#15580,#15581));
#15586=FACE_BOUND('',#15585,.T.);
#15587=ADVANCED_FACE('',(#15586),#15584,.T.);
#15588=DIRECTION('',(0.18300307355912285,-0.6830171941743838,-0.7071049338889287));
#15589=VECTOR('',#15588,1000.0);
#15590=LINE('',#6078,#15589);
#15591=EDGE_CURVE('',#6079,#6087,#15590,.T.);
#15592=ORIENTED_EDGE('',*,*,#15576,.F.);
#15593=ORIENTED_EDGE('',*,*,#15451,.F.);
#15594=ORIENTED_EDGE('',*,*,#15591,.T.);
#15595=DIRECTION('',(-0.9161030550090684,-0.3794703597440588,0.12945052598876028));
#15596=DIRECTION('',(0.11306874031332574,0.065249154489112,0.9914423875356619));
#15597=AXIS2_PLACEMENT_3D('',#6086,#15595,#15596);
#15598=PLANE('',#15597);
#15599=EDGE_LOOP('',(#15592,#15593,#15594));
#15600=FACE_BOUND('',#15599,.T.);
#15601=ADVANCED_FACE('',(#15600),#15598,.T.);
#15602=DIRECTION('',(-0.12609315133824436,-0.03377381116857187,-0.9914433150033037));
#15603=VECTOR('',#15602,1000.0);
#15604=LINE('',#6078,#15603);
#15605=EDGE_CURVE('',#6079,#6089,#15604,.T.);
#15606=LINE('',#6088,#10027);
#15607=EDGE_CURVE('',#6089,#6087,#15606,.T.);
#15608=ORIENTED_EDGE('',*,*,#15591,.F.);
#15609=ORIENTED_EDGE('',*,*,#15605,.T.);
#15610=ORIENTED_EDGE('',*,*,#15607,.T.);
#15611=DIRECTION('',(-0.18300307355912285,0.6830171941743838,0.7071049338889287));
#15612=AXIS2_PLACEMENT_3D('',#6086,#15595,#15611);
#15613=PLANE('',#15612);
#15614=EDGE_LOOP('',(#15608,#15609,#15610));
#15615=FACE_BOUND('',#15614,.T.);
#15616=ADVANCED_FACE('',(#15615),#15613,.T.);
#15617=DIRECTION('',(0.0,-0.70710678118655,-0.707106781186545));
#15618=VECTOR('',#15617,1000.0);
#15619=LINE('',#5940,#15618);
#15620=EDGE_CURVE('',#5941,#6089,#15619,.T.);
#15621=ORIENTED_EDGE('',*,*,#15605,.F.);
#15622=ORIENTED_EDGE('',*,*,#15476,.F.);
#15623=ORIENTED_EDGE('',*,*,#15620,.T.);
#15624=DIRECTION('',(-0.9831020577111954,-0.12944177093197792,0.12944177093197884));
#15625=DIRECTION('',(0.12609315133824436,0.03377381116857187,0.9914433150033037));
#15626=AXIS2_PLACEMENT_3D('',#6088,#15624,#15625);
#15627=PLANE('',#15626);
#15628=EDGE_LOOP('',(#15621,#15622,#15623));
#15629=FACE_BOUND('',#15628,.T.);
#15630=ADVANCED_FACE('',(#15629),#15627,.T.);
#15631=LINE('',#5348,#14851);
#15632=EDGE_CURVE('',#5349,#6089,#15631,.T.);
#15633=ORIENTED_EDGE('',*,*,#15620,.F.);
#15634=ORIENTED_EDGE('',*,*,#13566,.F.);
#15635=ORIENTED_EDGE('',*,*,#15632,.T.);
#15636=DIRECTION('',(0.0,0.70710678118655,0.707106781186545));
#15637=AXIS2_PLACEMENT_3D('',#6088,#15624,#15636);
#15638=PLANE('',#15637);
#15639=EDGE_LOOP('',(#15633,#15634,#15635));
#15640=FACE_BOUND('',#15639,.T.);
#15641=ADVANCED_FACE('',(#15640),#15638,.T.);
#15642=LINE('',#6048,#12962);
#15643=EDGE_CURVE('',#6049,#5477,#15642,.T.);
#15644=ORIENTED_EDGE('',*,*,#15643,.T.);
#15645=ORIENTED_EDGE('',*,*,#14857,.F.);
#15646=ORIENTED_EDGE('',*,*,#14970,.F.);
#15647=DIRECTION('',(-0.12159255292743858,-0.0503443805633917,0.9913025241661985));
#15648=AXIS2_PLACEMENT_3D('',#6048,#15647,#12961);
#15649=PLANE('',#15648);
#15650=EDGE_LOOP('',(#15644,#15645,#15646));
#15651=FACE_BOUND('',#15650,.T.);
#15652=ADVANCED_FACE('',(#15651),#15649,.T.);
#15653=LINE('',#5962,#12676);
#15654=EDGE_CURVE('',#5963,#6063,#15653,.T.);
#15655=ORIENTED_EDGE('',*,*,#13790,.F.);
#15656=ORIENTED_EDGE('',*,*,#15654,.T.);
#15657=ORIENTED_EDGE('',*,*,#15330,.F.);
#15658=DIRECTION('',(0.0,0.3826788297402414,0.9238814389674896));
#15659=AXIS2_PLACEMENT_3D('',#5960,#15338,#15658);
#15660=PLANE('',#15659);
#15661=EDGE_LOOP('',(#15655,#15656,#15657));
#15662=FACE_BOUND('',#15661,.T.);
#15663=ADVANCED_FACE('',(#15662),#15660,.T.);
#15664=DIRECTION('',(-0.15757167305268868,-0.5880207085961522,-0.7933491123795725));
#15665=VECTOR('',#15664,1000.0);
#15666=LINE('',#6044,#15665);
#15667=EDGE_CURVE('',#6045,#6063,#15666,.T.);
#15668=ORIENTED_EDGE('',*,*,#15654,.F.);
#15669=ORIENTED_EDGE('',*,*,#15077,.F.);
#15670=ORIENTED_EDGE('',*,*,#15667,.T.);
#15671=DIRECTION('',(-0.10390464157434655,-0.7890533735366062,0.6054738633250882));
#15672=AXIS2_PLACEMENT_3D('',#6062,#15671,#9853);
#15673=PLANE('',#15672);
#15674=EDGE_LOOP('',(#15668,#15669,#15670));
#15675=FACE_BOUND('',#15674,.T.);
#15676=ADVANCED_FACE('',(#15675),#15673,.T.);
#15677=LINE('',#6044,#9932);
#15678=EDGE_CURVE('',#6045,#6055,#15677,.T.);
#15679=ORIENTED_EDGE('',*,*,#15667,.F.);
#15680=ORIENTED_EDGE('',*,*,#15678,.T.);
#15681=ORIENTED_EDGE('',*,*,#15195,.F.);
#15682=DIRECTION('',(-0.3046122725959339,-0.7352660469925941,0.6054710591959165));
#15683=DIRECTION('',(0.15757167305268868,0.5880207085961522,0.7933491123795725));
#15684=AXIS2_PLACEMENT_3D('',#6062,#15682,#15683);
#15685=PLANE('',#15684);
#15686=EDGE_LOOP('',(#15679,#15680,#15681));
#15687=FACE_BOUND('',#15686,.T.);
#15688=ADVANCED_FACE('',(#15687),#15685,.T.);
#15689=DIRECTION('',(-0.39666227915281216,-0.687024430382006,-0.6088156275553191));
#15690=VECTOR('',#15689,1000.0);
#15691=LINE('',#6032,#15690);
#15692=EDGE_CURVE('',#6033,#6055,#15691,.T.);
#15693=ORIENTED_EDGE('',*,*,#15678,.F.);
#15694=ORIENTED_EDGE('',*,*,#14926,.F.);
#15695=ORIENTED_EDGE('',*,*,#15692,.T.);
#15696=AXIS2_PLACEMENT_3D('',#6054,#14932,#9956);
#15697=PLANE('',#15696);
#15698=EDGE_LOOP('',(#15693,#15694,#15695));
#15699=FACE_BOUND('',#15698,.T.);
#15700=ADVANCED_FACE('',(#15699),#15697,.T.);
#15701=LINE('',#6032,#10157);
#15702=EDGE_CURVE('',#6033,#6047,#15701,.T.);
#15703=ORIENTED_EDGE('',*,*,#15692,.F.);
#15704=ORIENTED_EDGE('',*,*,#15702,.T.);
#15705=ORIENTED_EDGE('',*,*,#15090,.F.);
#15706=DIRECTION('',(0.39666227915281216,0.687024430382006,0.6088156275553191));
#15707=AXIS2_PLACEMENT_3D('',#6054,#15100,#15706);
#15708=PLANE('',#15707);
#15709=EDGE_LOOP('',(#15703,#15704,#15705));
#15710=FACE_BOUND('',#15709,.T.);
#15711=ADVANCED_FACE('',(#15710),#15708,.T.);
#15712=DIRECTION('',(-0.6532777605989601,-0.6532777605989601,-0.3826961392718971));
#15713=VECTOR('',#15712,1000.0);
#15714=LINE('',#6036,#15713);
#15715=EDGE_CURVE('',#6037,#6047,#15714,.T.);
#15716=ORIENTED_EDGE('',*,*,#15702,.F.);
#15717=ORIENTED_EDGE('',*,*,#14841,.F.);
#15718=ORIENTED_EDGE('',*,*,#15715,.T.);
#15719=AXIS2_PLACEMENT_3D('',#6046,#14845,#9875);
#15720=PLANE('',#15719);
#15721=EDGE_LOOP('',(#15716,#15717,#15718));
#15722=FACE_BOUND('',#15721,.T.);
#15723=ADVANCED_FACE('',(#15722),#15720,.T.);
#15724=LINE('',#6036,#10014);
#15725=EDGE_CURVE('',#6037,#6049,#15724,.T.);
#15726=ORIENTED_EDGE('',*,*,#15715,.F.);
#15727=ORIENTED_EDGE('',*,*,#15725,.T.);
#15728=ORIENTED_EDGE('',*,*,#14953,.F.);
#15729=DIRECTION('',(0.6532777605989601,0.6532777605989601,0.3826961392718971));
#15730=AXIS2_PLACEMENT_3D('',#6046,#14963,#15729);
#15731=PLANE('',#15730);
#15732=EDGE_LOOP('',(#15726,#15727,#15728));
#15733=FACE_BOUND('',#15732,.T.);
#15734=ADVANCED_FACE('',(#15733),#15731,.T.);
#15735=ORIENTED_EDGE('',*,*,#15725,.F.);
#15736=ORIENTED_EDGE('',*,*,#14873,.F.);
#15737=ORIENTED_EDGE('',*,*,#15643,.F.);
#15738=DIRECTION('',(-0.10440163462171824,-0.08011916487760945,0.991302788308208));
#15739=AXIS2_PLACEMENT_3D('',#6048,#15738,#10785);
#15740=PLANE('',#15739);
#15741=EDGE_LOOP('',(#15735,#15736,#15737));
#15742=FACE_BOUND('',#15741,.T.);
#15743=ADVANCED_FACE('',(#15742),#15740,.T.);
#15744=DIRECTION('',(-0.9993948022426178,0.004539473279519904,0.03448800418672359));
#15745=VECTOR('',#15744,1000.0);
#15746=LINE('',#5448,#15745);
#15747=EDGE_CURVE('',#5449,#5355,#15746,.T.);
#15748=ORIENTED_EDGE('',*,*,#6290,.F.);
#15749=ORIENTED_EDGE('',*,*,#7070,.F.);
#15750=ORIENTED_EDGE('',*,*,#15747,.T.);
#15751=AXIS2_PLACEMENT_3D('',#5354,#6389,#12);
#15752=PLANE('',#15751);
#15753=EDGE_LOOP('',(#15748,#15749,#15750));
#15754=FACE_BOUND('',#15753,.T.);
#15755=ADVANCED_FACE('',(#15754),#15752,.T.);
#15756=LINE('',#5448,#512);
#15757=EDGE_CURVE('',#5449,#6091,#15756,.T.);
#15758=DIRECTION('',(0.0,0.13049910395192257,0.9914484272354993));
#15759=VECTOR('',#15758,1000.0);
#15760=LINE('',#6090,#15759);
#15761=EDGE_CURVE('',#6091,#5355,#15760,.T.);
#15762=ORIENTED_EDGE('',*,*,#15747,.F.);
#15763=ORIENTED_EDGE('',*,*,#15757,.T.);
#15764=ORIENTED_EDGE('',*,*,#15761,.T.);
#15765=DIRECTION('',(0.9993948022426178,-0.004539473279519904,-0.03448800418672359));
#15766=AXIS2_PLACEMENT_3D('',#5354,#6389,#15765);
#15767=PLANE('',#15766);
#15768=EDGE_LOOP('',(#15762,#15763,#15764));
#15769=FACE_BOUND('',#15768,.T.);
#15770=ADVANCED_FACE('',(#15769),#15767,.T.);
#15771=DIRECTION('',(-0.9993947773495975,0.013311938434296514,0.032138315162280065));
#15772=VECTOR('',#15771,1000.0);
#15773=LINE('',#5452,#15772);
#15774=EDGE_CURVE('',#5453,#6091,#15773,.T.);
#15775=ORIENTED_EDGE('',*,*,#15757,.F.);
#15776=ORIENTED_EDGE('',*,*,#7102,.F.);
#15777=ORIENTED_EDGE('',*,*,#15774,.T.);
#15778=AXIS2_PLACEMENT_3D('',#6090,#6424,#12);
#15779=PLANE('',#15778);
#15780=EDGE_LOOP('',(#15775,#15776,#15777));
#15781=FACE_BOUND('',#15780,.T.);
#15782=ADVANCED_FACE('',(#15781),#15779,.T.);
#15783=LINE('',#5452,#512);
#15784=EDGE_CURVE('',#5453,#6093,#15783,.T.);
#15785=DIRECTION('',(0.0,0.38267882974024425,0.9238814389674886));
#15786=VECTOR('',#15785,1000.0);
#15787=LINE('',#6092,#15786);
#15788=EDGE_CURVE('',#6093,#6091,#15787,.T.);
#15789=ORIENTED_EDGE('',*,*,#15774,.F.);
#15790=ORIENTED_EDGE('',*,*,#15784,.T.);
#15791=ORIENTED_EDGE('',*,*,#15788,.T.);
#15792=DIRECTION('',(0.9993947773495975,-0.013311938434296514,-0.032138315162280065));
#15793=AXIS2_PLACEMENT_3D('',#6090,#6424,#15792);
#15794=PLANE('',#15793);
#15795=EDGE_LOOP('',(#15789,#15790,#15791));
#15796=FACE_BOUND('',#15795,.T.);
#15797=ADVANCED_FACE('',(#15796),#15794,.T.);
#15798=DIRECTION('',(-0.9993947702144201,0.021178285619477114,0.02759662092152086));
#15799=VECTOR('',#15798,1000.0);
#15800=LINE('',#5456,#15799);
#15801=EDGE_CURVE('',#5457,#6093,#15800,.T.);
#15802=ORIENTED_EDGE('',*,*,#15784,.F.);
#15803=ORIENTED_EDGE('',*,*,#7134,.F.);
#15804=ORIENTED_EDGE('',*,*,#15801,.T.);
#15805=AXIS2_PLACEMENT_3D('',#6092,#6460,#12);
#15806=PLANE('',#15805);
#15807=EDGE_LOOP('',(#15802,#15803,#15804));
#15808=FACE_BOUND('',#15807,.T.);
#15809=ADVANCED_FACE('',(#15808),#15806,.T.);
#15810=LINE('',#5456,#512);
#15811=EDGE_CURVE('',#5457,#6095,#15810,.T.);
#15812=DIRECTION('',(0.0,0.6088094411189663,0.7933164969949962));
#15813=VECTOR('',#15812,1000.0);
#15814=LINE('',#6094,#15813);
#15815=EDGE_CURVE('',#6095,#6093,#15814,.T.);
#15816=ORIENTED_EDGE('',*,*,#15801,.F.);
#15817=ORIENTED_EDGE('',*,*,#15811,.T.);
#15818=ORIENTED_EDGE('',*,*,#15815,.T.);
#15819=DIRECTION('',(0.9993947702144201,-0.021178285619477114,-0.02759662092152086));
#15820=AXIS2_PLACEMENT_3D('',#6092,#6460,#15819);
#15821=PLANE('',#15820);
#15822=EDGE_LOOP('',(#15816,#15817,#15818));
#15823=FACE_BOUND('',#15822,.T.);
#15824=ADVANCED_FACE('',(#15823),#15821,.T.);
#15825=DIRECTION('',(-0.9993947702144201,0.027596620921520966,0.021178285619477134));
#15826=VECTOR('',#15825,1000.0);
#15827=LINE('',#5460,#15826);
#15828=EDGE_CURVE('',#5461,#6095,#15827,.T.);
#15829=ORIENTED_EDGE('',*,*,#15811,.F.);
#15830=ORIENTED_EDGE('',*,*,#7165,.F.);
#15831=ORIENTED_EDGE('',*,*,#15828,.T.);
#15832=AXIS2_PLACEMENT_3D('',#6094,#6496,#12);
#15833=PLANE('',#15832);
#15834=EDGE_LOOP('',(#15829,#15830,#15831));
#15835=FACE_BOUND('',#15834,.T.);
#15836=ADVANCED_FACE('',(#15835),#15833,.T.);
#15837=LINE('',#5460,#512);
#15838=EDGE_CURVE('',#5461,#6097,#15837,.T.);
#15839=DIRECTION('',(0.0,0.793316496994997,0.6088094411189652));
#15840=VECTOR('',#15839,1000.0);
#15841=LINE('',#6096,#15840);
#15842=EDGE_CURVE('',#6097,#6095,#15841,.T.);
#15843=ORIENTED_EDGE('',*,*,#15828,.F.);
#15844=ORIENTED_EDGE('',*,*,#15838,.T.);
#15845=ORIENTED_EDGE('',*,*,#15842,.T.);
#15846=DIRECTION('',(0.9993947702144201,-0.027596620921520966,-0.021178285619477134));
#15847=AXIS2_PLACEMENT_3D('',#6094,#6496,#15846);
#15848=PLANE('',#15847);
#15849=EDGE_LOOP('',(#15843,#15844,#15845));
#15850=FACE_BOUND('',#15849,.T.);
#15851=ADVANCED_FACE('',(#15850),#15848,.T.);
#15852=DIRECTION('',(-0.9993947773495975,0.032138315162280086,0.013311938434296637));
#15853=VECTOR('',#15852,1000.0);
#15854=LINE('',#5464,#15853);
#15855=EDGE_CURVE('',#5465,#6097,#15854,.T.);
#15856=ORIENTED_EDGE('',*,*,#15838,.F.);
#15857=ORIENTED_EDGE('',*,*,#7197,.F.);
#15858=ORIENTED_EDGE('',*,*,#15855,.T.);
#15859=AXIS2_PLACEMENT_3D('',#6096,#6531,#12);
#15860=PLANE('',#15859);
#15861=EDGE_LOOP('',(#15856,#15857,#15858));
#15862=FACE_BOUND('',#15861,.T.);
#15863=ADVANCED_FACE('',(#15862),#15860,.T.);
#15864=LINE('',#5464,#512);
#15865=EDGE_CURVE('',#5465,#6099,#15864,.T.);
#15866=DIRECTION('',(0.0,0.9238814389674874,0.38267882974024703));
#15867=VECTOR('',#15866,1000.0);
#15868=LINE('',#6098,#15867);
#15869=EDGE_CURVE('',#6099,#6097,#15868,.T.);
#15870=ORIENTED_EDGE('',*,*,#15855,.F.);
#15871=ORIENTED_EDGE('',*,*,#15865,.T.);
#15872=ORIENTED_EDGE('',*,*,#15869,.T.);
#15873=DIRECTION('',(0.9993947773495975,-0.032138315162280086,-0.013311938434296637));
#15874=AXIS2_PLACEMENT_3D('',#6096,#6531,#15873);
#15875=PLANE('',#15874);
#15876=EDGE_LOOP('',(#15870,#15871,#15872));
#15877=FACE_BOUND('',#15876,.T.);
#15878=ADVANCED_FACE('',(#15877),#15875,.T.);
#15879=DIRECTION('',(-0.9993948022426178,0.03448800418672362,0.004539473279519804));
#15880=VECTOR('',#15879,1000.0);
#15881=LINE('',#5364,#15880);
#15882=EDGE_CURVE('',#5365,#6099,#15881,.T.);
#15883=ORIENTED_EDGE('',*,*,#15865,.F.);
#15884=ORIENTED_EDGE('',*,*,#7227,.F.);
#15885=ORIENTED_EDGE('',*,*,#15882,.T.);
#15886=AXIS2_PLACEMENT_3D('',#6098,#6566,#12);
#15887=PLANE('',#15886);
#15888=EDGE_LOOP('',(#15883,#15884,#15885));
#15889=FACE_BOUND('',#15888,.T.);
#15890=ADVANCED_FACE('',(#15889),#15887,.T.);
#15891=DIRECTION('',(0.0,0.9914484272354998,0.13049910395191966));
#15892=VECTOR('',#15891,1000.0);
#15893=LINE('',#5470,#15892);
#15894=EDGE_CURVE('',#5471,#6099,#15893,.T.);
#15895=ORIENTED_EDGE('',*,*,#15882,.F.);
#15896=ORIENTED_EDGE('',*,*,#7273,.F.);
#15897=ORIENTED_EDGE('',*,*,#15894,.T.);
#15898=DIRECTION('',(0.9993948022426178,-0.03448800418672362,-0.004539473279519804));
#15899=AXIS2_PLACEMENT_3D('',#6098,#6566,#15898);
#15900=PLANE('',#15899);
#15901=EDGE_LOOP('',(#15895,#15896,#15897));
#15902=FACE_BOUND('',#15901,.T.);
#15903=ADVANCED_FACE('',(#15902),#15900,.T.);
#15904=DIRECTION('',(-0.0012023019114539672,-0.00913431819127655,-0.9999575584500046));
#15905=VECTOR('',#15904,1000.0);
#15906=LINE('',#6020,#15905);
#15907=EDGE_CURVE('',#6021,#5351,#15906,.T.);
#15908=ORIENTED_EDGE('',*,*,#6273,.F.);
#15909=ORIENTED_EDGE('',*,*,#14565,.F.);
#15910=ORIENTED_EDGE('',*,*,#15907,.T.);
#15911=AXIS2_PLACEMENT_3D('',#5350,#9991,#11);
#15912=PLANE('',#15911);
#15913=EDGE_LOOP('',(#15908,#15909,#15910));
#15914=FACE_BOUND('',#15913,.T.);
#15915=ADVANCED_FACE('',(#15914),#15912,.T.);
#15916=DIRECTION('',(0.0,0.0,-1.0));
#15917=VECTOR('',#15916,1000.0);
#15918=LINE('',#6020,#15917);
#15919=EDGE_CURVE('',#6021,#6101,#15918,.T.);
#15920=LINE('',#6100,#14015);
#15921=EDGE_CURVE('',#6101,#5351,#15920,.T.);
#15922=ORIENTED_EDGE('',*,*,#15907,.F.);
#15923=ORIENTED_EDGE('',*,*,#15919,.T.);
#15924=ORIENTED_EDGE('',*,*,#15921,.T.);
#15925=DIRECTION('',(0.0012023019114539672,0.00913431819127655,0.9999575584500046));
#15926=AXIS2_PLACEMENT_3D('',#5350,#9991,#15925);
#15927=PLANE('',#15926);
#15928=EDGE_LOOP('',(#15922,#15923,#15924));
#15929=FACE_BOUND('',#15928,.T.);
#15930=ADVANCED_FACE('',(#15929),#15927,.T.);
#15931=DIRECTION('',(-0.0035257327028686888,-0.008511991648850912,-0.9999575567028222));
#15932=VECTOR('',#15931,1000.0);
#15933=LINE('',#6022,#15932);
#15934=EDGE_CURVE('',#6023,#6101,#15933,.T.);
#15935=ORIENTED_EDGE('',*,*,#15919,.F.);
#15936=ORIENTED_EDGE('',*,*,#14594,.F.);
#15937=ORIENTED_EDGE('',*,*,#15934,.T.);
#15938=AXIS2_PLACEMENT_3D('',#6100,#9931,#11);
#15939=PLANE('',#15938);
#15940=EDGE_LOOP('',(#15935,#15936,#15937));
#15941=FACE_BOUND('',#15940,.T.);
#15942=ADVANCED_FACE('',(#15941),#15939,.T.);
#15943=DIRECTION('',(0.0,0.0,-1.0));
#15944=VECTOR('',#15943,1000.0);
#15945=LINE('',#6022,#15944);
#15946=EDGE_CURVE('',#6023,#6103,#15945,.T.);
#15947=LINE('',#6102,#9783);
#15948=EDGE_CURVE('',#6103,#6101,#15947,.T.);
#15949=ORIENTED_EDGE('',*,*,#15934,.F.);
#15950=ORIENTED_EDGE('',*,*,#15946,.T.);
#15951=ORIENTED_EDGE('',*,*,#15948,.T.);
#15952=DIRECTION('',(0.0035257327028686888,0.008511991648850912,0.9999575567028222));
#15953=AXIS2_PLACEMENT_3D('',#6100,#9931,#15952);
#15954=PLANE('',#15953);
#15955=EDGE_LOOP('',(#15949,#15950,#15951));
#15956=FACE_BOUND('',#15955,.T.);
#15957=ADVANCED_FACE('',(#15956),#15954,.T.);
#15958=DIRECTION('',(-0.005608585488142874,-0.007309101549623819,-0.9999575595010818));
#15959=VECTOR('',#15958,1000.0);
#15960=LINE('',#6024,#15959);
#15961=EDGE_CURVE('',#6025,#6103,#15960,.T.);
#15962=ORIENTED_EDGE('',*,*,#15946,.F.);
#15963=ORIENTED_EDGE('',*,*,#14623,.F.);
#15964=ORIENTED_EDGE('',*,*,#15961,.T.);
#15965=AXIS2_PLACEMENT_3D('',#6102,#9921,#11);
#15966=PLANE('',#15965);
#15967=EDGE_LOOP('',(#15962,#15963,#15964));
#15968=FACE_BOUND('',#15967,.T.);
#15969=ADVANCED_FACE('',(#15968),#15966,.T.);
#15970=DIRECTION('',(0.0,0.0,-1.0));
#15971=VECTOR('',#15970,1000.0);
#15972=LINE('',#6024,#15971);
#15973=EDGE_CURVE('',#6025,#6105,#15972,.T.);
#15974=LINE('',#6104,#8918);
#15975=EDGE_CURVE('',#6105,#6103,#15974,.T.);
#15976=ORIENTED_EDGE('',*,*,#15961,.F.);
#15977=ORIENTED_EDGE('',*,*,#15973,.T.);
#15978=ORIENTED_EDGE('',*,*,#15975,.T.);
#15979=DIRECTION('',(0.005608585488142874,0.007309101549623819,0.9999575595010818));
#15980=AXIS2_PLACEMENT_3D('',#6102,#9921,#15979);
#15981=PLANE('',#15980);
#15982=EDGE_LOOP('',(#15976,#15977,#15978));
#15983=FACE_BOUND('',#15982,.T.);
#15984=ADVANCED_FACE('',(#15983),#15981,.T.);
#15985=DIRECTION('',(-0.00730968970440902,-0.005609173655849725,-0.9999575519027414));
#15986=VECTOR('',#15985,1000.0);
#15987=LINE('',#6026,#15986);
#15988=EDGE_CURVE('',#6027,#6105,#15987,.T.);
#15989=ORIENTED_EDGE('',*,*,#15973,.F.);
#15990=ORIENTED_EDGE('',*,*,#14652,.F.);
#15991=ORIENTED_EDGE('',*,*,#15988,.T.);
#15992=AXIS2_PLACEMENT_3D('',#6104,#10013,#11);
#15993=PLANE('',#15992);
#15994=EDGE_LOOP('',(#15989,#15990,#15991));
#15995=FACE_BOUND('',#15994,.T.);
#15996=ADVANCED_FACE('',(#15995),#15993,.T.);
#15997=DIRECTION('',(0.0,0.0,-1.0));
#15998=VECTOR('',#15997,1000.0);
#15999=LINE('',#6026,#15998);
#16000=EDGE_CURVE('',#6027,#6107,#15999,.T.);
#16001=LINE('',#6106,#9832);
#16002=EDGE_CURVE('',#6107,#6105,#16001,.T.);
#16003=ORIENTED_EDGE('',*,*,#15988,.F.);
#16004=ORIENTED_EDGE('',*,*,#16000,.T.);
#16005=ORIENTED_EDGE('',*,*,#16002,.T.);
#16006=DIRECTION('',(0.00730968970440902,0.005609173655849725,0.9999575519027414));
#16007=AXIS2_PLACEMENT_3D('',#6104,#10013,#16006);
#16008=PLANE('',#16007);
#16009=EDGE_LOOP('',(#16003,#16004,#16005));
#16010=FACE_BOUND('',#16009,.T.);
#16011=ADVANCED_FACE('',(#16010),#16008,.T.);
#16012=DIRECTION('',(-0.008511991648850846,-0.0035257327028686233,-0.9999575567028222));
#16013=VECTOR('',#16012,1000.0);
#16014=LINE('',#6028,#16013);
#16015=EDGE_CURVE('',#6029,#6107,#16014,.T.);
#16016=ORIENTED_EDGE('',*,*,#16000,.F.);
#16017=ORIENTED_EDGE('',*,*,#14681,.F.);
#16018=ORIENTED_EDGE('',*,*,#16015,.T.);
#16019=AXIS2_PLACEMENT_3D('',#6106,#10048,#11);
#16020=PLANE('',#16019);
#16021=EDGE_LOOP('',(#16016,#16017,#16018));
#16022=FACE_BOUND('',#16021,.T.);
#16023=ADVANCED_FACE('',(#16022),#16020,.T.);
#16024=DIRECTION('',(0.0,0.0,-1.0));
#16025=VECTOR('',#16024,1000.0);
#16026=LINE('',#6028,#16025);
#16027=EDGE_CURVE('',#6029,#6109,#16026,.T.);
#16028=LINE('',#6108,#9069);
#16029=EDGE_CURVE('',#6109,#6107,#16028,.T.);
#16030=ORIENTED_EDGE('',*,*,#16015,.F.);
#16031=ORIENTED_EDGE('',*,*,#16027,.T.);
#16032=ORIENTED_EDGE('',*,*,#16029,.T.);
#16033=DIRECTION('',(0.008511991648850846,0.0035257327028686233,0.9999575567028222));
#16034=AXIS2_PLACEMENT_3D('',#6106,#10048,#16033);
#16035=PLANE('',#16034);
#16036=EDGE_LOOP('',(#16030,#16031,#16032));
#16037=FACE_BOUND('',#16036,.T.);
#16038=ADVANCED_FACE('',(#16037),#16035,.T.);
#16039=DIRECTION('',(-0.009134318191276617,-0.0012023019114540325,-0.9999575584500046));
#16040=VECTOR('',#16039,1000.0);
#16041=LINE('',#5356,#16040);
#16042=EDGE_CURVE('',#5357,#6109,#16041,.T.);
#16043=ORIENTED_EDGE('',*,*,#16027,.F.);
#16044=ORIENTED_EDGE('',*,*,#14706,.F.);
#16045=ORIENTED_EDGE('',*,*,#16042,.T.);
#16046=AXIS2_PLACEMENT_3D('',#6108,#9892,#11);
#16047=PLANE('',#16046);
#16048=EDGE_LOOP('',(#16043,#16044,#16045));
#16049=FACE_BOUND('',#16048,.T.);
#16050=ADVANCED_FACE('',(#16049),#16047,.T.);
#16051=LINE('',#5354,#13931);
#16052=EDGE_CURVE('',#5355,#6109,#16051,.T.);
#16053=ORIENTED_EDGE('',*,*,#16042,.F.);
#16054=ORIENTED_EDGE('',*,*,#6284,.F.);
#16055=ORIENTED_EDGE('',*,*,#16052,.T.);
#16056=DIRECTION('',(0.009134318191276617,0.0012023019114540325,0.9999575584500046));
#16057=AXIS2_PLACEMENT_3D('',#6108,#9892,#16056);
#16058=PLANE('',#16057);
#16059=EDGE_LOOP('',(#16053,#16054,#16055));
#16060=FACE_BOUND('',#16059,.T.);
#16061=ADVANCED_FACE('',(#16060),#16058,.T.);
#16062=DIRECTION('',(0.009134318191276617,-0.0012023019114540325,-0.9999575584500046));
#16063=VECTOR('',#16062,1000.0);
#16064=LINE('',#6080,#16063);
#16065=EDGE_CURVE('',#6081,#5467,#16064,.T.);
#16066=ORIENTED_EDGE('',*,*,#7257,.F.);
#16067=ORIENTED_EDGE('',*,*,#15491,.F.);
#16068=ORIENTED_EDGE('',*,*,#16065,.T.);
#16069=AXIS2_PLACEMENT_3D('',#5466,#9137,#11);
#16070=PLANE('',#16069);
#16071=EDGE_LOOP('',(#16066,#16067,#16068));
#16072=FACE_BOUND('',#16071,.T.);
#16073=ADVANCED_FACE('',(#16072),#16070,.T.);
#16074=DIRECTION('',(0.0,0.0,-1.0));
#16075=VECTOR('',#16074,1000.0);
#16076=LINE('',#6080,#16075);
#16077=EDGE_CURVE('',#6081,#6111,#16076,.T.);
#16078=LINE('',#6110,#14938);
#16079=EDGE_CURVE('',#6111,#5467,#16078,.T.);
#16080=ORIENTED_EDGE('',*,*,#16065,.F.);
#16081=ORIENTED_EDGE('',*,*,#16077,.T.);
#16082=ORIENTED_EDGE('',*,*,#16079,.T.);
#16083=DIRECTION('',(-0.13049910395192157,-0.9914484272354995,-0.0));
#16084=DIRECTION('',(-0.009134318191276617,0.0012023019114540325,0.9999575584500046));
#16085=AXIS2_PLACEMENT_3D('',#5466,#16083,#16084);
#16086=PLANE('',#16085);
#16087=EDGE_LOOP('',(#16080,#16081,#16082));
#16088=FACE_BOUND('',#16087,.T.);
#16089=ADVANCED_FACE('',(#16088),#16086,.T.);
#16090=DIRECTION('',(0.008511991648850846,-0.0035257327028686233,-0.9999575567028222));
#16091=VECTOR('',#16090,1000.0);
#16092=LINE('',#6082,#16091);
#16093=EDGE_CURVE('',#6083,#6111,#16092,.T.);
#16094=ORIENTED_EDGE('',*,*,#16077,.F.);
#16095=ORIENTED_EDGE('',*,*,#15520,.F.);
#16096=ORIENTED_EDGE('',*,*,#16093,.T.);
#16097=AXIS2_PLACEMENT_3D('',#6110,#8999,#11);
#16098=PLANE('',#16097);
#16099=EDGE_LOOP('',(#16094,#16095,#16096));
#16100=FACE_BOUND('',#16099,.T.);
#16101=ADVANCED_FACE('',(#16100),#16098,.T.);
#16102=DIRECTION('',(0.0,0.0,-1.0));
#16103=VECTOR('',#16102,1000.0);
#16104=LINE('',#6082,#16103);
#16105=EDGE_CURVE('',#6083,#6113,#16104,.T.);
#16106=LINE('',#6112,#10737);
#16107=EDGE_CURVE('',#6113,#6111,#16106,.T.);
#16108=ORIENTED_EDGE('',*,*,#16093,.F.);
#16109=ORIENTED_EDGE('',*,*,#16105,.T.);
#16110=ORIENTED_EDGE('',*,*,#16107,.T.);
#16111=DIRECTION('',(-0.3826788297402465,-0.9238814389674876,-0.0));
#16112=DIRECTION('',(-0.008511991648850846,0.0035257327028686233,0.9999575567028222));
#16113=AXIS2_PLACEMENT_3D('',#6110,#16111,#16112);
#16114=PLANE('',#16113);
#16115=EDGE_LOOP('',(#16108,#16109,#16110));
#16116=FACE_BOUND('',#16115,.T.);
#16117=ADVANCED_FACE('',(#16116),#16114,.T.);
#16118=DIRECTION('',(0.00730968970440902,-0.005609173655849725,-0.9999575519027414));
#16119=VECTOR('',#16118,1000.0);
#16120=LINE('',#6084,#16119);
#16121=EDGE_CURVE('',#6085,#6113,#16120,.T.);
#16122=ORIENTED_EDGE('',*,*,#16105,.F.);
#16123=ORIENTED_EDGE('',*,*,#15549,.F.);
#16124=ORIENTED_EDGE('',*,*,#16121,.T.);
#16125=AXIS2_PLACEMENT_3D('',#6112,#8917,#11);
#16126=PLANE('',#16125);
#16127=EDGE_LOOP('',(#16122,#16123,#16124));
#16128=FACE_BOUND('',#16127,.T.);
#16129=ADVANCED_FACE('',(#16128),#16126,.T.);
#16130=DIRECTION('',(0.0,0.0,-1.0));
#16131=VECTOR('',#16130,1000.0);
#16132=LINE('',#6084,#16131);
#16133=EDGE_CURVE('',#6085,#6115,#16132,.T.);
#16134=LINE('',#6114,#9876);
#16135=EDGE_CURVE('',#6115,#6113,#16134,.T.);
#16136=ORIENTED_EDGE('',*,*,#16121,.F.);
#16137=ORIENTED_EDGE('',*,*,#16133,.T.);
#16138=ORIENTED_EDGE('',*,*,#16135,.T.);
#16139=DIRECTION('',(-0.6087786072884208,-0.7933401586381285,-0.0));
#16140=DIRECTION('',(-0.00730968970440902,0.005609173655849725,0.9999575519027414));
#16141=AXIS2_PLACEMENT_3D('',#6112,#16139,#16140);
#16142=PLANE('',#16141);
#16143=EDGE_LOOP('',(#16136,#16137,#16138));
#16144=FACE_BOUND('',#16143,.T.);
#16145=ADVANCED_FACE('',(#16144),#16142,.T.);
#16146=DIRECTION('',(0.005608585488142874,-0.007309101549623819,-0.9999575595010818));
#16147=VECTOR('',#16146,1000.0);
#16148=LINE('',#6086,#16147);
#16149=EDGE_CURVE('',#6087,#6115,#16148,.T.);
#16150=ORIENTED_EDGE('',*,*,#16133,.F.);
#16151=ORIENTED_EDGE('',*,*,#15578,.F.);
#16152=ORIENTED_EDGE('',*,*,#16149,.T.);
#16153=AXIS2_PLACEMENT_3D('',#6114,#9831,#11);
#16154=PLANE('',#16153);
#16155=EDGE_LOOP('',(#16150,#16151,#16152));
#16156=FACE_BOUND('',#16155,.T.);
#16157=ADVANCED_FACE('',(#16156),#16154,.T.);
#16158=DIRECTION('',(0.0,0.0,-1.0));
#16159=VECTOR('',#16158,1000.0);
#16160=LINE('',#6086,#16159);
#16161=EDGE_CURVE('',#6087,#6117,#16160,.T.);
#16162=LINE('',#6116,#10786);
#16163=EDGE_CURVE('',#6117,#6115,#16162,.T.);
#16164=ORIENTED_EDGE('',*,*,#16149,.F.);
#16165=ORIENTED_EDGE('',*,*,#16161,.T.);
#16166=ORIENTED_EDGE('',*,*,#16163,.T.);
#16167=DIRECTION('',(-0.7933473321082972,-0.6087692589451666,-0.0));
#16168=DIRECTION('',(-0.005608585488142874,0.007309101549623819,0.9999575595010818));
#16169=AXIS2_PLACEMENT_3D('',#6114,#16167,#16168);
#16170=PLANE('',#16169);
#16171=EDGE_LOOP('',(#16164,#16165,#16166));
#16172=FACE_BOUND('',#16171,.T.);
#16173=ADVANCED_FACE('',(#16172),#16170,.T.);
#16174=DIRECTION('',(0.0035257327028686888,-0.008511991648850912,-0.9999575567028222));
#16175=VECTOR('',#16174,1000.0);
#16176=LINE('',#6088,#16175);
#16177=EDGE_CURVE('',#6089,#6117,#16176,.T.);
#16178=ORIENTED_EDGE('',*,*,#16161,.F.);
#16179=ORIENTED_EDGE('',*,*,#15607,.F.);
#16180=ORIENTED_EDGE('',*,*,#16177,.T.);
#16181=AXIS2_PLACEMENT_3D('',#6116,#9068,#11);
#16182=PLANE('',#16181);
#16183=EDGE_LOOP('',(#16178,#16179,#16180));
#16184=FACE_BOUND('',#16183,.T.);
#16185=ADVANCED_FACE('',(#16184),#16182,.T.);
#16186=DIRECTION('',(0.0,0.0,-1.0));
#16187=VECTOR('',#16186,1000.0);
#16188=LINE('',#6088,#16187);
#16189=EDGE_CURVE('',#6089,#6119,#16188,.T.);
#16190=LINE('',#6118,#10027);
#16191=EDGE_CURVE('',#6119,#6117,#16190,.T.);
#16192=ORIENTED_EDGE('',*,*,#16177,.F.);
#16193=ORIENTED_EDGE('',*,*,#16189,.T.);
#16194=ORIENTED_EDGE('',*,*,#16191,.T.);
#16195=DIRECTION('',(-0.9238814389674862,-0.38267882974024997,-0.0));
#16196=DIRECTION('',(-0.0035257327028686888,0.008511991648850912,0.9999575567028222));
#16197=AXIS2_PLACEMENT_3D('',#6116,#16195,#16196);
#16198=PLANE('',#16197);
#16199=EDGE_LOOP('',(#16192,#16193,#16194));
#16200=FACE_BOUND('',#16199,.T.);
#16201=ADVANCED_FACE('',(#16200),#16198,.T.);
#16202=DIRECTION('',(0.0012023019114539672,-0.00913431819127655,-0.9999575584500046));
#16203=VECTOR('',#16202,1000.0);
#16204=LINE('',#5348,#16203);
#16205=EDGE_CURVE('',#5349,#6119,#16204,.T.);
#16206=ORIENTED_EDGE('',*,*,#16189,.F.);
#16207=ORIENTED_EDGE('',*,*,#15632,.F.);
#16208=ORIENTED_EDGE('',*,*,#16205,.T.);
#16209=AXIS2_PLACEMENT_3D('',#6118,#12089,#11);
#16210=PLANE('',#16209);
#16211=EDGE_LOOP('',(#16206,#16207,#16208));
#16212=FACE_BOUND('',#16211,.T.);
#16213=ADVANCED_FACE('',(#16212),#16210,.T.);
#16214=LINE('',#5346,#14851);
#16215=EDGE_CURVE('',#5347,#6119,#16214,.T.);
#16216=ORIENTED_EDGE('',*,*,#16205,.F.);
#16217=ORIENTED_EDGE('',*,*,#6251,.F.);
#16218=ORIENTED_EDGE('',*,*,#16215,.T.);
#16219=DIRECTION('',(-0.9914484272355003,-0.13049910395191552,-0.0));
#16220=DIRECTION('',(-0.0012023019114539672,0.00913431819127655,0.9999575584500046));
#16221=AXIS2_PLACEMENT_3D('',#6118,#16219,#16220);
#16222=PLANE('',#16221);
#16223=EDGE_LOOP('',(#16216,#16217,#16218));
#16224=FACE_BOUND('',#16223,.T.);
#16225=ADVANCED_FACE('',(#16224),#16222,.T.);
#16226=LINE('',#5466,#6567);
#16227=EDGE_CURVE('',#5467,#6121,#16226,.T.);
#16228=VECTOR('',#10964,1000.0);
#16229=LINE('',#6120,#16228);
#16230=EDGE_CURVE('',#6121,#5389,#16229,.T.);
#16231=ORIENTED_EDGE('',*,*,#7242,.F.);
#16232=ORIENTED_EDGE('',*,*,#16227,.T.);
#16233=ORIENTED_EDGE('',*,*,#16230,.T.);
#16234=AXIS2_PLACEMENT_3D('',#5388,#10963,#511);
#16235=PLANE('',#16234);
#16236=EDGE_LOOP('',(#16231,#16232,#16233));
#16237=FACE_BOUND('',#16236,.T.);
#16238=ADVANCED_FACE('',(#16237),#16235,.T.);
#16239=LINE('',#6120,#491);
#16240=EDGE_CURVE('',#6121,#5385,#16239,.T.);
#16241=ORIENTED_EDGE('',*,*,#16230,.F.);
#16242=ORIENTED_EDGE('',*,*,#16240,.T.);
#16243=ORIENTED_EDGE('',*,*,#6569,.F.);
#16244=DIRECTION('',(0.0,-0.9914484272354994,-0.13049910395192263));
#16245=AXIS2_PLACEMENT_3D('',#5388,#16244,#10947);
#16246=PLANE('',#16245);
#16247=EDGE_LOOP('',(#16241,#16242,#16243));
#16248=FACE_BOUND('',#16247,.T.);
#16249=ADVANCED_FACE('',(#16248),#16246,.T.);
#16250=LINE('',#6120,#6532);
#16251=EDGE_CURVE('',#6121,#6123,#16250,.T.);
#16252=VECTOR('',#10937,1000.0);
#16253=LINE('',#6122,#16252);
#16254=EDGE_CURVE('',#6123,#5385,#16253,.T.);
#16255=ORIENTED_EDGE('',*,*,#16240,.F.);
#16256=ORIENTED_EDGE('',*,*,#16251,.T.);
#16257=ORIENTED_EDGE('',*,*,#16254,.T.);
#16258=AXIS2_PLACEMENT_3D('',#5384,#10936,#511);
#16259=PLANE('',#16258);
#16260=EDGE_LOOP('',(#16255,#16256,#16257));
#16261=FACE_BOUND('',#16260,.T.);
#16262=ADVANCED_FACE('',(#16261),#16259,.T.);
#16263=LINE('',#6122,#491);
#16264=EDGE_CURVE('',#6123,#5381,#16263,.T.);
#16265=ORIENTED_EDGE('',*,*,#16254,.F.);
#16266=ORIENTED_EDGE('',*,*,#16264,.T.);
#16267=ORIENTED_EDGE('',*,*,#6534,.F.);
#16268=DIRECTION('',(0.0,-0.9238814389674885,-0.38267882974024425));
#16269=AXIS2_PLACEMENT_3D('',#5384,#16268,#10918);
#16270=PLANE('',#16269);
#16271=EDGE_LOOP('',(#16265,#16266,#16267));
#16272=FACE_BOUND('',#16271,.T.);
#16273=ADVANCED_FACE('',(#16272),#16270,.T.);
#16274=LINE('',#6122,#6497);
#16275=EDGE_CURVE('',#6123,#6125,#16274,.T.);
#16276=VECTOR('',#10910,1000.0);
#16277=LINE('',#6124,#16276);
#16278=EDGE_CURVE('',#6125,#5381,#16277,.T.);
#16279=ORIENTED_EDGE('',*,*,#16264,.F.);
#16280=ORIENTED_EDGE('',*,*,#16275,.T.);
#16281=ORIENTED_EDGE('',*,*,#16278,.T.);
#16282=AXIS2_PLACEMENT_3D('',#5380,#10909,#511);
#16283=PLANE('',#16282);
#16284=EDGE_LOOP('',(#16279,#16280,#16281));
#16285=FACE_BOUND('',#16284,.T.);
#16286=ADVANCED_FACE('',(#16285),#16283,.T.);
#16287=LINE('',#6124,#491);
#16288=EDGE_CURVE('',#6125,#5377,#16287,.T.);
#16289=ORIENTED_EDGE('',*,*,#16278,.F.);
#16290=ORIENTED_EDGE('',*,*,#16288,.T.);
#16291=ORIENTED_EDGE('',*,*,#6499,.F.);
#16292=DIRECTION('',(0.0,-0.7933164969949963,-0.6088094411189665));
#16293=AXIS2_PLACEMENT_3D('',#5380,#16292,#10891);
#16294=PLANE('',#16293);
#16295=EDGE_LOOP('',(#16289,#16290,#16291));
#16296=FACE_BOUND('',#16295,.T.);
#16297=ADVANCED_FACE('',(#16296),#16294,.T.);
#16298=LINE('',#6124,#6461);
#16299=EDGE_CURVE('',#6125,#6127,#16298,.T.);
#16300=VECTOR('',#10883,1000.0);
#16301=LINE('',#6126,#16300);
#16302=EDGE_CURVE('',#6127,#5377,#16301,.T.);
#16303=ORIENTED_EDGE('',*,*,#16288,.F.);
#16304=ORIENTED_EDGE('',*,*,#16299,.T.);
#16305=ORIENTED_EDGE('',*,*,#16302,.T.);
#16306=AXIS2_PLACEMENT_3D('',#5376,#10882,#511);
#16307=PLANE('',#16306);
#16308=EDGE_LOOP('',(#16303,#16304,#16305));
#16309=FACE_BOUND('',#16308,.T.);
#16310=ADVANCED_FACE('',(#16309),#16307,.T.);
#16311=LINE('',#6126,#491);
#16312=EDGE_CURVE('',#6127,#5373,#16311,.T.);
#16313=ORIENTED_EDGE('',*,*,#16302,.F.);
#16314=ORIENTED_EDGE('',*,*,#16312,.T.);
#16315=ORIENTED_EDGE('',*,*,#6463,.F.);
#16316=DIRECTION('',(0.0,-0.6088094411189653,-0.7933164969949971));
#16317=AXIS2_PLACEMENT_3D('',#5376,#16316,#10864);
#16318=PLANE('',#16317);
#16319=EDGE_LOOP('',(#16313,#16314,#16315));
#16320=FACE_BOUND('',#16319,.T.);
#16321=ADVANCED_FACE('',(#16320),#16318,.T.);
#16322=LINE('',#6126,#6425);
#16323=EDGE_CURVE('',#6127,#6129,#16322,.T.);
#16324=VECTOR('',#10856,1000.0);
#16325=LINE('',#6128,#16324);
#16326=EDGE_CURVE('',#6129,#5373,#16325,.T.);
#16327=ORIENTED_EDGE('',*,*,#16312,.F.);
#16328=ORIENTED_EDGE('',*,*,#16323,.T.);
#16329=ORIENTED_EDGE('',*,*,#16326,.T.);
#16330=AXIS2_PLACEMENT_3D('',#5372,#10855,#511);
#16331=PLANE('',#16330);
#16332=EDGE_LOOP('',(#16327,#16328,#16329));
#16333=FACE_BOUND('',#16332,.T.);
#16334=ADVANCED_FACE('',(#16333),#16331,.T.);
#16335=LINE('',#6128,#491);
#16336=EDGE_CURVE('',#6129,#5369,#16335,.T.);
#16337=ORIENTED_EDGE('',*,*,#16326,.F.);
#16338=ORIENTED_EDGE('',*,*,#16336,.T.);
#16339=ORIENTED_EDGE('',*,*,#6427,.F.);
#16340=DIRECTION('',(0.0,-0.38267882974024703,-0.9238814389674874));
#16341=AXIS2_PLACEMENT_3D('',#5372,#16340,#10837);
#16342=PLANE('',#16341);
#16343=EDGE_LOOP('',(#16337,#16338,#16339));
#16344=FACE_BOUND('',#16343,.T.);
#16345=ADVANCED_FACE('',(#16344),#16342,.T.);
#16346=LINE('',#6128,#6390);
#16347=EDGE_CURVE('',#6129,#5473,#16346,.T.);
#16348=VECTOR('',#10829,1000.0);
#16349=LINE('',#5472,#16348);
#16350=EDGE_CURVE('',#5473,#5369,#16349,.T.);
#16351=ORIENTED_EDGE('',*,*,#16336,.F.);
#16352=ORIENTED_EDGE('',*,*,#16347,.T.);
#16353=ORIENTED_EDGE('',*,*,#16350,.T.);
#16354=AXIS2_PLACEMENT_3D('',#5368,#10828,#511);
#16355=PLANE('',#16354);
#16356=EDGE_LOOP('',(#16351,#16352,#16353));
#16357=FACE_BOUND('',#16356,.T.);
#16358=ADVANCED_FACE('',(#16357),#16355,.T.);
#16359=ORIENTED_EDGE('',*,*,#16350,.F.);
#16360=ORIENTED_EDGE('',*,*,#7284,.F.);
#16361=ORIENTED_EDGE('',*,*,#6392,.F.);
#16362=AXIS2_PLACEMENT_3D('',#5368,#6634,#10811);
#16363=PLANE('',#16362);
#16364=EDGE_LOOP('',(#16359,#16360,#16361));
#16365=FACE_BOUND('',#16364,.T.);
#16366=ADVANCED_FACE('',(#16365),#16363,.T.);
#16367=DIRECTION('',(-0.1830030735591223,-0.6830171941743818,-0.707104933888931));
#16368=VECTOR('',#16367,1000.0);
#16369=LINE('',#6102,#16368);
#16370=EDGE_CURVE('',#6103,#6131,#16369,.T.);
#16371=VECTOR('',#9615,1000.0);
#16372=LINE('',#6130,#16371);
#16373=EDGE_CURVE('',#6131,#6101,#16372,.T.);
#16374=ORIENTED_EDGE('',*,*,#15948,.F.);
#16375=ORIENTED_EDGE('',*,*,#16370,.T.);
#16376=ORIENTED_EDGE('',*,*,#16373,.T.);
#16377=DIRECTION('',(-0.9161092466711785,0.37945952764474394,-0.12943846044817459));
#16378=AXIS2_PLACEMENT_3D('',#6100,#16377,#8974);
#16379=PLANE('',#16378);
#16380=EDGE_LOOP('',(#16374,#16375,#16376));
#16381=FACE_BOUND('',#16380,.T.);
#16382=ADVANCED_FACE('',(#16381),#16379,.T.);
#16383=LINE('',#6102,#9622);
#16384=EDGE_CURVE('',#6103,#6133,#16383,.T.);
#16385=LINE('',#6132,#9783);
#16386=EDGE_CURVE('',#6133,#6131,#16385,.T.);
#16387=ORIENTED_EDGE('',*,*,#16370,.F.);
#16388=ORIENTED_EDGE('',*,*,#16384,.T.);
#16389=ORIENTED_EDGE('',*,*,#16386,.T.);
#16390=DIRECTION('',(-0.9161030550090684,0.3794703597440588,-0.12945052598875947));
#16391=DIRECTION('',(0.1830030735591223,0.6830171941743818,0.707104933888931));
#16392=AXIS2_PLACEMENT_3D('',#6130,#16390,#16391);
#16393=PLANE('',#16392);
#16394=EDGE_LOOP('',(#16387,#16388,#16389));
#16395=FACE_BOUND('',#16394,.T.);
#16396=ADVANCED_FACE('',(#16395),#16393,.T.);
#16397=DIRECTION('',(0.0,-0.7315892691030275,-0.6817456573629919));
#16398=VECTOR('',#16397,1000.0);
#16399=LINE('',#6132,#16398);
#16400=EDGE_CURVE('',#6133,#6135,#16399,.T.);
#16401=VECTOR('',#9459,1000.0);
#16402=LINE('',#6134,#16401);
#16403=EDGE_CURVE('',#6135,#6131,#16402,.T.);
#16404=ORIENTED_EDGE('',*,*,#16386,.F.);
#16405=ORIENTED_EDGE('',*,*,#16400,.T.);
#16406=ORIENTED_EDGE('',*,*,#16403,.T.);
#16407=DIRECTION('',(-0.8546176666486788,0.3540017377232652,-0.3798834209871184));
#16408=AXIS2_PLACEMENT_3D('',#6130,#16407,#8974);
#16409=PLANE('',#16408);
#16410=EDGE_LOOP('',(#16404,#16405,#16406));
#16411=FACE_BOUND('',#16410,.T.);
#16412=ADVANCED_FACE('',(#16411),#16409,.T.);
#16413=LINE('',#6132,#9466);
#16414=EDGE_CURVE('',#6133,#6137,#16413,.T.);
#16415=LINE('',#6136,#9783);
#16416=EDGE_CURVE('',#6137,#6135,#16415,.T.);
#16417=ORIENTED_EDGE('',*,*,#16400,.F.);
#16418=ORIENTED_EDGE('',*,*,#16414,.T.);
#16419=ORIENTED_EDGE('',*,*,#16416,.T.);
#16420=DIRECTION('',(-0.8546191973332555,0.35400002021679605,-0.3798815779107616));
#16421=DIRECTION('',(0.0,0.7315892691030275,0.6817456573629919));
#16422=AXIS2_PLACEMENT_3D('',#6134,#16420,#16421);
#16423=PLANE('',#16422);
#16424=EDGE_LOOP('',(#16417,#16418,#16419));
#16425=FACE_BOUND('',#16424,.T.);
#16426=ADVANCED_FACE('',(#16425),#16423,.T.);
#16427=DIRECTION('',(0.2020751963633279,-0.7541995385543065,-0.6247788977383869));
#16428=VECTOR('',#16427,1000.0);
#16429=LINE('',#6136,#16428);
#16430=EDGE_CURVE('',#6137,#6139,#16429,.T.);
#16431=VECTOR('',#9790,1000.0);
#16432=LINE('',#6138,#16431);
#16433=EDGE_CURVE('',#6139,#6135,#16432,.T.);
#16434=ORIENTED_EDGE('',*,*,#16416,.F.);
#16435=ORIENTED_EDGE('',*,*,#16430,.T.);
#16436=ORIENTED_EDGE('',*,*,#16433,.T.);
#16437=DIRECTION('',(-0.7352818742382673,0.3045681622383346,-0.6054740291436327));
#16438=AXIS2_PLACEMENT_3D('',#6134,#16437,#8974);
#16439=PLANE('',#16438);
#16440=EDGE_LOOP('',(#16434,#16435,#16436));
#16441=FACE_BOUND('',#16440,.T.);
#16442=ADVANCED_FACE('',(#16441),#16439,.T.);
#16443=LINE('',#6136,#9302);
#16444=EDGE_CURVE('',#6137,#6141,#16443,.T.);
#16445=LINE('',#6140,#9783);
#16446=EDGE_CURVE('',#6141,#6139,#16445,.T.);
#16447=ORIENTED_EDGE('',*,*,#16430,.F.);
#16448=ORIENTED_EDGE('',*,*,#16444,.T.);
#16449=ORIENTED_EDGE('',*,*,#16446,.T.);
#16450=DIRECTION('',(-0.7352432989302581,0.3046028483351516,-0.605503423742809));
#16451=DIRECTION('',(-0.2020751963633279,0.7541995385543065,0.6247788977383869));
#16452=AXIS2_PLACEMENT_3D('',#6138,#16450,#16451);
#16453=PLANE('',#16452);
#16454=EDGE_LOOP('',(#16447,#16448,#16449));
#16455=FACE_BOUND('',#16454,.T.);
#16456=ADVANCED_FACE('',(#16455),#16453,.T.);
#16457=DIRECTION('',(0.42606398789710975,-0.7379840944410435,-0.5233057945114353));
#16458=VECTOR('',#16457,1000.0);
#16459=LINE('',#6140,#16458);
#16460=EDGE_CURVE('',#6141,#6143,#16459,.T.);
#16461=LINE('',#6142,#9022);
#16462=EDGE_CURVE('',#6143,#6139,#16461,.T.);
#16463=ORIENTED_EDGE('',*,*,#16446,.F.);
#16464=ORIENTED_EDGE('',*,*,#16460,.T.);
#16465=ORIENTED_EDGE('',*,*,#16462,.T.);
#16466=DIRECTION('',(-0.5654846951588962,0.23427380988843724,-0.7907862173441105));
#16467=AXIS2_PLACEMENT_3D('',#6138,#16466,#8974);
#16468=PLANE('',#16467);
#16469=EDGE_LOOP('',(#16463,#16464,#16465));
#16470=FACE_BOUND('',#16469,.T.);
#16471=ADVANCED_FACE('',(#16470),#16468,.T.);
#16472=LINE('',#6140,#9797);
#16473=EDGE_CURVE('',#6141,#6145,#16472,.T.);
#16474=LINE('',#6144,#9783);
#16475=EDGE_CURVE('',#6145,#6143,#16474,.T.);
#16476=ORIENTED_EDGE('',*,*,#16460,.F.);
#16477=ORIENTED_EDGE('',*,*,#16473,.T.);
#16478=ORIENTED_EDGE('',*,*,#16475,.T.);
#16479=DIRECTION('',(-0.5655072021179677,0.234253639909814,-0.790776097603937));
#16480=DIRECTION('',(-0.42606398789710975,0.7379840944410435,0.5233057945114353));
#16481=AXIS2_PLACEMENT_3D('',#6142,#16479,#16480);
#16482=PLANE('',#16481);
#16483=EDGE_LOOP('',(#16476,#16477,#16478));
#16484=FACE_BOUND('',#16483,.T.);
#16485=ADVANCED_FACE('',(#16484),#16482,.T.);
#16486=LINE('',#6144,#9073);
#16487=EDGE_CURVE('',#6145,#6147,#16486,.T.);
#16488=LINE('',#6146,#8992);
#16489=EDGE_CURVE('',#6147,#6143,#16488,.T.);
#16490=ORIENTED_EDGE('',*,*,#16475,.F.);
#16491=ORIENTED_EDGE('',*,*,#16487,.T.);
#16492=ORIENTED_EDGE('',*,*,#16489,.T.);
#16493=DIRECTION('',(-0.3561393062593597,0.1475258466978953,-0.9227138879919231));
#16494=AXIS2_PLACEMENT_3D('',#6142,#16493,#8974);
#16495=PLANE('',#16494);
#16496=EDGE_LOOP('',(#16490,#16491,#16492));
#16497=FACE_BOUND('',#16496,.T.);
#16498=ADVANCED_FACE('',(#16497),#16495,.T.);
#16499=DIRECTION('',(0.8001107681562512,-0.4619215933299135,-0.3826894306039398));
#16500=VECTOR('',#16499,1000.0);
#16501=LINE('',#6144,#16500);
#16502=EDGE_CURVE('',#6145,#6149,#16501,.T.);
#16503=LINE('',#6148,#9783);
#16504=EDGE_CURVE('',#6149,#6147,#16503,.T.);
#16505=ORIENTED_EDGE('',*,*,#16487,.F.);
#16506=ORIENTED_EDGE('',*,*,#16502,.T.);
#16507=ORIENTED_EDGE('',*,*,#16504,.T.);
#16508=DIRECTION('',(-0.35618470025713883,0.14747529901197196,-0.9227044464421215));
#16509=AXIS2_PLACEMENT_3D('',#6146,#16508,#9098);
#16510=PLANE('',#16509);
#16511=EDGE_LOOP('',(#16505,#16506,#16507));
#16512=FACE_BOUND('',#16511,.T.);
#16513=ADVANCED_FACE('',(#16512),#16510,.T.);
#16514=DIRECTION('',(0.858614183071185,-0.49573493431093374,-0.1304935229531933));
#16515=VECTOR('',#16514,1000.0);
#16516=LINE('',#6148,#16515);
#16517=EDGE_CURVE('',#6149,#5471,#16516,.T.);
#16518=LINE('',#5470,#8971);
#16519=EDGE_CURVE('',#5471,#6147,#16518,.T.);
#16520=ORIENTED_EDGE('',*,*,#16504,.F.);
#16521=ORIENTED_EDGE('',*,*,#16517,.T.);
#16522=ORIENTED_EDGE('',*,*,#16519,.T.);
#16523=DIRECTION('',(-0.12159255292742946,0.05034438056338801,-0.9913025241661998));
#16524=AXIS2_PLACEMENT_3D('',#6146,#16523,#8974);
#16525=PLANE('',#16524);
#16526=EDGE_LOOP('',(#16520,#16521,#16522));
#16527=FACE_BOUND('',#16526,.T.);
#16528=ADVANCED_FACE('',(#16527),#16525,.T.);
#16529=DIRECTION('',(-0.35353848179268055,-0.6123628932441925,-0.7071224991960926));
#16530=VECTOR('',#16529,1000.0);
#16531=LINE('',#6104,#16530);
#16532=EDGE_CURVE('',#6105,#6133,#16531,.T.);
#16533=ORIENTED_EDGE('',*,*,#15975,.F.);
#16534=ORIENTED_EDGE('',*,*,#16532,.T.);
#16535=ORIENTED_EDGE('',*,*,#16384,.F.);
#16536=DIRECTION('',(-0.7866727605600303,0.6036475754015705,-0.12944331772890547));
#16537=AXIS2_PLACEMENT_3D('',#6102,#16536,#8964);
#16538=PLANE('',#16537);
#16539=EDGE_LOOP('',(#16533,#16534,#16535));
#16540=FACE_BOUND('',#16539,.T.);
#16541=ADVANCED_FACE('',(#16540),#16538,.T.);
#16542=LINE('',#6104,#9651);
#16543=EDGE_CURVE('',#6105,#6151,#16542,.T.);
#16544=LINE('',#6150,#8918);
#16545=EDGE_CURVE('',#6151,#6133,#16544,.T.);
#16546=ORIENTED_EDGE('',*,*,#16532,.F.);
#16547=ORIENTED_EDGE('',*,*,#16543,.T.);
#16548=ORIENTED_EDGE('',*,*,#16545,.T.);
#16549=DIRECTION('',(-0.7866880400457392,0.6036321626944426,-0.1294223311867907));
#16550=DIRECTION('',(0.35353848179268055,0.6123628932441925,0.7071224991960926));
#16551=AXIS2_PLACEMENT_3D('',#6132,#16549,#16550);
#16552=PLANE('',#16551);
#16553=EDGE_LOOP('',(#16546,#16547,#16548));
#16554=FACE_BOUND('',#16553,.T.);
#16555=ADVANCED_FACE('',(#16554),#16552,.T.);
#16556=DIRECTION('',(-0.18933923949165898,-0.7066654870302896,-0.6817437508543541));
#16557=VECTOR('',#16556,1000.0);
#16558=LINE('',#6150,#16557);
#16559=EDGE_CURVE('',#6151,#6137,#16558,.T.);
#16560=ORIENTED_EDGE('',*,*,#16545,.F.);
#16561=ORIENTED_EDGE('',*,*,#16559,.T.);
#16562=ORIENTED_EDGE('',*,*,#16414,.F.);
#16563=DIRECTION('',(-0.7338863853141199,0.5631170214732293,-0.3798815520365448));
#16564=AXIS2_PLACEMENT_3D('',#6132,#16563,#8964);
#16565=PLANE('',#16564);
#16566=EDGE_LOOP('',(#16560,#16561,#16562));
#16567=FACE_BOUND('',#16566,.T.);
#16568=ADVANCED_FACE('',(#16567),#16565,.T.);
#16569=LINE('',#6150,#9495);
#16570=EDGE_CURVE('',#6151,#6153,#16569,.T.);
#16571=LINE('',#6152,#8918);
#16572=EDGE_CURVE('',#6153,#6137,#16571,.T.);
#16573=ORIENTED_EDGE('',*,*,#16559,.F.);
#16574=ORIENTED_EDGE('',*,*,#16570,.T.);
#16575=ORIENTED_EDGE('',*,*,#16572,.T.);
#16576=DIRECTION('',(-0.7338386498427114,0.5631483663601127,-0.3799273002338249));
#16577=DIRECTION('',(0.18933923949165898,0.7066654870302896,0.6817437508543541));
#16578=AXIS2_PLACEMENT_3D('',#6136,#16576,#16577);
#16579=PLANE('',#16578);
#16580=EDGE_LOOP('',(#16573,#16574,#16575));
#16581=FACE_BOUND('',#16580,.T.);
#16582=ADVANCED_FACE('',(#16581),#16579,.T.);
#16583=DIRECTION('',(0.0,-0.7808001294257413,-0.6247808879029075));
#16584=VECTOR('',#16583,1000.0);
#16585=LINE('',#6152,#16584);
#16586=EDGE_CURVE('',#6153,#6141,#16585,.T.);
#16587=ORIENTED_EDGE('',*,*,#16572,.F.);
#16588=ORIENTED_EDGE('',*,*,#16586,.T.);
#16589=ORIENTED_EDGE('',*,*,#16444,.F.);
#16590=DIRECTION('',(-0.6313639855120091,0.48450922705679994,-0.6055000633321305));
#16591=AXIS2_PLACEMENT_3D('',#6136,#16590,#8964);
#16592=PLANE('',#16591);
#16593=EDGE_LOOP('',(#16587,#16588,#16589));
#16594=FACE_BOUND('',#16593,.T.);
#16595=ADVANCED_FACE('',(#16594),#16592,.T.);
#16596=LINE('',#6152,#9331);
#16597=EDGE_CURVE('',#6153,#6155,#16596,.T.);
#16598=LINE('',#6154,#8918);
#16599=EDGE_CURVE('',#6155,#6141,#16598,.T.);
#16600=ORIENTED_EDGE('',*,*,#16586,.F.);
#16601=ORIENTED_EDGE('',*,*,#16597,.T.);
#16602=ORIENTED_EDGE('',*,*,#16599,.T.);
#16603=DIRECTION('',(-0.6314287897899487,0.4844762604715893,-0.605458864386232));
#16604=DIRECTION('',(0.0,0.7808001294257413,0.6247808879029075));
#16605=AXIS2_PLACEMENT_3D('',#6140,#16603,#16604);
#16606=PLANE('',#16605);
#16607=EDGE_LOOP('',(#16600,#16601,#16602));
#16608=FACE_BOUND('',#16607,.T.);
#16609=ADVANCED_FACE('',(#16608),#16606,.T.);
#16610=DIRECTION('',(0.22054216781535865,-0.823123293662699,-0.5232869152244993));
#16611=VECTOR('',#16610,1000.0);
#16612=LINE('',#6154,#16611);
#16613=EDGE_CURVE('',#6155,#6145,#16612,.T.);
#16614=ORIENTED_EDGE('',*,*,#16599,.F.);
#16615=ORIENTED_EDGE('',*,*,#16613,.T.);
#16616=ORIENTED_EDGE('',*,*,#16473,.F.);
#16617=DIRECTION('',(-0.4856279559172853,0.37260767938936545,-0.7907774691350729));
#16618=AXIS2_PLACEMENT_3D('',#6140,#16617,#8964);
#16619=PLANE('',#16618);
#16620=EDGE_LOOP('',(#16614,#16615,#16616));
#16621=FACE_BOUND('',#16620,.T.);
#16622=ADVANCED_FACE('',(#16621),#16619,.T.);
#16623=LINE('',#6154,#9198);
#16624=EDGE_CURVE('',#6155,#6157,#16623,.T.);
#16625=LINE('',#6156,#8918);
#16626=EDGE_CURVE('',#6157,#6145,#16625,.T.);
#16627=ORIENTED_EDGE('',*,*,#16613,.F.);
#16628=ORIENTED_EDGE('',*,*,#16624,.T.);
#16629=ORIENTED_EDGE('',*,*,#16626,.T.);
#16630=DIRECTION('',(-0.4855695145710515,0.37263728399721674,-0.7907994063568908));
#16631=DIRECTION('',(-0.22054216781535865,0.823123293662699,0.5232869152244993));
#16632=AXIS2_PLACEMENT_3D('',#6144,#16630,#16631);
#16633=PLANE('',#16632);
#16634=EDGE_LOOP('',(#16627,#16628,#16629));
#16635=FACE_BOUND('',#16634,.T.);
#16636=ADVANCED_FACE('',(#16635),#16633,.T.);
#16637=LINE('',#6156,#9105);
#16638=EDGE_CURVE('',#6157,#6149,#16637,.T.);
#16639=ORIENTED_EDGE('',*,*,#16626,.F.);
#16640=ORIENTED_EDGE('',*,*,#16638,.T.);
#16641=ORIENTED_EDGE('',*,*,#16502,.F.);
#16642=DIRECTION('',(-0.3058284386698843,0.23469982224013633,-0.9227052397928547));
#16643=AXIS2_PLACEMENT_3D('',#6144,#16642,#8964);
#16644=PLANE('',#16643);
#16645=EDGE_LOOP('',(#16639,#16640,#16641));
#16646=FACE_BOUND('',#16645,.T.);
#16647=ADVANCED_FACE('',(#16646),#16644,.T.);
#16648=LINE('',#6156,#9820);
#16649=EDGE_CURVE('',#6157,#6159,#16648,.T.);
#16650=LINE('',#6158,#8918);
#16651=EDGE_CURVE('',#6159,#6149,#16650,.T.);
#16652=ORIENTED_EDGE('',*,*,#16638,.F.);
#16653=ORIENTED_EDGE('',*,*,#16649,.T.);
#16654=ORIENTED_EDGE('',*,*,#16651,.T.);
#16655=DIRECTION('',(-0.3058306396492549,0.23469838888505462,-0.922704874868713));
#16656=AXIS2_PLACEMENT_3D('',#6148,#16655,#9123);
#16657=PLANE('',#16656);
#16658=EDGE_LOOP('',(#16652,#16653,#16654));
#16659=FACE_BOUND('',#16658,.T.);
#16660=ADVANCED_FACE('',(#16659),#16657,.T.);
#16661=LINE('',#6158,#8957);
#16662=EDGE_CURVE('',#6159,#5471,#16661,.T.);
#16663=ORIENTED_EDGE('',*,*,#16651,.F.);
#16664=ORIENTED_EDGE('',*,*,#16662,.T.);
#16665=ORIENTED_EDGE('',*,*,#16517,.F.);
#16666=DIRECTION('',(-0.10440163462171043,0.08011916487760344,-0.9913027883082093));
#16667=AXIS2_PLACEMENT_3D('',#6148,#16666,#8964);
#16668=PLANE('',#16667);
#16669=EDGE_LOOP('',(#16663,#16664,#16665));
#16670=FACE_BOUND('',#16669,.T.);
#16671=ADVANCED_FACE('',(#16670),#16668,.T.);
#16672=DIRECTION('',(0.0,-0.7071067811865478,-0.7071067811865471));
#16673=VECTOR('',#16672,1000.0);
#16674=LINE('',#6100,#16673);
#16675=EDGE_CURVE('',#6101,#6161,#16674,.T.);
#16676=LINE('',#6160,#8723);
#16677=EDGE_CURVE('',#6161,#5351,#16676,.T.);
#16678=ORIENTED_EDGE('',*,*,#15921,.F.);
#16679=ORIENTED_EDGE('',*,*,#16675,.T.);
#16680=ORIENTED_EDGE('',*,*,#16677,.T.);
#16681=DIRECTION('',(-0.9831125560699953,0.12940189739242736,-0.12940189739242747));
#16682=AXIS2_PLACEMENT_3D('',#5350,#16681,#9034);
#16683=PLANE('',#16682);
#16684=EDGE_LOOP('',(#16678,#16679,#16680));
#16685=FACE_BOUND('',#16684,.T.);
#16686=ADVANCED_FACE('',(#16685),#16683,.T.);
#16687=LINE('',#6130,#8897);
#16688=EDGE_CURVE('',#6131,#6161,#16687,.T.);
#16689=ORIENTED_EDGE('',*,*,#16675,.F.);
#16690=ORIENTED_EDGE('',*,*,#16373,.F.);
#16691=ORIENTED_EDGE('',*,*,#16688,.T.);
#16692=DIRECTION('',(-0.9831020577111955,0.12944177093197787,-0.129441770931978));
#16693=DIRECTION('',(0.0,0.7071067811865478,0.7071067811865471));
#16694=AXIS2_PLACEMENT_3D('',#6160,#16692,#16693);
#16695=PLANE('',#16694);
#16696=EDGE_LOOP('',(#16689,#16690,#16691));
#16697=FACE_BOUND('',#16696,.T.);
#16698=ADVANCED_FACE('',(#16697),#16695,.T.);
#16699=DIRECTION('',(0.18933923949164888,-0.706665487030291,-0.6817437508543555));
#16700=VECTOR('',#16699,1000.0);
#16701=LINE('',#6130,#16700);
#16702=EDGE_CURVE('',#6131,#6163,#16701,.T.);
#16703=LINE('',#6162,#8691);
#16704=EDGE_CURVE('',#6163,#6161,#16703,.T.);
#16705=ORIENTED_EDGE('',*,*,#16688,.F.);
#16706=ORIENTED_EDGE('',*,*,#16702,.T.);
#16707=ORIENTED_EDGE('',*,*,#16704,.T.);
#16708=DIRECTION('',(-0.917120874034253,0.12075424841451354,-0.3798785515141568));
#16709=AXIS2_PLACEMENT_3D('',#6160,#16708,#9167);
#16710=PLANE('',#16709);
#16711=EDGE_LOOP('',(#16705,#16706,#16707));
#16712=FACE_BOUND('',#16711,.T.);
#16713=ADVANCED_FACE('',(#16712),#16710,.T.);
#16714=LINE('',#6134,#8897);
#16715=EDGE_CURVE('',#6135,#6163,#16714,.T.);
#16716=ORIENTED_EDGE('',*,*,#16702,.F.);
#16717=ORIENTED_EDGE('',*,*,#16403,.F.);
#16718=ORIENTED_EDGE('',*,*,#16715,.T.);
#16719=DIRECTION('',(-0.9171139555419845,0.12076799875565611,-0.3798908830528695));
#16720=DIRECTION('',(-0.18933923949164888,0.706665487030291,0.6817437508543555));
#16721=AXIS2_PLACEMENT_3D('',#6162,#16719,#16720);
#16722=PLANE('',#16721);
#16723=EDGE_LOOP('',(#16716,#16717,#16718));
#16724=FACE_BOUND('',#16723,.T.);
#16725=ADVANCED_FACE('',(#16724),#16722,.T.);
#16726=DIRECTION('',(0.3903722324032931,-0.676212796701679,-0.6247765790627583));
#16727=VECTOR('',#16726,1000.0);
#16728=LINE('',#6134,#16727);
#16729=EDGE_CURVE('',#6135,#6165,#16728,.T.);
#16730=LINE('',#6164,#8657);
#16731=EDGE_CURVE('',#6165,#6163,#16730,.T.);
#16732=ORIENTED_EDGE('',*,*,#16715,.F.);
#16733=ORIENTED_EDGE('',*,*,#16729,.T.);
#16734=ORIENTED_EDGE('',*,*,#16731,.T.);
#16735=DIRECTION('',(-0.7890531547309491,0.10390461276143059,-0.6054741534170011));
#16736=AXIS2_PLACEMENT_3D('',#6162,#16735,#9167);
#16737=PLANE('',#16736);
#16738=EDGE_LOOP('',(#16732,#16733,#16734));
#16739=FACE_BOUND('',#16738,.T.);
#16740=ADVANCED_FACE('',(#16739),#16737,.T.);
#16741=LINE('',#6138,#8897);
#16742=EDGE_CURVE('',#6139,#6165,#16741,.T.);
#16743=ORIENTED_EDGE('',*,*,#16729,.F.);
#16744=ORIENTED_EDGE('',*,*,#16433,.F.);
#16745=ORIENTED_EDGE('',*,*,#16742,.T.);
#16746=DIRECTION('',(-0.7890534652035606,0.10390413538697683,-0.6054738307307246));
#16747=DIRECTION('',(-0.3903722324032931,0.676212796701679,0.6247765790627583));
#16748=AXIS2_PLACEMENT_3D('',#6164,#16746,#16747);
#16749=PLANE('',#16748);
#16750=EDGE_LOOP('',(#16743,#16744,#16745));
#16751=FACE_BOUND('',#16750,.T.);
#16752=ADVANCED_FACE('',(#16751),#16749,.T.);
#16753=LINE('',#6138,#9273);
#16754=EDGE_CURVE('',#6139,#6167,#16753,.T.);
#16755=LINE('',#6166,#8623);
#16756=EDGE_CURVE('',#6167,#6165,#16755,.T.);
#16757=ORIENTED_EDGE('',*,*,#16742,.F.);
#16758=ORIENTED_EDGE('',*,*,#16754,.T.);
#16759=ORIENTED_EDGE('',*,*,#16756,.T.);
#16760=DIRECTION('',(-0.6068318407855054,0.07990882813731671,-0.7908031968793473));
#16761=AXIS2_PLACEMENT_3D('',#6164,#16760,#9167);
#16762=PLANE('',#16761);
#16763=EDGE_LOOP('',(#16757,#16758,#16759));
#16764=FACE_BOUND('',#16763,.T.);
#16765=ADVANCED_FACE('',(#16764),#16762,.T.);
#16766=LINE('',#6142,#14015);
#16767=EDGE_CURVE('',#6143,#6167,#16766,.T.);
#16768=ORIENTED_EDGE('',*,*,#16754,.F.);
#16769=ORIENTED_EDGE('',*,*,#16462,.F.);
#16770=ORIENTED_EDGE('',*,*,#16767,.T.);
#16771=DIRECTION('',(-0.6068558313364436,0.07987207464596152,-0.790788499957292));
#16772=AXIS2_PLACEMENT_3D('',#6166,#16771,#9291);
#16773=PLANE('',#16772);
#16774=EDGE_LOOP('',(#16768,#16769,#16770));
#16775=FACE_BOUND('',#16774,.T.);
#16776=ADVANCED_FACE('',(#16775),#16773,.T.);
#16777=DIRECTION('',(0.8079279310545348,-0.4664703981439931,-0.36008030476176256));
#16778=VECTOR('',#16777,1000.0);
#16779=LINE('',#6142,#16778);
#16780=EDGE_CURVE('',#6143,#6169,#16779,.T.);
#16781=LINE('',#6168,#8589);
#16782=EDGE_CURVE('',#6169,#6167,#16781,.T.);
#16783=ORIENTED_EDGE('',*,*,#16767,.F.);
#16784=ORIENTED_EDGE('',*,*,#16780,.T.);
#16785=ORIENTED_EDGE('',*,*,#16782,.T.);
#16786=DIRECTION('',(-0.38219435977847677,0.05030297948404792,-0.9227118085342508));
#16787=AXIS2_PLACEMENT_3D('',#6166,#16786,#9034);
#16788=PLANE('',#16787);
#16789=EDGE_LOOP('',(#16783,#16784,#16785));
#16790=FACE_BOUND('',#16789,.T.);
#16791=ADVANCED_FACE('',(#16790),#16788,.T.);
#16792=LINE('',#6146,#14015);
#16793=EDGE_CURVE('',#6147,#6169,#16792,.T.);
#16794=ORIENTED_EDGE('',*,*,#16780,.F.);
#16795=ORIENTED_EDGE('',*,*,#16489,.F.);
#16796=ORIENTED_EDGE('',*,*,#16793,.T.);
#16797=DIRECTION('',(-0.38219280305249576,0.050306044492354235,-0.9227122862422552));
#16798=AXIS2_PLACEMENT_3D('',#6168,#16797,#9047);
#16799=PLANE('',#16798);
#16800=EDGE_LOOP('',(#16794,#16795,#16796));
#16801=FACE_BOUND('',#16800,.T.);
#16802=ADVANCED_FACE('',(#16801),#16799,.T.);
#16803=LINE('',#5470,#8555);
#16804=EDGE_CURVE('',#5471,#6169,#16803,.T.);
#16805=ORIENTED_EDGE('',*,*,#16793,.F.);
#16806=ORIENTED_EDGE('',*,*,#16519,.F.);
#16807=ORIENTED_EDGE('',*,*,#16804,.T.);
#16808=DIRECTION('',(-0.13047985656240677,0.01717438271249403,-0.9913021979244769));
#16809=AXIS2_PLACEMENT_3D('',#6168,#16808,#9034);
#16810=PLANE('',#16809);
#16811=EDGE_LOOP('',(#16805,#16806,#16807));
#16812=FACE_BOUND('',#16811,.T.);
#16813=ADVANCED_FACE('',(#16812),#16810,.T.);
#16814=DIRECTION('',(-0.6123814938579807,-0.3535684660426274,-0.7070913984772629));
#16815=VECTOR('',#16814,1000.0);
#16816=LINE('',#6108,#16815);
#16817=EDGE_CURVE('',#6109,#6171,#16816,.T.);
#16818=VECTOR('',#9702,1000.0);
#16819=LINE('',#6170,#16818);
#16820=EDGE_CURVE('',#6171,#6107,#16819,.T.);
#16821=ORIENTED_EDGE('',*,*,#16029,.F.);
#16822=ORIENTED_EDGE('',*,*,#16817,.T.);
#16823=ORIENTED_EDGE('',*,*,#16820,.T.);
#16824=DIRECTION('',(-0.3794589353315338,0.9161078166804536,-0.12945031716466046));
#16825=AXIS2_PLACEMENT_3D('',#6106,#16824,#9090);
#16826=PLANE('',#16825);
#16827=EDGE_LOOP('',(#16821,#16822,#16823));
#16828=FACE_BOUND('',#16827,.T.);
#16829=ADVANCED_FACE('',(#16828),#16826,.T.);
#16830=LINE('',#6108,#9709);
#16831=EDGE_CURVE('',#6109,#6173,#16830,.T.);
#16832=LINE('',#6172,#9069);
#16833=EDGE_CURVE('',#6173,#6171,#16832,.T.);
#16834=ORIENTED_EDGE('',*,*,#16817,.F.);
#16835=ORIENTED_EDGE('',*,*,#16831,.T.);
#16836=ORIENTED_EDGE('',*,*,#16833,.T.);
#16837=DIRECTION('',(-0.3794709729632984,0.9161045354198364,-0.12943825115279253));
#16838=DIRECTION('',(0.6123814938579807,0.3535684660426274,0.7070913984772629));
#16839=AXIS2_PLACEMENT_3D('',#6170,#16837,#16838);
#16840=PLANE('',#16839);
#16841=EDGE_LOOP('',(#16834,#16835,#16836));
#16842=FACE_BOUND('',#16841,.T.);
#16843=ADVANCED_FACE('',(#16842),#16840,.T.);
#16844=DIRECTION('',(-0.5173191513617461,-0.5173191513617513,-0.6817343993585185));
#16845=VECTOR('',#16844,1000.0);
#16846=LINE('',#6172,#16845);
#16847=EDGE_CURVE('',#6173,#6175,#16846,.T.);
#16848=VECTOR('',#9546,1000.0);
#16849=LINE('',#6174,#16848);
#16850=EDGE_CURVE('',#6175,#6171,#16849,.T.);
#16851=ORIENTED_EDGE('',*,*,#16833,.F.);
#16852=ORIENTED_EDGE('',*,*,#16847,.T.);
#16853=ORIENTED_EDGE('',*,*,#16850,.T.);
#16854=DIRECTION('',(-0.35400201158440814,0.8546183277939088,-0.37988167841175974));
#16855=AXIS2_PLACEMENT_3D('',#6170,#16854,#9090);
#16856=PLANE('',#16855);
#16857=EDGE_LOOP('',(#16851,#16852,#16853));
#16858=FACE_BOUND('',#16857,.T.);
#16859=ADVANCED_FACE('',(#16858),#16856,.T.);
#16860=LINE('',#6172,#9553);
#16861=EDGE_CURVE('',#6173,#6177,#16860,.T.);
#16862=LINE('',#6176,#9069);
#16863=EDGE_CURVE('',#6177,#6175,#16862,.T.);
#16864=ORIENTED_EDGE('',*,*,#16847,.F.);
#16865=ORIENTED_EDGE('',*,*,#16861,.T.);
#16866=ORIENTED_EDGE('',*,*,#16863,.T.);
#16867=DIRECTION('',(-0.3539997147577361,0.8546184599005955,-0.37988352155440447));
#16868=DIRECTION('',(0.5173191513617461,0.5173191513617513,0.6817343993585185));
#16869=AXIS2_PLACEMENT_3D('',#6174,#16867,#16868);
#16870=PLANE('',#16869);
#16871=EDGE_LOOP('',(#16864,#16865,#16866));
#16872=FACE_BOUND('',#16871,.T.);
#16873=ADVANCED_FACE('',(#16872),#16870,.T.);
#16874=DIRECTION('',(-0.3903722324032946,-0.676212796701676,-0.6247765790627606));
#16875=VECTOR('',#16874,1000.0);
#16876=LINE('',#6176,#16875);
#16877=EDGE_CURVE('',#6177,#6179,#16876,.T.);
#16878=VECTOR('',#9384,1000.0);
#16879=LINE('',#6178,#16878);
#16880=EDGE_CURVE('',#6179,#6175,#16879,.T.);
#16881=ORIENTED_EDGE('',*,*,#16863,.F.);
#16882=ORIENTED_EDGE('',*,*,#16877,.T.);
#16883=ORIENTED_EDGE('',*,*,#16880,.T.);
#16884=DIRECTION('',(-0.3045604685186281,0.7352633002264465,-0.605500454463767));
#16885=AXIS2_PLACEMENT_3D('',#6174,#16884,#9090);
#16886=PLANE('',#16885);
#16887=EDGE_LOOP('',(#16881,#16882,#16883));
#16888=FACE_BOUND('',#16887,.T.);
#16889=ADVANCED_FACE('',(#16888),#16886,.T.);
#16890=LINE('',#6176,#9391);
#16891=EDGE_CURVE('',#6177,#6181,#16890,.T.);
#16892=LINE('',#6180,#9069);
#16893=EDGE_CURVE('',#6181,#6179,#16892,.T.);
#16894=ORIENTED_EDGE('',*,*,#16877,.F.);
#16895=ORIENTED_EDGE('',*,*,#16891,.T.);
#16896=ORIENTED_EDGE('',*,*,#16893,.T.);
#16897=DIRECTION('',(-0.30461227259593343,0.7352660469925931,-0.6054710591959179));
#16898=DIRECTION('',(0.3903722324032946,0.676212796701676,0.6247765790627606));
#16899=AXIS2_PLACEMENT_3D('',#6178,#16897,#16898);
#16900=PLANE('',#16899);
#16901=EDGE_LOOP('',(#16894,#16895,#16896));
#16902=FACE_BOUND('',#16901,.T.);
#16903=ADVANCED_FACE('',(#16902),#16900,.T.);
#16904=DIRECTION('',(-0.22054216781535865,-0.823123293662699,-0.5232869152244993));
#16905=VECTOR('',#16904,1000.0);
#16906=LINE('',#6180,#16905);
#16907=EDGE_CURVE('',#6181,#6183,#16906,.T.);
#16908=VECTOR('',#9250,1000.0);
#16909=LINE('',#6182,#16908);
#16910=EDGE_CURVE('',#6183,#6179,#16909,.T.);
#16911=ORIENTED_EDGE('',*,*,#16893,.F.);
#16912=ORIENTED_EDGE('',*,*,#16907,.T.);
#16913=ORIENTED_EDGE('',*,*,#16910,.T.);
#16914=DIRECTION('',(-0.23427795543786833,0.5654947015900631,-0.7907778335723744));
#16915=AXIS2_PLACEMENT_3D('',#6178,#16914,#9090);
#16916=PLANE('',#16915);
#16917=EDGE_LOOP('',(#16911,#16912,#16913));
#16918=FACE_BOUND('',#16917,.T.);
#16919=ADVANCED_FACE('',(#16918),#16916,.T.);
#16920=LINE('',#6180,#9257);
#16921=EDGE_CURVE('',#6181,#6185,#16920,.T.);
#16922=LINE('',#6184,#9069);
#16923=EDGE_CURVE('',#6185,#6183,#16922,.T.);
#16924=ORIENTED_EDGE('',*,*,#16907,.F.);
#16925=ORIENTED_EDGE('',*,*,#16921,.T.);
#16926=ORIENTED_EDGE('',*,*,#16923,.T.);
#16927=DIRECTION('',(-0.23424777764500102,0.5654930501373342,-0.7907879544572948));
#16928=DIRECTION('',(0.22054216781535865,0.823123293662699,0.5232869152244993));
#16929=AXIS2_PLACEMENT_3D('',#6182,#16927,#16928);
#16930=PLANE('',#16929);
#16931=EDGE_LOOP('',(#16924,#16925,#16926));
#16932=FACE_BOUND('',#16931,.T.);
#16933=ADVANCED_FACE('',(#16932),#16930,.T.);
#16934=DIRECTION('',(0.0,-0.9329160488757781,-0.3600939401739589));
#16935=VECTOR('',#16934,1000.0);
#16936=LINE('',#6184,#16935);
#16937=EDGE_CURVE('',#6185,#6187,#16936,.T.);
#16938=VECTOR('',#9080,1000.0);
#16939=LINE('',#6186,#16938);
#16940=EDGE_CURVE('',#6187,#6183,#16939,.T.);
#16941=ORIENTED_EDGE('',*,*,#16923,.F.);
#16942=ORIENTED_EDGE('',*,*,#16937,.T.);
#16943=ORIENTED_EDGE('',*,*,#16940,.T.);
#16944=DIRECTION('',(-0.1475317460287375,0.35615354772036073,-0.9227074478727875));
#16945=AXIS2_PLACEMENT_3D('',#6182,#16944,#9090);
#16946=PLANE('',#16945);
#16947=EDGE_LOOP('',(#16941,#16942,#16943));
#16948=FACE_BOUND('',#16947,.T.);
#16949=ADVANCED_FACE('',(#16948),#16946,.T.);
#16950=LINE('',#6184,#9087);
#16951=EDGE_CURVE('',#6185,#6189,#16950,.T.);
#16952=LINE('',#6188,#9069);
#16953=EDGE_CURVE('',#6189,#6187,#16952,.T.);
#16954=ORIENTED_EDGE('',*,*,#16937,.F.);
#16955=ORIENTED_EDGE('',*,*,#16951,.T.);
#16956=ORIENTED_EDGE('',*,*,#16953,.T.);
#16957=DIRECTION('',(-0.14746390887029315,0.3561571906048569,-0.9227168857028409));
#16958=DIRECTION('',(0.0,0.9329160488757781,0.3600939401739589));
#16959=AXIS2_PLACEMENT_3D('',#6186,#16957,#16958);
#16960=PLANE('',#16959);
#16961=EDGE_LOOP('',(#16954,#16955,#16956));
#16962=FACE_BOUND('',#16961,.T.);
#16963=ADVANCED_FACE('',(#16962),#16960,.T.);
#16964=DIRECTION('',(0.25659158762363155,-0.9576695233526952,-0.1304984337155272));
#16965=VECTOR('',#16964,1000.0);
#16966=LINE('',#6188,#16965);
#16967=EDGE_CURVE('',#6189,#5471,#16966,.T.);
#16968=LINE('',#5470,#9749);
#16969=EDGE_CURVE('',#5471,#6187,#16968,.T.);
#16970=ORIENTED_EDGE('',*,*,#16953,.F.);
#16971=ORIENTED_EDGE('',*,*,#16967,.T.);
#16972=ORIENTED_EDGE('',*,*,#16969,.T.);
#16973=DIRECTION('',(-0.05034438056338508,0.1215925529274311,-0.9913025241661997));
#16974=AXIS2_PLACEMENT_3D('',#6186,#16973,#9090);
#16975=PLANE('',#16974);
#16976=EDGE_LOOP('',(#16970,#16971,#16972));
#16977=FACE_BOUND('',#16976,.T.);
#16978=ADVANCED_FACE('',(#16977),#16975,.T.);
#16979=DIRECTION('',(-0.6830171941743844,-0.18300307355912165,-0.7071049338889286));
#16980=VECTOR('',#16979,1000.0);
#16981=LINE('',#5354,#16980);
#16982=EDGE_CURVE('',#5355,#6173,#16981,.T.);
#16983=ORIENTED_EDGE('',*,*,#16052,.F.);
#16984=ORIENTED_EDGE('',*,*,#16982,.T.);
#16985=ORIENTED_EDGE('',*,*,#16831,.F.);
#16986=DIRECTION('',(-0.12940123000530684,0.9831074856909888,-0.1294410802313388));
#16987=AXIS2_PLACEMENT_3D('',#6108,#16986,#8934);
#16988=PLANE('',#16987);
#16989=EDGE_LOOP('',(#16983,#16984,#16985));
#16990=FACE_BOUND('',#16989,.T.);
#16991=ADVANCED_FACE('',(#16990),#16988,.T.);
#16992=LINE('',#6090,#14388);
#16993=EDGE_CURVE('',#6091,#6173,#16992,.T.);
#16994=ORIENTED_EDGE('',*,*,#16982,.F.);
#16995=ORIENTED_EDGE('',*,*,#15761,.F.);
#16996=ORIENTED_EDGE('',*,*,#16993,.T.);
#16997=DIRECTION('',(-0.12944246206838864,0.9831073068485545,-0.12940120646522574));
#16998=DIRECTION('',(0.6830171941743844,0.18300307355912165,0.7071049338889286));
#16999=AXIS2_PLACEMENT_3D('',#6172,#16997,#16998);
#17000=PLANE('',#16999);
#17001=EDGE_LOOP('',(#16994,#16995,#16996));
#17002=FACE_BOUND('',#17001,.T.);
#17003=ADVANCED_FACE('',(#17002),#17000,.T.);
#17004=DIRECTION('',(-0.6335832930070435,-0.3658096713658778,-0.6817297816272508));
#17005=VECTOR('',#17004,1000.0);
#17006=LINE('',#6090,#17005);
#17007=EDGE_CURVE('',#6091,#6177,#17006,.T.);
#17008=ORIENTED_EDGE('',*,*,#16993,.F.);
#17009=ORIENTED_EDGE('',*,*,#17007,.T.);
#17010=ORIENTED_EDGE('',*,*,#16861,.F.);
#17011=DIRECTION('',(-0.1207536233596924,0.9171161267825053,-0.37989021103597986));
#17012=AXIS2_PLACEMENT_3D('',#6172,#17011,#9420);
#17013=PLANE('',#17012);
#17014=EDGE_LOOP('',(#17008,#17009,#17010));
#17015=FACE_BOUND('',#17014,.T.);
#17016=ADVANCED_FACE('',(#17015),#17013,.T.);
#17017=LINE('',#6092,#14388);
#17018=EDGE_CURVE('',#6093,#6177,#17017,.T.);
#17019=ORIENTED_EDGE('',*,*,#17007,.F.);
#17020=ORIENTED_EDGE('',*,*,#15788,.F.);
#17021=ORIENTED_EDGE('',*,*,#17018,.T.);
#17022=DIRECTION('',(-0.12076869597640567,0.917119250246535,-0.3798778789287318));
#17023=DIRECTION('',(0.6335832930070435,0.3658096713658778,0.6817297816272508));
#17024=AXIS2_PLACEMENT_3D('',#6176,#17022,#17023);
#17025=PLANE('',#17024);
#17026=EDGE_LOOP('',(#17019,#17020,#17021));
#17027=FACE_BOUND('',#17026,.T.);
#17028=ADVANCED_FACE('',(#17027),#17025,.T.);
#17029=DIRECTION('',(-0.552115715577633,-0.5521157155776273,-0.6247691359409512));
#17030=VECTOR('',#17029,1000.0);
#17031=LINE('',#6092,#17030);
#17032=EDGE_CURVE('',#6093,#6181,#17031,.T.);
#17033=ORIENTED_EDGE('',*,*,#17018,.F.);
#17034=ORIENTED_EDGE('',*,*,#17032,.T.);
#17035=ORIENTED_EDGE('',*,*,#16891,.F.);
#17036=DIRECTION('',(-0.10390464157434638,0.7890533735366051,-0.6054738633250897));
#17037=AXIS2_PLACEMENT_3D('',#6176,#17036,#9420);
#17038=PLANE('',#17037);
#17039=EDGE_LOOP('',(#17033,#17034,#17035));
#17040=FACE_BOUND('',#17039,.T.);
#17041=ADVANCED_FACE('',(#17040),#17038,.T.);
#17042=LINE('',#6094,#13931);
#17043=EDGE_CURVE('',#6095,#6181,#17042,.T.);
#17044=ORIENTED_EDGE('',*,*,#17032,.F.);
#17045=ORIENTED_EDGE('',*,*,#15815,.F.);
#17046=ORIENTED_EDGE('',*,*,#17043,.T.);
#17047=DIRECTION('',(-0.10382902666142378,0.7890287486291243,-0.605518923782981));
#17048=DIRECTION('',(0.552115715577633,0.5521157155776273,0.6247691359409512));
#17049=AXIS2_PLACEMENT_3D('',#6180,#17047,#17048);
#17050=PLANE('',#17049);
#17051=EDGE_LOOP('',(#17044,#17045,#17046));
#17052=FACE_BOUND('',#17051,.T.);
#17053=ADVANCED_FACE('',(#17052),#17050,.T.);
#17054=DIRECTION('',(-0.42610890136176816,-0.7379668390873211,-0.5232935587103424));
#17055=VECTOR('',#17054,1000.0);
#17056=LINE('',#6094,#17055);
#17057=EDGE_CURVE('',#6095,#6185,#17056,.T.);
#17058=ORIENTED_EDGE('',*,*,#17043,.F.);
#17059=ORIENTED_EDGE('',*,*,#17057,.T.);
#17060=ORIENTED_EDGE('',*,*,#16921,.F.);
#17061=DIRECTION('',(-0.07985714794721914,0.6068590599366129,-0.7907875298046793));
#17062=AXIS2_PLACEMENT_3D('',#6180,#17061,#8934);
#17063=PLANE('',#17062);
#17064=EDGE_LOOP('',(#17058,#17059,#17060));
#17065=FACE_BOUND('',#17064,.T.);
#17066=ADVANCED_FACE('',(#17065),#17063,.T.);
#17067=LINE('',#6096,#13931);
#17068=EDGE_CURVE('',#6097,#6185,#17067,.T.);
#17069=ORIENTED_EDGE('',*,*,#17057,.F.);
#17070=ORIENTED_EDGE('',*,*,#15842,.F.);
#17071=ORIENTED_EDGE('',*,*,#17068,.T.);
#17072=DIRECTION('',(-0.07987319122001428,0.6068643148957263,-0.7907818767716365));
#17073=DIRECTION('',(0.42610890136176816,0.7379668390873211,0.5232935587103424));
#17074=AXIS2_PLACEMENT_3D('',#6184,#17072,#17073);
#17075=PLANE('',#17074);
#17076=EDGE_LOOP('',(#17069,#17070,#17071));
#17077=FACE_BOUND('',#17076,.T.);
#17078=ADVANCED_FACE('',(#17077),#17075,.T.);
#17079=DIRECTION('',(-0.241443270677856,-0.9011318885712486,-0.3600923026730706));
#17080=VECTOR('',#17079,1000.0);
#17081=LINE('',#6096,#17080);
#17082=EDGE_CURVE('',#6097,#6189,#17081,.T.);
#17083=ORIENTED_EDGE('',*,*,#17068,.F.);
#17084=ORIENTED_EDGE('',*,*,#17082,.T.);
#17085=ORIENTED_EDGE('',*,*,#16951,.F.);
#17086=DIRECTION('',(-0.05030287771953754,0.382193586587302,-0.9227121343434624));
#17087=AXIS2_PLACEMENT_3D('',#6184,#17086,#8934);
#17088=PLANE('',#17087);
#17089=EDGE_LOOP('',(#17083,#17084,#17085));
#17090=FACE_BOUND('',#17089,.T.);
#17091=ADVANCED_FACE('',(#17090),#17088,.T.);
#17092=LINE('',#6098,#13931);
#17093=EDGE_CURVE('',#6099,#6189,#17092,.T.);
#17094=ORIENTED_EDGE('',*,*,#17082,.F.);
#17095=ORIENTED_EDGE('',*,*,#15869,.F.);
#17096=ORIENTED_EDGE('',*,*,#17093,.T.);
#17097=DIRECTION('',(-0.0503062411211154,0.3821942969107036,-0.9227116567558887));
#17098=DIRECTION('',(0.241443270677856,0.9011318885712486,0.3600923026730706));
#17099=AXIS2_PLACEMENT_3D('',#6188,#17097,#17098);
#17100=PLANE('',#17099);
#17101=EDGE_LOOP('',(#17094,#17095,#17096));
#17102=FACE_BOUND('',#17101,.T.);
#17103=ADVANCED_FACE('',(#17102),#17100,.T.);
#17104=ORIENTED_EDGE('',*,*,#17093,.F.);
#17105=ORIENTED_EDGE('',*,*,#15894,.F.);
#17106=ORIENTED_EDGE('',*,*,#16967,.F.);
#17107=DIRECTION('',(-0.01717438271249415,0.13047985656240768,-0.9913021979244767));
#17108=AXIS2_PLACEMENT_3D('',#6188,#17107,#8934);
#17109=PLANE('',#17108);
#17110=EDGE_LOOP('',(#17104,#17105,#17106));
#17111=FACE_BOUND('',#17110,.T.);
#17112=ADVANCED_FACE('',(#17111),#17109,.T.);
#17113=DIRECTION('',(-0.5000077132676239,-0.5000077132676289,-0.7070958728105817));
#17114=VECTOR('',#17113,1000.0);
#17115=LINE('',#6106,#17114);
#17116=EDGE_CURVE('',#6107,#6151,#17115,.T.);
#17117=ORIENTED_EDGE('',*,*,#16002,.F.);
#17118=ORIENTED_EDGE('',*,*,#17116,.T.);
#17119=ORIENTED_EDGE('',*,*,#16543,.F.);
#17120=DIRECTION('',(-0.6036593889997206,0.7866689625733553,-0.12941130320124622));
#17121=AXIS2_PLACEMENT_3D('',#6104,#17120,#9055);
#17122=PLANE('',#17121);
#17123=EDGE_LOOP('',(#17117,#17118,#17119));
#17124=FACE_BOUND('',#17123,.T.);
#17125=ADVANCED_FACE('',(#17124),#17122,.T.);
#17126=LINE('',#6170,#9832);
#17127=EDGE_CURVE('',#6171,#6151,#17126,.T.);
#17128=ORIENTED_EDGE('',*,*,#17116,.F.);
#17129=ORIENTED_EDGE('',*,*,#16820,.F.);
#17130=ORIENTED_EDGE('',*,*,#17127,.T.);
#17131=DIRECTION('',(-0.6036304661281898,0.786685828983355,-0.1294436821117033));
#17132=DIRECTION('',(0.5000077132676239,0.5000077132676289,0.7070958728105817));
#17133=AXIS2_PLACEMENT_3D('',#6150,#17131,#17132);
#17134=PLANE('',#17133);
#17135=EDGE_LOOP('',(#17128,#17129,#17130));
#17136=FACE_BOUND('',#17135,.T.);
#17137=ADVANCED_FACE('',(#17136),#17134,.T.);
#17138=DIRECTION('',(-0.3657688643583812,-0.633594211328668,-0.6817415296406574));
#17139=VECTOR('',#17138,1000.0);
#17140=LINE('',#6170,#17139);
#17141=EDGE_CURVE('',#6171,#6153,#17140,.T.);
#17142=ORIENTED_EDGE('',*,*,#17127,.F.);
#17143=ORIENTED_EDGE('',*,*,#17141,.T.);
#17144=ORIENTED_EDGE('',*,*,#16570,.F.);
#17145=DIRECTION('',(-0.5631062076285192,0.7338722920917645,-0.3799248054947281));
#17146=AXIS2_PLACEMENT_3D('',#6150,#17145,#9055);
#17147=PLANE('',#17146);
#17148=EDGE_LOOP('',(#17142,#17143,#17144));
#17149=FACE_BOUND('',#17148,.T.);
#17150=ADVANCED_FACE('',(#17149),#17147,.T.);
#17151=LINE('',#6174,#9832);
#17152=EDGE_CURVE('',#6175,#6153,#17151,.T.);
#17153=ORIENTED_EDGE('',*,*,#17141,.F.);
#17154=ORIENTED_EDGE('',*,*,#16850,.F.);
#17155=ORIENTED_EDGE('',*,*,#17152,.T.);
#17156=DIRECTION('',(-0.5631604286807617,0.7338543682530513,-0.37987905675887945));
#17157=DIRECTION('',(0.3657688643583812,0.633594211328668,0.6817415296406574));
#17158=AXIS2_PLACEMENT_3D('',#6152,#17156,#17157);
#17159=PLANE('',#17158);
#17160=EDGE_LOOP('',(#17153,#17154,#17155));
#17161=FACE_BOUND('',#17160,.T.);
#17162=ADVANCED_FACE('',(#17161),#17159,.T.);
#17163=DIRECTION('',(-0.2020751963633172,-0.7541995385543082,-0.6247788977383884));
#17164=VECTOR('',#17163,1000.0);
#17165=LINE('',#6174,#17164);
#17166=EDGE_CURVE('',#6175,#6155,#17165,.T.);
#17167=ORIENTED_EDGE('',*,*,#17152,.F.);
#17168=ORIENTED_EDGE('',*,*,#17166,.T.);
#17169=ORIENTED_EDGE('',*,*,#16597,.F.);
#17170=DIRECTION('',(-0.48452638143997506,0.6313863393891486,-0.6054630262216304));
#17171=AXIS2_PLACEMENT_3D('',#6152,#17170,#9055);
#17172=PLANE('',#17171);
#17173=EDGE_LOOP('',(#17167,#17168,#17169));
#17174=FACE_BOUND('',#17173,.T.);
#17175=ADVANCED_FACE('',(#17174),#17172,.T.);
#17176=LINE('',#6178,#9832);
#17177=EDGE_CURVE('',#6179,#6155,#17176,.T.);
#17178=ORIENTED_EDGE('',*,*,#17166,.F.);
#17179=ORIENTED_EDGE('',*,*,#16880,.F.);
#17180=ORIENTED_EDGE('',*,*,#17177,.T.);
#17181=DIRECTION('',(-0.4844552532833444,0.6314014106497584,-0.6055042247545973));
#17182=DIRECTION('',(0.2020751963633172,0.7541995385543082,0.6247788977383884));
#17183=AXIS2_PLACEMENT_3D('',#6154,#17181,#17182);
#17184=PLANE('',#17183);
#17185=EDGE_LOOP('',(#17178,#17179,#17180));
#17186=FACE_BOUND('',#17185,.T.);
#17187=ADVANCED_FACE('',(#17186),#17184,.T.);
#17188=DIRECTION('',(0.0,-0.8521553417218694,-0.5232889006800011));
#17189=VECTOR('',#17188,1000.0);
#17190=LINE('',#6178,#17189);
#17191=EDGE_CURVE('',#6179,#6157,#17190,.T.);
#17192=ORIENTED_EDGE('',*,*,#17177,.F.);
#17193=ORIENTED_EDGE('',*,*,#17191,.T.);
#17194=ORIENTED_EDGE('',*,*,#16624,.F.);
#17195=DIRECTION('',(-0.37259338661004715,0.4856093278170315,-0.7907956430023795));
#17196=AXIS2_PLACEMENT_3D('',#6154,#17195,#9055);
#17197=PLANE('',#17196);
#17198=EDGE_LOOP('',(#17192,#17193,#17194));
#17199=FACE_BOUND('',#17198,.T.);
#17200=ADVANCED_FACE('',(#17199),#17197,.T.);
#17201=LINE('',#6182,#9832);
#17202=EDGE_CURVE('',#6183,#6157,#17201,.T.);
#17203=ORIENTED_EDGE('',*,*,#17191,.F.);
#17204=ORIENTED_EDGE('',*,*,#16910,.F.);
#17205=ORIENTED_EDGE('',*,*,#17202,.T.);
#17206=DIRECTION('',(-0.3726574992146693,0.4855958562543523,-0.7907737050937337));
#17207=DIRECTION('',(0.0,0.8521553417218694,0.5232889006800011));
#17208=AXIS2_PLACEMENT_3D('',#6156,#17206,#17207);
#17209=PLANE('',#17208);
#17210=EDGE_LOOP('',(#17203,#17204,#17205));
#17211=FACE_BOUND('',#17210,.T.);
#17212=ADVANCED_FACE('',(#17211),#17209,.T.);
#17213=DIRECTION('',(0.241443270677856,-0.9011318885712486,-0.3600923026730706));
#17214=VECTOR('',#17213,1000.0);
#17215=LINE('',#6182,#17214);
#17216=EDGE_CURVE('',#6183,#6159,#17215,.T.);
#17217=ORIENTED_EDGE('',*,*,#17202,.F.);
#17218=ORIENTED_EDGE('',*,*,#17216,.T.);
#17219=ORIENTED_EDGE('',*,*,#16649,.F.);
#17220=DIRECTION('',(-0.23470018503932477,0.3058289114197425,-0.9227049908190169));
#17221=AXIS2_PLACEMENT_3D('',#6156,#17220,#9055);
#17222=PLANE('',#17221);
#17223=EDGE_LOOP('',(#17217,#17218,#17219));
#17224=FACE_BOUND('',#17223,.T.);
#17225=ADVANCED_FACE('',(#17224),#17222,.T.);
#17226=LINE('',#6186,#9832);
#17227=EDGE_CURVE('',#6187,#6159,#17226,.T.);
#17228=ORIENTED_EDGE('',*,*,#17216,.F.);
#17229=ORIENTED_EDGE('',*,*,#16940,.F.);
#17230=ORIENTED_EDGE('',*,*,#17227,.T.);
#17231=DIRECTION('',(-0.23469768799463897,0.3058297263333779,-0.9227053558643855));
#17232=DIRECTION('',(-0.241443270677856,0.9011318885712486,0.3600923026730706));
#17233=AXIS2_PLACEMENT_3D('',#6158,#17231,#17232);
#17234=PLANE('',#17233);
#17235=EDGE_LOOP('',(#17228,#17229,#17230));
#17236=FACE_BOUND('',#17235,.T.);
#17237=ADVANCED_FACE('',(#17236),#17234,.T.);
#17238=ORIENTED_EDGE('',*,*,#17227,.F.);
#17239=ORIENTED_EDGE('',*,*,#16969,.F.);
#17240=ORIENTED_EDGE('',*,*,#16662,.F.);
#17241=DIRECTION('',(-0.08011916487760402,0.10440163462171008,-0.9913027883082092));
#17242=AXIS2_PLACEMENT_3D('',#6158,#17241,#9055);
#17243=PLANE('',#17242);
#17244=EDGE_LOOP('',(#17238,#17239,#17240));
#17245=FACE_BOUND('',#17244,.T.);
#17246=ADVANCED_FACE('',(#17245),#17243,.T.);
#17247=DIRECTION('',(0.683017194174379,-0.1830030735591229,-0.7071049338889334));
#17248=VECTOR('',#17247,1000.0);
#17249=LINE('',#6112,#17248);
#17250=EDGE_CURVE('',#6113,#6191,#17249,.T.);
#17251=VECTOR('',#10570,1000.0);
#17252=LINE('',#6190,#17251);
#17253=EDGE_CURVE('',#6191,#6111,#17252,.T.);
#17254=ORIENTED_EDGE('',*,*,#16107,.F.);
#17255=ORIENTED_EDGE('',*,*,#17250,.T.);
#17256=ORIENTED_EDGE('',*,*,#17253,.T.);
#17257=DIRECTION('',(-0.3794595276447408,-0.9161092466711808,-0.1294384604481682));
#17258=AXIS2_PLACEMENT_3D('',#6110,#17257,#9931);
#17259=PLANE('',#17258);
#17260=EDGE_LOOP('',(#17254,#17255,#17256));
#17261=FACE_BOUND('',#17260,.T.);
#17262=ADVANCED_FACE('',(#17261),#17259,.T.);
#17263=LINE('',#6112,#10577);
#17264=EDGE_CURVE('',#6113,#6193,#17263,.T.);
#17265=LINE('',#6192,#10737);
#17266=EDGE_CURVE('',#6193,#6191,#17265,.T.);
#17267=ORIENTED_EDGE('',*,*,#17250,.F.);
#17268=ORIENTED_EDGE('',*,*,#17264,.T.);
#17269=ORIENTED_EDGE('',*,*,#17266,.T.);
#17270=DIRECTION('',(-0.37947035974406973,-0.9161030550090625,-0.12945052598876874));
#17271=DIRECTION('',(-0.683017194174379,0.1830030735591229,0.7071049338889334));
#17272=AXIS2_PLACEMENT_3D('',#6190,#17270,#17271);
#17273=PLANE('',#17272);
#17274=EDGE_LOOP('',(#17267,#17268,#17269));
#17275=FACE_BOUND('',#17274,.T.);
#17276=ADVANCED_FACE('',(#17275),#17273,.T.);
#17277=LINE('',#6192,#9539);
#17278=EDGE_CURVE('',#6193,#6195,#17277,.T.);
#17279=VECTOR('',#10414,1000.0);
#17280=LINE('',#6194,#17279);
#17281=EDGE_CURVE('',#6195,#6191,#17280,.T.);
#17282=ORIENTED_EDGE('',*,*,#17266,.F.);
#17283=ORIENTED_EDGE('',*,*,#17278,.T.);
#17284=ORIENTED_EDGE('',*,*,#17281,.T.);
#17285=DIRECTION('',(-0.3540017377232747,-0.8546176666486717,-0.37988342098712585));
#17286=AXIS2_PLACEMENT_3D('',#6190,#17285,#9931);
#17287=PLANE('',#17286);
#17288=EDGE_LOOP('',(#17282,#17283,#17284));
#17289=FACE_BOUND('',#17288,.T.);
#17290=ADVANCED_FACE('',(#17289),#17287,.T.);
#17291=LINE('',#6192,#10421);
#17292=EDGE_CURVE('',#6193,#6197,#17291,.T.);
#17293=LINE('',#6196,#10737);
#17294=EDGE_CURVE('',#6197,#6195,#17293,.T.);
#17295=ORIENTED_EDGE('',*,*,#17278,.F.);
#17296=ORIENTED_EDGE('',*,*,#17292,.T.);
#17297=ORIENTED_EDGE('',*,*,#17294,.T.);
#17298=DIRECTION('',(-0.3540000202167964,-0.8546191973332565,-0.3798815779107592));
#17299=AXIS2_PLACEMENT_3D('',#6194,#17298,#9561);
#17300=PLANE('',#17299);
#17301=EDGE_LOOP('',(#17295,#17296,#17297));
#17302=FACE_BOUND('',#17301,.T.);
#17303=ADVANCED_FACE('',(#17302),#17300,.T.);
#17304=LINE('',#6196,#9317);
#17305=EDGE_CURVE('',#6197,#6199,#17304,.T.);
#17306=VECTOR('',#10744,1000.0);
#17307=LINE('',#6198,#17306);
#17308=EDGE_CURVE('',#6199,#6195,#17307,.T.);
#17309=ORIENTED_EDGE('',*,*,#17294,.F.);
#17310=ORIENTED_EDGE('',*,*,#17305,.T.);
#17311=ORIENTED_EDGE('',*,*,#17308,.T.);
#17312=DIRECTION('',(-0.30456816223833755,-0.7352818742382744,-0.6054740291436226));
#17313=AXIS2_PLACEMENT_3D('',#6194,#17312,#9931);
#17314=PLANE('',#17313);
#17315=EDGE_LOOP('',(#17309,#17310,#17311));
#17316=FACE_BOUND('',#17315,.T.);
#17317=ADVANCED_FACE('',(#17316),#17314,.T.);
#17318=LINE('',#6196,#10260);
#17319=EDGE_CURVE('',#6197,#6201,#17318,.T.);
#17320=LINE('',#6200,#10737);
#17321=EDGE_CURVE('',#6201,#6199,#17320,.T.);
#17322=ORIENTED_EDGE('',*,*,#17305,.F.);
#17323=ORIENTED_EDGE('',*,*,#17319,.T.);
#17324=ORIENTED_EDGE('',*,*,#17321,.T.);
#17325=DIRECTION('',(-0.30460284833516,-0.7352432989302591,-0.6055034237428036));
#17326=AXIS2_PLACEMENT_3D('',#6198,#17325,#9340);
#17327=PLANE('',#17326);
#17328=EDGE_LOOP('',(#17322,#17323,#17324));
#17329=FACE_BOUND('',#17328,.T.);
#17330=ADVANCED_FACE('',(#17329),#17327,.T.);
#17331=LINE('',#6200,#9155);
#17332=EDGE_CURVE('',#6201,#6203,#17331,.T.);
#17333=LINE('',#6202,#9979);
#17334=EDGE_CURVE('',#6203,#6199,#17333,.T.);
#17335=ORIENTED_EDGE('',*,*,#17321,.F.);
#17336=ORIENTED_EDGE('',*,*,#17332,.T.);
#17337=ORIENTED_EDGE('',*,*,#17334,.T.);
#17338=DIRECTION('',(-0.23427380988844212,-0.5654846951588932,-0.7907862173441111));
#17339=AXIS2_PLACEMENT_3D('',#6198,#17338,#9931);
#17340=PLANE('',#17339);
#17341=EDGE_LOOP('',(#17335,#17336,#17337));
#17342=FACE_BOUND('',#17341,.T.);
#17343=ADVANCED_FACE('',(#17342),#17340,.T.);
#17344=LINE('',#6200,#10751);
#17345=EDGE_CURVE('',#6201,#6205,#17344,.T.);
#17346=LINE('',#6204,#10737);
#17347=EDGE_CURVE('',#6205,#6203,#17346,.T.);
#17348=ORIENTED_EDGE('',*,*,#17332,.F.);
#17349=ORIENTED_EDGE('',*,*,#17345,.T.);
#17350=ORIENTED_EDGE('',*,*,#17347,.T.);
#17351=DIRECTION('',(-0.23425363990981818,-0.5655072021179656,-0.7907760976039373));
#17352=AXIS2_PLACEMENT_3D('',#6202,#17351,#9174);
#17353=PLANE('',#17352);
#17354=EDGE_LOOP('',(#17348,#17349,#17350));
#17355=FACE_BOUND('',#17354,.T.);
#17356=ADVANCED_FACE('',(#17355),#17353,.T.);
#17357=LINE('',#6204,#10031);
#17358=EDGE_CURVE('',#6205,#6207,#17357,.T.);
#17359=LINE('',#6206,#9949);
#17360=EDGE_CURVE('',#6207,#6203,#17359,.T.);
#17361=ORIENTED_EDGE('',*,*,#17347,.F.);
#17362=ORIENTED_EDGE('',*,*,#17358,.T.);
#17363=ORIENTED_EDGE('',*,*,#17360,.T.);
#17364=DIRECTION('',(-0.14752584669789634,-0.35613930625935447,-0.9227138879919249));
#17365=AXIS2_PLACEMENT_3D('',#6202,#17364,#9931);
#17366=PLANE('',#17365);
#17367=EDGE_LOOP('',(#17361,#17362,#17363));
#17368=FACE_BOUND('',#17367,.T.);
#17369=ADVANCED_FACE('',(#17368),#17366,.T.);
#17370=DIRECTION('',(0.46192159332991906,0.8001107681562485,-0.3826894306039385));
#17371=VECTOR('',#17370,1000.0);
#17372=LINE('',#6204,#17371);
#17373=EDGE_CURVE('',#6205,#6209,#17372,.T.);
#17374=LINE('',#6208,#10737);
#17375=EDGE_CURVE('',#6209,#6207,#17374,.T.);
#17376=ORIENTED_EDGE('',*,*,#17358,.F.);
#17377=ORIENTED_EDGE('',*,*,#17373,.T.);
#17378=ORIENTED_EDGE('',*,*,#17375,.T.);
#17379=DIRECTION('',(-0.14747529901196305,-0.3561847002571428,-0.9227044464421214));
#17380=AXIS2_PLACEMENT_3D('',#6206,#17379,#10056);
#17381=PLANE('',#17380);
#17382=EDGE_LOOP('',(#17376,#17377,#17378));
#17383=FACE_BOUND('',#17382,.T.);
#17384=ADVANCED_FACE('',(#17383),#17381,.T.);
#17385=DIRECTION('',(0.49573493431093374,0.858614183071185,-0.1304935229531933));
#17386=VECTOR('',#17385,1000.0);
#17387=LINE('',#6208,#17386);
#17388=EDGE_CURVE('',#6209,#5473,#17387,.T.);
#17389=LINE('',#5472,#9928);
#17390=EDGE_CURVE('',#5473,#6207,#17389,.T.);
#17391=ORIENTED_EDGE('',*,*,#17375,.F.);
#17392=ORIENTED_EDGE('',*,*,#17388,.T.);
#17393=ORIENTED_EDGE('',*,*,#17390,.T.);
#17394=DIRECTION('',(-0.05034438056338508,-0.1215925529274311,-0.9913025241661997));
#17395=AXIS2_PLACEMENT_3D('',#6206,#17394,#9931);
#17396=PLANE('',#17395);
#17397=EDGE_LOOP('',(#17391,#17392,#17393));
#17398=FACE_BOUND('',#17397,.T.);
#17399=ADVANCED_FACE('',(#17398),#17396,.T.);
#17400=DIRECTION('',(0.6123814938579881,-0.3535684660426208,-0.7070913984772598));
#17401=VECTOR('',#17400,1000.0);
#17402=LINE('',#6114,#17401);
#17403=EDGE_CURVE('',#6115,#6193,#17402,.T.);
#17404=ORIENTED_EDGE('',*,*,#16135,.F.);
#17405=ORIENTED_EDGE('',*,*,#17403,.T.);
#17406=ORIENTED_EDGE('',*,*,#17264,.F.);
#17407=DIRECTION('',(-0.6036568608135127,-0.786665667924655,-0.12944311994629937));
#17408=AXIS2_PLACEMENT_3D('',#6112,#17407,#9921);
#17409=PLANE('',#17408);
#17410=EDGE_LOOP('',(#17404,#17405,#17406));
#17411=FACE_BOUND('',#17410,.T.);
#17412=ADVANCED_FACE('',(#17411),#17409,.T.);
#17413=LINE('',#6114,#10606);
#17414=EDGE_CURVE('',#6115,#6211,#17413,.T.);
#17415=LINE('',#6210,#9876);
#17416=EDGE_CURVE('',#6211,#6193,#17415,.T.);
#17417=ORIENTED_EDGE('',*,*,#17403,.F.);
#17418=ORIENTED_EDGE('',*,*,#17414,.T.);
#17419=ORIENTED_EDGE('',*,*,#17416,.T.);
#17420=DIRECTION('',(-0.6036330835743309,-0.7866892401892218,-0.12941074060930943));
#17421=DIRECTION('',(-0.6123814938579881,0.3535684660426208,0.7070913984772598));
#17422=AXIS2_PLACEMENT_3D('',#6192,#17420,#17421);
#17423=PLANE('',#17422);
#17424=EDGE_LOOP('',(#17417,#17418,#17419));
#17425=FACE_BOUND('',#17424,.T.);
#17426=ADVANCED_FACE('',(#17425),#17423,.T.);
#17427=LINE('',#6210,#9568);
#17428=EDGE_CURVE('',#6211,#6197,#17427,.T.);
#17429=ORIENTED_EDGE('',*,*,#17416,.F.);
#17430=ORIENTED_EDGE('',*,*,#17428,.T.);
#17431=ORIENTED_EDGE('',*,*,#17292,.F.);
#17432=DIRECTION('',(-0.5631170214732216,-0.7338863853141274,-0.37988155203654156));
#17433=AXIS2_PLACEMENT_3D('',#6192,#17432,#9921);
#17434=PLANE('',#17433);
#17435=EDGE_LOOP('',(#17429,#17430,#17431));
#17436=FACE_BOUND('',#17435,.T.);
#17437=ADVANCED_FACE('',(#17436),#17434,.T.);
#17438=LINE('',#6210,#10450);
#17439=EDGE_CURVE('',#6211,#6213,#17438,.T.);
#17440=LINE('',#6212,#9876);
#17441=EDGE_CURVE('',#6213,#6197,#17440,.T.);
#17442=ORIENTED_EDGE('',*,*,#17428,.F.);
#17443=ORIENTED_EDGE('',*,*,#17439,.T.);
#17444=ORIENTED_EDGE('',*,*,#17441,.T.);
#17445=DIRECTION('',(-0.5631483663601077,-0.7338386498427147,-0.37992730023382576));
#17446=AXIS2_PLACEMENT_3D('',#6196,#17445,#9586);
#17447=PLANE('',#17446);
#17448=EDGE_LOOP('',(#17442,#17443,#17444));
#17449=FACE_BOUND('',#17448,.T.);
#17450=ADVANCED_FACE('',(#17449),#17447,.T.);
#17451=LINE('',#6212,#9347);
#17452=EDGE_CURVE('',#6213,#6201,#17451,.T.);
#17453=ORIENTED_EDGE('',*,*,#17441,.F.);
#17454=ORIENTED_EDGE('',*,*,#17452,.T.);
#17455=ORIENTED_EDGE('',*,*,#17319,.F.);
#17456=DIRECTION('',(-0.48450922705679855,-0.6313639855120158,-0.6055000633321245));
#17457=AXIS2_PLACEMENT_3D('',#6196,#17456,#9921);
#17458=PLANE('',#17457);
#17459=EDGE_LOOP('',(#17453,#17454,#17455));
#17460=FACE_BOUND('',#17459,.T.);
#17461=ADVANCED_FACE('',(#17460),#17458,.T.);
#17462=LINE('',#6212,#10289);
#17463=EDGE_CURVE('',#6213,#6215,#17462,.T.);
#17464=LINE('',#6214,#9876);
#17465=EDGE_CURVE('',#6215,#6201,#17464,.T.);
#17466=ORIENTED_EDGE('',*,*,#17452,.F.);
#17467=ORIENTED_EDGE('',*,*,#17463,.T.);
#17468=ORIENTED_EDGE('',*,*,#17465,.T.);
#17469=DIRECTION('',(-0.48447626047159303,-0.6314287897899455,-0.6054588643862323));
#17470=AXIS2_PLACEMENT_3D('',#6200,#17469,#9370);
#17471=PLANE('',#17470);
#17472=EDGE_LOOP('',(#17466,#17467,#17468));
#17473=FACE_BOUND('',#17472,.T.);
#17474=ADVANCED_FACE('',(#17473),#17471,.T.);
#17475=LINE('',#6214,#9018);
#17476=EDGE_CURVE('',#6215,#6205,#17475,.T.);
#17477=ORIENTED_EDGE('',*,*,#17465,.F.);
#17478=ORIENTED_EDGE('',*,*,#17476,.T.);
#17479=ORIENTED_EDGE('',*,*,#17345,.F.);
#17480=DIRECTION('',(-0.3726076793893686,-0.4856279559172833,-0.7907774691350726));
#17481=AXIS2_PLACEMENT_3D('',#6200,#17480,#9921);
#17482=PLANE('',#17481);
#17483=EDGE_LOOP('',(#17477,#17478,#17479));
#17484=FACE_BOUND('',#17483,.T.);
#17485=ADVANCED_FACE('',(#17484),#17482,.T.);
#17486=LINE('',#6214,#10154);
#17487=EDGE_CURVE('',#6215,#6217,#17486,.T.);
#17488=LINE('',#6216,#9876);
#17489=EDGE_CURVE('',#6217,#6205,#17488,.T.);
#17490=ORIENTED_EDGE('',*,*,#17476,.F.);
#17491=ORIENTED_EDGE('',*,*,#17487,.T.);
#17492=ORIENTED_EDGE('',*,*,#17489,.T.);
#17493=DIRECTION('',(-0.3726372839972215,-0.48556951457104647,-0.7907994063568917));
#17494=DIRECTION('',(-0.8231232936626971,-0.2205421678153598,0.523286915224502));
#17495=AXIS2_PLACEMENT_3D('',#6204,#17493,#17494);
#17496=PLANE('',#17495);
#17497=EDGE_LOOP('',(#17490,#17491,#17492));
#17498=FACE_BOUND('',#17497,.T.);
#17499=ADVANCED_FACE('',(#17498),#17496,.T.);
#17500=LINE('',#6216,#10063);
#17501=EDGE_CURVE('',#6217,#6209,#17500,.T.);
#17502=ORIENTED_EDGE('',*,*,#17489,.F.);
#17503=ORIENTED_EDGE('',*,*,#17501,.T.);
#17504=ORIENTED_EDGE('',*,*,#17373,.F.);
#17505=DIRECTION('',(-0.2346998222401391,-0.3058284386698808,-0.9227052397928551));
#17506=AXIS2_PLACEMENT_3D('',#6204,#17505,#9921);
#17507=PLANE('',#17506);
#17508=EDGE_LOOP('',(#17502,#17503,#17504));
#17509=FACE_BOUND('',#17508,.T.);
#17510=ADVANCED_FACE('',(#17509),#17507,.T.);
#17511=LINE('',#6216,#10774);
#17512=EDGE_CURVE('',#6217,#6219,#17511,.T.);
#17513=LINE('',#6218,#9876);
#17514=EDGE_CURVE('',#6219,#6209,#17513,.T.);
#17515=ORIENTED_EDGE('',*,*,#17501,.F.);
#17516=ORIENTED_EDGE('',*,*,#17512,.T.);
#17517=ORIENTED_EDGE('',*,*,#17514,.T.);
#17518=DIRECTION('',(-0.23469838888505598,-0.3058306396492537,-0.922704874868713));
#17519=AXIS2_PLACEMENT_3D('',#6208,#17518,#10081);
#17520=PLANE('',#17519);
#17521=EDGE_LOOP('',(#17515,#17516,#17517));
#17522=FACE_BOUND('',#17521,.T.);
#17523=ADVANCED_FACE('',(#17522),#17520,.T.);
#17524=LINE('',#6218,#9914);
#17525=EDGE_CURVE('',#6219,#5473,#17524,.T.);
#17526=ORIENTED_EDGE('',*,*,#17514,.F.);
#17527=ORIENTED_EDGE('',*,*,#17525,.T.);
#17528=ORIENTED_EDGE('',*,*,#17388,.F.);
#17529=DIRECTION('',(-0.08011916487760402,-0.10440163462171008,-0.9913027883082092));
#17530=AXIS2_PLACEMENT_3D('',#6208,#17529,#9921);
#17531=PLANE('',#17530);
#17532=EDGE_LOOP('',(#17526,#17527,#17528));
#17533=FACE_BOUND('',#17532,.T.);
#17534=ADVANCED_FACE('',(#17533),#17531,.T.);
#17535=LINE('',#6110,#9724);
#17536=EDGE_CURVE('',#6111,#6121,#17535,.T.);
#17537=ORIENTED_EDGE('',*,*,#16079,.F.);
#17538=ORIENTED_EDGE('',*,*,#17536,.T.);
#17539=ORIENTED_EDGE('',*,*,#16227,.F.);
#17540=DIRECTION('',(-0.1294018973924332,-0.9831125560699936,-0.12940189739243427));
#17541=AXIS2_PLACEMENT_3D('',#5466,#17540,#9991);
#17542=PLANE('',#17541);
#17543=EDGE_LOOP('',(#17537,#17538,#17539));
#17544=FACE_BOUND('',#17543,.T.);
#17545=ADVANCED_FACE('',(#17544),#17542,.T.);
#17546=LINE('',#6190,#9854);
#17547=EDGE_CURVE('',#6191,#6121,#17546,.T.);
#17548=ORIENTED_EDGE('',*,*,#17536,.F.);
#17549=ORIENTED_EDGE('',*,*,#17253,.F.);
#17550=ORIENTED_EDGE('',*,*,#17547,.T.);
#17551=DIRECTION('',(-0.12944177093196993,-0.9831020577111975,-0.12944177093197098));
#17552=AXIS2_PLACEMENT_3D('',#6120,#17551,#9742);
#17553=PLANE('',#17552);
#17554=EDGE_LOOP('',(#17548,#17549,#17550));
#17555=FACE_BOUND('',#17554,.T.);
#17556=ADVANCED_FACE('',(#17555),#17553,.T.);
#17557=LINE('',#6190,#9510);
#17558=EDGE_CURVE('',#6191,#6123,#17557,.T.);
#17559=ORIENTED_EDGE('',*,*,#17547,.F.);
#17560=ORIENTED_EDGE('',*,*,#17558,.T.);
#17561=ORIENTED_EDGE('',*,*,#16251,.F.);
#17562=DIRECTION('',(-0.1207542484145063,-0.9171208740342564,-0.37987855151415106));
#17563=AXIS2_PLACEMENT_3D('',#6120,#17562,#10731);
#17564=PLANE('',#17563);
#17565=EDGE_LOOP('',(#17559,#17560,#17561));
#17566=FACE_BOUND('',#17565,.T.);
#17567=ADVANCED_FACE('',(#17566),#17564,.T.);
#17568=LINE('',#6194,#9854);
#17569=EDGE_CURVE('',#6195,#6123,#17568,.T.);
#17570=ORIENTED_EDGE('',*,*,#17558,.F.);
#17571=ORIENTED_EDGE('',*,*,#17281,.F.);
#17572=ORIENTED_EDGE('',*,*,#17569,.T.);
#17573=DIRECTION('',(-0.12076799875566319,-0.9171139555419806,-0.3798908830528766));
#17574=AXIS2_PLACEMENT_3D('',#6122,#17573,#9532);
#17575=PLANE('',#17574);
#17576=EDGE_LOOP('',(#17570,#17571,#17572));
#17577=FACE_BOUND('',#17576,.T.);
#17578=ADVANCED_FACE('',(#17577),#17575,.T.);
#17579=DIRECTION('',(0.6761995236472462,0.390414848770971,-0.6247643156250021));
#17580=VECTOR('',#17579,1000.0);
#17581=LINE('',#6194,#17580);
#17582=EDGE_CURVE('',#6195,#6125,#17581,.T.);
#17583=ORIENTED_EDGE('',*,*,#17569,.F.);
#17584=ORIENTED_EDGE('',*,*,#17582,.T.);
#17585=ORIENTED_EDGE('',*,*,#16275,.F.);
#17586=DIRECTION('',(-0.10390061788754568,-0.7890228175999688,-0.6055143721739333));
#17587=AXIS2_PLACEMENT_3D('',#6122,#17586,#10731);
#17588=PLANE('',#17587);
#17589=EDGE_LOOP('',(#17583,#17584,#17585));
#17590=FACE_BOUND('',#17589,.T.);
#17591=ADVANCED_FACE('',(#17590),#17588,.T.);
#17592=LINE('',#6198,#14938);
#17593=EDGE_CURVE('',#6199,#6125,#17592,.T.);
#17594=ORIENTED_EDGE('',*,*,#17582,.F.);
#17595=ORIENTED_EDGE('',*,*,#17308,.F.);
#17596=ORIENTED_EDGE('',*,*,#17593,.T.);
#17597=DIRECTION('',(-0.10383395136355096,-0.7890661729571921,-0.605469309906722));
#17598=AXIS2_PLACEMENT_3D('',#6124,#17597,#9297);
#17599=PLANE('',#17598);
#17600=EDGE_LOOP('',(#17594,#17595,#17596));
#17601=FACE_BOUND('',#17600,.T.);
#17602=ADVANCED_FACE('',(#17601),#17599,.T.);
#17603=LINE('',#6198,#10229);
#17604=EDGE_CURVE('',#6199,#6127,#17603,.T.);
#17605=ORIENTED_EDGE('',*,*,#17593,.F.);
#17606=ORIENTED_EDGE('',*,*,#17604,.T.);
#17607=ORIENTED_EDGE('',*,*,#16299,.F.);
#17608=DIRECTION('',(-0.07985793736420317,-0.6068650589593823,-0.7907828463327721));
#17609=AXIS2_PLACEMENT_3D('',#6124,#17608,#9991);
#17610=PLANE('',#17609);
#17611=EDGE_LOOP('',(#17605,#17606,#17607));
#17612=FACE_BOUND('',#17611,.T.);
#17613=ADVANCED_FACE('',(#17612),#17610,.T.);
#17614=LINE('',#6202,#14938);
#17615=EDGE_CURVE('',#6203,#6127,#17614,.T.);
#17616=ORIENTED_EDGE('',*,*,#17604,.F.);
#17617=ORIENTED_EDGE('',*,*,#17334,.F.);
#17618=ORIENTED_EDGE('',*,*,#17615,.T.);
#17619=DIRECTION('',(-0.07987207464595304,-0.606855831336445,-0.7907884999572918));
#17620=AXIS2_PLACEMENT_3D('',#6126,#17619,#10249);
#17621=PLANE('',#17620);
#17622=EDGE_LOOP('',(#17616,#17617,#17618));
#17623=FACE_BOUND('',#17622,.T.);
#17624=ADVANCED_FACE('',(#17623),#17621,.T.);
#17625=DIRECTION('',(0.46647039814398805,0.8079279310545393,-0.3600803047617587));
#17626=VECTOR('',#17625,1000.0);
#17627=LINE('',#6202,#17626);
#17628=EDGE_CURVE('',#6203,#6129,#17627,.T.);
#17629=ORIENTED_EDGE('',*,*,#17615,.F.);
#17630=ORIENTED_EDGE('',*,*,#17628,.T.);
#17631=ORIENTED_EDGE('',*,*,#16323,.F.);
#17632=DIRECTION('',(-0.05030297948404213,-0.38219435977847427,-0.922711808534252));
#17633=AXIS2_PLACEMENT_3D('',#6126,#17632,#9991);
#17634=PLANE('',#17633);
#17635=EDGE_LOOP('',(#17629,#17630,#17631));
#17636=FACE_BOUND('',#17635,.T.);
#17637=ADVANCED_FACE('',(#17636),#17634,.T.);
#17638=LINE('',#6206,#14938);
#17639=EDGE_CURVE('',#6207,#6129,#17638,.T.);
#17640=ORIENTED_EDGE('',*,*,#17628,.F.);
#17641=ORIENTED_EDGE('',*,*,#17360,.F.);
#17642=ORIENTED_EDGE('',*,*,#17639,.T.);
#17643=DIRECTION('',(-0.050306044492353576,-0.38219280305249076,-0.9227122862422573));
#17644=AXIS2_PLACEMENT_3D('',#6128,#17643,#10005);
#17645=PLANE('',#17644);
#17646=EDGE_LOOP('',(#17640,#17641,#17642));
#17647=FACE_BOUND('',#17646,.T.);
#17648=ADVANCED_FACE('',(#17647),#17645,.T.);
#17649=ORIENTED_EDGE('',*,*,#17639,.F.);
#17650=ORIENTED_EDGE('',*,*,#17390,.F.);
#17651=ORIENTED_EDGE('',*,*,#16347,.F.);
#17652=DIRECTION('',(-0.01717438271249415,-0.13047985656240768,-0.9913021979244767));
#17653=AXIS2_PLACEMENT_3D('',#6128,#17652,#9991);
#17654=PLANE('',#17653);
#17655=EDGE_LOOP('',(#17649,#17650,#17651));
#17656=FACE_BOUND('',#17655,.T.);
#17657=ADVANCED_FACE('',(#17656),#17654,.T.);
#17658=DIRECTION('',(0.35356846604262526,-0.612381493857987,-0.7070913984772585));
#17659=VECTOR('',#17658,1000.0);
#17660=LINE('',#6118,#17659);
#17661=EDGE_CURVE('',#6119,#6221,#17660,.T.);
#17662=VECTOR('',#10657,1000.0);
#17663=LINE('',#6220,#17662);
#17664=EDGE_CURVE('',#6221,#6117,#17663,.T.);
#17665=ORIENTED_EDGE('',*,*,#16191,.F.);
#17666=ORIENTED_EDGE('',*,*,#17661,.T.);
#17667=ORIENTED_EDGE('',*,*,#17664,.T.);
#17668=DIRECTION('',(-0.9161078166804534,-0.37945893533153774,-0.1294503171646514));
#17669=AXIS2_PLACEMENT_3D('',#6116,#17668,#10048);
#17670=PLANE('',#17669);
#17671=EDGE_LOOP('',(#17665,#17666,#17667));
#17672=FACE_BOUND('',#17671,.T.);
#17673=ADVANCED_FACE('',(#17672),#17670,.T.);
#17674=LINE('',#6118,#10664);
#17675=EDGE_CURVE('',#6119,#6223,#17674,.T.);
#17676=LINE('',#6222,#10027);
#17677=EDGE_CURVE('',#6223,#6221,#17676,.T.);
#17678=ORIENTED_EDGE('',*,*,#17661,.F.);
#17679=ORIENTED_EDGE('',*,*,#17675,.T.);
#17680=ORIENTED_EDGE('',*,*,#17677,.T.);
#17681=DIRECTION('',(-0.9161045354198403,-0.37947097296328686,-0.12943825115279922));
#17682=DIRECTION('',(-0.35356846604262526,0.612381493857987,0.7070913984772585));
#17683=AXIS2_PLACEMENT_3D('',#6220,#17681,#17682);
#17684=PLANE('',#17683);
#17685=EDGE_LOOP('',(#17678,#17679,#17680));
#17686=FACE_BOUND('',#17685,.T.);
#17687=ADVANCED_FACE('',(#17686),#17684,.T.);
#17688=DIRECTION('',(0.5173191513617461,-0.5173191513617513,-0.6817343993585185));
#17689=VECTOR('',#17688,1000.0);
#17690=LINE('',#6222,#17689);
#17691=EDGE_CURVE('',#6223,#6225,#17690,.T.);
#17692=VECTOR('',#10501,1000.0);
#17693=LINE('',#6224,#17692);
#17694=EDGE_CURVE('',#6225,#6221,#17693,.T.);
#17695=ORIENTED_EDGE('',*,*,#17677,.F.);
#17696=ORIENTED_EDGE('',*,*,#17691,.T.);
#17697=ORIENTED_EDGE('',*,*,#17694,.T.);
#17698=DIRECTION('',(-0.8546183277939126,-0.35400201158439726,-0.3798816784117616));
#17699=AXIS2_PLACEMENT_3D('',#6220,#17698,#10048);
#17700=PLANE('',#17699);
#17701=EDGE_LOOP('',(#17695,#17696,#17697));
#17702=FACE_BOUND('',#17701,.T.);
#17703=ADVANCED_FACE('',(#17702),#17700,.T.);
#17704=LINE('',#6222,#10508);
#17705=EDGE_CURVE('',#6223,#6227,#17704,.T.);
#17706=LINE('',#6226,#10027);
#17707=EDGE_CURVE('',#6227,#6225,#17706,.T.);
#17708=ORIENTED_EDGE('',*,*,#17691,.F.);
#17709=ORIENTED_EDGE('',*,*,#17705,.T.);
#17710=ORIENTED_EDGE('',*,*,#17707,.T.);
#17711=DIRECTION('',(-0.8546184599005986,-0.35399971475773745,-0.37988352155439653));
#17712=DIRECTION('',(-0.5173191513617461,0.5173191513617513,0.6817343993585185));
#17713=AXIS2_PLACEMENT_3D('',#6224,#17711,#17712);
#17714=PLANE('',#17713);
#17715=EDGE_LOOP('',(#17708,#17709,#17710));
#17716=FACE_BOUND('',#17715,.T.);
#17717=ADVANCED_FACE('',(#17716),#17714,.T.);
#17718=LINE('',#6226,#9407);
#17719=EDGE_CURVE('',#6227,#6229,#17718,.T.);
#17720=VECTOR('',#10342,1000.0);
#17721=LINE('',#6228,#17720);
#17722=EDGE_CURVE('',#6229,#6225,#17721,.T.);
#17723=ORIENTED_EDGE('',*,*,#17707,.F.);
#17724=ORIENTED_EDGE('',*,*,#17719,.T.);
#17725=ORIENTED_EDGE('',*,*,#17722,.T.);
#17726=DIRECTION('',(-0.7352633002264423,-0.30456046851862634,-0.6055004544637729));
#17727=AXIS2_PLACEMENT_3D('',#6224,#17726,#10048);
#17728=PLANE('',#17727);
#17729=EDGE_LOOP('',(#17723,#17724,#17725));
#17730=FACE_BOUND('',#17729,.T.);
#17731=ADVANCED_FACE('',(#17730),#17728,.T.);
#17732=LINE('',#6226,#10349);
#17733=EDGE_CURVE('',#6227,#6231,#17732,.T.);
#17734=LINE('',#6230,#10027);
#17735=EDGE_CURVE('',#6231,#6229,#17734,.T.);
#17736=ORIENTED_EDGE('',*,*,#17719,.F.);
#17737=ORIENTED_EDGE('',*,*,#17733,.T.);
#17738=ORIENTED_EDGE('',*,*,#17735,.T.);
#17739=DIRECTION('',(-0.7352660469925885,-0.3046122725959236,-0.6054710591959285));
#17740=AXIS2_PLACEMENT_3D('',#6228,#17739,#9428);
#17741=PLANE('',#17740);
#17742=EDGE_LOOP('',(#17736,#17737,#17738));
#17743=FACE_BOUND('',#17742,.T.);
#17744=ADVANCED_FACE('',(#17743),#17741,.T.);
#17745=LINE('',#6230,#9214);
#17746=EDGE_CURVE('',#6231,#6233,#17745,.T.);
#17747=VECTOR('',#10206,1000.0);
#17748=LINE('',#6232,#17747);
#17749=EDGE_CURVE('',#6233,#6229,#17748,.T.);
#17750=ORIENTED_EDGE('',*,*,#17735,.F.);
#17751=ORIENTED_EDGE('',*,*,#17746,.T.);
#17752=ORIENTED_EDGE('',*,*,#17749,.T.);
#17753=DIRECTION('',(-0.5654947015900655,-0.23427795543786326,-0.7907778335723741));
#17754=AXIS2_PLACEMENT_3D('',#6228,#17753,#10048);
#17755=PLANE('',#17754);
#17756=EDGE_LOOP('',(#17750,#17751,#17752));
#17757=FACE_BOUND('',#17756,.T.);
#17758=ADVANCED_FACE('',(#17757),#17755,.T.);
#17759=LINE('',#6230,#10213);
#17760=EDGE_CURVE('',#6231,#6235,#17759,.T.);
#17761=LINE('',#6234,#10027);
#17762=EDGE_CURVE('',#6235,#6233,#17761,.T.);
#17763=ORIENTED_EDGE('',*,*,#17746,.F.);
#17764=ORIENTED_EDGE('',*,*,#17760,.T.);
#17765=ORIENTED_EDGE('',*,*,#17762,.T.);
#17766=DIRECTION('',(-0.5654930501373369,-0.23424777764499705,-0.7907879544572941));
#17767=AXIS2_PLACEMENT_3D('',#6232,#17766,#9236);
#17768=PLANE('',#17767);
#17769=EDGE_LOOP('',(#17763,#17764,#17765));
#17770=FACE_BOUND('',#17769,.T.);
#17771=ADVANCED_FACE('',(#17770),#17768,.T.);
#17772=LINE('',#6234,#8988);
#17773=EDGE_CURVE('',#6235,#6237,#17772,.T.);
#17774=VECTOR('',#10038,1000.0);
#17775=LINE('',#6236,#17774);
#17776=EDGE_CURVE('',#6237,#6233,#17775,.T.);
#17777=ORIENTED_EDGE('',*,*,#17762,.F.);
#17778=ORIENTED_EDGE('',*,*,#17773,.T.);
#17779=ORIENTED_EDGE('',*,*,#17776,.T.);
#17780=DIRECTION('',(-0.3561535477203631,-0.14753174602873528,-0.9227074478727869));
#17781=AXIS2_PLACEMENT_3D('',#6232,#17780,#10048);
#17782=PLANE('',#17781);
#17783=EDGE_LOOP('',(#17777,#17778,#17779));
#17784=FACE_BOUND('',#17783,.T.);
#17785=ADVANCED_FACE('',(#17784),#17782,.T.);
#17786=LINE('',#6234,#10045);
#17787=EDGE_CURVE('',#6235,#6239,#17786,.T.);
#17788=LINE('',#6238,#10027);
#17789=EDGE_CURVE('',#6239,#6237,#17788,.T.);
#17790=ORIENTED_EDGE('',*,*,#17773,.F.);
#17791=ORIENTED_EDGE('',*,*,#17787,.T.);
#17792=ORIENTED_EDGE('',*,*,#17789,.T.);
#17793=DIRECTION('',(-0.3561571906048585,-0.14746390887030436,-0.9227168857028385));
#17794=AXIS2_PLACEMENT_3D('',#6236,#17793,#9011);
#17795=PLANE('',#17794);
#17796=EDGE_LOOP('',(#17790,#17791,#17792));
#17797=FACE_BOUND('',#17796,.T.);
#17798=ADVANCED_FACE('',(#17797),#17795,.T.);
#17799=DIRECTION('',(0.9576695233526958,0.2565915876236298,-0.1304984337155263));
#17800=VECTOR('',#17799,1000.0);
#17801=LINE('',#6238,#17800);
#17802=EDGE_CURVE('',#6239,#5473,#17801,.T.);
#17803=LINE('',#5472,#10701);
#17804=EDGE_CURVE('',#5473,#6237,#17803,.T.);
#17805=ORIENTED_EDGE('',*,*,#17789,.F.);
#17806=ORIENTED_EDGE('',*,*,#17802,.T.);
#17807=ORIENTED_EDGE('',*,*,#17804,.T.);
#17808=DIRECTION('',(-0.12159255292742946,-0.05034438056338801,-0.9913025241661998));
#17809=AXIS2_PLACEMENT_3D('',#6236,#17808,#10048);
#17810=PLANE('',#17809);
#17811=EDGE_LOOP('',(#17805,#17806,#17807));
#17812=FACE_BOUND('',#17811,.T.);
#17813=ADVANCED_FACE('',(#17812),#17810,.T.);
#17814=DIRECTION('',(0.1830030735591223,-0.6830171941743818,-0.707104933888931));
#17815=VECTOR('',#17814,1000.0);
#17816=LINE('',#5346,#17815);
#17817=EDGE_CURVE('',#5347,#6223,#17816,.T.);
#17818=ORIENTED_EDGE('',*,*,#16215,.F.);
#17819=ORIENTED_EDGE('',*,*,#17817,.T.);
#17820=ORIENTED_EDGE('',*,*,#17675,.F.);
#17821=DIRECTION('',(-0.9831074856909887,-0.12940123000530074,-0.12944108023134562));
#17822=AXIS2_PLACEMENT_3D('',#6118,#17821,#9892);
#17823=PLANE('',#17822);
#17824=EDGE_LOOP('',(#17818,#17819,#17820));
#17825=FACE_BOUND('',#17824,.T.);
#17826=ADVANCED_FACE('',(#17825),#17823,.T.);
#17827=DIRECTION('',(0.13049910395191563,0.0,-0.9914484272355004));
#17828=VECTOR('',#17827,1000.0);
#17829=LINE('',#5346,#17828);
#17830=EDGE_CURVE('',#5347,#6241,#17829,.T.);
#17831=LINE('',#6240,#15180);
#17832=EDGE_CURVE('',#6241,#6223,#17831,.T.);
#17833=ORIENTED_EDGE('',*,*,#17817,.F.);
#17834=ORIENTED_EDGE('',*,*,#17830,.T.);
#17835=ORIENTED_EDGE('',*,*,#17832,.T.);
#17836=DIRECTION('',(-0.9831073068485544,-0.12944246206839685,-0.1294012064652187));
#17837=DIRECTION('',(-0.1830030735591223,0.6830171941743818,0.707104933888931));
#17838=AXIS2_PLACEMENT_3D('',#6222,#17836,#17837);
#17839=PLANE('',#17838);
#17840=EDGE_LOOP('',(#17833,#17834,#17835));
#17841=FACE_BOUND('',#17840,.T.);
#17842=ADVANCED_FACE('',(#17841),#17839,.T.);
#17843=DIRECTION('',(0.3658096713658778,-0.6335832930070435,-0.6817297816272508));
#17844=VECTOR('',#17843,1000.0);
#17845=LINE('',#6240,#17844);
#17846=EDGE_CURVE('',#6241,#6227,#17845,.T.);
#17847=ORIENTED_EDGE('',*,*,#17832,.F.);
#17848=ORIENTED_EDGE('',*,*,#17846,.T.);
#17849=ORIENTED_EDGE('',*,*,#17705,.F.);
#17850=DIRECTION('',(-0.9171161267825069,-0.12075362335970032,-0.3798902110359734));
#17851=AXIS2_PLACEMENT_3D('',#6222,#17850,#10242);
#17852=PLANE('',#17851);
#17853=EDGE_LOOP('',(#17847,#17848,#17849));
#17854=FACE_BOUND('',#17853,.T.);
#17855=ADVANCED_FACE('',(#17854),#17852,.T.);
#17856=DIRECTION('',(0.3826788297402502,0.0,-0.923881438967486));
#17857=VECTOR('',#17856,1000.0);
#17858=LINE('',#6240,#17857);
#17859=EDGE_CURVE('',#6241,#6243,#17858,.T.);
#17860=LINE('',#6242,#15180);
#17861=EDGE_CURVE('',#6243,#6227,#17860,.T.);
#17862=ORIENTED_EDGE('',*,*,#17846,.F.);
#17863=ORIENTED_EDGE('',*,*,#17859,.T.);
#17864=ORIENTED_EDGE('',*,*,#17861,.T.);
#17865=DIRECTION('',(-0.9171192502465333,-0.12076869597639786,-0.37987787892873826));
#17866=DIRECTION('',(-0.3658096713658778,0.6335832930070435,0.6817297816272508));
#17867=AXIS2_PLACEMENT_3D('',#6226,#17865,#17866);
#17868=PLANE('',#17867);
#17869=EDGE_LOOP('',(#17862,#17863,#17864));
#17870=FACE_BOUND('',#17869,.T.);
#17871=ADVANCED_FACE('',(#17870),#17868,.T.);
#17872=DIRECTION('',(0.552115715577633,-0.5521157155776273,-0.6247691359409512));
#17873=VECTOR('',#17872,1000.0);
#17874=LINE('',#6242,#17873);
#17875=EDGE_CURVE('',#6243,#6231,#17874,.T.);
#17876=ORIENTED_EDGE('',*,*,#17861,.F.);
#17877=ORIENTED_EDGE('',*,*,#17875,.T.);
#17878=ORIENTED_EDGE('',*,*,#17733,.F.);
#17879=DIRECTION('',(-0.7890533735365991,-0.10390464157433907,-0.6054738633250988));
#17880=AXIS2_PLACEMENT_3D('',#6226,#17879,#10242);
#17881=PLANE('',#17880);
#17882=EDGE_LOOP('',(#17876,#17877,#17878));
#17883=FACE_BOUND('',#17882,.T.);
#17884=ADVANCED_FACE('',(#17883),#17881,.T.);
#17885=DIRECTION('',(0.6087692589451681,0.0,-0.7933473321082959));
#17886=VECTOR('',#17885,1000.0);
#17887=LINE('',#6242,#17886);
#17888=EDGE_CURVE('',#6243,#6245,#17887,.T.);
#17889=LINE('',#6244,#15180);
#17890=EDGE_CURVE('',#6245,#6231,#17889,.T.);
#17891=ORIENTED_EDGE('',*,*,#17875,.F.);
#17892=ORIENTED_EDGE('',*,*,#17888,.T.);
#17893=ORIENTED_EDGE('',*,*,#17890,.T.);
#17894=DIRECTION('',(-0.7890531972208917,-0.10390410009848405,-0.6054741860213471));
#17895=DIRECTION('',(-0.552115715577633,0.5521157155776273,0.6247691359409512));
#17896=AXIS2_PLACEMENT_3D('',#6230,#17894,#17895);
#17897=PLANE('',#17896);
#17898=EDGE_LOOP('',(#17891,#17892,#17893));
#17899=FACE_BOUND('',#17898,.T.);
#17900=ADVANCED_FACE('',(#17899),#17897,.T.);
#17901=LINE('',#6244,#9243);
#17902=EDGE_CURVE('',#6245,#6235,#17901,.T.);
#17903=ORIENTED_EDGE('',*,*,#17890,.F.);
#17904=ORIENTED_EDGE('',*,*,#17902,.T.);
#17905=ORIENTED_EDGE('',*,*,#17760,.F.);
#17906=DIRECTION('',(-0.6068474367711334,-0.07991088184783651,-0.7907910213492605));
#17907=AXIS2_PLACEMENT_3D('',#6230,#17906,#10242);
#17908=PLANE('',#17907);
#17909=EDGE_LOOP('',(#17903,#17904,#17905));
#17910=FACE_BOUND('',#17909,.T.);
#17911=ADVANCED_FACE('',(#17910),#17908,.T.);
#17912=LINE('',#6244,#8603);
#17913=EDGE_CURVE('',#6245,#6247,#17912,.T.);
#17914=LINE('',#6246,#14851);
#17915=EDGE_CURVE('',#6247,#6235,#17914,.T.);
#17916=ORIENTED_EDGE('',*,*,#17902,.F.);
#17917=ORIENTED_EDGE('',*,*,#17913,.T.);
#17918=ORIENTED_EDGE('',*,*,#17915,.T.);
#17919=DIRECTION('',(-0.6068337756463843,-0.0798691717592597,-0.7908057183260904));
#17920=AXIS2_PLACEMENT_3D('',#6234,#17919,#9266);
#17921=PLANE('',#17920);
#17922=EDGE_LOOP('',(#17916,#17917,#17918));
#17923=FACE_BOUND('',#17922,.T.);
#17924=ADVANCED_FACE('',(#17923),#17921,.T.);
#17925=LINE('',#6246,#8922);
#17926=EDGE_CURVE('',#6247,#6239,#17925,.T.);
#17927=ORIENTED_EDGE('',*,*,#17915,.F.);
#17928=ORIENTED_EDGE('',*,*,#17926,.T.);
#17929=ORIENTED_EDGE('',*,*,#17787,.F.);
#17930=DIRECTION('',(-0.3821935865873057,-0.0503028777195435,-0.9227121343434606));
#17931=AXIS2_PLACEMENT_3D('',#6234,#17930,#9892);
#17932=PLANE('',#17931);
#17933=EDGE_LOOP('',(#17927,#17928,#17929));
#17934=FACE_BOUND('',#17933,.T.);
#17935=ADVANCED_FACE('',(#17934),#17932,.T.);
#17936=LINE('',#6246,#8569);
#17937=EDGE_CURVE('',#6247,#6249,#17936,.T.);
#17938=LINE('',#6248,#14851);
#17939=EDGE_CURVE('',#6249,#6239,#17938,.T.);
#17940=ORIENTED_EDGE('',*,*,#17926,.F.);
#17941=ORIENTED_EDGE('',*,*,#17937,.T.);
#17942=ORIENTED_EDGE('',*,*,#17939,.T.);
#17943=DIRECTION('',(-0.3821942969107061,-0.05030624112111574,-0.9227116567558877));
#17944=DIRECTION('',(-0.9011318885712474,0.24144327067785748,0.36009230267307274));
#17945=AXIS2_PLACEMENT_3D('',#6238,#17943,#17944);
#17946=PLANE('',#17945);
#17947=EDGE_LOOP('',(#17940,#17941,#17942));
#17948=FACE_BOUND('',#17947,.T.);
#17949=ADVANCED_FACE('',(#17948),#17946,.T.);
#17950=LINE('',#6248,#8535);
#17951=EDGE_CURVE('',#6249,#5473,#17950,.T.);
#17952=ORIENTED_EDGE('',*,*,#17939,.F.);
#17953=ORIENTED_EDGE('',*,*,#17951,.T.);
#17954=ORIENTED_EDGE('',*,*,#17802,.F.);
#17955=DIRECTION('',(-0.13047985656240677,-0.01717438271249403,-0.9913021979244769));
#17956=AXIS2_PLACEMENT_3D('',#6238,#17955,#9892);
#17957=PLANE('',#17956);
#17958=EDGE_LOOP('',(#17952,#17953,#17954));
#17959=FACE_BOUND('',#17958,.T.);
#17960=ADVANCED_FACE('',(#17959),#17957,.T.);
#17961=DIRECTION('',(0.5000077132676315,-0.5000077132676264,-0.7070958728105781));
#17962=VECTOR('',#17961,1000.0);
#17963=LINE('',#6116,#17962);
#17964=EDGE_CURVE('',#6117,#6211,#17963,.T.);
#17965=ORIENTED_EDGE('',*,*,#16163,.F.);
#17966=ORIENTED_EDGE('',*,*,#17964,.T.);
#17967=ORIENTED_EDGE('',*,*,#17414,.F.);
#17968=DIRECTION('',(-0.7866748962833063,-0.6036492142331686,-0.1294226939656548));
#17969=AXIS2_PLACEMENT_3D('',#6114,#17968,#10013);
#17970=PLANE('',#17969);
#17971=EDGE_LOOP('',(#17965,#17966,#17967));
#17972=FACE_BOUND('',#17971,.T.);
#17973=ADVANCED_FACE('',(#17972),#17970,.T.);
#17974=LINE('',#6220,#10786);
#17975=EDGE_CURVE('',#6221,#6211,#17974,.T.);
#17976=ORIENTED_EDGE('',*,*,#17964,.F.);
#17977=ORIENTED_EDGE('',*,*,#17664,.F.);
#17978=ORIENTED_EDGE('',*,*,#17975,.T.);
#17979=DIRECTION('',(-0.7866858289833492,-0.6036304661281997,-0.12944368211169333));
#17980=DIRECTION('',(-0.5000077132676315,0.5000077132676264,0.7070958728105781));
#17981=AXIS2_PLACEMENT_3D('',#6210,#17979,#17980);
#17982=PLANE('',#17981);
#17983=EDGE_LOOP('',(#17976,#17977,#17978));
#17984=FACE_BOUND('',#17983,.T.);
#17985=ADVANCED_FACE('',(#17984),#17982,.T.);
#17986=DIRECTION('',(0.6335942113286723,-0.3657688643583754,-0.6817415296406564));
#17987=VECTOR('',#17986,1000.0);
#17988=LINE('',#6220,#17987);
#17989=EDGE_CURVE('',#6221,#6213,#17988,.T.);
#17990=ORIENTED_EDGE('',*,*,#17975,.F.);
#17991=ORIENTED_EDGE('',*,*,#17989,.T.);
#17992=ORIENTED_EDGE('',*,*,#17439,.F.);
#17993=DIRECTION('',(-0.7338722920917582,-0.5631062076285278,-0.37992480549472746));
#17994=AXIS2_PLACEMENT_3D('',#6210,#17993,#10013);
#17995=PLANE('',#17994);
#17996=EDGE_LOOP('',(#17990,#17991,#17992));
#17997=FACE_BOUND('',#17996,.T.);
#17998=ADVANCED_FACE('',(#17997),#17995,.T.);
#17999=LINE('',#6224,#10786);
#18000=EDGE_CURVE('',#6225,#6213,#17999,.T.);
#18001=ORIENTED_EDGE('',*,*,#17989,.F.);
#18002=ORIENTED_EDGE('',*,*,#17694,.F.);
#18003=ORIENTED_EDGE('',*,*,#18000,.T.);
#18004=DIRECTION('',(-0.7338543682530464,-0.5631604286807657,-0.37987905675888284));
#18005=DIRECTION('',(-0.6335942113286723,0.3657688643583754,0.6817415296406564));
#18006=AXIS2_PLACEMENT_3D('',#6212,#18004,#18005);
#18007=PLANE('',#18006);
#18008=EDGE_LOOP('',(#18001,#18002,#18003));
#18009=FACE_BOUND('',#18008,.T.);
#18010=ADVANCED_FACE('',(#18009),#18007,.T.);
#18011=LINE('',#6224,#9377);
#18012=EDGE_CURVE('',#6225,#6215,#18011,.T.);
#18013=ORIENTED_EDGE('',*,*,#18000,.F.);
#18014=ORIENTED_EDGE('',*,*,#18012,.T.);
#18015=ORIENTED_EDGE('',*,*,#17463,.F.);
#18016=DIRECTION('',(-0.6313863393891452,-0.484526381439979,-0.6054630262216308));
#18017=AXIS2_PLACEMENT_3D('',#6212,#18016,#10013);
#18018=PLANE('',#18017);
#18019=EDGE_LOOP('',(#18013,#18014,#18015));
#18020=FACE_BOUND('',#18019,.T.);
#18021=ADVANCED_FACE('',(#18020),#18018,.T.);
#18022=LINE('',#6228,#10786);
#18023=EDGE_CURVE('',#6229,#6215,#18022,.T.);
#18024=ORIENTED_EDGE('',*,*,#18012,.F.);
#18025=ORIENTED_EDGE('',*,*,#17722,.F.);
#18026=ORIENTED_EDGE('',*,*,#18023,.T.);
#18027=DIRECTION('',(-0.6314014106497574,-0.48445525328333733,-0.605504224754604));
#18028=AXIS2_PLACEMENT_3D('',#6214,#18027,#9400);
#18029=PLANE('',#18028);
#18030=EDGE_LOOP('',(#18024,#18025,#18026));
#18031=FACE_BOUND('',#18030,.T.);
#18032=ADVANCED_FACE('',(#18031),#18029,.T.);
#18033=DIRECTION('',(0.8521553417218677,0.0,-0.5232889006800038));
#18034=VECTOR('',#18033,1000.0);
#18035=LINE('',#6228,#18034);
#18036=EDGE_CURVE('',#6229,#6217,#18035,.T.);
#18037=ORIENTED_EDGE('',*,*,#18023,.F.);
#18038=ORIENTED_EDGE('',*,*,#18036,.T.);
#18039=ORIENTED_EDGE('',*,*,#17487,.F.);
#18040=DIRECTION('',(-0.48560932781703453,-0.3725933866100448,-0.7907956430023787));
#18041=AXIS2_PLACEMENT_3D('',#6214,#18040,#10013);
#18042=PLANE('',#18041);
#18043=EDGE_LOOP('',(#18037,#18038,#18039));
#18044=FACE_BOUND('',#18043,.T.);
#18045=ADVANCED_FACE('',(#18044),#18042,.T.);
#18046=LINE('',#6232,#10786);
#18047=EDGE_CURVE('',#6233,#6217,#18046,.T.);
#18048=ORIENTED_EDGE('',*,*,#18036,.F.);
#18049=ORIENTED_EDGE('',*,*,#17749,.F.);
#18050=ORIENTED_EDGE('',*,*,#18047,.T.);
#18051=DIRECTION('',(-0.48559585625435603,-0.37265749921466346,-0.790773705093734));
#18052=AXIS2_PLACEMENT_3D('',#6216,#18051,#9193);
#18053=PLANE('',#18052);
#18054=EDGE_LOOP('',(#18048,#18049,#18050));
#18055=FACE_BOUND('',#18054,.T.);
#18056=ADVANCED_FACE('',(#18055),#18053,.T.);
#18057=LINE('',#6232,#9130);
#18058=EDGE_CURVE('',#6233,#6219,#18057,.T.);
#18059=ORIENTED_EDGE('',*,*,#18047,.F.);
#18060=ORIENTED_EDGE('',*,*,#18058,.T.);
#18061=ORIENTED_EDGE('',*,*,#17512,.F.);
#18062=DIRECTION('',(-0.30582891141974555,-0.23470018503932166,-0.9227049908190167));
#18063=AXIS2_PLACEMENT_3D('',#6216,#18062,#10013);
#18064=PLANE('',#18063);
#18065=EDGE_LOOP('',(#18059,#18060,#18061));
#18066=FACE_BOUND('',#18065,.T.);
#18067=ADVANCED_FACE('',(#18066),#18064,.T.);
#18068=LINE('',#6236,#10786);
#18069=EDGE_CURVE('',#6237,#6219,#18068,.T.);
#18070=ORIENTED_EDGE('',*,*,#18058,.F.);
#18071=ORIENTED_EDGE('',*,*,#17776,.F.);
#18072=ORIENTED_EDGE('',*,*,#18069,.T.);
#18073=DIRECTION('',(-0.3058297263333802,-0.23469768799463828,-0.922705355864385));
#18074=AXIS2_PLACEMENT_3D('',#6218,#18073,#9148);
#18075=PLANE('',#18074);
#18076=EDGE_LOOP('',(#18070,#18071,#18072));
#18077=FACE_BOUND('',#18076,.T.);
#18078=ADVANCED_FACE('',(#18077),#18075,.T.);
#18079=ORIENTED_EDGE('',*,*,#18069,.F.);
#18080=ORIENTED_EDGE('',*,*,#17804,.F.);
#18081=ORIENTED_EDGE('',*,*,#17525,.F.);
#18082=DIRECTION('',(-0.10440163462171043,-0.08011916487760344,-0.9913027883082093));
#18083=AXIS2_PLACEMENT_3D('',#6218,#18082,#10013);
#18084=PLANE('',#18083);
#18085=EDGE_LOOP('',(#18079,#18080,#18081));
#18086=FACE_BOUND('',#18085,.T.);
#18087=ADVANCED_FACE('',(#18086),#18084,.T.);
#18088=DIRECTION('',(-0.0012023019114539672,-0.9999575584500046,0.009134318191276542));
#18089=VECTOR('',#18088,1000.0);
#18090=LINE('',#6160,#18089);
#18091=EDGE_CURVE('',#6161,#5347,#18090,.T.);
#18092=ORIENTED_EDGE('',*,*,#6259,.F.);
#18093=ORIENTED_EDGE('',*,*,#16677,.F.);
#18094=ORIENTED_EDGE('',*,*,#18091,.T.);
#18095=DIRECTION('',(-0.9914484272355004,0.0,-0.13049910395191563));
#18096=AXIS2_PLACEMENT_3D('',#5346,#18095,#1192);
#18097=PLANE('',#18096);
#18098=EDGE_LOOP('',(#18092,#18093,#18094));
#18099=FACE_BOUND('',#18098,.T.);
#18100=ADVANCED_FACE('',(#18099),#18097,.T.);
#18101=DIRECTION('',(0.0,-1.0,0.0));
#18102=VECTOR('',#18101,1000.0);
#18103=LINE('',#6160,#18102);
#18104=EDGE_CURVE('',#6161,#6241,#18103,.T.);
#18105=ORIENTED_EDGE('',*,*,#18091,.F.);
#18106=ORIENTED_EDGE('',*,*,#18104,.T.);
#18107=ORIENTED_EDGE('',*,*,#17830,.F.);
#18108=DIRECTION('',(-0.9914484272355004,-0.0,-0.13049910395191563));
#18109=DIRECTION('',(0.0012023019114539672,0.9999575584500046,-0.009134318191276542));
#18110=AXIS2_PLACEMENT_3D('',#5346,#18108,#18109);
#18111=PLANE('',#18110);
#18112=EDGE_LOOP('',(#18105,#18106,#18107));
#18113=FACE_BOUND('',#18112,.T.);
#18114=ADVANCED_FACE('',(#18113),#18111,.T.);
#18115=DIRECTION('',(-0.0035257327028686888,-0.9999575567028222,0.008511991648850907));
#18116=VECTOR('',#18115,1000.0);
#18117=LINE('',#6162,#18116);
#18118=EDGE_CURVE('',#6163,#6241,#18117,.T.);
#18119=ORIENTED_EDGE('',*,*,#18104,.F.);
#18120=ORIENTED_EDGE('',*,*,#16704,.F.);
#18121=ORIENTED_EDGE('',*,*,#18118,.T.);
#18122=DIRECTION('',(-0.9238814389674861,0.0,-0.38267882974025025));
#18123=AXIS2_PLACEMENT_3D('',#6240,#18122,#1192);
#18124=PLANE('',#18123);
#18125=EDGE_LOOP('',(#18119,#18120,#18121));
#18126=FACE_BOUND('',#18125,.T.);
#18127=ADVANCED_FACE('',(#18126),#18124,.T.);
#18128=DIRECTION('',(0.0,-1.0,0.0));
#18129=VECTOR('',#18128,1000.0);
#18130=LINE('',#6162,#18129);
#18131=EDGE_CURVE('',#6163,#6243,#18130,.T.);
#18132=ORIENTED_EDGE('',*,*,#18118,.F.);
#18133=ORIENTED_EDGE('',*,*,#18131,.T.);
#18134=ORIENTED_EDGE('',*,*,#17859,.F.);
#18135=DIRECTION('',(-0.9238814389674861,-0.0,-0.38267882974025025));
#18136=DIRECTION('',(0.0035257327028686888,0.9999575567028222,-0.008511991648850907));
#18137=AXIS2_PLACEMENT_3D('',#6240,#18135,#18136);
#18138=PLANE('',#18137);
#18139=EDGE_LOOP('',(#18132,#18133,#18134));
#18140=FACE_BOUND('',#18139,.T.);
#18141=ADVANCED_FACE('',(#18140),#18138,.T.);
#18142=DIRECTION('',(-0.005608585488142874,-0.9999575595010818,0.00730910154962379));
#18143=VECTOR('',#18142,1000.0);
#18144=LINE('',#6164,#18143);
#18145=EDGE_CURVE('',#6165,#6243,#18144,.T.);
#18146=ORIENTED_EDGE('',*,*,#18131,.F.);
#18147=ORIENTED_EDGE('',*,*,#16731,.F.);
#18148=ORIENTED_EDGE('',*,*,#18145,.T.);
#18149=DIRECTION('',(-0.793347332108296,0.0,-0.6087692589451681));
#18150=AXIS2_PLACEMENT_3D('',#6242,#18149,#1192);
#18151=PLANE('',#18150);
#18152=EDGE_LOOP('',(#18146,#18147,#18148));
#18153=FACE_BOUND('',#18152,.T.);
#18154=ADVANCED_FACE('',(#18153),#18151,.T.);
#18155=DIRECTION('',(0.0,-1.0,0.0));
#18156=VECTOR('',#18155,1000.0);
#18157=LINE('',#6164,#18156);
#18158=EDGE_CURVE('',#6165,#6245,#18157,.T.);
#18159=ORIENTED_EDGE('',*,*,#18145,.F.);
#18160=ORIENTED_EDGE('',*,*,#18158,.T.);
#18161=ORIENTED_EDGE('',*,*,#17888,.F.);
#18162=DIRECTION('',(-0.793347332108296,-0.0,-0.6087692589451681));
#18163=DIRECTION('',(0.005608585488142874,0.9999575595010818,-0.00730910154962379));
#18164=AXIS2_PLACEMENT_3D('',#6242,#18162,#18163);
#18165=PLANE('',#18164);
#18166=EDGE_LOOP('',(#18159,#18160,#18161));
#18167=FACE_BOUND('',#18166,.T.);
#18168=ADVANCED_FACE('',(#18167),#18165,.T.);
#18169=DIRECTION('',(-0.00730968970440902,-0.9999575519027414,0.005609173655849731));
#18170=VECTOR('',#18169,1000.0);
#18171=LINE('',#6166,#18170);
#18172=EDGE_CURVE('',#6167,#6245,#18171,.T.);
#18173=ORIENTED_EDGE('',*,*,#18158,.F.);
#18174=ORIENTED_EDGE('',*,*,#16756,.F.);
#18175=ORIENTED_EDGE('',*,*,#18172,.T.);
#18176=DIRECTION('',(-0.6087786072884213,0.0,-0.7933401586381281));
#18177=AXIS2_PLACEMENT_3D('',#6244,#18176,#1192);
#18178=PLANE('',#18177);
#18179=EDGE_LOOP('',(#18173,#18174,#18175));
#18180=FACE_BOUND('',#18179,.T.);
#18181=ADVANCED_FACE('',(#18180),#18178,.T.);
#18182=DIRECTION('',(0.0,-1.0,0.0));
#18183=VECTOR('',#18182,1000.0);
#18184=LINE('',#6166,#18183);
#18185=EDGE_CURVE('',#6167,#6247,#18184,.T.);
#18186=ORIENTED_EDGE('',*,*,#18172,.F.);
#18187=ORIENTED_EDGE('',*,*,#18185,.T.);
#18188=ORIENTED_EDGE('',*,*,#17913,.F.);
#18189=DIRECTION('',(-0.6087786072884213,-0.0,-0.7933401586381281));
#18190=DIRECTION('',(0.00730968970440902,0.9999575519027414,-0.005609173655849731));
#18191=AXIS2_PLACEMENT_3D('',#6244,#18189,#18190);
#18192=PLANE('',#18191);
#18193=EDGE_LOOP('',(#18186,#18187,#18188));
#18194=FACE_BOUND('',#18193,.T.);
#18195=ADVANCED_FACE('',(#18194),#18192,.T.);
#18196=DIRECTION('',(-0.008511991648850846,-0.9999575567028222,0.0035257327028686562));
#18197=VECTOR('',#18196,1000.0);
#18198=LINE('',#6168,#18197);
#18199=EDGE_CURVE('',#6169,#6247,#18198,.T.);
#18200=ORIENTED_EDGE('',*,*,#18185,.F.);
#18201=ORIENTED_EDGE('',*,*,#16782,.F.);
#18202=ORIENTED_EDGE('',*,*,#18199,.T.);
#18203=DIRECTION('',(-0.3826788297402495,0.0,-0.9238814389674863));
#18204=AXIS2_PLACEMENT_3D('',#6246,#18203,#1192);
#18205=PLANE('',#18204);
#18206=EDGE_LOOP('',(#18200,#18201,#18202));
#18207=FACE_BOUND('',#18206,.T.);
#18208=ADVANCED_FACE('',(#18207),#18205,.T.);
#18209=DIRECTION('',(0.0,-1.0,0.0));
#18210=VECTOR('',#18209,1000.0);
#18211=LINE('',#6168,#18210);
#18212=EDGE_CURVE('',#6169,#6249,#18211,.T.);
#18213=ORIENTED_EDGE('',*,*,#18199,.F.);
#18214=ORIENTED_EDGE('',*,*,#18212,.T.);
#18215=ORIENTED_EDGE('',*,*,#17937,.F.);
#18216=DIRECTION('',(-0.3826788297402495,-0.0,-0.9238814389674863));
#18217=DIRECTION('',(0.008511991648850846,0.9999575567028222,-0.0035257327028686562));
#18218=AXIS2_PLACEMENT_3D('',#6246,#18216,#18217);
#18219=PLANE('',#18218);
#18220=EDGE_LOOP('',(#18213,#18214,#18215));
#18221=FACE_BOUND('',#18220,.T.);
#18222=ADVANCED_FACE('',(#18221),#18219,.T.);
#18223=DIRECTION('',(-0.009134318191276617,-0.9999575584500046,0.001202301911454006));
#18224=VECTOR('',#18223,1000.0);
#18225=LINE('',#5470,#18224);
#18226=EDGE_CURVE('',#5471,#6249,#18225,.T.);
#18227=ORIENTED_EDGE('',*,*,#18212,.F.);
#18228=ORIENTED_EDGE('',*,*,#16804,.F.);
#18229=ORIENTED_EDGE('',*,*,#18226,.T.);
#18230=DIRECTION('',(-0.13049910395191874,0.0,-0.9914484272354999));
#18231=AXIS2_PLACEMENT_3D('',#6248,#18230,#1192);
#18232=PLANE('',#18231);
#18233=EDGE_LOOP('',(#18227,#18228,#18229));
#18234=FACE_BOUND('',#18233,.T.);
#18235=ADVANCED_FACE('',(#18234),#18232,.T.);
#18236=ORIENTED_EDGE('',*,*,#18226,.F.);
#18237=ORIENTED_EDGE('',*,*,#7286,.F.);
#18238=ORIENTED_EDGE('',*,*,#17951,.F.);
#18239=DIRECTION('',(-0.13049910395191874,-0.0,-0.9914484272354999));
#18240=DIRECTION('',(0.009134318191276617,0.9999575584500046,-0.001202301911454006));
#18241=AXIS2_PLACEMENT_3D('',#6248,#18239,#18240);
#18242=PLANE('',#18241);
#18243=EDGE_LOOP('',(#18236,#18237,#18238));
#18244=FACE_BOUND('',#18243,.T.);
#18245=ADVANCED_FACE('',(#18244),#18242,.T.);
#18246=CLOSED_SHELL('',(#6267,#6282,#6298,#6314,#6334,#6351,#6366,#6384,#6401,#6419,#6437,#6455,#6473,#6491,#6509,#6526,#6544,#6561,#6579,#6596,#6613,#6629,#6646,#6664,#6681,#6699,#6717,#6734,#6751,#6769,#6787,#6805,#6821,#6837,#6855,#6869,#6886,#6901,#6915,#6928,#6941,#6955,#6969,#6982,#6995,#7008,#7023,#7037,#7049,#7063,#7079,#7095,#7111,#7127,#7143,#7158,#7173,#7190,#7206,#7223,#7236,#7251,#7267,#7282,#7295,#7315,#7327,#7344,#7362,#7379,#7395,#7416,#7430,#7447,#7462,#7478,#7495,#7512,#7529,#7546,#7562,#7578,#7595,#7612,#7629,#7644,#7657,#7674,#7687,#7702,#7715,#7729,#7742,#7756,#7772,#7787,#7801,#7815,#7829,#7843,#7859,#7875,#7891,#7909,#7925,#7943,#7961,#7979,#7995,#8012,#8030,#8048,#8066,#8084,#8102,#8115,#8132,#8149,#8164,#8179,#8192,#8206,#8221,#8236,#8249,#8263,#8276,#8288,#8300,#8315,#8332,#8342,#8356,#8369,#8382,#8398,#8410,#8425,#8437,#8452,#8464,#8479,#8491,#8506,#8519,#8533,#8551,#8567,#8585,#8601,#8619,#8635,#8653,#8669,#8687,#8703,#8721,#8735,#8750,#8762,#8777,#8789,#8804,#8816,#8831,#8843,#8858,#8870,#8885,#8895,#8912,#8933,#8951,#8969,#8986,#9004,#9016,#9033,#9046,#9067,#9085,#9103,#9117,#9128,#9142,#9153,#9166,#9179,#9192,#9212,#9226,#9241,#9255,#9271,#9285,#9296,#9315,#9329,#9345,#9359,#9375,#9389,#9405,#9419,#9433,#9450,#9464,#9479,#9493,#9508,#9522,#9537,#9551,#9566,#9580,#9591,#9606,#9620,#9635,#9649,#9664,#9678,#9693,#9707,#9722,#9736,#9747,#9760,#9770,#9782,#9795,#9807,#9818,#9830,#9843,#9852,#9870,#9891,#9908,#9926,#9943,#9961,#9973,#9990,#10004,#10025,#10043,#10061,#10075,#10086,#10100,#10111,#10124,#10135,#10148,#10168,#10182,#10197,#10211,#10227,#10241,#10254,#10273,#10287,#10303,#10317,#10333,#10347,#10363,#10377,#10388,#10405,#10419,#10434,#10448,#10463,#10477,#10492,#10506,#10521,#10535,#10546,#10561,#10575,#10590,#10604,#10619,#10633,#10648,#10662,#10677,#10689,#10699,#10712,#10722,#10736,#10749,#10761,#10772,#10784,#10797,#10806,#10822,#10834,#10849,#10861,#10876,#10888,#10903,#10915,#10930,#10942,#10959,#10969,#10981,#10996,#11008,#11023,#11035,#11050,#11062,#11077,#11089,#11104,#11117,#11128,#11141,#11156,#11169,#11184,#11197,#11212,#11225,#11240,#11253,#11268,#11281,#11292,#11304,#11319,#11331,#11346,#11358,#11373,#11385,#11400,#11412,#11427,#11439,#11450,#11465,#11480,#11495,#11510,#11525,#11540,#11555,#11570,#11587,#11603,#11620,#11631,#11646,#11657,#11672,#11683,#11698,#11709,#11725,#11738,#11754,#11767,#11781,#11792,#11806,#11817,#11833,#11844,#11861,#11873,#11890,#11902,#11915,#11930,#11945,#11960,#11975,#11990,#12005,#12020,#12035,#12050,#12065,#12082,#12094,#12105,#12117,#12128,#12139,#12151,#12162,#12173,#12184,#12196,#12205,#12216,#12227,#12240,#12251,#12262,#12273,#12286,#12297,#12308,#12319,#12328,#12343,#12358,#12375,#12391,#12408,#12424,#12441,#12457,#12474,#12490,#12507,#12518,#12533,#12546,#12562,#12575,#12591,#12604,#12620,#12633,#12649,#12662,#12675,#12688,#12701,#12713,#12726,#12738,#12751,#12763,#12776,#12788,#12797,#12812,#12827,#12842,#12857,#12874,#12890,#12907,#12923,#12940,#12956,#12973,#12984,#12999,#13011,#13026,#13037,#13053,#13066,#13082,#13095,#13111,#13124,#13135,#13146,#13159,#13170,#13183,#13195,#13208,#13220,#13233,#13245,#13254,#13267,#13281,#13294,#13308,#13321,#13335,#13347,#13360,#13372,#13385,#13397,#13406,#13423,#13434,#13449,#13460,#13475,#13486,#13501,#13512,#13527,#13538,#13555,#13564,#13579,#13594,#13609,#13624,#13639,#13654,#13671,#13686,#13703,#13718,#13735,#13748,#13760,#13773,#13784,#13798,#13809,#13823,#13834,#13848,#13859,#13873,#13885,#13898,#13913,#13930,#13946,#13961,#13974,#13989,#14001,#14014,#14027,#14045,#14061,#14077,#14091,#14102,#14115,#14126,#14139,#14150,#14163,#14181,#14195,#14210,#14224,#14240,#14254,#14265,#14283,#14297,#14313,#14327,#14343,#14357,#14373,#14387,#14400,#14418,#14432,#14447,#14461,#14476,#14490,#14505,#14519,#14534,#14548,#14559,#14574,#14588,#14603,#14617,#14632,#14646,#14661,#14675,#14690,#14704,#14715,#14726,#14736,#14748,#14760,#14772,#14783,#14795,#14806,#14815,#14831,#14850,#14867,#14882,#14895,#14910,#14922,#14937,#14950,#14968,#14984,#15000,#15014,#15025,#15038,#15049,#15062,#15073,#15086,#15106,#15120,#15135,#15149,#15165,#15179,#15191,#15211,#15225,#15241,#15255,#15271,#15285,#15301,#15315,#15326,#15344,#15358,#15373,#15387,#15402,#15416,#15431,#15445,#15460,#15474,#15485,#15500,#15514,#15529,#15543,#15558,#15572,#15587,#15601,#15616,#15630,#15641,#15652,#15663,#15676,#15688,#15700,#15711,#15723,#15734,#15743,#15755,#15770,#15782,#15797,#15809,#15824,#15836,#15851,#15863,#15878,#15890,#15903,#15915,#15930,#15942,#15957,#15969,#15984,#15996,#16011,#16023,#16038,#16050,#16061,#16073,#16089,#16101,#16117,#16129,#16145,#16157,#16173,#16185,#16201,#16213,#16225,#16238,#16249,#16262,#16273,#16286,#16297,#16310,#16321,#16334,#16345,#16358,#16366,#16382,#16396,#16412,#16426,#16442,#16456,#16471,#16485,#16498,#16513,#16528,#16541,#16555,#16568,#16582,#16595,#16609,#16622,#16636,#16647,#16660,#16671,#16686,#16698,#16713,#16725,#16740,#16752,#16765,#16776,#16791,#16802,#16813,#16829,#16843,#16859,#16873,#16889,#16903,#16919,#16933,#16949,#16963,#16978,#16991,#17003,#17016,#17028,#17041,#17053,#17066,#17078,#17091,#17103,#17112,#17125,#17137,#17150,#17162,#17175,#17187,#17200,#17212,#17225,#17237,#17246,#17262,#17276,#17290,#17303,#17317,#17330,#17343,#17356,#17369,#17384,#17399,#17412,#17426,#17437,#17450,#17461,#17474,#17485,#17499,#17510,#17523,#17534,#17545,#17556,#17567,#17578,#17591,#17602,#17613,#17624,#17637,#17648,#17657,#17673,#17687,#17703,#17717,#17731,#17744,#17758,#17771,#17785,#17798,#17813,#17826,#17842,#17855,#17871,#17884,#17900,#17911,#17924,#17935,#17949,#17960,#17973,#17985,#17998,#18010,#18021,#18032,#18045,#18056,#18067,#18078,#18087,#18100,#18114,#18127,#18141,#18154,#18168,#18181,#18195,#18208,#18222,#18235,#18245));
#18247=MANIFOLD_SOLID_BREP('',#18246);
#18248=COLOUR_RGB('',1.0,1.0,1.0);
#18249=FILL_AREA_STYLE_COLOUR('',#18248);
#18250=FILL_AREA_STYLE('',(#18249));
#18251=SURFACE_STYLE_FILL_AREA(#18250);
#18252=SURFACE_SIDE_STYLE('',(#18251));
#18253=SURFACE_STYLE_USAGE(.BOTH.,#18252);
#18254=PRESENTATION_STYLE_ASSIGNMENT((#18253));
#18255=STYLED_ITEM('',(#18254),#18247);
#18256=ADVANCED_BREP_SHAPE_REPRESENTATION('',(#18247),*);
#18257=PRODUCT_DEFINITION('','',*,*);
#18258=PRODUCT_DEFINITION_SHAPE('','',#18257);
#18259=SHAPE_REPRESENTATION('',(#13),*);
#18260=SHAPE_DEFINITION_REPRESENTATION(#18258,#18259);
#18261=SHAPE_REPRESENTATION_RELATIONSHIP('','',#18259,#18256);
#18262=CARTESIAN_POINT('',(-0.044016,0.85,0.0));
#18263=VERTEX_POINT('',#18262);
#18264=CARTESIAN_POINT('',(-0.03426,-0.028138,0.0));
#18265=VERTEX_POINT('',#18264);
#18266=CARTESIAN_POINT('',(-0.044016,-0.039723,0.0));
#18267=VERTEX_POINT('',#18266);
#18268=CARTESIAN_POINT('',(-0.03426,-0.039114,0.0));
#18269=VERTEX_POINT('',#18268);
#18270=CARTESIAN_POINT('',(0.019398,-0.039114,0.0));
#18271=VERTEX_POINT('',#18270);
#18272=CARTESIAN_POINT('',(-0.031821,0.049911,0.0));
#18273=VERTEX_POINT('',#18272);
#18274=CARTESIAN_POINT('',(0.005984,0.049911,0.0));
#18275=VERTEX_POINT('',#18274);
#18276=CARTESIAN_POINT('',(0.005984,0.016984,0.0));
#18277=VERTEX_POINT('',#18276);
#18278=CARTESIAN_POINT('',(0.038911,-0.033931,0.0));
#18279=VERTEX_POINT('',#18278);
#18280=CARTESIAN_POINT('',(0.038911,-0.022955,0.0));
#18281=VERTEX_POINT('',#18280);
#18282=CARTESIAN_POINT('',(0.019398,0.060886,0.0));
#18283=VERTEX_POINT('',#18282);
#18284=CARTESIAN_POINT('',(0.005984,0.006008,0.0));
#18285=VERTEX_POINT('',#18284);
#18286=CARTESIAN_POINT('',(0.005984,-0.028138,0.0));
#18287=VERTEX_POINT('',#18286);
#18288=CARTESIAN_POINT('',(-0.029382,0.006008,0.0));
#18289=VERTEX_POINT('',#18288);
#18290=CARTESIAN_POINT('',(-0.029382,0.016984,0.0));
#18291=VERTEX_POINT('',#18290);
#18292=CARTESIAN_POINT('',(0.088442,-0.035719,0.0));
#18293=VERTEX_POINT('',#18292);
#18294=CARTESIAN_POINT('',(0.121838,-0.039114,0.0));
#18295=VERTEX_POINT('',#18294);
#18296=CARTESIAN_POINT('',(0.078749,-0.039055,0.0));
#18297=VERTEX_POINT('',#18296);
#18298=CARTESIAN_POINT('',(0.072307,-0.039723,0.0));
#18299=VERTEX_POINT('',#18298);
#18300=CARTESIAN_POINT('',(-0.031821,0.060886,0.0));
#18301=VERTEX_POINT('',#18300);
#18302=CARTESIAN_POINT('',(0.108023,0.034548,0.0));
#18303=VERTEX_POINT('',#18302);
#18304=CARTESIAN_POINT('',(0.102162,0.043897,0.0));
#18305=VERTEX_POINT('',#18304);
#18306=CARTESIAN_POINT('',(0.159642,0.060886,0.0));
#18307=VERTEX_POINT('',#18306);
#18308=CARTESIAN_POINT('',(0.072176,0.050025,0.0));
#18309=VERTEX_POINT('',#18308);
#18310=CARTESIAN_POINT('',(0.079661,0.047323,0.0));
#18311=VERTEX_POINT('',#18310);
#18312=CARTESIAN_POINT('',(0.040703,-0.023948,0.0));
#18313=VERTEX_POINT('',#18312);
#18314=CARTESIAN_POINT('',(0.086582,0.042693,0.0));
#18315=VERTEX_POINT('',#18314);
#18316=CARTESIAN_POINT('',(0.092621,0.036026,0.0));
#18317=VERTEX_POINT('',#18316);
#18318=CARTESIAN_POINT('',(0.099886,0.009819,0.0));
#18319=VERTEX_POINT('',#18318);
#18320=CARTESIAN_POINT('',(0.098874,-0.001006,0.0));
#18321=VERTEX_POINT('',#18320);
#18322=CARTESIAN_POINT('',(0.096157,-0.009608,0.0));
#18323=VERTEX_POINT('',#18322);
#18324=CARTESIAN_POINT('',(0.073905,-0.028311,0.0));
#18325=VERTEX_POINT('',#18324);
#18326=CARTESIAN_POINT('',(0.064578,-0.029357,0.0));
#18327=VERTEX_POINT('',#18326);
#18328=CARTESIAN_POINT('',(0.081191,-0.025629,0.0));
#18329=VERTEX_POINT('',#18328);
#18330=CARTESIAN_POINT('',(0.087329,-0.021492,0.0));
#18331=VERTEX_POINT('',#18330);
#18332=CARTESIAN_POINT('',(0.092021,-0.016542,0.0));
#18333=VERTEX_POINT('',#18332);
#18334=CARTESIAN_POINT('',(0.051304,-0.027884,0.0));
#18335=VERTEX_POINT('',#18334);
#18336=CARTESIAN_POINT('',(0.096744,0.028305,0.0));
#18337=VERTEX_POINT('',#18336);
#18338=CARTESIAN_POINT('',(0.099409,0.0176,0.0));
#18339=VERTEX_POINT('',#18338);
#18340=CARTESIAN_POINT('',(0.093134,0.05258,0.0));
#18341=VERTEX_POINT('',#18340);
#18342=CARTESIAN_POINT('',(0.173057,0.060886,0.0));
#18343=VERTEX_POINT('',#18342);
#18344=CARTESIAN_POINT('',(0.75,0.85,0.0));
#18345=VERTEX_POINT('',#18344);
#18346=CARTESIAN_POINT('',(0.173057,-0.039114,0.0));
#18347=VERTEX_POINT('',#18346);
#18348=CARTESIAN_POINT('',(0.75,-0.039723,0.0));
#18349=VERTEX_POINT('',#18348);
#18350=CARTESIAN_POINT('',(0.096486,-0.030582,0.0));
#18351=VERTEX_POINT('',#18350);
#18352=CARTESIAN_POINT('',(0.103997,-0.022675,0.0));
#18353=VERTEX_POINT('',#18352);
#18354=CARTESIAN_POINT('',(0.121838,-0.028138,0.0));
#18355=VERTEX_POINT('',#18354);
#18356=CARTESIAN_POINT('',(0.109324,-0.013166,0.0));
#18357=VERTEX_POINT('',#18356);
#18358=CARTESIAN_POINT('',(0.159642,-0.028138,0.0));
#18359=VERTEX_POINT('',#18358);
#18360=CARTESIAN_POINT('',(0.112334,-0.002581,0.0));
#18361=VERTEX_POINT('',#18360);
#18362=CARTESIAN_POINT('',(0.113301,0.009,0.0));
#18363=VERTEX_POINT('',#18362);
#18364=CARTESIAN_POINT('',(0.111862,0.023217,0.0));
#18365=VERTEX_POINT('',#18364);
#18366=CARTESIAN_POINT('',(0.083635,0.058047,0.0));
#18367=VERTEX_POINT('',#18366);
#18368=CARTESIAN_POINT('',(0.072487,0.061286,0.0));
#18369=VERTEX_POINT('',#18368);
#18370=CARTESIAN_POINT('',(0.062443,0.062106,0.0));
#18371=VERTEX_POINT('',#18370);
#18372=CARTESIAN_POINT('',(0.050472,0.06128,0.0));
#18373=VERTEX_POINT('',#18372);
#18374=CARTESIAN_POINT('',(0.038911,0.058143,0.0));
#18375=VERTEX_POINT('',#18374);
#18376=CARTESIAN_POINT('',(0.038911,0.044728,0.0));
#18377=VERTEX_POINT('',#18376);
#18378=CARTESIAN_POINT('',(0.050175,0.049551,0.0));
#18379=VERTEX_POINT('',#18378);
#18380=CARTESIAN_POINT('',(0.062329,0.05113,0.0));
#18381=VERTEX_POINT('',#18380);
#18382=CARTESIAN_POINT('',(0.066426,-0.040333,0.0));
#18383=VERTEX_POINT('',#18382);
#18384=CARTESIAN_POINT('',(0.75,-0.85,0.0));
#18385=VERTEX_POINT('',#18384);
#18386=CARTESIAN_POINT('',(0.063692,-0.040286,0.0));
#18387=VERTEX_POINT('',#18386);
#18388=CARTESIAN_POINT('',(-0.044016,-0.85,0.0));
#18389=VERTEX_POINT('',#18388);
#18390=CARTESIAN_POINT('',(0.059675,-0.039723,0.0));
#18391=VERTEX_POINT('',#18390);
#18392=CARTESIAN_POINT('',(-0.75,-0.85,0.0));
#18393=VERTEX_POINT('',#18392);
#18394=CARTESIAN_POINT('',(-0.75,-0.039723,0.0));
#18395=VERTEX_POINT('',#18394);
#18396=CARTESIAN_POINT('',(0.04957,-0.038307,0.0));
#18397=VERTEX_POINT('',#18396);
#18398=CARTESIAN_POINT('',(-0.141577,-0.039114,0.0));
#18399=VERTEX_POINT('',#18398);
#18400=CARTESIAN_POINT('',(-0.129267,-0.011706,0.0));
#18401=VERTEX_POINT('',#18400);
#18402=CARTESIAN_POINT('',(-0.123532,-0.02065,0.0));
#18403=VERTEX_POINT('',#18402);
#18404=CARTESIAN_POINT('',(-0.217187,-0.039114,0.0));
#18405=VERTEX_POINT('',#18404);
#18406=CARTESIAN_POINT('',(-0.231821,-0.039114,0.0));
#18407=VERTEX_POINT('',#18406);
#18408=CARTESIAN_POINT('',(-0.192797,0.060886,0.0));
#18409=VERTEX_POINT('',#18408);
#18410=CARTESIAN_POINT('',(-0.75,0.85,0.0));
#18411=VERTEX_POINT('',#18410);
#18412=CARTESIAN_POINT('',(-0.179382,0.060886,0.0));
#18413=VERTEX_POINT('',#18412);
#18414=CARTESIAN_POINT('',(-0.115301,-0.028531,0.0));
#18415=VERTEX_POINT('',#18414);
#18416=CARTESIAN_POINT('',(-0.10486,-0.034599,0.0));
#18417=VERTEX_POINT('',#18416);
#18418=CARTESIAN_POINT('',(-0.093337,-0.038034,0.0));
#18419=VERTEX_POINT('',#18418);
#18420=CARTESIAN_POINT('',(-0.080964,-0.039114,0.0));
#18421=VERTEX_POINT('',#18420);
#18422=CARTESIAN_POINT('',(-0.053772,-0.039114,0.0));
#18423=VERTEX_POINT('',#18422);
#18424=CARTESIAN_POINT('',(-0.053772,0.060886,0.0));
#18425=VERTEX_POINT('',#18424);
#18426=CARTESIAN_POINT('',(-0.081993,0.060886,0.0));
#18427=VERTEX_POINT('',#18426);
#18428=CARTESIAN_POINT('',(-0.119129,0.047848,0.0));
#18429=VERTEX_POINT('',#18428);
#18430=CARTESIAN_POINT('',(-0.1262,0.040006,0.0));
#18431=VERTEX_POINT('',#18430);
#18432=CARTESIAN_POINT('',(-0.130847,0.031406,0.0));
#18433=VERTEX_POINT('',#18432);
#18434=CARTESIAN_POINT('',(-0.09644,0.059342,0.0));
#18435=VERTEX_POINT('',#18434);
#18436=CARTESIAN_POINT('',(-0.10814,0.055234,0.0));
#18437=VERTEX_POINT('',#18436);
#18438=CARTESIAN_POINT('',(-0.119024,0.047939,0.0));
#18439=VERTEX_POINT('',#18438);
#18440=CARTESIAN_POINT('',(-0.156211,-0.039114,0.0));
#18441=VERTEX_POINT('',#18440);
#18442=CARTESIAN_POINT('',(-0.165758,-0.011065,0.0));
#18443=VERTEX_POINT('',#18442);
#18444=CARTESIAN_POINT('',(-0.207069,-0.011065,0.0));
#18445=VERTEX_POINT('',#18444);
#18446=CARTESIAN_POINT('',(-0.133533,0.021554,0.0));
#18447=VERTEX_POINT('',#18446);
#18448=CARTESIAN_POINT('',(-0.13426,0.012144,0.0));
#18449=VERTEX_POINT('',#18448);
#18450=CARTESIAN_POINT('',(-0.132857,-0.001239,0.0));
#18451=VERTEX_POINT('',#18450);
#18452=CARTESIAN_POINT('',(-0.75,0.862941,0.001704));
#18453=VERTEX_POINT('',#18452);
#18454=CARTESIAN_POINT('',(-0.75,-0.862941,0.001704));
#18455=VERTEX_POINT('',#18454);
#18456=CARTESIAN_POINT('',(-0.75,-0.875,0.006699));
#18457=VERTEX_POINT('',#18456);
#18458=CARTESIAN_POINT('',(-0.75,-0.885355,0.014645));
#18459=VERTEX_POINT('',#18458);
#18460=CARTESIAN_POINT('',(-0.75,-0.893301,0.025));
#18461=VERTEX_POINT('',#18460);
#18462=CARTESIAN_POINT('',(-0.75,-0.898296,0.037059));
#18463=VERTEX_POINT('',#18462);
#18464=CARTESIAN_POINT('',(-0.75,-0.9,0.05));
#18465=VERTEX_POINT('',#18464);
#18466=CARTESIAN_POINT('',(-0.75,-0.9,1.75));
#18467=VERTEX_POINT('',#18466);
#18468=CARTESIAN_POINT('',(-0.75,-0.898296,1.762941));
#18469=VERTEX_POINT('',#18468);
#18470=CARTESIAN_POINT('',(-0.75,-0.893301,1.775));
#18471=VERTEX_POINT('',#18470);
#18472=CARTESIAN_POINT('',(-0.75,-0.885355,1.785355));
#18473=VERTEX_POINT('',#18472);
#18474=CARTESIAN_POINT('',(-0.75,-0.875,1.793301));
#18475=VERTEX_POINT('',#18474);
#18476=CARTESIAN_POINT('',(-0.75,-0.862941,1.798296));
#18477=VERTEX_POINT('',#18476);
#18478=CARTESIAN_POINT('',(-0.75,-0.85,1.8));
#18479=VERTEX_POINT('',#18478);
#18480=CARTESIAN_POINT('',(-0.75,0.85,1.8));
#18481=VERTEX_POINT('',#18480);
#18482=CARTESIAN_POINT('',(-0.75,0.862941,1.798296));
#18483=VERTEX_POINT('',#18482);
#18484=CARTESIAN_POINT('',(-0.75,0.875,1.793301));
#18485=VERTEX_POINT('',#18484);
#18486=CARTESIAN_POINT('',(-0.75,0.885355,1.785355));
#18487=VERTEX_POINT('',#18486);
#18488=CARTESIAN_POINT('',(-0.75,0.893301,1.775));
#18489=VERTEX_POINT('',#18488);
#18490=CARTESIAN_POINT('',(-0.75,0.898296,1.762941));
#18491=VERTEX_POINT('',#18490);
#18492=CARTESIAN_POINT('',(-0.75,0.9,1.75));
#18493=VERTEX_POINT('',#18492);
#18494=CARTESIAN_POINT('',(-0.75,0.9,0.05));
#18495=VERTEX_POINT('',#18494);
#18496=CARTESIAN_POINT('',(-0.75,0.898296,0.037059));
#18497=VERTEX_POINT('',#18496);
#18498=CARTESIAN_POINT('',(-0.75,0.893301,0.025));
#18499=VERTEX_POINT('',#18498);
#18500=CARTESIAN_POINT('',(-0.75,0.885355,0.014645));
#18501=VERTEX_POINT('',#18500);
#18502=CARTESIAN_POINT('',(-0.75,0.875,0.006699));
#18503=VERTEX_POINT('',#18502);
#18504=CARTESIAN_POINT('',(0.75,0.9,0.05));
#18505=VERTEX_POINT('',#18504);
#18506=CARTESIAN_POINT('',(0.75,0.9,1.75));
#18507=VERTEX_POINT('',#18506);
#18508=CARTESIAN_POINT('',(0.75,-0.9,1.75));
#18509=VERTEX_POINT('',#18508);
#18510=CARTESIAN_POINT('',(0.75,-0.9,0.05));
#18511=VERTEX_POINT('',#18510);
#18512=CARTESIAN_POINT('',(0.75,0.85,1.8));
#18513=VERTEX_POINT('',#18512);
#18514=CARTESIAN_POINT('',(0.75,-0.85,1.8));
#18515=VERTEX_POINT('',#18514);
#18516=CARTESIAN_POINT('',(0.75,-0.862941,1.798296));
#18517=VERTEX_POINT('',#18516);
#18518=CARTESIAN_POINT('',(0.75,-0.875,1.793301));
#18519=VERTEX_POINT('',#18518);
#18520=CARTESIAN_POINT('',(0.75,-0.885355,1.785355));
#18521=VERTEX_POINT('',#18520);
#18522=CARTESIAN_POINT('',(0.75,-0.893301,1.775));
#18523=VERTEX_POINT('',#18522);
#18524=CARTESIAN_POINT('',(0.75,-0.898296,1.762941));
#18525=VERTEX_POINT('',#18524);
#18526=CARTESIAN_POINT('',(0.75,0.862941,1.798296));
#18527=VERTEX_POINT('',#18526);
#18528=CARTESIAN_POINT('',(0.75,0.875,1.793301));
#18529=VERTEX_POINT('',#18528);
#18530=CARTESIAN_POINT('',(0.75,0.885355,1.785355));
#18531=VERTEX_POINT('',#18530);
#18532=CARTESIAN_POINT('',(0.75,0.893301,1.775));
#18533=VERTEX_POINT('',#18532);
#18534=CARTESIAN_POINT('',(0.75,0.898296,1.762941));
#18535=VERTEX_POINT('',#18534);
#18536=CARTESIAN_POINT('',(0.75,-0.862941,0.001704));
#18537=VERTEX_POINT('',#18536);
#18538=CARTESIAN_POINT('',(0.75,-0.875,0.006699));
#18539=VERTEX_POINT('',#18538);
#18540=CARTESIAN_POINT('',(0.75,-0.885355,0.014645));
#18541=VERTEX_POINT('',#18540);
#18542=CARTESIAN_POINT('',(0.75,-0.893301,0.025));
#18543=VERTEX_POINT('',#18542);
#18544=CARTESIAN_POINT('',(0.75,-0.898296,0.037059));
#18545=VERTEX_POINT('',#18544);
#18546=CARTESIAN_POINT('',(0.75,0.862941,0.001704));
#18547=VERTEX_POINT('',#18546);
#18548=CARTESIAN_POINT('',(0.75,0.875,0.006699));
#18549=VERTEX_POINT('',#18548);
#18550=CARTESIAN_POINT('',(0.75,0.885355,0.014645));
#18551=VERTEX_POINT('',#18550);
#18552=CARTESIAN_POINT('',(0.75,0.893301,0.025));
#18553=VERTEX_POINT('',#18552);
#18554=CARTESIAN_POINT('',(0.75,0.898296,0.037059));
#18555=VERTEX_POINT('',#18554);
#18556=CARTESIAN_POINT('',(-0.16913,-8.9e-05,0.0));
#18557=VERTEX_POINT('',#18556);
#18558=CARTESIAN_POINT('',(-0.202572,-8.9e-05,0.0));
#18559=VERTEX_POINT('',#18558);
#18560=CARTESIAN_POINT('',(-0.18405,0.041679,0.0));
#18561=VERTEX_POINT('',#18560);
#18562=CARTESIAN_POINT('',(-0.185013,0.045147,-0.0));
#18563=VERTEX_POINT('',#18562);
#18564=CARTESIAN_POINT('',(-0.185651,0.048691,0.0));
#18565=VERTEX_POINT('',#18564);
#18566=CARTESIAN_POINT('',(-0.185975,0.048691,0.0));
#18567=VERTEX_POINT('',#18566);
#18568=CARTESIAN_POINT('',(-0.186628,0.045158,0.0));
#18569=VERTEX_POINT('',#18568);
#18570=CARTESIAN_POINT('',(-0.187518,0.041679,0.0));
#18571=VERTEX_POINT('',#18570);
#18572=CARTESIAN_POINT('',(-0.081935,0.049911,0.0));
#18573=VERTEX_POINT('',#18572);
#18574=CARTESIAN_POINT('',(-0.067187,0.049911,0.0));
#18575=VERTEX_POINT('',#18574);
#18576=CARTESIAN_POINT('',(-0.093771,0.048653,0.0));
#18577=VERTEX_POINT('',#18576);
#18578=CARTESIAN_POINT('',(-0.102026,0.045764,0.0));
#18579=VERTEX_POINT('',#18578);
#18580=CARTESIAN_POINT('',(-0.10933,0.041045,0.0));
#18581=VERTEX_POINT('',#18580);
#18582=CARTESIAN_POINT('',(-0.114187,0.035888,0.0));
#18583=VERTEX_POINT('',#18582);
#18584=CARTESIAN_POINT('',(-0.117661,0.02972,-0.0));
#18585=VERTEX_POINT('',#18584);
#18586=CARTESIAN_POINT('',(-0.119996,0.021811,0.0));
#18587=VERTEX_POINT('',#18586);
#18588=CARTESIAN_POINT('',(-0.120845,0.011858,0.0));
#18589=VERTEX_POINT('',#18588);
#18590=CARTESIAN_POINT('',(-0.119927,0.001355,0.0));
#18591=VERTEX_POINT('',#18590);
#18592=CARTESIAN_POINT('',(-0.116994,-0.008045,-0.0));
#18593=VERTEX_POINT('',#18592);
#18594=CARTESIAN_POINT('',(-0.112777,-0.01494,-0.0));
#18595=VERTEX_POINT('',#18594);
#18596=CARTESIAN_POINT('',(-0.107168,-0.02048,0.0));
#18597=VERTEX_POINT('',#18596);
#18598=CARTESIAN_POINT('',(-0.100348,-0.024529,0.0));
#18599=VERTEX_POINT('',#18598);
#18600=CARTESIAN_POINT('',(-0.091933,-0.027156,0.0));
#18601=VERTEX_POINT('',#18600);
#18602=CARTESIAN_POINT('',(-0.081383,-0.028138,0.0));
#18603=VERTEX_POINT('',#18602);
#18604=CARTESIAN_POINT('',(-0.067187,-0.028138,0.0));
#18605=VERTEX_POINT('',#18604);
#18606=DIRECTION('',(0.011109185535663757,-0.9999382910943726,0.0));
#18607=VECTOR('',#18606,1000.0);
#18608=LINE('',#18262,#18607);
#18609=EDGE_CURVE('',#18263,#18265,#18608,.T.);
#18610=DIRECTION('',(-0.6441438785356629,-0.7649043494091488,0.0));
#18611=VECTOR('',#18610,1000.0);
#18612=LINE('',#18264,#18611);
#18613=EDGE_CURVE('',#18265,#18267,#18612,.T.);
#18614=LINE('',#18266,#1193);
#18615=EDGE_CURVE('',#18267,#18263,#18614,.T.);
#18616=ORIENTED_EDGE('',*,*,#18609,.T.);
#18617=ORIENTED_EDGE('',*,*,#18613,.T.);
#18618=ORIENTED_EDGE('',*,*,#18615,.T.);
#18619=AXIS2_PLACEMENT_3D('',#18262,#871,#18606);
#18620=PLANE('',#18619);
#18621=EDGE_LOOP('',(#18616,#18617,#18618));
#18622=FACE_BOUND('',#18621,.T.);
#18623=ADVANCED_FACE('',(#18622),#18620,.T.);
#18624=DIRECTION('',(0.0,-1.0,0.0));
#18625=VECTOR('',#18624,1000.0);
#18626=LINE('',#18264,#18625);
#18627=EDGE_CURVE('',#18265,#18269,#18626,.T.);
#18628=DIRECTION('',(-0.9980573522990679,-0.062301858092469325,0.0));
#18629=VECTOR('',#18628,1000.0);
#18630=LINE('',#18268,#18629);
#18631=EDGE_CURVE('',#18269,#18267,#18630,.T.);
#18632=ORIENTED_EDGE('',*,*,#18613,.F.);
#18633=ORIENTED_EDGE('',*,*,#18627,.T.);
#18634=ORIENTED_EDGE('',*,*,#18631,.T.);
#18635=DIRECTION('',(0.0,0.0,-1.0));
#18636=DIRECTION('',(0.6441438785356629,0.7649043494091488,0.0));
#18637=AXIS2_PLACEMENT_3D('',#18266,#18635,#18636);
#18638=PLANE('',#18637);
#18639=EDGE_LOOP('',(#18632,#18633,#18634));
#18640=FACE_BOUND('',#18639,.T.);
#18641=ADVANCED_FACE('',(#18640),#18638,.T.);
#18642=LINE('',#18268,#491);
#18643=EDGE_CURVE('',#18269,#18271,#18642,.T.);
#18644=DIRECTION('',(-0.9999538890304894,-0.009603114744686765,0.0));
#18645=VECTOR('',#18644,1000.0);
#18646=LINE('',#18270,#18645);
#18647=EDGE_CURVE('',#18271,#18267,#18646,.T.);
#18648=ORIENTED_EDGE('',*,*,#18631,.F.);
#18649=ORIENTED_EDGE('',*,*,#18643,.T.);
#18650=ORIENTED_EDGE('',*,*,#18647,.T.);
#18651=DIRECTION('',(0.0,0.0,-1.0));
#18652=DIRECTION('',(0.9980573522990679,0.062301858092469325,0.0));
#18653=AXIS2_PLACEMENT_3D('',#18266,#18651,#18652);
#18654=PLANE('',#18653);
#18655=EDGE_LOOP('',(#18648,#18649,#18650));
#18656=FACE_BOUND('',#18655,.T.);
#18657=ADVANCED_FACE('',(#18656),#18654,.T.);
#18658=LINE('',#18272,#491);
#18659=EDGE_CURVE('',#18273,#18275,#18658,.T.);
#18660=DIRECTION('',(0.0,-1.0,0.0));
#18661=VECTOR('',#18660,1000.0);
#18662=LINE('',#18274,#18661);
#18663=EDGE_CURVE('',#18275,#18277,#18662,.T.);
#18664=DIRECTION('',(-0.7540809585391837,0.656781476572403,0.0));
#18665=VECTOR('',#18664,1000.0);
#18666=LINE('',#18276,#18665);
#18667=EDGE_CURVE('',#18277,#18273,#18666,.T.);
#18668=ORIENTED_EDGE('',*,*,#18659,.T.);
#18669=ORIENTED_EDGE('',*,*,#18663,.T.);
#18670=ORIENTED_EDGE('',*,*,#18667,.T.);
#18671=DIRECTION('',(0.0,0.0,-1.0));
#18672=AXIS2_PLACEMENT_3D('',#18272,#18671,#12);
#18673=PLANE('',#18672);
#18674=EDGE_LOOP('',(#18668,#18669,#18670));
#18675=FACE_BOUND('',#18674,.T.);
#18676=ADVANCED_FACE('',(#18675),#18673,.T.);
#18677=DIRECTION('',(-0.9664868551035605,-0.25671610567323083,0.0));
#18678=VECTOR('',#18677,1000.0);
#18679=LINE('',#18278,#18678);
#18680=EDGE_CURVE('',#18279,#18271,#18679,.T.);
#18681=DIRECTION('',(0.7701943942653745,0.6378092152377486,0.0));
#18682=VECTOR('',#18681,1000.0);
#18683=LINE('',#18270,#18682);
#18684=EDGE_CURVE('',#18271,#18281,#18683,.T.);
#18685=DIRECTION('',(0.0,-1.0,0.0));
#18686=VECTOR('',#18685,1000.0);
#18687=LINE('',#18280,#18686);
#18688=EDGE_CURVE('',#18281,#18279,#18687,.T.);
#18689=ORIENTED_EDGE('',*,*,#18680,.T.);
#18690=ORIENTED_EDGE('',*,*,#18684,.T.);
#18691=ORIENTED_EDGE('',*,*,#18688,.T.);
#18692=AXIS2_PLACEMENT_3D('',#18278,#825,#18677);
#18693=PLANE('',#18692);
#18694=EDGE_LOOP('',(#18689,#18690,#18691));
#18695=FACE_BOUND('',#18694,.T.);
#18696=ADVANCED_FACE('',(#18695),#18693,.T.);
#18697=LINE('',#18270,#1193);
#18698=EDGE_CURVE('',#18271,#18283,#18697,.T.);
#18699=DIRECTION('',(0.22667982884757712,-0.9739693296986476,0.0));
#18700=VECTOR('',#18699,1000.0);
#18701=LINE('',#18282,#18700);
#18702=EDGE_CURVE('',#18283,#18281,#18701,.T.);
#18703=ORIENTED_EDGE('',*,*,#18684,.F.);
#18704=ORIENTED_EDGE('',*,*,#18698,.T.);
#18705=ORIENTED_EDGE('',*,*,#18702,.T.);
#18706=DIRECTION('',(-0.7701943942653745,-0.6378092152377486,0.0));
#18707=AXIS2_PLACEMENT_3D('',#18280,#825,#18706);
#18708=PLANE('',#18707);
#18709=EDGE_LOOP('',(#18703,#18704,#18705));
#18710=FACE_BOUND('',#18709,.T.);
#18711=ADVANCED_FACE('',(#18710),#18708,.T.);
#18712=DIRECTION('',(0.0,-1.0,0.0));
#18713=VECTOR('',#18712,1000.0);
#18714=LINE('',#18284,#18713);
#18715=EDGE_CURVE('',#18285,#18287,#18714,.T.);
#18716=DIRECTION('',(-0.7194063676557101,0.6945894313739717,0.0));
#18717=VECTOR('',#18716,1000.0);
#18718=LINE('',#18286,#18717);
#18719=EDGE_CURVE('',#18287,#18289,#18718,.T.);
#18720=LINE('',#18288,#491);
#18721=EDGE_CURVE('',#18289,#18285,#18720,.T.);
#18722=ORIENTED_EDGE('',*,*,#18715,.T.);
#18723=ORIENTED_EDGE('',*,*,#18719,.T.);
#18724=ORIENTED_EDGE('',*,*,#18721,.T.);
#18725=DIRECTION('',(0.0,-1.0,0.0));
#18726=AXIS2_PLACEMENT_3D('',#18284,#721,#18725);
#18727=PLANE('',#18726);
#18728=EDGE_LOOP('',(#18722,#18723,#18724));
#18729=FACE_BOUND('',#18728,.T.);
#18730=ADVANCED_FACE('',(#18729),#18727,.T.);
#18731=LINE('',#18286,#512);
#18732=EDGE_CURVE('',#18287,#18265,#18731,.T.);
#18733=DIRECTION('',(0.1414213562373095,0.9899494936611666,0.0));
#18734=VECTOR('',#18733,1000.0);
#18735=LINE('',#18264,#18734);
#18736=EDGE_CURVE('',#18265,#18289,#18735,.T.);
#18737=ORIENTED_EDGE('',*,*,#18719,.F.);
#18738=ORIENTED_EDGE('',*,*,#18732,.T.);
#18739=ORIENTED_EDGE('',*,*,#18736,.T.);
#18740=DIRECTION('',(0.7194063676557101,-0.6945894313739717,0.0));
#18741=AXIS2_PLACEMENT_3D('',#18288,#721,#18740);
#18742=PLANE('',#18741);
#18743=EDGE_LOOP('',(#18737,#18738,#18739));
#18744=FACE_BOUND('',#18743,.T.);
#18745=ADVANCED_FACE('',(#18744),#18742,.T.);
#18746=DIRECTION('',(0.10748066572513992,0.9942071748359497,0.0));
#18747=VECTOR('',#18746,1000.0);
#18748=LINE('',#18264,#18747);
#18749=EDGE_CURVE('',#18265,#18291,#18748,.T.);
#18750=DIRECTION('',(0.0,-1.0,0.0));
#18751=VECTOR('',#18750,1000.0);
#18752=LINE('',#18290,#18751);
#18753=EDGE_CURVE('',#18291,#18289,#18752,.T.);
#18754=ORIENTED_EDGE('',*,*,#18736,.F.);
#18755=ORIENTED_EDGE('',*,*,#18749,.T.);
#18756=ORIENTED_EDGE('',*,*,#18753,.T.);
#18757=DIRECTION('',(-0.1414213562373095,-0.9899494936611666,0.0));
#18758=AXIS2_PLACEMENT_3D('',#18288,#825,#18757);
#18759=PLANE('',#18758);
#18760=EDGE_LOOP('',(#18754,#18755,#18756));
#18761=FACE_BOUND('',#18760,.T.);
#18762=ADVANCED_FACE('',(#18761),#18759,.T.);
#18763=DIRECTION('',(0.9948724450205497,-0.10113761980011884,0.0));
#18764=VECTOR('',#18763,1000.0);
#18765=LINE('',#18292,#18764);
#18766=EDGE_CURVE('',#18293,#18295,#18765,.T.);
#18767=DIRECTION('',(-0.999999062566247,0.0013692576920191248,0.0));
#18768=VECTOR('',#18767,1000.0);
#18769=LINE('',#18294,#18768);
#18770=EDGE_CURVE('',#18295,#18297,#18769,.T.);
#18771=LINE('',#18296,#3425);
#18772=EDGE_CURVE('',#18297,#18293,#18771,.T.);
#18773=ORIENTED_EDGE('',*,*,#18766,.T.);
#18774=ORIENTED_EDGE('',*,*,#18770,.T.);
#18775=ORIENTED_EDGE('',*,*,#18772,.T.);
#18776=AXIS2_PLACEMENT_3D('',#18292,#721,#18763);
#18777=PLANE('',#18776);
#18778=EDGE_LOOP('',(#18773,#18774,#18775));
#18779=FACE_BOUND('',#18778,.T.);
#18780=ADVANCED_FACE('',(#18779),#18777,.T.);
#18781=DIRECTION('',(-0.9999244209968124,-0.012294400928450003,0.0));
#18782=VECTOR('',#18781,1000.0);
#18783=LINE('',#18294,#18782);
#18784=EDGE_CURVE('',#18295,#18299,#18783,.T.);
#18785=LINE('',#18298,#3392);
#18786=EDGE_CURVE('',#18299,#18297,#18785,.T.);
#18787=ORIENTED_EDGE('',*,*,#18770,.F.);
#18788=ORIENTED_EDGE('',*,*,#18784,.T.);
#18789=ORIENTED_EDGE('',*,*,#18786,.T.);
#18790=DIRECTION('',(0.999999062566247,-0.0013692576920191248,0.0));
#18791=AXIS2_PLACEMENT_3D('',#18296,#871,#18790);
#18792=PLANE('',#18791);
#18793=EDGE_LOOP('',(#18787,#18788,#18789));
#18794=FACE_BOUND('',#18793,.T.);
#18795=ADVANCED_FACE('',(#18794),#18792,.T.);
#18796=LINE('',#18276,#512);
#18797=EDGE_CURVE('',#18277,#18291,#18796,.T.);
#18798=DIRECTION('',(-0.07387056988718081,0.9972678370952025,0.0));
#18799=VECTOR('',#18798,1000.0);
#18800=LINE('',#18290,#18799);
#18801=EDGE_CURVE('',#18291,#18273,#18800,.T.);
#18802=ORIENTED_EDGE('',*,*,#18797,.T.);
#18803=ORIENTED_EDGE('',*,*,#18801,.T.);
#18804=ORIENTED_EDGE('',*,*,#18667,.F.);
#18805=DIRECTION('',(0.0,0.0,-1.0));
#18806=AXIS2_PLACEMENT_3D('',#18276,#18805,#511);
#18807=PLANE('',#18806);
#18808=EDGE_LOOP('',(#18802,#18803,#18804));
#18809=FACE_BOUND('',#18808,.T.);
#18810=ADVANCED_FACE('',(#18809),#18807,.T.);
#18811=DIRECTION('',(0.031234352574007692,0.9995120885808649,0.0));
#18812=VECTOR('',#18811,1000.0);
#18813=LINE('',#18264,#18812);
#18814=EDGE_CURVE('',#18265,#18273,#18813,.T.);
#18815=ORIENTED_EDGE('',*,*,#18801,.F.);
#18816=ORIENTED_EDGE('',*,*,#18749,.F.);
#18817=ORIENTED_EDGE('',*,*,#18814,.T.);
#18818=DIRECTION('',(0.07387056988718081,-0.9972678370952025,0.0));
#18819=AXIS2_PLACEMENT_3D('',#18272,#871,#18818);
#18820=PLANE('',#18819);
#18821=EDGE_LOOP('',(#18815,#18816,#18817));
#18822=FACE_BOUND('',#18821,.T.);
#18823=ADVANCED_FACE('',(#18822),#18820,.T.);
#18824=DIRECTION('',(0.02738683002926242,0.9996249104243793,0.0));
#18825=VECTOR('',#18824,1000.0);
#18826=LINE('',#18264,#18825);
#18827=EDGE_CURVE('',#18265,#18301,#18826,.T.);
#18828=DIRECTION('',(0.0,-1.0,0.0));
#18829=VECTOR('',#18828,1000.0);
#18830=LINE('',#18300,#18829);
#18831=EDGE_CURVE('',#18301,#18273,#18830,.T.);
#18832=ORIENTED_EDGE('',*,*,#18814,.F.);
#18833=ORIENTED_EDGE('',*,*,#18827,.T.);
#18834=ORIENTED_EDGE('',*,*,#18831,.T.);
#18835=DIRECTION('',(-0.031234352574007692,-0.9995120885808649,0.0));
#18836=AXIS2_PLACEMENT_3D('',#18272,#825,#18835);
#18837=PLANE('',#18836);
#18838=EDGE_LOOP('',(#18832,#18833,#18834));
#18839=FACE_BOUND('',#18838,.T.);
#18840=ADVANCED_FACE('',(#18839),#18837,.T.);
#18841=DIRECTION('',(0.015452195767467454,-0.9998806076957207,0.0));
#18842=VECTOR('',#18841,1000.0);
#18843=LINE('',#18262,#18842);
#18844=EDGE_CURVE('',#18263,#18301,#18843,.T.);
#18845=ORIENTED_EDGE('',*,*,#18827,.F.);
#18846=ORIENTED_EDGE('',*,*,#18609,.F.);
#18847=ORIENTED_EDGE('',*,*,#18844,.T.);
#18848=DIRECTION('',(-0.02738683002926242,-0.9996249104243793,0.0));
#18849=AXIS2_PLACEMENT_3D('',#18300,#825,#18848);
#18850=PLANE('',#18849);
#18851=EDGE_LOOP('',(#18845,#18846,#18847));
#18852=FACE_BOUND('',#18851,.T.);
#18853=ADVANCED_FACE('',(#18852),#18850,.T.);
#18854=DIRECTION('',(0.08010278114605421,-0.9967866092863946,0.0));
#18855=VECTOR('',#18854,1000.0);
#18856=LINE('',#18262,#18855);
#18857=EDGE_CURVE('',#18263,#18283,#18856,.T.);
#18858=LINE('',#18282,#512);
#18859=EDGE_CURVE('',#18283,#18301,#18858,.T.);
#18860=ORIENTED_EDGE('',*,*,#18844,.F.);
#18861=ORIENTED_EDGE('',*,*,#18857,.T.);
#18862=ORIENTED_EDGE('',*,*,#18859,.T.);
#18863=DIRECTION('',(0.0,0.0,-1.0));
#18864=DIRECTION('',(-0.015452195767467454,0.9998806076957207,0.0));
#18865=AXIS2_PLACEMENT_3D('',#18300,#18863,#18864);
#18866=PLANE('',#18865);
#18867=EDGE_LOOP('',(#18860,#18861,#18862));
#18868=FACE_BOUND('',#18867,.T.);
#18869=ADVANCED_FACE('',(#18868),#18866,.T.);
#18870=LINE('',#18302,#3786);
#18871=EDGE_CURVE('',#18303,#18305,#18870,.T.);
#18872=DIRECTION('',(0.9589892653420313,0.28344239089936973,0.0));
#18873=VECTOR('',#18872,1000.0);
#18874=LINE('',#18304,#18873);
#18875=EDGE_CURVE('',#18305,#18307,#18874,.T.);
#18876=DIRECTION('',(-0.8907494661029618,-0.45449465193474886,0.0));
#18877=VECTOR('',#18876,1000.0);
#18878=LINE('',#18306,#18877);
#18879=EDGE_CURVE('',#18307,#18303,#18878,.T.);
#18880=ORIENTED_EDGE('',*,*,#18871,.T.);
#18881=ORIENTED_EDGE('',*,*,#18875,.T.);
#18882=ORIENTED_EDGE('',*,*,#18879,.T.);
#18883=DIRECTION('',(0.0,0.0,-1.0));
#18884=AXIS2_PLACEMENT_3D('',#18302,#18883,#3785);
#18885=PLANE('',#18884);
#18886=EDGE_LOOP('',(#18880,#18881,#18882));
#18887=FACE_BOUND('',#18886,.T.);
#18888=ADVANCED_FACE('',(#18887),#18885,.T.);
#18889=LINE('',#18308,#4225);
#18890=EDGE_CURVE('',#18309,#18311,#18889,.T.);
#18891=DIRECTION('',(-0.47963863157524084,-0.8774661150726165,0.0));
#18892=VECTOR('',#18891,1000.0);
#18893=LINE('',#18310,#18892);
#18894=EDGE_CURVE('',#18311,#18313,#18893,.T.);
#18895=DIRECTION('',(0.39150384697355195,0.920176471012441,0.0));
#18896=VECTOR('',#18895,1000.0);
#18897=LINE('',#18312,#18896);
#18898=EDGE_CURVE('',#18313,#18309,#18897,.T.);
#18899=ORIENTED_EDGE('',*,*,#18890,.T.);
#18900=ORIENTED_EDGE('',*,*,#18894,.T.);
#18901=ORIENTED_EDGE('',*,*,#18898,.T.);
#18902=AXIS2_PLACEMENT_3D('',#18308,#871,#4224);
#18903=PLANE('',#18902);
#18904=EDGE_LOOP('',(#18899,#18900,#18901));
#18905=FACE_BOUND('',#18904,.T.);
#18906=ADVANCED_FACE('',(#18905),#18903,.T.);
#18907=LINE('',#18310,#4191);
#18908=EDGE_CURVE('',#18311,#18315,#18907,.T.);
#18909=DIRECTION('',(-0.5670600826607961,-0.8236764307983634,0.0));
#18910=VECTOR('',#18909,1000.0);
#18911=LINE('',#18314,#18910);
#18912=EDGE_CURVE('',#18315,#18313,#18911,.T.);
#18913=ORIENTED_EDGE('',*,*,#18894,.F.);
#18914=ORIENTED_EDGE('',*,*,#18908,.T.);
#18915=ORIENTED_EDGE('',*,*,#18912,.T.);
#18916=DIRECTION('',(0.0,0.0,-1.0));
#18917=DIRECTION('',(0.47963863157524084,0.8774661150726165,0.0));
#18918=AXIS2_PLACEMENT_3D('',#18312,#18916,#18917);
#18919=PLANE('',#18918);
#18920=EDGE_LOOP('',(#18913,#18914,#18915));
#18921=FACE_BOUND('',#18920,.T.);
#18922=ADVANCED_FACE('',(#18921),#18919,.T.);
#18923=LINE('',#18314,#4157);
#18924=EDGE_CURVE('',#18315,#18317,#18923,.T.);
#18925=DIRECTION('',(-0.6545023255310639,-0.7560599882776692,0.0));
#18926=VECTOR('',#18925,1000.0);
#18927=LINE('',#18316,#18926);
#18928=EDGE_CURVE('',#18317,#18313,#18927,.T.);
#18929=ORIENTED_EDGE('',*,*,#18912,.F.);
#18930=ORIENTED_EDGE('',*,*,#18924,.T.);
#18931=ORIENTED_EDGE('',*,*,#18928,.T.);
#18932=DIRECTION('',(0.0,0.0,-1.0));
#18933=DIRECTION('',(0.5670600826607961,0.8236764307983634,0.0));
#18934=AXIS2_PLACEMENT_3D('',#18312,#18932,#18933);
#18935=PLANE('',#18934);
#18936=EDGE_LOOP('',(#18929,#18930,#18931));
#18937=FACE_BOUND('',#18936,.T.);
#18938=ADVANCED_FACE('',(#18937),#18935,.T.);
#18939=LINE('',#18318,#4491);
#18940=EDGE_CURVE('',#18319,#18321,#18939,.T.);
#18941=DIRECTION('',(-0.9302657044988921,-0.36688652064797894,0.0));
#18942=VECTOR('',#18941,1000.0);
#18943=LINE('',#18320,#18942);
#18944=EDGE_CURVE('',#18321,#18313,#18943,.T.);
#18945=DIRECTION('',(0.8685707922434929,0.4955651106176778,0.0));
#18946=VECTOR('',#18945,1000.0);
#18947=LINE('',#18312,#18946);
#18948=EDGE_CURVE('',#18313,#18319,#18947,.T.);
#18949=ORIENTED_EDGE('',*,*,#18940,.T.);
#18950=ORIENTED_EDGE('',*,*,#18944,.T.);
#18951=ORIENTED_EDGE('',*,*,#18948,.T.);
#18952=DIRECTION('',(0.0,0.0,-1.0));
#18953=AXIS2_PLACEMENT_3D('',#18318,#18952,#4490);
#18954=PLANE('',#18953);
#18955=EDGE_LOOP('',(#18949,#18950,#18951));
#18956=FACE_BOUND('',#18955,.T.);
#18957=ADVANCED_FACE('',(#18956),#18954,.T.);
#18958=LINE('',#18320,#4460);
#18959=EDGE_CURVE('',#18321,#18323,#18958,.T.);
#18960=DIRECTION('',(-0.9681534783485493,-0.25035742921192694,0.0));
#18961=VECTOR('',#18960,1000.0);
#18962=LINE('',#18322,#18961);
#18963=EDGE_CURVE('',#18323,#18313,#18962,.T.);
#18964=ORIENTED_EDGE('',*,*,#18944,.F.);
#18965=ORIENTED_EDGE('',*,*,#18959,.T.);
#18966=ORIENTED_EDGE('',*,*,#18963,.T.);
#18967=DIRECTION('',(0.9302657044988921,0.36688652064797894,0.0));
#18968=AXIS2_PLACEMENT_3D('',#18312,#871,#18967);
#18969=PLANE('',#18968);
#18970=EDGE_LOOP('',(#18964,#18965,#18966));
#18971=FACE_BOUND('',#18970,.T.);
#18972=ADVANCED_FACE('',(#18971),#18969,.T.);
#18973=LINE('',#18324,#4295);
#18974=EDGE_CURVE('',#18325,#18327,#18973,.T.);
#18975=DIRECTION('',(0.9757344369213116,0.21895732142554933,0.0));
#18976=VECTOR('',#18975,1000.0);
#18977=LINE('',#18326,#18976);
#18978=EDGE_CURVE('',#18327,#18329,#18977,.T.);
#18979=LINE('',#18328,#4328);
#18980=EDGE_CURVE('',#18329,#18325,#18979,.T.);
#18981=ORIENTED_EDGE('',*,*,#18974,.T.);
#18982=ORIENTED_EDGE('',*,*,#18978,.T.);
#18983=ORIENTED_EDGE('',*,*,#18980,.T.);
#18984=AXIS2_PLACEMENT_3D('',#18324,#825,#4294);
#18985=PLANE('',#18984);
#18986=EDGE_LOOP('',(#18981,#18982,#18983));
#18987=FACE_BOUND('',#18986,.T.);
#18988=ADVANCED_FACE('',(#18987),#18985,.T.);
#18989=DIRECTION('',(0.9451188526211196,0.32672672743462283,0.0));
#18990=VECTOR('',#18989,1000.0);
#18991=LINE('',#18326,#18990);
#18992=EDGE_CURVE('',#18327,#18331,#18991,.T.);
#18993=LINE('',#18330,#4361);
#18994=EDGE_CURVE('',#18331,#18329,#18993,.T.);
#18995=ORIENTED_EDGE('',*,*,#18978,.F.);
#18996=ORIENTED_EDGE('',*,*,#18992,.T.);
#18997=ORIENTED_EDGE('',*,*,#18994,.T.);
#18998=DIRECTION('',(-0.9757344369213116,-0.21895732142554933,0.0));
#18999=AXIS2_PLACEMENT_3D('',#18328,#825,#18998);
#19000=PLANE('',#18999);
#19001=EDGE_LOOP('',(#18995,#18996,#18997));
#19002=FACE_BOUND('',#19001,.T.);
#19003=ADVANCED_FACE('',(#19002),#19000,.T.);
#19004=LINE('',#18322,#4427);
#19005=EDGE_CURVE('',#18323,#18333,#19004,.T.);
#19006=DIRECTION('',(-0.9897463597062722,-0.14283607194326847,0.0));
#19007=VECTOR('',#19006,1000.0);
#19008=LINE('',#18332,#19007);
#19009=EDGE_CURVE('',#18333,#18313,#19008,.T.);
#19010=ORIENTED_EDGE('',*,*,#19005,.T.);
#19011=ORIENTED_EDGE('',*,*,#19009,.T.);
#19012=ORIENTED_EDGE('',*,*,#18963,.F.);
#19013=DIRECTION('',(0.0,0.0,-1.0));
#19014=AXIS2_PLACEMENT_3D('',#18322,#19013,#4426);
#19015=PLANE('',#19014);
#19016=EDGE_LOOP('',(#19010,#19011,#19012));
#19017=FACE_BOUND('',#19016,.T.);
#19018=ADVANCED_FACE('',(#19017),#19015,.T.);
#19019=LINE('',#18332,#4394);
#19020=EDGE_CURVE('',#18333,#18331,#19019,.T.);
#19021=DIRECTION('',(-0.9986155801657667,-0.05260154988390861,0.0));
#19022=VECTOR('',#19021,1000.0);
#19023=LINE('',#18330,#19022);
#19024=EDGE_CURVE('',#18331,#18313,#19023,.T.);
#19025=ORIENTED_EDGE('',*,*,#19009,.F.);
#19026=ORIENTED_EDGE('',*,*,#19020,.T.);
#19027=ORIENTED_EDGE('',*,*,#19024,.T.);
#19028=DIRECTION('',(0.9897463597062722,0.14283607194326847,0.0));
#19029=AXIS2_PLACEMENT_3D('',#18312,#871,#19028);
#19030=PLANE('',#19029);
#19031=EDGE_LOOP('',(#19025,#19026,#19027));
#19032=FACE_BOUND('',#19031,.T.);
#19033=ADVANCED_FACE('',(#19032),#19030,.T.);
#19034=DIRECTION('',(-0.9846210670324518,-0.1747036186112819,0.0));
#19035=VECTOR('',#19034,1000.0);
#19036=LINE('',#18330,#19035);
#19037=EDGE_CURVE('',#18331,#18335,#19036,.T.);
#19038=LINE('',#18334,#4558);
#19039=EDGE_CURVE('',#18335,#18313,#19038,.T.);
#19040=ORIENTED_EDGE('',*,*,#19024,.F.);
#19041=ORIENTED_EDGE('',*,*,#19037,.T.);
#19042=ORIENTED_EDGE('',*,*,#19039,.T.);
#19043=DIRECTION('',(0.9986155801657667,0.05260154988390861,0.0));
#19044=AXIS2_PLACEMENT_3D('',#18312,#871,#19043);
#19045=PLANE('',#19044);
#19046=EDGE_LOOP('',(#19040,#19041,#19042));
#19047=FACE_BOUND('',#19046,.T.);
#19048=ADVANCED_FACE('',(#19047),#19045,.T.);
#19049=LINE('',#18326,#4590);
#19050=EDGE_CURVE('',#18327,#18335,#19049,.T.);
#19051=ORIENTED_EDGE('',*,*,#19037,.F.);
#19052=ORIENTED_EDGE('',*,*,#18992,.F.);
#19053=ORIENTED_EDGE('',*,*,#19050,.T.);
#19054=DIRECTION('',(0.9846210670324518,0.1747036186112819,0.0));
#19055=AXIS2_PLACEMENT_3D('',#18334,#871,#19054);
#19056=PLANE('',#19055);
#19057=EDGE_LOOP('',(#19051,#19052,#19053));
#19058=FACE_BOUND('',#19057,.T.);
#19059=ADVANCED_FACE('',(#19058),#19056,.T.);
#19060=LINE('',#18316,#4123);
#19061=EDGE_CURVE('',#18317,#18337,#19060,.T.);
#19062=DIRECTION('',(-0.7313932655044896,-0.681955930522405,0.0));
#19063=VECTOR('',#19062,1000.0);
#19064=LINE('',#18336,#19063);
#19065=EDGE_CURVE('',#18337,#18313,#19064,.T.);
#19066=ORIENTED_EDGE('',*,*,#19061,.T.);
#19067=ORIENTED_EDGE('',*,*,#19065,.T.);
#19068=ORIENTED_EDGE('',*,*,#18928,.F.);
#19069=AXIS2_PLACEMENT_3D('',#18316,#871,#4122);
#19070=PLANE('',#19069);
#19071=EDGE_LOOP('',(#19066,#19067,#19068));
#19072=FACE_BOUND('',#19071,.T.);
#19073=ADVANCED_FACE('',(#19072),#19070,.T.);
#19074=LINE('',#18336,#1868);
#19075=EDGE_CURVE('',#18337,#18339,#19074,.T.);
#19076=DIRECTION('',(-0.8162566867582062,-0.577689381348243,0.0));
#19077=VECTOR('',#19076,1000.0);
#19078=LINE('',#18338,#19077);
#19079=EDGE_CURVE('',#18339,#18313,#19078,.T.);
#19080=ORIENTED_EDGE('',*,*,#19065,.F.);
#19081=ORIENTED_EDGE('',*,*,#19075,.T.);
#19082=ORIENTED_EDGE('',*,*,#19079,.T.);
#19083=DIRECTION('',(0.0,0.0,-1.0));
#19084=DIRECTION('',(0.7313932655044896,0.681955930522405,0.0));
#19085=AXIS2_PLACEMENT_3D('',#18312,#19083,#19084);
#19086=PLANE('',#19085);
#19087=EDGE_LOOP('',(#19080,#19081,#19082));
#19088=FACE_BOUND('',#19087,.T.);
#19089=ADVANCED_FACE('',(#19088),#19086,.T.);
#19090=LINE('',#18338,#4058);
#19091=EDGE_CURVE('',#18339,#18319,#19090,.T.);
#19092=ORIENTED_EDGE('',*,*,#19079,.F.);
#19093=ORIENTED_EDGE('',*,*,#19091,.T.);
#19094=ORIENTED_EDGE('',*,*,#18948,.F.);
#19095=DIRECTION('',(0.0,0.0,-1.0));
#19096=DIRECTION('',(0.8162566867582062,0.577689381348243,0.0));
#19097=AXIS2_PLACEMENT_3D('',#18312,#19095,#19096);
#19098=PLANE('',#19097);
#19099=EDGE_LOOP('',(#19092,#19093,#19094));
#19100=FACE_BOUND('',#19099,.T.);
#19101=ADVANCED_FACE('',(#19100),#19098,.T.);
#19102=LINE('',#18304,#3752);
#19103=EDGE_CURVE('',#18305,#18341,#19102,.T.);
#19104=DIRECTION('',(0.9922916427974646,0.12392455621993956,0.0));
#19105=VECTOR('',#19104,1000.0);
#19106=LINE('',#18340,#19105);
#19107=EDGE_CURVE('',#18341,#18307,#19106,.T.);
#19108=ORIENTED_EDGE('',*,*,#19103,.T.);
#19109=ORIENTED_EDGE('',*,*,#19107,.T.);
#19110=ORIENTED_EDGE('',*,*,#18875,.F.);
#19111=DIRECTION('',(0.0,0.0,-1.0));
#19112=AXIS2_PLACEMENT_3D('',#18304,#19111,#3751);
#19113=PLANE('',#19112);
#19114=EDGE_LOOP('',(#19108,#19109,#19110));
#19115=FACE_BOUND('',#19114,.T.);
#19116=ADVANCED_FACE('',(#19115),#19113,.T.);
#19117=DIRECTION('',(-0.1695033802119103,0.9855296058955999,0.0));
#19118=VECTOR('',#19117,1000.0);
#19119=LINE('',#18340,#19118);
#19120=EDGE_CURVE('',#18341,#18263,#19119,.T.);
#19121=DIRECTION('',(0.24989605463772194,-0.9682726691776964,0.0));
#19122=VECTOR('',#19121,1000.0);
#19123=LINE('',#18262,#19122);
#19124=EDGE_CURVE('',#18263,#18307,#19123,.T.);
#19125=ORIENTED_EDGE('',*,*,#19107,.F.);
#19126=ORIENTED_EDGE('',*,*,#19120,.T.);
#19127=ORIENTED_EDGE('',*,*,#19124,.T.);
#19128=DIRECTION('',(-0.9922916427974646,-0.12392455621993956,0.0));
#19129=AXIS2_PLACEMENT_3D('',#18306,#825,#19128);
#19130=PLANE('',#19129);
#19131=EDGE_LOOP('',(#19125,#19126,#19127));
#19132=FACE_BOUND('',#19131,.T.);
#19133=ADVANCED_FACE('',(#19132),#19130,.T.);
#19134=VECTOR('',#903,1000.0);
#19135=LINE('',#18262,#19134);
#19136=EDGE_CURVE('',#18263,#18343,#19135,.T.);
#19137=LINE('',#18342,#512);
#19138=EDGE_CURVE('',#18343,#18307,#19137,.T.);
#19139=ORIENTED_EDGE('',*,*,#19124,.F.);
#19140=ORIENTED_EDGE('',*,*,#19136,.T.);
#19141=ORIENTED_EDGE('',*,*,#19138,.T.);
#19142=DIRECTION('',(0.0,0.0,-1.0));
#19143=DIRECTION('',(-0.24989605463772194,0.9682726691776964,0.0));
#19144=AXIS2_PLACEMENT_3D('',#18306,#19142,#19143);
#19145=PLANE('',#19144);
#19146=EDGE_LOOP('',(#19139,#19140,#19141));
#19147=FACE_BOUND('',#19146,.T.);
#19148=ADVANCED_FACE('',(#19147),#19145,.T.);
#19149=LINE('',#18262,#491);
#19150=EDGE_CURVE('',#18263,#18345,#19149,.T.);
#19151=DIRECTION('',(-0.590205142195086,-0.8072532998548091,0.0));
#19152=VECTOR('',#19151,1000.0);
#19153=LINE('',#18344,#19152);
#19154=EDGE_CURVE('',#18345,#18343,#19153,.T.);
#19155=ORIENTED_EDGE('',*,*,#19136,.F.);
#19156=ORIENTED_EDGE('',*,*,#19150,.T.);
#19157=ORIENTED_EDGE('',*,*,#19154,.T.);
#19158=DIRECTION('',(0.0,0.0,-1.0));
#19159=AXIS2_PLACEMENT_3D('',#18342,#19158,#882);
#19160=PLANE('',#19159);
#19161=EDGE_LOOP('',(#19155,#19156,#19157));
#19162=FACE_BOUND('',#19161,.T.);
#19163=ADVANCED_FACE('',(#19162),#19160,.T.);
#19164=DIRECTION('',(-0.5443374632204054,-0.8388663338904321,0.0));
#19165=VECTOR('',#19164,1000.0);
#19166=LINE('',#18344,#19165);
#19167=EDGE_CURVE('',#18345,#18347,#19166,.T.);
#19168=LINE('',#18346,#1193);
#19169=EDGE_CURVE('',#18347,#18343,#19168,.T.);
#19170=ORIENTED_EDGE('',*,*,#19154,.F.);
#19171=ORIENTED_EDGE('',*,*,#19167,.T.);
#19172=ORIENTED_EDGE('',*,*,#19169,.T.);
#19173=DIRECTION('',(0.590205142195086,0.8072532998548091,0.0));
#19174=AXIS2_PLACEMENT_3D('',#18342,#871,#19173);
#19175=PLANE('',#19174);
#19176=EDGE_LOOP('',(#19170,#19171,#19172));
#19177=FACE_BOUND('',#19176,.T.);
#19178=ADVANCED_FACE('',(#19177),#19175,.T.);
#19179=DIRECTION('',(0.0,-1.0,0.0));
#19180=VECTOR('',#19179,1000.0);
#19181=LINE('',#18344,#19180);
#19182=EDGE_CURVE('',#18345,#18349,#19181,.T.);
#19183=DIRECTION('',(-0.9999994428932637,0.001055562959810581,0.0));
#19184=VECTOR('',#19183,1000.0);
#19185=LINE('',#18348,#19184);
#19186=EDGE_CURVE('',#18349,#18347,#19185,.T.);
#19187=ORIENTED_EDGE('',*,*,#19167,.F.);
#19188=ORIENTED_EDGE('',*,*,#19182,.T.);
#19189=ORIENTED_EDGE('',*,*,#19186,.T.);
#19190=DIRECTION('',(0.0,0.0,-1.0));
#19191=DIRECTION('',(0.5443374632204054,0.8388663338904321,0.0));
#19192=AXIS2_PLACEMENT_3D('',#18346,#19190,#19191);
#19193=PLANE('',#19192);
#19194=EDGE_LOOP('',(#19187,#19188,#19189));
#19195=FACE_BOUND('',#19194,.T.);
#19196=ADVANCED_FACE('',(#19195),#19193,.T.);
#19197=LINE('',#18292,#3459);
#19198=EDGE_CURVE('',#18293,#18351,#19197,.T.);
#19199=DIRECTION('',(0.9477671738946425,-0.31896298231575776,0.0));
#19200=VECTOR('',#19199,1000.0);
#19201=LINE('',#18350,#19200);
#19202=EDGE_CURVE('',#18351,#18295,#19201,.T.);
#19203=ORIENTED_EDGE('',*,*,#19198,.T.);
#19204=ORIENTED_EDGE('',*,*,#19202,.T.);
#19205=ORIENTED_EDGE('',*,*,#18766,.F.);
#19206=DIRECTION('',(0.0,0.0,-1.0));
#19207=AXIS2_PLACEMENT_3D('',#18292,#19206,#3458);
#19208=PLANE('',#19207);
#19209=EDGE_LOOP('',(#19203,#19204,#19205));
#19210=FACE_BOUND('',#19209,.T.);
#19211=ADVANCED_FACE('',(#19210),#19208,.T.);
#19212=LINE('',#18350,#3493);
#19213=EDGE_CURVE('',#18351,#18353,#19212,.T.);
#19214=DIRECTION('',(0.7354115766029757,-0.6776206999482273,0.0));
#19215=VECTOR('',#19214,1000.0);
#19216=LINE('',#18352,#19215);
#19217=EDGE_CURVE('',#18353,#18295,#19216,.T.);
#19218=ORIENTED_EDGE('',*,*,#19202,.F.);
#19219=ORIENTED_EDGE('',*,*,#19213,.T.);
#19220=ORIENTED_EDGE('',*,*,#19217,.T.);
#19221=DIRECTION('',(0.0,0.0,-1.0));
#19222=DIRECTION('',(-0.9477671738946425,0.31896298231575776,0.0));
#19223=AXIS2_PLACEMENT_3D('',#18294,#19221,#19222);
#19224=PLANE('',#19223);
#19225=EDGE_LOOP('',(#19218,#19219,#19220));
#19226=FACE_BOUND('',#19225,.T.);
#19227=ADVANCED_FACE('',(#19226),#19224,.T.);
#19228=DIRECTION('',(0.956177910920832,-0.2927862747245393,0.0));
#19229=VECTOR('',#19228,1000.0);
#19230=LINE('',#18352,#19229);
#19231=EDGE_CURVE('',#18353,#18355,#19230,.T.);
#19232=DIRECTION('',(0.0,-1.0,0.0));
#19233=VECTOR('',#19232,1000.0);
#19234=LINE('',#18354,#19233);
#19235=EDGE_CURVE('',#18355,#18295,#19234,.T.);
#19236=ORIENTED_EDGE('',*,*,#19217,.F.);
#19237=ORIENTED_EDGE('',*,*,#19231,.T.);
#19238=ORIENTED_EDGE('',*,*,#19235,.T.);
#19239=DIRECTION('',(0.0,0.0,-1.0));
#19240=DIRECTION('',(-0.7354115766029757,0.6776206999482273,0.0));
#19241=AXIS2_PLACEMENT_3D('',#18294,#19239,#19240);
#19242=PLANE('',#19241);
#19243=EDGE_LOOP('',(#19236,#19237,#19238));
#19244=FACE_BOUND('',#19243,.T.);
#19245=ADVANCED_FACE('',(#19244),#19242,.T.);
#19246=LINE('',#18352,#3527);
#19247=EDGE_CURVE('',#18353,#18357,#19246,.T.);
#19248=DIRECTION('',(0.6413128362697965,-0.7672795097196256,0.0));
#19249=VECTOR('',#19248,1000.0);
#19250=LINE('',#18356,#19249);
#19251=EDGE_CURVE('',#18357,#18355,#19250,.T.);
#19252=ORIENTED_EDGE('',*,*,#19231,.F.);
#19253=ORIENTED_EDGE('',*,*,#19247,.T.);
#19254=ORIENTED_EDGE('',*,*,#19251,.T.);
#19255=DIRECTION('',(0.0,0.0,-1.0));
#19256=DIRECTION('',(-0.956177910920832,0.2927862747245393,0.0));
#19257=AXIS2_PLACEMENT_3D('',#18354,#19255,#19256);
#19258=PLANE('',#19257);
#19259=EDGE_LOOP('',(#19252,#19253,#19254));
#19260=FACE_BOUND('',#19259,.T.);
#19261=ADVANCED_FACE('',(#19260),#19258,.T.);
#19262=DIRECTION('',(0.9584707997760463,-0.2851906835376399,0.0));
#19263=VECTOR('',#19262,1000.0);
#19264=LINE('',#18356,#19263);
#19265=EDGE_CURVE('',#18357,#18359,#19264,.T.);
#19266=LINE('',#18358,#512);
#19267=EDGE_CURVE('',#18359,#18355,#19266,.T.);
#19268=ORIENTED_EDGE('',*,*,#19251,.F.);
#19269=ORIENTED_EDGE('',*,*,#19265,.T.);
#19270=ORIENTED_EDGE('',*,*,#19267,.T.);
#19271=DIRECTION('',(0.0,0.0,-1.0));
#19272=DIRECTION('',(-0.6413128362697965,0.7672795097196256,0.0));
#19273=AXIS2_PLACEMENT_3D('',#18354,#19271,#19272);
#19274=PLANE('',#19273);
#19275=EDGE_LOOP('',(#19268,#19269,#19270));
#19276=FACE_BOUND('',#19275,.T.);
#19277=ADVANCED_FACE('',(#19276),#19274,.T.);
#19278=LINE('',#18356,#3561);
#19279=EDGE_CURVE('',#18357,#18361,#19278,.T.);
#19280=VECTOR('',#1336,1000.0);
#19281=LINE('',#18360,#19280);
#19282=EDGE_CURVE('',#18361,#18359,#19281,.T.);
#19283=ORIENTED_EDGE('',*,*,#19279,.T.);
#19284=ORIENTED_EDGE('',*,*,#19282,.T.);
#19285=ORIENTED_EDGE('',*,*,#19265,.F.);
#19286=DIRECTION('',(0.0,0.0,-1.0));
#19287=AXIS2_PLACEMENT_3D('',#18356,#19286,#3560);
#19288=PLANE('',#19287);
#19289=EDGE_LOOP('',(#19283,#19284,#19285));
#19290=FACE_BOUND('',#19289,.T.);
#19291=ADVANCED_FACE('',(#19290),#19288,.T.);
#19292=LINE('',#18360,#3595);
#19293=EDGE_CURVE('',#18361,#18363,#19292,.T.);
#19294=DIRECTION('',(0.780332962289577,-0.6253642682184309,0.0));
#19295=VECTOR('',#19294,1000.0);
#19296=LINE('',#18362,#19295);
#19297=EDGE_CURVE('',#18363,#18359,#19296,.T.);
#19298=ORIENTED_EDGE('',*,*,#19282,.F.);
#19299=ORIENTED_EDGE('',*,*,#19293,.T.);
#19300=ORIENTED_EDGE('',*,*,#19297,.T.);
#19301=DIRECTION('',(0.0,0.0,-1.0));
#19302=DIRECTION('',(-0.8798223423004309,0.47530268880891413,0.0));
#19303=AXIS2_PLACEMENT_3D('',#18358,#19301,#19302);
#19304=PLANE('',#19303);
#19305=EDGE_LOOP('',(#19298,#19299,#19300));
#19306=FACE_BOUND('',#19305,.T.);
#19307=ADVANCED_FACE('',(#19306),#19304,.T.);
#19308=VECTOR('',#4932,1000.0);
#19309=LINE('',#18362,#19308);
#19310=EDGE_CURVE('',#18363,#18307,#19309,.T.);
#19311=DIRECTION('',(0.0,-1.0,0.0));
#19312=VECTOR('',#19311,1000.0);
#19313=LINE('',#18306,#19312);
#19314=EDGE_CURVE('',#18307,#18359,#19313,.T.);
#19315=ORIENTED_EDGE('',*,*,#19297,.F.);
#19316=ORIENTED_EDGE('',*,*,#19310,.T.);
#19317=ORIENTED_EDGE('',*,*,#19314,.T.);
#19318=DIRECTION('',(0.0,0.0,-1.0));
#19319=DIRECTION('',(-0.780332962289577,0.6253642682184309,0.0));
#19320=AXIS2_PLACEMENT_3D('',#18358,#19318,#19319);
#19321=PLANE('',#19320);
#19322=EDGE_LOOP('',(#19315,#19316,#19317));
#19323=FACE_BOUND('',#19322,.T.);
#19324=ADVANCED_FACE('',(#19323),#19321,.T.);
#19325=LINE('',#18362,#3852);
#19326=EDGE_CURVE('',#18363,#18365,#19325,.T.);
#19327=DIRECTION('',(0.7852986703193999,0.6191171120188672,0.0));
#19328=VECTOR('',#19327,1000.0);
#19329=LINE('',#18364,#19328);
#19330=EDGE_CURVE('',#18365,#18307,#19329,.T.);
#19331=ORIENTED_EDGE('',*,*,#19310,.F.);
#19332=ORIENTED_EDGE('',*,*,#19326,.T.);
#19333=ORIENTED_EDGE('',*,*,#19330,.T.);
#19334=AXIS2_PLACEMENT_3D('',#18306,#825,#4911);
#19335=PLANE('',#19334);
#19336=EDGE_LOOP('',(#19331,#19332,#19333));
#19337=FACE_BOUND('',#19336,.T.);
#19338=ADVANCED_FACE('',(#19337),#19335,.T.);
#19339=LINE('',#18364,#3820);
#19340=EDGE_CURVE('',#18365,#18303,#19339,.T.);
#19341=ORIENTED_EDGE('',*,*,#19330,.F.);
#19342=ORIENTED_EDGE('',*,*,#19340,.T.);
#19343=ORIENTED_EDGE('',*,*,#18879,.F.);
#19344=DIRECTION('',(-0.7852986703193999,-0.6191171120188672,0.0));
#19345=AXIS2_PLACEMENT_3D('',#18306,#825,#19344);
#19346=PLANE('',#19345);
#19347=EDGE_LOOP('',(#19341,#19342,#19343));
#19348=FACE_BOUND('',#19347,.T.);
#19349=ADVANCED_FACE('',(#19348),#19346,.T.);
#19350=LINE('',#18340,#3718);
#19351=EDGE_CURVE('',#18341,#18367,#19350,.T.);
#19352=DIRECTION('',(-0.15913116157640902,0.9872574504228079,0.0));
#19353=VECTOR('',#19352,1000.0);
#19354=LINE('',#18366,#19353);
#19355=EDGE_CURVE('',#18367,#18263,#19354,.T.);
#19356=ORIENTED_EDGE('',*,*,#19351,.T.);
#19357=ORIENTED_EDGE('',*,*,#19355,.T.);
#19358=ORIENTED_EDGE('',*,*,#19120,.F.);
#19359=DIRECTION('',(0.0,0.0,-1.0));
#19360=AXIS2_PLACEMENT_3D('',#18340,#19359,#3717);
#19361=PLANE('',#19360);
#19362=EDGE_LOOP('',(#19356,#19357,#19358));
#19363=FACE_BOUND('',#19362,.T.);
#19364=ADVANCED_FACE('',(#19363),#19361,.T.);
#19365=LINE('',#18366,#3684);
#19366=EDGE_CURVE('',#18367,#18369,#19365,.T.);
#19367=DIRECTION('',(-0.1461270339274559,0.9892658338159487,0.0));
#19368=VECTOR('',#19367,1000.0);
#19369=LINE('',#18368,#19368);
#19370=EDGE_CURVE('',#18369,#18263,#19369,.T.);
#19371=ORIENTED_EDGE('',*,*,#19355,.F.);
#19372=ORIENTED_EDGE('',*,*,#19366,.T.);
#19373=ORIENTED_EDGE('',*,*,#19370,.T.);
#19374=DIRECTION('',(0.15913116157640902,-0.9872574504228079,0.0));
#19375=AXIS2_PLACEMENT_3D('',#18262,#721,#19374);
#19376=PLANE('',#19375);
#19377=EDGE_LOOP('',(#19371,#19372,#19373));
#19378=FACE_BOUND('',#19377,.T.);
#19379=ADVANCED_FACE('',(#19378),#19376,.T.);
#19380=LINE('',#18368,#3653);
#19381=EDGE_CURVE('',#18369,#18371,#19380,.T.);
#19382=DIRECTION('',(-0.13390163782243583,0.9909946273257334,0.0));
#19383=VECTOR('',#19382,1000.0);
#19384=LINE('',#18370,#19383);
#19385=EDGE_CURVE('',#18371,#18263,#19384,.T.);
#19386=ORIENTED_EDGE('',*,*,#19370,.F.);
#19387=ORIENTED_EDGE('',*,*,#19381,.T.);
#19388=ORIENTED_EDGE('',*,*,#19385,.T.);
#19389=DIRECTION('',(0.1461270339274559,-0.9892658338159487,0.0));
#19390=AXIS2_PLACEMENT_3D('',#18262,#721,#19389);
#19391=PLANE('',#19390);
#19392=EDGE_LOOP('',(#19386,#19387,#19388));
#19393=FACE_BOUND('',#19392,.T.);
#19394=ADVANCED_FACE('',(#19393),#19391,.T.);
#19395=LINE('',#18370,#3921);
#19396=EDGE_CURVE('',#18371,#18373,#19395,.T.);
#19397=DIRECTION('',(-0.11894864306242671,0.992900408053903,0.0));
#19398=VECTOR('',#19397,1000.0);
#19399=LINE('',#18372,#19398);
#19400=EDGE_CURVE('',#18373,#18263,#19399,.T.);
#19401=ORIENTED_EDGE('',*,*,#19396,.T.);
#19402=ORIENTED_EDGE('',*,*,#19400,.T.);
#19403=ORIENTED_EDGE('',*,*,#19385,.F.);
#19404=AXIS2_PLACEMENT_3D('',#18370,#825,#3920);
#19405=PLANE('',#19404);
#19406=EDGE_LOOP('',(#19401,#19402,#19403));
#19407=FACE_BOUND('',#19406,.T.);
#19408=ADVANCED_FACE('',(#19407),#19405,.T.);
#19409=LINE('',#18372,#3890);
#19410=EDGE_CURVE('',#18373,#18375,#19409,.T.);
#19411=LINE('',#18374,#1723);
#19412=EDGE_CURVE('',#18375,#18263,#19411,.T.);
#19413=ORIENTED_EDGE('',*,*,#19400,.F.);
#19414=ORIENTED_EDGE('',*,*,#19410,.T.);
#19415=ORIENTED_EDGE('',*,*,#19412,.T.);
#19416=DIRECTION('',(0.11894864306242671,-0.992900408053903,0.0));
#19417=AXIS2_PLACEMENT_3D('',#18262,#871,#19416);
#19418=PLANE('',#19417);
#19419=EDGE_LOOP('',(#19413,#19414,#19415));
#19420=FACE_BOUND('',#19419,.T.);
#19421=ADVANCED_FACE('',(#19420),#19418,.T.);
#19422=LINE('',#18374,#3312);
#19423=EDGE_CURVE('',#18375,#18283,#19422,.T.);
#19424=ORIENTED_EDGE('',*,*,#19412,.F.);
#19425=ORIENTED_EDGE('',*,*,#19423,.T.);
#19426=ORIENTED_EDGE('',*,*,#18857,.F.);
#19427=AXIS2_PLACEMENT_3D('',#18262,#721,#1740);
#19428=PLANE('',#19427);
#19429=EDGE_LOOP('',(#19424,#19425,#19426));
#19430=FACE_BOUND('',#19429,.T.);
#19431=ADVANCED_FACE('',(#19430),#19428,.T.);
#19432=DIRECTION('',(0.0,-1.0,0.0));
#19433=VECTOR('',#19432,1000.0);
#19434=LINE('',#18374,#19433);
#19435=EDGE_CURVE('',#18375,#18377,#19434,.T.);
#19436=DIRECTION('',(-0.7702137839351805,0.6377858002780018,0.0));
#19437=VECTOR('',#19436,1000.0);
#19438=LINE('',#18376,#19437);
#19439=EDGE_CURVE('',#18377,#18283,#19438,.T.);
#19440=ORIENTED_EDGE('',*,*,#19423,.F.);
#19441=ORIENTED_EDGE('',*,*,#19435,.T.);
#19442=ORIENTED_EDGE('',*,*,#19439,.T.);
#19443=DIRECTION('',(0.0,0.0,-1.0));
#19444=AXIS2_PLACEMENT_3D('',#18282,#19443,#3333);
#19445=PLANE('',#19444);
#19446=EDGE_LOOP('',(#19440,#19441,#19442));
#19447=FACE_BOUND('',#19446,.T.);
#19448=ADVANCED_FACE('',(#19447),#19445,.T.);
#19449=DIRECTION('',(0.0,-1.0,0.0));
#19450=VECTOR('',#19449,1000.0);
#19451=LINE('',#18376,#19450);
#19452=EDGE_CURVE('',#18377,#18281,#19451,.T.);
#19453=ORIENTED_EDGE('',*,*,#19439,.F.);
#19454=ORIENTED_EDGE('',*,*,#19452,.T.);
#19455=ORIENTED_EDGE('',*,*,#18702,.F.);
#19456=DIRECTION('',(0.0,0.0,-1.0));
#19457=DIRECTION('',(0.7702137839351805,-0.6377858002780018,0.0));
#19458=AXIS2_PLACEMENT_3D('',#18282,#19456,#19457);
#19459=PLANE('',#19458);
#19460=EDGE_LOOP('',(#19453,#19454,#19455));
#19461=FACE_BOUND('',#19460,.T.);
#19462=ADVANCED_FACE('',(#19461),#19459,.T.);
#19463=LINE('',#18376,#4021);
#19464=EDGE_CURVE('',#18377,#18379,#19463,.T.);
#19465=DIRECTION('',(-0.1535112498642498,-0.9881469000938654,0.0));
#19466=VECTOR('',#19465,1000.0);
#19467=LINE('',#18378,#19466);
#19468=EDGE_CURVE('',#18379,#18281,#19467,.T.);
#19469=ORIENTED_EDGE('',*,*,#19452,.F.);
#19470=ORIENTED_EDGE('',*,*,#19464,.T.);
#19471=ORIENTED_EDGE('',*,*,#19468,.T.);
#19472=DIRECTION('',(0.0,0.0,-1.0));
#19473=AXIS2_PLACEMENT_3D('',#18280,#19472,#1192);
#19474=PLANE('',#19473);
#19475=EDGE_LOOP('',(#19469,#19470,#19471));
#19476=FACE_BOUND('',#19475,.T.);
#19477=ADVANCED_FACE('',(#19476),#19474,.T.);
#19478=VECTOR('',#2039,1000.0);
#19479=LINE('',#18378,#19478);
#19480=EDGE_CURVE('',#18379,#18313,#19479,.T.);
#19481=LINE('',#18312,#4524);
#19482=EDGE_CURVE('',#18313,#18281,#19481,.T.);
#19483=ORIENTED_EDGE('',*,*,#19468,.F.);
#19484=ORIENTED_EDGE('',*,*,#19480,.T.);
#19485=ORIENTED_EDGE('',*,*,#19482,.T.);
#19486=DIRECTION('',(0.1535112498642498,0.9881469000938654,0.0));
#19487=AXIS2_PLACEMENT_3D('',#18280,#871,#19486);
#19488=PLANE('',#19487);
#19489=EDGE_LOOP('',(#19483,#19484,#19485));
#19490=FACE_BOUND('',#19489,.T.);
#19491=ADVANCED_FACE('',(#19490),#19488,.T.);
#19492=LINE('',#18378,#3990);
#19493=EDGE_CURVE('',#18379,#18381,#19492,.T.);
#19494=DIRECTION('',(-0.2767929752682812,-0.9609295753811163,0.0));
#19495=VECTOR('',#19494,1000.0);
#19496=LINE('',#18380,#19495);
#19497=EDGE_CURVE('',#18381,#18313,#19496,.T.);
#19498=ORIENTED_EDGE('',*,*,#19480,.F.);
#19499=ORIENTED_EDGE('',*,*,#19493,.T.);
#19500=ORIENTED_EDGE('',*,*,#19497,.T.);
#19501=DIRECTION('',(0.0,0.0,-1.0));
#19502=AXIS2_PLACEMENT_3D('',#18312,#19501,#2015);
#19503=PLANE('',#19502);
#19504=EDGE_LOOP('',(#19498,#19499,#19500));
#19505=FACE_BOUND('',#19504,.T.);
#19506=ADVANCED_FACE('',(#19505),#19503,.T.);
#19507=LINE('',#18380,#4257);
#19508=EDGE_CURVE('',#18381,#18309,#19507,.T.);
#19509=ORIENTED_EDGE('',*,*,#19497,.F.);
#19510=ORIENTED_EDGE('',*,*,#19508,.T.);
#19511=ORIENTED_EDGE('',*,*,#18898,.F.);
#19512=DIRECTION('',(0.0,0.0,-1.0));
#19513=DIRECTION('',(0.2767929752682812,0.9609295753811163,0.0));
#19514=AXIS2_PLACEMENT_3D('',#18312,#19512,#19513);
#19515=PLANE('',#19514);
#19516=EDGE_LOOP('',(#19509,#19510,#19511));
#19517=FACE_BOUND('',#19516,.T.);
#19518=ADVANCED_FACE('',(#19517),#19515,.T.);
#19519=LINE('',#18294,#491);
#19520=EDGE_CURVE('',#18295,#18347,#19519,.T.);
#19521=DIRECTION('',(-0.9999817315130625,-0.006044554585523112,0.0));
#19522=VECTOR('',#19521,1000.0);
#19523=LINE('',#18346,#19522);
#19524=EDGE_CURVE('',#18347,#18299,#19523,.T.);
#19525=ORIENTED_EDGE('',*,*,#19520,.T.);
#19526=ORIENTED_EDGE('',*,*,#19524,.T.);
#19527=ORIENTED_EDGE('',*,*,#18784,.F.);
#19528=AXIS2_PLACEMENT_3D('',#18294,#871,#12);
#19529=PLANE('',#19528);
#19530=EDGE_LOOP('',(#19525,#19526,#19527));
#19531=FACE_BOUND('',#19530,.T.);
#19532=ADVANCED_FACE('',(#19531),#19529,.T.);
#19533=LINE('',#18348,#512);
#19534=EDGE_CURVE('',#18349,#18299,#19533,.T.);
#19535=ORIENTED_EDGE('',*,*,#19524,.F.);
#19536=ORIENTED_EDGE('',*,*,#19186,.F.);
#19537=ORIENTED_EDGE('',*,*,#19534,.T.);
#19538=DIRECTION('',(0.0,0.0,-1.0));
#19539=DIRECTION('',(0.9999817315130625,0.006044554585523112,0.0));
#19540=AXIS2_PLACEMENT_3D('',#18298,#19538,#19539);
#19541=PLANE('',#19540);
#19542=EDGE_LOOP('',(#19535,#19536,#19537));
#19543=FACE_BOUND('',#19542,.T.);
#19544=ADVANCED_FACE('',(#19543),#19541,.T.);
#19545=DIRECTION('',(-0.9999996018393439,-0.000892368283641565,0.0));
#19546=VECTOR('',#19545,1000.0);
#19547=LINE('',#18348,#19546);
#19548=EDGE_CURVE('',#18349,#18383,#19547,.T.);
#19549=LINE('',#18382,#3392);
#19550=EDGE_CURVE('',#18383,#18299,#19549,.T.);
#19551=ORIENTED_EDGE('',*,*,#19534,.F.);
#19552=ORIENTED_EDGE('',*,*,#19548,.T.);
#19553=ORIENTED_EDGE('',*,*,#19550,.T.);
#19554=AXIS2_PLACEMENT_3D('',#18298,#871,#12);
#19555=PLANE('',#19554);
#19556=EDGE_LOOP('',(#19551,#19552,#19553));
#19557=FACE_BOUND('',#19556,.T.);
#19558=ADVANCED_FACE('',(#19557),#19555,.T.);
#19559=DIRECTION('',(0.0,-1.0,0.0));
#19560=VECTOR('',#19559,1000.0);
#19561=LINE('',#18348,#19560);
#19562=EDGE_CURVE('',#18349,#18385,#19561,.T.);
#19563=DIRECTION('',(-0.6451010457962738,0.7640972717609675,0.0));
#19564=VECTOR('',#19563,1000.0);
#19565=LINE('',#18384,#19564);
#19566=EDGE_CURVE('',#18385,#18383,#19565,.T.);
#19567=ORIENTED_EDGE('',*,*,#19548,.F.);
#19568=ORIENTED_EDGE('',*,*,#19562,.T.);
#19569=ORIENTED_EDGE('',*,*,#19566,.T.);
#19570=DIRECTION('',(0.0,0.0,-1.0));
#19571=DIRECTION('',(0.9999996018393439,0.000892368283641565,0.0));
#19572=AXIS2_PLACEMENT_3D('',#18382,#19570,#19571);
#19573=PLANE('',#19572);
#19574=EDGE_LOOP('',(#19567,#19568,#19569));
#19575=FACE_BOUND('',#19574,.T.);
#19576=ADVANCED_FACE('',(#19575),#19573,.T.);
#19577=DIRECTION('',(-0.6465818413879537,0.7628446253250807,0.0));
#19578=VECTOR('',#19577,1000.0);
#19579=LINE('',#18384,#19578);
#19580=EDGE_CURVE('',#18385,#18387,#19579,.T.);
#19581=LINE('',#18386,#3298);
#19582=EDGE_CURVE('',#18387,#18383,#19581,.T.);
#19583=ORIENTED_EDGE('',*,*,#19566,.F.);
#19584=ORIENTED_EDGE('',*,*,#19580,.T.);
#19585=ORIENTED_EDGE('',*,*,#19582,.T.);
#19586=DIRECTION('',(0.6451010457962738,-0.7640972717609675,0.0));
#19587=AXIS2_PLACEMENT_3D('',#18382,#721,#19586);
#19588=PLANE('',#19587);
#19589=EDGE_LOOP('',(#19583,#19584,#19585));
#19590=FACE_BOUND('',#19589,.T.);
#19591=ADVANCED_FACE('',(#19590),#19588,.T.);
#19592=LINE('',#18384,#512);
#19593=EDGE_CURVE('',#18385,#18389,#19592,.T.);
#19594=DIRECTION('',(0.1318583536391705,0.9912685683383528,0.0));
#19595=VECTOR('',#19594,1000.0);
#19596=LINE('',#18388,#19595);
#19597=EDGE_CURVE('',#18389,#18387,#19596,.T.);
#19598=ORIENTED_EDGE('',*,*,#19580,.F.);
#19599=ORIENTED_EDGE('',*,*,#19593,.T.);
#19600=ORIENTED_EDGE('',*,*,#19597,.T.);
#19601=DIRECTION('',(0.6465818413879537,-0.7628446253250807,0.0));
#19602=AXIS2_PLACEMENT_3D('',#18386,#721,#19601);
#19603=PLANE('',#19602);
#19604=EDGE_LOOP('',(#19598,#19599,#19600));
#19605=FACE_BOUND('',#19604,.T.);
#19606=ADVANCED_FACE('',(#19605),#19603,.T.);
#19607=DIRECTION('',(0.12693467987984908,0.9919110781939076,0.0));
#19608=VECTOR('',#19607,1000.0);
#19609=LINE('',#18388,#19608);
#19610=EDGE_CURVE('',#18389,#18391,#19609,.T.);
#19611=LINE('',#18390,#3334);
#19612=EDGE_CURVE('',#18391,#18387,#19611,.T.);
#19613=ORIENTED_EDGE('',*,*,#19597,.F.);
#19614=ORIENTED_EDGE('',*,*,#19610,.T.);
#19615=ORIENTED_EDGE('',*,*,#19612,.T.);
#19616=DIRECTION('',(-0.1318583536391705,-0.9912685683383528,0.0));
#19617=AXIS2_PLACEMENT_3D('',#18386,#825,#19616);
#19618=PLANE('',#19617);
#19619=EDGE_LOOP('',(#19613,#19614,#19615));
#19620=FACE_BOUND('',#19619,.T.);
#19621=ADVANCED_FACE('',(#19620),#19618,.T.);
#19622=LINE('',#18392,#1193);
#19623=EDGE_CURVE('',#18393,#18395,#19622,.T.);
#19624=DIRECTION('',(0.6569177073390405,-0.7539622840596328,0.0));
#19625=VECTOR('',#19624,1000.0);
#19626=LINE('',#18394,#19625);
#19627=EDGE_CURVE('',#18395,#18389,#19626,.T.);
#19628=LINE('',#18388,#512);
#19629=EDGE_CURVE('',#18389,#18393,#19628,.T.);
#19630=ORIENTED_EDGE('',*,*,#19623,.T.);
#19631=ORIENTED_EDGE('',*,*,#19627,.T.);
#19632=ORIENTED_EDGE('',*,*,#19629,.T.);
#19633=DIRECTION('',(0.0,0.0,-1.0));
#19634=AXIS2_PLACEMENT_3D('',#18392,#19633,#1192);
#19635=PLANE('',#19634);
#19636=EDGE_LOOP('',(#19630,#19631,#19632));
#19637=FACE_BOUND('',#19636,.T.);
#19638=ADVANCED_FACE('',(#19637),#19635,.T.);
#19639=LINE('',#18394,#491);
#19640=EDGE_CURVE('',#18395,#18267,#19639,.T.);
#19641=DIRECTION('',(0.0,-1.0,0.0));
#19642=VECTOR('',#19641,1000.0);
#19643=LINE('',#18266,#19642);
#19644=EDGE_CURVE('',#18267,#18389,#19643,.T.);
#19645=ORIENTED_EDGE('',*,*,#19627,.F.);
#19646=ORIENTED_EDGE('',*,*,#19640,.T.);
#19647=ORIENTED_EDGE('',*,*,#19644,.T.);
#19648=DIRECTION('',(0.0,0.0,-1.0));
#19649=DIRECTION('',(-0.6569177073390405,0.7539622840596328,0.0));
#19650=AXIS2_PLACEMENT_3D('',#18388,#19648,#19649);
#19651=PLANE('',#19650);
#19652=EDGE_LOOP('',(#19645,#19646,#19647));
#19653=FACE_BOUND('',#19652,.T.);
#19654=ADVANCED_FACE('',(#19653),#19651,.T.);
#19655=LINE('',#18266,#491);
#19656=EDGE_CURVE('',#18267,#18391,#19655,.T.);
#19657=ORIENTED_EDGE('',*,*,#19644,.F.);
#19658=ORIENTED_EDGE('',*,*,#19656,.T.);
#19659=ORIENTED_EDGE('',*,*,#19610,.F.);
#19660=DIRECTION('',(0.0,0.0,-1.0));
#19661=AXIS2_PLACEMENT_3D('',#18388,#19660,#1192);
#19662=PLANE('',#19661);
#19663=EDGE_LOOP('',(#19657,#19658,#19659));
#19664=FACE_BOUND('',#19663,.T.);
#19665=ADVANCED_FACE('',(#19664),#19662,.T.);
#19666=DIRECTION('',(0.9998857079822336,-0.015118563849372563,0.0));
#19667=VECTOR('',#19666,1000.0);
#19668=LINE('',#18270,#19667);
#19669=EDGE_CURVE('',#18271,#18391,#19668,.T.);
#19670=ORIENTED_EDGE('',*,*,#19656,.F.);
#19671=ORIENTED_EDGE('',*,*,#18647,.F.);
#19672=ORIENTED_EDGE('',*,*,#19669,.T.);
#19673=DIRECTION('',(0.0,0.0,-1.0));
#19674=AXIS2_PLACEMENT_3D('',#18390,#19673,#511);
#19675=PLANE('',#19674);
#19676=EDGE_LOOP('',(#19670,#19671,#19672));
#19677=FACE_BOUND('',#19676,.T.);
#19678=ADVANCED_FACE('',(#19677),#19675,.T.);
#19679=DIRECTION('',(0.9996425000900402,0.02673709059965082,0.0));
#19680=VECTOR('',#19679,1000.0);
#19681=LINE('',#18270,#19680);
#19682=EDGE_CURVE('',#18271,#18397,#19681,.T.);
#19683=LINE('',#18396,#3334);
#19684=EDGE_CURVE('',#18397,#18391,#19683,.T.);
#19685=ORIENTED_EDGE('',*,*,#19669,.F.);
#19686=ORIENTED_EDGE('',*,*,#19682,.T.);
#19687=ORIENTED_EDGE('',*,*,#19684,.T.);
#19688=DIRECTION('',(0.0,0.0,-1.0));
#19689=DIRECTION('',(-0.9998857079822336,0.015118563849372563,0.0));
#19690=AXIS2_PLACEMENT_3D('',#18390,#19688,#19689);
#19691=PLANE('',#19690);
#19692=EDGE_LOOP('',(#19685,#19686,#19687));
#19693=FACE_BOUND('',#19692,.T.);
#19694=ADVANCED_FACE('',(#19693),#19691,.T.);
#19695=LINE('',#18278,#3257);
#19696=EDGE_CURVE('',#18279,#18397,#19695,.T.);
#19697=ORIENTED_EDGE('',*,*,#19682,.F.);
#19698=ORIENTED_EDGE('',*,*,#18680,.F.);
#19699=ORIENTED_EDGE('',*,*,#19696,.T.);
#19700=DIRECTION('',(-0.9996425000900402,-0.02673709059965082,0.0));
#19701=AXIS2_PLACEMENT_3D('',#18396,#825,#19700);
#19702=PLANE('',#19701);
#19703=EDGE_LOOP('',(#19697,#19698,#19699));
#19704=FACE_BOUND('',#19703,.T.);
#19705=ADVANCED_FACE('',(#19704),#19702,.T.);
#19706=DIRECTION('',(0.4097113709930119,0.9122152117121411,0.0));
#19707=VECTOR('',#19706,1000.0);
#19708=LINE('',#18398,#19707);
#19709=EDGE_CURVE('',#18399,#18401,#19708,.T.);
#19710=LINE('',#18400,#1675);
#19711=EDGE_CURVE('',#18401,#18403,#19710,.T.);
#19712=DIRECTION('',(-0.6989455552594088,-0.7151748812585049,0.0));
#19713=VECTOR('',#19712,1000.0);
#19714=LINE('',#18402,#19713);
#19715=EDGE_CURVE('',#18403,#18399,#19714,.T.);
#19716=ORIENTED_EDGE('',*,*,#19709,.T.);
#19717=ORIENTED_EDGE('',*,*,#19711,.T.);
#19718=ORIENTED_EDGE('',*,*,#19715,.T.);
#19719=DIRECTION('',(0.0,0.0,-1.0));
#19720=AXIS2_PLACEMENT_3D('',#18398,#19719,#19706);
#19721=PLANE('',#19720);
#19722=EDGE_LOOP('',(#19716,#19717,#19718));
#19723=FACE_BOUND('',#19722,.T.);
#19724=ADVANCED_FACE('',(#19723),#19721,.T.);
#19725=DIRECTION('',(0.9999938162740891,-0.0035167333682367065,0.0));
#19726=VECTOR('',#19725,1000.0);
#19727=LINE('',#18404,#19726);
#19728=EDGE_CURVE('',#18405,#18267,#19727,.T.);
#19729=DIRECTION('',(-0.9999947424082091,0.0032427081181363527,0.0));
#19730=VECTOR('',#19729,1000.0);
#19731=LINE('',#18266,#19730);
#19732=EDGE_CURVE('',#18267,#18407,#19731,.T.);
#19733=LINE('',#18406,#491);
#19734=EDGE_CURVE('',#18407,#18405,#19733,.T.);
#19735=ORIENTED_EDGE('',*,*,#19728,.T.);
#19736=ORIENTED_EDGE('',*,*,#19732,.T.);
#19737=ORIENTED_EDGE('',*,*,#19734,.T.);
#19738=AXIS2_PLACEMENT_3D('',#18404,#721,#19725);
#19739=PLANE('',#19738);
#19740=EDGE_LOOP('',(#19735,#19736,#19737));
#19741=FACE_BOUND('',#19740,.T.);
#19742=ADVANCED_FACE('',(#19741),#19739,.T.);
#19743=DIRECTION('',(0.9999993093714582,0.001175268738036888,0.0));
#19744=VECTOR('',#19743,1000.0);
#19745=LINE('',#18394,#19744);
#19746=EDGE_CURVE('',#18395,#18407,#19745,.T.);
#19747=ORIENTED_EDGE('',*,*,#19732,.F.);
#19748=ORIENTED_EDGE('',*,*,#19640,.F.);
#19749=ORIENTED_EDGE('',*,*,#19746,.T.);
#19750=DIRECTION('',(0.9999947424082091,-0.0032427081181363527,0.0));
#19751=AXIS2_PLACEMENT_3D('',#18406,#721,#19750);
#19752=PLANE('',#19751);
#19753=EDGE_LOOP('',(#19747,#19748,#19749));
#19754=FACE_BOUND('',#19753,.T.);
#19755=ADVANCED_FACE('',(#19754),#19752,.T.);
#19756=DIRECTION('',(0.9840869646652117,0.17768749527192476,0.0));
#19757=VECTOR('',#19756,1000.0);
#19758=LINE('',#18394,#19757);
#19759=EDGE_CURVE('',#18395,#18409,#19758,.T.);
#19760=LINE('',#18408,#455);
#19761=EDGE_CURVE('',#18409,#18407,#19760,.T.);
#19762=ORIENTED_EDGE('',*,*,#19746,.F.);
#19763=ORIENTED_EDGE('',*,*,#19759,.T.);
#19764=ORIENTED_EDGE('',*,*,#19761,.T.);
#19765=DIRECTION('',(-0.9999993093714582,-0.001175268738036888,0.0));
#19766=AXIS2_PLACEMENT_3D('',#18406,#825,#19765);
#19767=PLANE('',#19766);
#19768=EDGE_LOOP('',(#19762,#19763,#19764));
#19769=FACE_BOUND('',#19768,.T.);
#19770=ADVANCED_FACE('',(#19769),#19767,.T.);
#19771=LINE('',#18394,#1193);
#19772=EDGE_CURVE('',#18395,#18411,#19771,.T.);
#19773=VECTOR('',#782,1000.0);
#19774=LINE('',#18410,#19773);
#19775=EDGE_CURVE('',#18411,#18409,#19774,.T.);
#19776=ORIENTED_EDGE('',*,*,#19759,.F.);
#19777=ORIENTED_EDGE('',*,*,#19772,.T.);
#19778=ORIENTED_EDGE('',*,*,#19775,.T.);
#19779=DIRECTION('',(-0.9840869646652117,-0.17768749527192476,0.0));
#19780=AXIS2_PLACEMENT_3D('',#18408,#825,#19779);
#19781=PLANE('',#19780);
#19782=EDGE_LOOP('',(#19776,#19777,#19778));
#19783=FACE_BOUND('',#19782,.T.);
#19784=ADVANCED_FACE('',(#19783),#19781,.T.);
#19785=DIRECTION('',(0.5859644415728852,-0.8103367653094464,0.0));
#19786=VECTOR('',#19785,1000.0);
#19787=LINE('',#18410,#19786);
#19788=EDGE_CURVE('',#18411,#18413,#19787,.T.);
#19789=LINE('',#18412,#512);
#19790=EDGE_CURVE('',#18413,#18409,#19789,.T.);
#19791=ORIENTED_EDGE('',*,*,#19775,.F.);
#19792=ORIENTED_EDGE('',*,*,#19788,.T.);
#19793=ORIENTED_EDGE('',*,*,#19790,.T.);
#19794=DIRECTION('',(0.0,0.0,-1.0));
#19795=AXIS2_PLACEMENT_3D('',#18408,#19794,#761);
#19796=PLANE('',#19795);
#19797=EDGE_LOOP('',(#19791,#19792,#19793));
#19798=FACE_BOUND('',#19797,.T.);
#19799=ADVANCED_FACE('',(#19798),#19796,.T.);
#19800=LINE('',#18410,#491);
#19801=EDGE_CURVE('',#18411,#18263,#19800,.T.);
#19802=DIRECTION('',(-0.1690721829472512,-0.9856036713372425,0.0));
#19803=VECTOR('',#19802,1000.0);
#19804=LINE('',#18262,#19803);
#19805=EDGE_CURVE('',#18263,#18413,#19804,.T.);
#19806=ORIENTED_EDGE('',*,*,#19788,.F.);
#19807=ORIENTED_EDGE('',*,*,#19801,.T.);
#19808=ORIENTED_EDGE('',*,*,#19805,.T.);
#19809=DIRECTION('',(0.0,0.0,-1.0));
#19810=DIRECTION('',(-0.5859644415728852,0.8103367653094464,0.0));
#19811=AXIS2_PLACEMENT_3D('',#18412,#19809,#19810);
#19812=PLANE('',#19811);
#19813=EDGE_LOOP('',(#19806,#19807,#19808));
#19814=FACE_BOUND('',#19813,.T.);
#19815=ADVANCED_FACE('',(#19814),#19812,.T.);
#19816=LINE('',#18402,#1641);
#19817=EDGE_CURVE('',#18403,#18415,#19816,.T.);
#19818=DIRECTION('',(-0.9275902996295992,-0.3735990310922533,0.0));
#19819=VECTOR('',#19818,1000.0);
#19820=LINE('',#18414,#19819);
#19821=EDGE_CURVE('',#18415,#18399,#19820,.T.);
#19822=ORIENTED_EDGE('',*,*,#19817,.T.);
#19823=ORIENTED_EDGE('',*,*,#19821,.T.);
#19824=ORIENTED_EDGE('',*,*,#19715,.F.);
#19825=AXIS2_PLACEMENT_3D('',#18402,#871,#1640);
#19826=PLANE('',#19825);
#19827=EDGE_LOOP('',(#19822,#19823,#19824));
#19828=FACE_BOUND('',#19827,.T.);
#19829=ADVANCED_FACE('',(#19828),#19826,.T.);
#19830=LINE('',#18414,#1607);
#19831=EDGE_CURVE('',#18415,#18417,#19830,.T.);
#19832=DIRECTION('',(-0.9925241649257025,-0.12204827749106817,0.0));
#19833=VECTOR('',#19832,1000.0);
#19834=LINE('',#18416,#19833);
#19835=EDGE_CURVE('',#18417,#18399,#19834,.T.);
#19836=ORIENTED_EDGE('',*,*,#19821,.F.);
#19837=ORIENTED_EDGE('',*,*,#19831,.T.);
#19838=ORIENTED_EDGE('',*,*,#19835,.T.);
#19839=DIRECTION('',(0.0,0.0,-1.0));
#19840=DIRECTION('',(0.9275902996295992,0.3735990310922533,0.0));
#19841=AXIS2_PLACEMENT_3D('',#18398,#19839,#19840);
#19842=PLANE('',#19841);
#19843=EDGE_LOOP('',(#19836,#19837,#19838));
#19844=FACE_BOUND('',#19843,.T.);
#19845=ADVANCED_FACE('',(#19844),#19842,.T.);
#19846=LINE('',#18416,#1573);
#19847=EDGE_CURVE('',#18417,#18419,#19846,.T.);
#19848=DIRECTION('',(-0.9997494815620874,-0.02238245107974832,0.0));
#19849=VECTOR('',#19848,1000.0);
#19850=LINE('',#18418,#19849);
#19851=EDGE_CURVE('',#18419,#18399,#19850,.T.);
#19852=ORIENTED_EDGE('',*,*,#19835,.F.);
#19853=ORIENTED_EDGE('',*,*,#19847,.T.);
#19854=ORIENTED_EDGE('',*,*,#19851,.T.);
#19855=DIRECTION('',(0.0,0.0,-1.0));
#19856=DIRECTION('',(0.9925241649257025,0.12204827749106817,0.0));
#19857=AXIS2_PLACEMENT_3D('',#18398,#19855,#19856);
#19858=PLANE('',#19857);
#19859=EDGE_LOOP('',(#19852,#19853,#19854));
#19860=FACE_BOUND('',#19859,.T.);
#19861=ADVANCED_FACE('',(#19860),#19858,.T.);
#19862=LINE('',#18420,#491);
#19863=EDGE_CURVE('',#18421,#18423,#19862,.T.);
#19864=DIRECTION('',(0.9980573522990679,-0.062301858092469325,0.0));
#19865=VECTOR('',#19864,1000.0);
#19866=LINE('',#18422,#19865);
#19867=EDGE_CURVE('',#18423,#18267,#19866,.T.);
#19868=DIRECTION('',(-0.9998641892211309,0.016480385710611323,0.0));
#19869=VECTOR('',#19868,1000.0);
#19870=LINE('',#18266,#19869);
#19871=EDGE_CURVE('',#18267,#18421,#19870,.T.);
#19872=ORIENTED_EDGE('',*,*,#19863,.T.);
#19873=ORIENTED_EDGE('',*,*,#19867,.T.);
#19874=ORIENTED_EDGE('',*,*,#19871,.T.);
#19875=DIRECTION('',(0.0,0.0,-1.0));
#19876=AXIS2_PLACEMENT_3D('',#18420,#19875,#12);
#19877=PLANE('',#19876);
#19878=EDGE_LOOP('',(#19872,#19873,#19874));
#19879=FACE_BOUND('',#19878,.T.);
#19880=ADVANCED_FACE('',(#19879),#19877,.T.);
#19881=LINE('',#18422,#1193);
#19882=EDGE_CURVE('',#18423,#18425,#19881,.T.);
#19883=DIRECTION('',(0.09651674065712114,-0.9953313612927738,0.0));
#19884=VECTOR('',#19883,1000.0);
#19885=LINE('',#18424,#19884);
#19886=EDGE_CURVE('',#18425,#18267,#19885,.T.);
#19887=ORIENTED_EDGE('',*,*,#19867,.F.);
#19888=ORIENTED_EDGE('',*,*,#19882,.T.);
#19889=ORIENTED_EDGE('',*,*,#19886,.T.);
#19890=DIRECTION('',(0.0,0.0,-1.0));
#19891=DIRECTION('',(-0.9980573522990679,0.062301858092469325,0.0));
#19892=AXIS2_PLACEMENT_3D('',#18266,#19890,#19891);
#19893=PLANE('',#19892);
#19894=EDGE_LOOP('',(#19887,#19888,#19889));
#19895=FACE_BOUND('',#19894,.T.);
#19896=ADVANCED_FACE('',(#19895),#19893,.T.);
#19897=DIRECTION('',(0.012362287940008317,0.9999235839987415,0.0));
#19898=VECTOR('',#19897,1000.0);
#19899=LINE('',#18424,#19898);
#19900=EDGE_CURVE('',#18425,#18263,#19899,.T.);
#19901=ORIENTED_EDGE('',*,*,#19886,.F.);
#19902=ORIENTED_EDGE('',*,*,#19900,.T.);
#19903=ORIENTED_EDGE('',*,*,#18615,.F.);
#19904=DIRECTION('',(0.0,0.0,-1.0));
#19905=DIRECTION('',(-0.09651674065712114,0.9953313612927738,0.0));
#19906=AXIS2_PLACEMENT_3D('',#18266,#19904,#19905);
#19907=PLANE('',#19906);
#19908=EDGE_LOOP('',(#19901,#19902,#19903));
#19909=FACE_BOUND('',#19908,.T.);
#19910=ADVANCED_FACE('',(#19909),#19907,.T.);
#19911=LINE('',#18424,#512);
#19912=EDGE_CURVE('',#18425,#18427,#19911,.T.);
#19913=DIRECTION('',(0.048070489851383416,0.9988439457720351,0.0));
#19914=VECTOR('',#19913,1000.0);
#19915=LINE('',#18426,#19914);
#19916=EDGE_CURVE('',#18427,#18263,#19915,.T.);
#19917=ORIENTED_EDGE('',*,*,#19900,.F.);
#19918=ORIENTED_EDGE('',*,*,#19912,.T.);
#19919=ORIENTED_EDGE('',*,*,#19916,.T.);
#19920=DIRECTION('',(-0.012362287940008317,-0.9999235839987415,0.0));
#19921=AXIS2_PLACEMENT_3D('',#18262,#825,#19920);
#19922=PLANE('',#19921);
#19923=EDGE_LOOP('',(#19917,#19918,#19919));
#19924=FACE_BOUND('',#19923,.T.);
#19925=ADVANCED_FACE('',(#19924),#19922,.T.);
#19926=LINE('',#18428,#1379);
#19927=EDGE_CURVE('',#18429,#18431,#19926,.T.);
#19928=DIRECTION('',(-0.9308284846680651,0.3654563340955436,0.0));
#19929=VECTOR('',#19928,1000.0);
#19930=LINE('',#18430,#19929);
#19931=EDGE_CURVE('',#18431,#18413,#19930,.T.);
#19932=DIRECTION('',(0.9773795590655582,-0.2114927836140399,0.0));
#19933=VECTOR('',#19932,1000.0);
#19934=LINE('',#18412,#19933);
#19935=EDGE_CURVE('',#18413,#18429,#19934,.T.);
#19936=ORIENTED_EDGE('',*,*,#19927,.T.);
#19937=ORIENTED_EDGE('',*,*,#19931,.T.);
#19938=ORIENTED_EDGE('',*,*,#19935,.T.);
#19939=AXIS2_PLACEMENT_3D('',#18428,#825,#1378);
#19940=PLANE('',#19939);
#19941=EDGE_LOOP('',(#19936,#19937,#19938));
#19942=FACE_BOUND('',#19941,.T.);
#19943=ADVANCED_FACE('',(#19942),#19940,.T.);
#19944=LINE('',#18430,#1346);
#19945=EDGE_CURVE('',#18431,#18433,#19944,.T.);
#19946=DIRECTION('',(-0.8546912456931299,0.5191366626771085,0.0));
#19947=VECTOR('',#19946,1000.0);
#19948=LINE('',#18432,#19947);
#19949=EDGE_CURVE('',#18433,#18413,#19948,.T.);
#19950=ORIENTED_EDGE('',*,*,#19931,.F.);
#19951=ORIENTED_EDGE('',*,*,#19945,.T.);
#19952=ORIENTED_EDGE('',*,*,#19949,.T.);
#19953=DIRECTION('',(0.9308284846680651,-0.3654563340955436,0.0));
#19954=AXIS2_PLACEMENT_3D('',#18412,#871,#19953);
#19955=PLANE('',#19954);
#19956=EDGE_LOOP('',(#19950,#19951,#19952));
#19957=FACE_BOUND('',#19956,.T.);
#19958=ADVANCED_FACE('',(#19957),#19955,.T.);
#19959=LINE('',#18426,#1509);
#19960=EDGE_CURVE('',#18427,#18435,#19959,.T.);
#19961=DIRECTION('',(0.0661590016198646,0.9978090932160634,0.0));
#19962=VECTOR('',#19961,1000.0);
#19963=LINE('',#18434,#19962);
#19964=EDGE_CURVE('',#18435,#18263,#19963,.T.);
#19965=ORIENTED_EDGE('',*,*,#19960,.T.);
#19966=ORIENTED_EDGE('',*,*,#19964,.T.);
#19967=ORIENTED_EDGE('',*,*,#19916,.F.);
#19968=AXIS2_PLACEMENT_3D('',#18426,#825,#1508);
#19969=PLANE('',#19968);
#19970=EDGE_LOOP('',(#19965,#19966,#19967));
#19971=FACE_BOUND('',#19970,.T.);
#19972=ADVANCED_FACE('',(#19971),#19969,.T.);
#19973=LINE('',#18434,#1478);
#19974=EDGE_CURVE('',#18435,#18437,#19973,.T.);
#19975=DIRECTION('',(0.08042153124717699,0.9967609429105151,0.0));
#19976=VECTOR('',#19975,1000.0);
#19977=LINE('',#18436,#19976);
#19978=EDGE_CURVE('',#18437,#18263,#19977,.T.);
#19979=ORIENTED_EDGE('',*,*,#19964,.F.);
#19980=ORIENTED_EDGE('',*,*,#19974,.T.);
#19981=ORIENTED_EDGE('',*,*,#19978,.T.);
#19982=DIRECTION('',(0.0,0.0,-1.0));
#19983=DIRECTION('',(-0.0661590016198646,-0.9978090932160634,0.0));
#19984=AXIS2_PLACEMENT_3D('',#18262,#19982,#19983);
#19985=PLANE('',#19984);
#19986=EDGE_LOOP('',(#19979,#19980,#19981));
#19987=FACE_BOUND('',#19986,.T.);
#19988=ADVANCED_FACE('',(#19987),#19985,.T.);
#19989=DIRECTION('',(-0.996867739435334,0.0790867250117699,0.0));
#19990=VECTOR('',#19989,1000.0);
#19991=LINE('',#18436,#19990);
#19992=EDGE_CURVE('',#18437,#18413,#19991,.T.);
#19993=ORIENTED_EDGE('',*,*,#19978,.F.);
#19994=ORIENTED_EDGE('',*,*,#19992,.T.);
#19995=ORIENTED_EDGE('',*,*,#19805,.F.);
#19996=DIRECTION('',(-0.08042153124717699,-0.9967609429105151,0.0));
#19997=AXIS2_PLACEMENT_3D('',#18262,#825,#19996);
#19998=PLANE('',#19997);
#19999=EDGE_LOOP('',(#19993,#19994,#19995));
#20000=FACE_BOUND('',#19999,.T.);
#20001=ADVANCED_FACE('',(#20000),#19998,.T.);
#20002=LINE('',#18436,#1445);
#20003=EDGE_CURVE('',#18437,#18439,#20002,.T.);
#20004=LINE('',#18438,#5298);
#20005=EDGE_CURVE('',#18439,#18413,#20004,.T.);
#20006=ORIENTED_EDGE('',*,*,#19992,.F.);
#20007=ORIENTED_EDGE('',*,*,#20003,.T.);
#20008=ORIENTED_EDGE('',*,*,#20005,.T.);
#20009=DIRECTION('',(0.996867739435334,-0.0790867250117699,0.0));
#20010=AXIS2_PLACEMENT_3D('',#18412,#871,#20009);
#20011=PLANE('',#20010);
#20012=EDGE_LOOP('',(#20006,#20007,#20008));
#20013=FACE_BOUND('',#20012,.T.);
#20014=ADVANCED_FACE('',(#20013),#20011,.T.);
#20015=LINE('',#18438,#1412);
#20016=EDGE_CURVE('',#18439,#18429,#20015,.T.);
#20017=ORIENTED_EDGE('',*,*,#20005,.F.);
#20018=ORIENTED_EDGE('',*,*,#20016,.T.);
#20019=ORIENTED_EDGE('',*,*,#19935,.F.);
#20020=AXIS2_PLACEMENT_3D('',#18412,#871,#5312);
#20021=PLANE('',#20020);
#20022=EDGE_LOOP('',(#20017,#20018,#20019));
#20023=FACE_BOUND('',#20022,.T.);
#20024=ADVANCED_FACE('',(#20023),#20021,.T.);
#20025=LINE('',#18418,#1542);
#20026=EDGE_CURVE('',#18419,#18421,#20025,.T.);
#20027=LINE('',#18420,#512);
#20028=EDGE_CURVE('',#18421,#18399,#20027,.T.);
#20029=ORIENTED_EDGE('',*,*,#20026,.T.);
#20030=ORIENTED_EDGE('',*,*,#20028,.T.);
#20031=ORIENTED_EDGE('',*,*,#19851,.F.);
#20032=AXIS2_PLACEMENT_3D('',#18418,#721,#1541);
#20033=PLANE('',#20032);
#20034=EDGE_LOOP('',(#20029,#20030,#20031));
#20035=FACE_BOUND('',#20034,.T.);
#20036=ADVANCED_FACE('',(#20035),#20033,.T.);
#20037=DIRECTION('',(-0.9999805177365628,0.006242126826309336,0.0));
#20038=VECTOR('',#20037,1000.0);
#20039=LINE('',#18266,#20038);
#20040=EDGE_CURVE('',#18267,#18399,#20039,.T.);
#20041=ORIENTED_EDGE('',*,*,#20028,.F.);
#20042=ORIENTED_EDGE('',*,*,#19871,.F.);
#20043=ORIENTED_EDGE('',*,*,#20040,.T.);
#20044=DIRECTION('',(0.0,0.0,-1.0));
#20045=AXIS2_PLACEMENT_3D('',#18398,#20044,#12);
#20046=PLANE('',#20045);
#20047=EDGE_LOOP('',(#20041,#20042,#20043));
#20048=FACE_BOUND('',#20047,.T.);
#20049=ADVANCED_FACE('',(#20048),#20046,.T.);
#20050=DIRECTION('',(-0.9999852684655068,0.005427969414817881,0.0));
#20051=VECTOR('',#20050,1000.0);
#20052=LINE('',#18266,#20051);
#20053=EDGE_CURVE('',#18267,#18441,#20052,.T.);
#20054=LINE('',#18440,#491);
#20055=EDGE_CURVE('',#18441,#18399,#20054,.T.);
#20056=ORIENTED_EDGE('',*,*,#20040,.F.);
#20057=ORIENTED_EDGE('',*,*,#20053,.T.);
#20058=ORIENTED_EDGE('',*,*,#20055,.T.);
#20059=DIRECTION('',(0.9999805177365628,-0.006242126826309336,0.0));
#20060=AXIS2_PLACEMENT_3D('',#18398,#721,#20059);
#20061=PLANE('',#20060);
#20062=EDGE_LOOP('',(#20056,#20057,#20058));
#20063=FACE_BOUND('',#20062,.T.);
#20064=ADVANCED_FACE('',(#20063),#20061,.T.);
#20065=LINE('',#18404,#491);
#20066=EDGE_CURVE('',#18405,#18441,#20065,.T.);
#20067=ORIENTED_EDGE('',*,*,#20053,.F.);
#20068=ORIENTED_EDGE('',*,*,#19728,.F.);
#20069=ORIENTED_EDGE('',*,*,#20066,.T.);
#20070=DIRECTION('',(0.9999852684655068,-0.005427969414817881,0.0));
#20071=AXIS2_PLACEMENT_3D('',#18440,#721,#20070);
#20072=PLANE('',#20071);
#20073=EDGE_LOOP('',(#20067,#20068,#20069));
#20074=FACE_BOUND('',#20073,.T.);
#20075=ADVANCED_FACE('',(#20074),#20072,.T.);
#20076=DIRECTION('',(0.8779184050603973,0.4788102693721264,0.0));
#20077=VECTOR('',#20076,1000.0);
#20078=LINE('',#18404,#20077);
#20079=EDGE_CURVE('',#18405,#18443,#20078,.T.);
#20080=LINE('',#18442,#588);
#20081=EDGE_CURVE('',#18443,#18441,#20080,.T.);
#20082=ORIENTED_EDGE('',*,*,#20066,.F.);
#20083=ORIENTED_EDGE('',*,*,#20079,.T.);
#20084=ORIENTED_EDGE('',*,*,#20081,.T.);
#20085=DIRECTION('',(0.0,0.0,-1.0));
#20086=AXIS2_PLACEMENT_3D('',#18440,#20085,#511);
#20087=PLANE('',#20086);
#20088=EDGE_LOOP('',(#20082,#20083,#20084));
#20089=FACE_BOUND('',#20088,.T.);
#20090=ADVANCED_FACE('',(#20089),#20087,.T.);
#20091=LINE('',#18404,#525);
#20092=EDGE_CURVE('',#18405,#18445,#20091,.T.);
#20093=LINE('',#18444,#491);
#20094=EDGE_CURVE('',#18445,#18443,#20093,.T.);
#20095=ORIENTED_EDGE('',*,*,#20079,.F.);
#20096=ORIENTED_EDGE('',*,*,#20092,.T.);
#20097=ORIENTED_EDGE('',*,*,#20094,.T.);
#20098=DIRECTION('',(-0.8779184050603973,-0.4788102693721264,0.0));
#20099=AXIS2_PLACEMENT_3D('',#18442,#825,#20098);
#20100=PLANE('',#20099);
#20101=EDGE_LOOP('',(#20095,#20096,#20097));
#20102=FACE_BOUND('',#20101,.T.);
#20103=ADVANCED_FACE('',(#20102),#20100,.T.);
#20104=LINE('',#18432,#1313);
#20105=EDGE_CURVE('',#18433,#18447,#20104,.T.);
#20106=DIRECTION('',(-0.7589877773465791,0.6511048716132446,0.0));
#20107=VECTOR('',#20106,1000.0);
#20108=LINE('',#18446,#20107);
#20109=EDGE_CURVE('',#18447,#18413,#20108,.T.);
#20110=ORIENTED_EDGE('',*,*,#20105,.T.);
#20111=ORIENTED_EDGE('',*,*,#20109,.T.);
#20112=ORIENTED_EDGE('',*,*,#19949,.F.);
#20113=AXIS2_PLACEMENT_3D('',#18432,#825,#1312);
#20114=PLANE('',#20113);
#20115=EDGE_LOOP('',(#20110,#20111,#20112));
#20116=FACE_BOUND('',#20115,.T.);
#20117=ADVANCED_FACE('',(#20116),#20114,.T.);
#20118=LINE('',#18446,#1280);
#20119=EDGE_CURVE('',#18447,#18449,#20118,.T.);
#20120=DIRECTION('',(-0.6793311716848177,0.7338318330362432,0.0));
#20121=VECTOR('',#20120,1000.0);
#20122=LINE('',#18448,#20121);
#20123=EDGE_CURVE('',#18449,#18413,#20122,.T.);
#20124=ORIENTED_EDGE('',*,*,#20109,.F.);
#20125=ORIENTED_EDGE('',*,*,#20119,.T.);
#20126=ORIENTED_EDGE('',*,*,#20123,.T.);
#20127=DIRECTION('',(0.7589877773465791,-0.6511048716132446,0.0));
#20128=AXIS2_PLACEMENT_3D('',#18412,#871,#20127);
#20129=PLANE('',#20128);
#20130=EDGE_LOOP('',(#20124,#20125,#20126));
#20131=FACE_BOUND('',#20130,.T.);
#20132=ADVANCED_FACE('',(#20131),#20129,.T.);
#20133=VECTOR('',#18757,1000.0);
#20134=LINE('',#18448,#20133);
#20135=EDGE_CURVE('',#18449,#18399,#20134,.T.);
#20136=LINE('',#18398,#648);
#20137=EDGE_CURVE('',#18399,#18413,#20136,.T.);
#20138=ORIENTED_EDGE('',*,*,#20123,.F.);
#20139=ORIENTED_EDGE('',*,*,#20135,.T.);
#20140=ORIENTED_EDGE('',*,*,#20137,.T.);
#20141=DIRECTION('',(0.6793311716848177,-0.7338318330362432,0.0));
#20142=AXIS2_PLACEMENT_3D('',#18412,#871,#20141);
#20143=PLANE('',#20142);
#20144=EDGE_LOOP('',(#20138,#20139,#20140));
#20145=FACE_BOUND('',#20144,.T.);
#20146=ADVANCED_FACE('',(#20145),#20143,.T.);
#20147=LINE('',#18448,#1741);
#20148=EDGE_CURVE('',#18449,#18451,#20147,.T.);
#20149=DIRECTION('',(-0.2243615097275695,-0.9745059840517993,0.0));
#20150=VECTOR('',#20149,1000.0);
#20151=LINE('',#18450,#20150);
#20152=EDGE_CURVE('',#18451,#18399,#20151,.T.);
#20153=ORIENTED_EDGE('',*,*,#20135,.F.);
#20154=ORIENTED_EDGE('',*,*,#20148,.T.);
#20155=ORIENTED_EDGE('',*,*,#20152,.T.);
#20156=DIRECTION('',(0.0,0.0,-1.0));
#20157=AXIS2_PLACEMENT_3D('',#18398,#20156,#18733);
#20158=PLANE('',#20157);
#20159=EDGE_LOOP('',(#20153,#20154,#20155));
#20160=FACE_BOUND('',#20159,.T.);
#20161=ADVANCED_FACE('',(#20160),#20158,.T.);
#20162=LINE('',#18450,#1709);
#20163=EDGE_CURVE('',#18451,#18401,#20162,.T.);
#20164=ORIENTED_EDGE('',*,*,#20152,.F.);
#20165=ORIENTED_EDGE('',*,*,#20163,.T.);
#20166=ORIENTED_EDGE('',*,*,#19709,.F.);
#20167=DIRECTION('',(0.0,0.0,-1.0));
#20168=DIRECTION('',(0.2243615097275695,0.9745059840517993,0.0));
#20169=AXIS2_PLACEMENT_3D('',#18398,#20167,#20168);
#20170=PLANE('',#20169);
#20171=EDGE_LOOP('',(#20164,#20165,#20166));
#20172=FACE_BOUND('',#20171,.T.);
#20173=ADVANCED_FACE('',(#20172),#20170,.T.);
#20174=LINE('',#18504,#512);
#20175=EDGE_CURVE('',#18505,#18495,#20174,.T.);
#20176=DIRECTION('',(0.6616216370868464,0.0,0.7498378553650925));
#20177=VECTOR('',#20176,1000.0);
#20178=LINE('',#18494,#20177);
#20179=EDGE_CURVE('',#18495,#18507,#20178,.T.);
#20180=DIRECTION('',(0.0,0.0,-1.0));
#20181=VECTOR('',#20180,1000.0);
#20182=LINE('',#18506,#20181);
#20183=EDGE_CURVE('',#18507,#18505,#20182,.T.);
#20184=ORIENTED_EDGE('',*,*,#20175,.T.);
#20185=ORIENTED_EDGE('',*,*,#20179,.T.);
#20186=ORIENTED_EDGE('',*,*,#20183,.T.);
#20187=DIRECTION('',(0.0,1.0,-0.0));
#20188=AXIS2_PLACEMENT_3D('',#18504,#20187,#511);
#20189=PLANE('',#20188);
#20190=EDGE_LOOP('',(#20184,#20185,#20186));
#20191=FACE_BOUND('',#20190,.T.);
#20192=ADVANCED_FACE('',(#20191),#20189,.T.);
#20193=LINE('',#18494,#462);
#20194=EDGE_CURVE('',#18495,#18493,#20193,.T.);
#20195=LINE('',#18492,#491);
#20196=EDGE_CURVE('',#18493,#18507,#20195,.T.);
#20197=ORIENTED_EDGE('',*,*,#20179,.F.);
#20198=ORIENTED_EDGE('',*,*,#20194,.T.);
#20199=ORIENTED_EDGE('',*,*,#20196,.T.);
#20200=DIRECTION('',(0.0,1.0,-0.0));
#20201=DIRECTION('',(-0.6616216370868464,0.0,-0.7498378553650925));
#20202=AXIS2_PLACEMENT_3D('',#18506,#20200,#20201);
#20203=PLANE('',#20202);
#20204=EDGE_LOOP('',(#20197,#20198,#20199));
#20205=FACE_BOUND('',#20204,.T.);
#20206=ADVANCED_FACE('',(#20205),#20203,.T.);
#20207=LINE('',#18508,#512);
#20208=EDGE_CURVE('',#18509,#18467,#20207,.T.);
#20209=DIRECTION('',(0.6616216370868464,0.0,-0.7498378553650925));
#20210=VECTOR('',#20209,1000.0);
#20211=LINE('',#18466,#20210);
#20212=EDGE_CURVE('',#18467,#18511,#20211,.T.);
#20213=LINE('',#18510,#462);
#20214=EDGE_CURVE('',#18511,#18509,#20213,.T.);
#20215=ORIENTED_EDGE('',*,*,#20208,.T.);
#20216=ORIENTED_EDGE('',*,*,#20212,.T.);
#20217=ORIENTED_EDGE('',*,*,#20214,.T.);
#20218=AXIS2_PLACEMENT_3D('',#18508,#691,#511);
#20219=PLANE('',#20218);
#20220=EDGE_LOOP('',(#20215,#20216,#20217));
#20221=FACE_BOUND('',#20220,.T.);
#20222=ADVANCED_FACE('',(#20221),#20219,.T.);
#20223=DIRECTION('',(0.0,0.0,-1.0));
#20224=VECTOR('',#20223,1000.0);
#20225=LINE('',#18466,#20224);
#20226=EDGE_CURVE('',#18467,#18465,#20225,.T.);
#20227=LINE('',#18464,#491);
#20228=EDGE_CURVE('',#18465,#18511,#20227,.T.);
#20229=ORIENTED_EDGE('',*,*,#20212,.F.);
#20230=ORIENTED_EDGE('',*,*,#20226,.T.);
#20231=ORIENTED_EDGE('',*,*,#20228,.T.);
#20232=DIRECTION('',(-0.6616216370868464,0.0,0.7498378553650925));
#20233=AXIS2_PLACEMENT_3D('',#18510,#691,#20232);
#20234=PLANE('',#20233);
#20235=EDGE_LOOP('',(#20229,#20230,#20231));
#20236=FACE_BOUND('',#20235,.T.);
#20237=ADVANCED_FACE('',(#20236),#20234,.T.);
#20238=DIRECTION('',(0.0,-1.0,0.0));
#20239=VECTOR('',#20238,1000.0);
#20240=LINE('',#18480,#20239);
#20241=EDGE_CURVE('',#18481,#18479,#20240,.T.);
#20242=VECTOR('',#939,1000.0);
#20243=LINE('',#18478,#20242);
#20244=EDGE_CURVE('',#18479,#18513,#20243,.T.);
#20245=LINE('',#18512,#512);
#20246=EDGE_CURVE('',#18513,#18481,#20245,.T.);
#20247=ORIENTED_EDGE('',*,*,#20241,.T.);
#20248=ORIENTED_EDGE('',*,*,#20244,.T.);
#20249=ORIENTED_EDGE('',*,*,#20246,.T.);
#20250=DIRECTION('',(-0.0,0.0,1.0));
#20251=DIRECTION('',(0.0,-1.0,0.0));
#20252=AXIS2_PLACEMENT_3D('',#18480,#20250,#20251);
#20253=PLANE('',#20252);
#20254=EDGE_LOOP('',(#20247,#20248,#20249));
#20255=FACE_BOUND('',#20254,.T.);
#20256=ADVANCED_FACE('',(#20255),#20253,.T.);
#20257=LINE('',#18478,#491);
#20258=EDGE_CURVE('',#18479,#18515,#20257,.T.);
#20259=LINE('',#18514,#1193);
#20260=EDGE_CURVE('',#18515,#18513,#20259,.T.);
#20261=ORIENTED_EDGE('',*,*,#20244,.F.);
#20262=ORIENTED_EDGE('',*,*,#20258,.T.);
#20263=ORIENTED_EDGE('',*,*,#20260,.T.);
#20264=DIRECTION('',(-0.0,0.0,1.0));
#20265=AXIS2_PLACEMENT_3D('',#18512,#20264,#923);
#20266=PLANE('',#20265);
#20267=EDGE_LOOP('',(#20261,#20262,#20263));
#20268=FACE_BOUND('',#20267,.T.);
#20269=ADVANCED_FACE('',(#20268),#20266,.T.);
#20270=LINE('',#18478,#6316);
#20271=EDGE_CURVE('',#18479,#18477,#20270,.T.);
#20272=DIRECTION('',(0.9999621414617896,0.008627006715104666,0.001135956992700693));
#20273=VECTOR('',#20272,1000.0);
#20274=LINE('',#18476,#20273);
#20275=EDGE_CURVE('',#18477,#18515,#20274,.T.);
#20276=ORIENTED_EDGE('',*,*,#20258,.F.);
#20277=ORIENTED_EDGE('',*,*,#20271,.T.);
#20278=ORIENTED_EDGE('',*,*,#20275,.T.);
#20279=AXIS2_PLACEMENT_3D('',#18514,#6580,#511);
#20280=PLANE('',#20279);
#20281=EDGE_LOOP('',(#20276,#20277,#20278));
#20282=FACE_BOUND('',#20281,.T.);
#20283=ADVANCED_FACE('',(#20282),#20280,.T.);
#20284=LINE('',#18476,#491);
#20285=EDGE_CURVE('',#18477,#18517,#20284,.T.);
#20286=DIRECTION('',(0.0,0.9914420352573223,0.13054765691048825));
#20287=VECTOR('',#20286,1000.0);
#20288=LINE('',#18516,#20287);
#20289=EDGE_CURVE('',#18517,#18515,#20288,.T.);
#20290=ORIENTED_EDGE('',*,*,#20275,.F.);
#20291=ORIENTED_EDGE('',*,*,#20285,.T.);
#20292=ORIENTED_EDGE('',*,*,#20289,.T.);
#20293=DIRECTION('',(-0.9999621414617896,-0.008627006715104666,-0.001135956992700693));
#20294=AXIS2_PLACEMENT_3D('',#18514,#6580,#20293);
#20295=PLANE('',#20294);
#20296=EDGE_LOOP('',(#20290,#20291,#20292));
#20297=FACE_BOUND('',#20296,.T.);
#20298=ADVANCED_FACE('',(#20297),#20295,.T.);
#20299=DIRECTION('',(0.0,-0.9238795690422088,-0.3826833441716302));
#20300=VECTOR('',#20299,1000.0);
#20301=LINE('',#18476,#20300);
#20302=EDGE_CURVE('',#18477,#18475,#20301,.T.);
#20303=DIRECTION('',(0.999962142259699,0.008039028982339835,0.003329873933724705));
#20304=VECTOR('',#20303,1000.0);
#20305=LINE('',#18474,#20304);
#20306=EDGE_CURVE('',#18475,#18517,#20305,.T.);
#20307=ORIENTED_EDGE('',*,*,#20285,.F.);
#20308=ORIENTED_EDGE('',*,*,#20302,.T.);
#20309=ORIENTED_EDGE('',*,*,#20306,.T.);
#20310=AXIS2_PLACEMENT_3D('',#18516,#6545,#511);
#20311=PLANE('',#20310);
#20312=EDGE_LOOP('',(#20307,#20308,#20309));
#20313=FACE_BOUND('',#20312,.T.);
#20314=ADVANCED_FACE('',(#20313),#20311,.T.);
#20315=LINE('',#18474,#491);
#20316=EDGE_CURVE('',#18475,#18519,#20315,.T.);
#20317=DIRECTION('',(0.0,0.9238795690422088,0.3826833441716302));
#20318=VECTOR('',#20317,1000.0);
#20319=LINE('',#18518,#20318);
#20320=EDGE_CURVE('',#18519,#18517,#20319,.T.);
#20321=ORIENTED_EDGE('',*,*,#20306,.F.);
#20322=ORIENTED_EDGE('',*,*,#20316,.T.);
#20323=ORIENTED_EDGE('',*,*,#20320,.T.);
#20324=DIRECTION('',(-0.999962142259699,-0.008039028982339835,-0.003329873933724705));
#20325=AXIS2_PLACEMENT_3D('',#18516,#6545,#20324);
#20326=PLANE('',#20325);
#20327=EDGE_LOOP('',(#20321,#20322,#20323));
#20328=FACE_BOUND('',#20327,.T.);
#20329=ADVANCED_FACE('',(#20328),#20326,.T.);
#20330=DIRECTION('',(0.0,-0.7933411650566996,-0.60877729575476));
#20331=VECTOR('',#20330,1000.0);
#20332=LINE('',#18474,#20331);
#20333=EDGE_CURVE('',#18475,#18473,#20332,.T.);
#20334=DIRECTION('',(0.9999621432740283,0.006903071995735044,0.005297132793636959));
#20335=VECTOR('',#20334,1000.0);
#20336=LINE('',#18472,#20335);
#20337=EDGE_CURVE('',#18473,#18519,#20336,.T.);
#20338=ORIENTED_EDGE('',*,*,#20316,.F.);
#20339=ORIENTED_EDGE('',*,*,#20333,.T.);
#20340=ORIENTED_EDGE('',*,*,#20337,.T.);
#20341=AXIS2_PLACEMENT_3D('',#18518,#6510,#511);
#20342=PLANE('',#20341);
#20343=EDGE_LOOP('',(#20338,#20339,#20340));
#20344=FACE_BOUND('',#20343,.T.);
#20345=ADVANCED_FACE('',(#20344),#20342,.T.);
#20346=LINE('',#18472,#491);
#20347=EDGE_CURVE('',#18473,#18521,#20346,.T.);
#20348=DIRECTION('',(0.0,0.7933411650566996,0.60877729575476));
#20349=VECTOR('',#20348,1000.0);
#20350=LINE('',#18520,#20349);
#20351=EDGE_CURVE('',#18521,#18519,#20350,.T.);
#20352=ORIENTED_EDGE('',*,*,#20337,.F.);
#20353=ORIENTED_EDGE('',*,*,#20347,.T.);
#20354=ORIENTED_EDGE('',*,*,#20351,.T.);
#20355=DIRECTION('',(-0.9999621432740283,-0.006903071995735044,-0.005297132793636959));
#20356=AXIS2_PLACEMENT_3D('',#18518,#6510,#20355);
#20357=PLANE('',#20356);
#20358=EDGE_LOOP('',(#20352,#20353,#20354));
#20359=FACE_BOUND('',#20358,.T.);
#20360=ADVANCED_FACE('',(#20359),#20357,.T.);
#20361=DIRECTION('',(0.0,-0.6087772957547559,-0.7933411650567027));
#20362=VECTOR('',#20361,1000.0);
#20363=LINE('',#18472,#20362);
#20364=EDGE_CURVE('',#18473,#18471,#20363,.T.);
#20365=DIRECTION('',(0.9999621432740283,0.005297132793636959,0.006903071995735118));
#20366=VECTOR('',#20365,1000.0);
#20367=LINE('',#18470,#20366);
#20368=EDGE_CURVE('',#18471,#18521,#20367,.T.);
#20369=ORIENTED_EDGE('',*,*,#20347,.F.);
#20370=ORIENTED_EDGE('',*,*,#20364,.T.);
#20371=ORIENTED_EDGE('',*,*,#20368,.T.);
#20372=AXIS2_PLACEMENT_3D('',#18520,#6474,#511);
#20373=PLANE('',#20372);
#20374=EDGE_LOOP('',(#20369,#20370,#20371));
#20375=FACE_BOUND('',#20374,.T.);
#20376=ADVANCED_FACE('',(#20375),#20373,.T.);
#20377=LINE('',#18470,#491);
#20378=EDGE_CURVE('',#18471,#18523,#20377,.T.);
#20379=DIRECTION('',(0.0,0.6087772957547559,0.7933411650567027));
#20380=VECTOR('',#20379,1000.0);
#20381=LINE('',#18522,#20380);
#20382=EDGE_CURVE('',#18523,#18521,#20381,.T.);
#20383=ORIENTED_EDGE('',*,*,#20368,.F.);
#20384=ORIENTED_EDGE('',*,*,#20378,.T.);
#20385=ORIENTED_EDGE('',*,*,#20382,.T.);
#20386=DIRECTION('',(-0.9999621432740283,-0.005297132793636959,-0.006903071995735118));
#20387=AXIS2_PLACEMENT_3D('',#18520,#6474,#20386);
#20388=PLANE('',#20387);
#20389=EDGE_LOOP('',(#20383,#20384,#20385));
#20390=FACE_BOUND('',#20389,.T.);
#20391=ADVANCED_FACE('',(#20390),#20388,.T.);
#20392=DIRECTION('',(0.0,-0.38268334417164346,-0.9238795690422034));
#20393=VECTOR('',#20392,1000.0);
#20394=LINE('',#18470,#20393);
#20395=EDGE_CURVE('',#18471,#18469,#20394,.T.);
#20396=DIRECTION('',(0.999962142259699,0.003329873933724779,0.008039028982339687));
#20397=VECTOR('',#20396,1000.0);
#20398=LINE('',#18468,#20397);
#20399=EDGE_CURVE('',#18469,#18523,#20398,.T.);
#20400=ORIENTED_EDGE('',*,*,#20378,.F.);
#20401=ORIENTED_EDGE('',*,*,#20395,.T.);
#20402=ORIENTED_EDGE('',*,*,#20399,.T.);
#20403=AXIS2_PLACEMENT_3D('',#18522,#6438,#511);
#20404=PLANE('',#20403);
#20405=EDGE_LOOP('',(#20400,#20401,#20402));
#20406=FACE_BOUND('',#20405,.T.);
#20407=ADVANCED_FACE('',(#20406),#20404,.T.);
#20408=LINE('',#18468,#491);
#20409=EDGE_CURVE('',#18469,#18525,#20408,.T.);
#20410=DIRECTION('',(0.0,0.38268334417164346,0.9238795690422034));
#20411=VECTOR('',#20410,1000.0);
#20412=LINE('',#18524,#20411);
#20413=EDGE_CURVE('',#18525,#18523,#20412,.T.);
#20414=ORIENTED_EDGE('',*,*,#20399,.F.);
#20415=ORIENTED_EDGE('',*,*,#20409,.T.);
#20416=ORIENTED_EDGE('',*,*,#20413,.T.);
#20417=DIRECTION('',(-0.999962142259699,-0.003329873933724779,-0.008039028982339687));
#20418=AXIS2_PLACEMENT_3D('',#18522,#6438,#20417);
#20419=PLANE('',#20418);
#20420=EDGE_LOOP('',(#20414,#20415,#20416));
#20421=FACE_BOUND('',#20420,.T.);
#20422=ADVANCED_FACE('',(#20421),#20419,.T.);
#20423=DIRECTION('',(0.0,-0.1305476569104788,-0.9914420352573236));
#20424=VECTOR('',#20423,1000.0);
#20425=LINE('',#18468,#20424);
#20426=EDGE_CURVE('',#18469,#18467,#20425,.T.);
#20427=DIRECTION('',(0.9999621414617896,0.001135956992700619,0.00862700671510474));
#20428=VECTOR('',#20427,1000.0);
#20429=LINE('',#18466,#20428);
#20430=EDGE_CURVE('',#18467,#18525,#20429,.T.);
#20431=ORIENTED_EDGE('',*,*,#20409,.F.);
#20432=ORIENTED_EDGE('',*,*,#20426,.T.);
#20433=ORIENTED_EDGE('',*,*,#20430,.T.);
#20434=DIRECTION('',(0.0,-0.9914420352573236,0.1305476569104788));
#20435=AXIS2_PLACEMENT_3D('',#18524,#20434,#511);
#20436=PLANE('',#20435);
#20437=EDGE_LOOP('',(#20431,#20432,#20433));
#20438=FACE_BOUND('',#20437,.T.);
#20439=ADVANCED_FACE('',(#20438),#20436,.T.);
#20440=LINE('',#18508,#6648);
#20441=EDGE_CURVE('',#18509,#18525,#20440,.T.);
#20442=ORIENTED_EDGE('',*,*,#20430,.F.);
#20443=ORIENTED_EDGE('',*,*,#20208,.F.);
#20444=ORIENTED_EDGE('',*,*,#20441,.T.);
#20445=DIRECTION('',(0.0,-0.9914420352573236,0.1305476569104788));
#20446=DIRECTION('',(-0.9999621414617896,-0.001135956992700619,-0.00862700671510474));
#20447=AXIS2_PLACEMENT_3D('',#18524,#20445,#20446);
#20448=PLANE('',#20447);
#20449=EDGE_LOOP('',(#20442,#20443,#20444));
#20450=FACE_BOUND('',#20449,.T.);
#20451=ADVANCED_FACE('',(#20450),#20448,.T.);
#20452=DIRECTION('',(0.0,0.9914420352573223,-0.13054765691048825));
#20453=VECTOR('',#20452,1000.0);
#20454=LINE('',#18512,#20453);
#20455=EDGE_CURVE('',#18513,#18527,#20454,.T.);
#20456=DIRECTION('',(-0.9999621414617896,-0.008627006715104666,0.001135956992700693));
#20457=VECTOR('',#20456,1000.0);
#20458=LINE('',#18526,#20457);
#20459=EDGE_CURVE('',#18527,#18481,#20458,.T.);
#20460=ORIENTED_EDGE('',*,*,#20246,.F.);
#20461=ORIENTED_EDGE('',*,*,#20455,.T.);
#20462=ORIENTED_EDGE('',*,*,#20459,.T.);
#20463=DIRECTION('',(-0.0,0.13054765691048825,0.9914420352573223));
#20464=AXIS2_PLACEMENT_3D('',#18480,#20463,#12);
#20465=PLANE('',#20464);
#20466=EDGE_LOOP('',(#20460,#20461,#20462));
#20467=FACE_BOUND('',#20466,.T.);
#20468=ADVANCED_FACE('',(#20467),#20465,.T.);
#20469=LINE('',#18526,#512);
#20470=EDGE_CURVE('',#18527,#18483,#20469,.T.);
#20471=DIRECTION('',(0.0,-0.9914420352573223,0.13054765691048825));
#20472=VECTOR('',#20471,1000.0);
#20473=LINE('',#18482,#20472);
#20474=EDGE_CURVE('',#18483,#18481,#20473,.T.);
#20475=ORIENTED_EDGE('',*,*,#20459,.F.);
#20476=ORIENTED_EDGE('',*,*,#20470,.T.);
#20477=ORIENTED_EDGE('',*,*,#20474,.T.);
#20478=DIRECTION('',(0.9999621414617896,0.008627006715104666,-0.001135956992700693));
#20479=AXIS2_PLACEMENT_3D('',#18480,#6647,#20478);
#20480=PLANE('',#20479);
#20481=EDGE_LOOP('',(#20475,#20476,#20477));
#20482=FACE_BOUND('',#20481,.T.);
#20483=ADVANCED_FACE('',(#20482),#20480,.T.);
#20484=LINE('',#18526,#6425);
#20485=EDGE_CURVE('',#18527,#18529,#20484,.T.);
#20486=DIRECTION('',(-0.999962142259699,-0.008039028982339835,0.003329873933724705));
#20487=VECTOR('',#20486,1000.0);
#20488=LINE('',#18528,#20487);
#20489=EDGE_CURVE('',#18529,#18483,#20488,.T.);
#20490=ORIENTED_EDGE('',*,*,#20470,.F.);
#20491=ORIENTED_EDGE('',*,*,#20485,.T.);
#20492=ORIENTED_EDGE('',*,*,#20489,.T.);
#20493=AXIS2_PLACEMENT_3D('',#18482,#8772,#12);
#20494=PLANE('',#20493);
#20495=EDGE_LOOP('',(#20490,#20491,#20492));
#20496=FACE_BOUND('',#20495,.T.);
#20497=ADVANCED_FACE('',(#20496),#20494,.T.);
#20498=LINE('',#18528,#512);
#20499=EDGE_CURVE('',#18529,#18485,#20498,.T.);
#20500=LINE('',#18484,#6439);
#20501=EDGE_CURVE('',#18485,#18483,#20500,.T.);
#20502=ORIENTED_EDGE('',*,*,#20489,.F.);
#20503=ORIENTED_EDGE('',*,*,#20499,.T.);
#20504=ORIENTED_EDGE('',*,*,#20501,.T.);
#20505=DIRECTION('',(0.0,0.38268334417163025,0.9238795690422089));
#20506=DIRECTION('',(0.999962142259699,0.008039028982339835,-0.003329873933724705));
#20507=AXIS2_PLACEMENT_3D('',#18482,#20505,#20506);
#20508=PLANE('',#20507);
#20509=EDGE_LOOP('',(#20502,#20503,#20504));
#20510=FACE_BOUND('',#20509,.T.);
#20511=ADVANCED_FACE('',(#20510),#20508,.T.);
#20512=LINE('',#18528,#6461);
#20513=EDGE_CURVE('',#18529,#18531,#20512,.T.);
#20514=DIRECTION('',(-0.9999621432740283,-0.006903071995735044,0.005297132793636959));
#20515=VECTOR('',#20514,1000.0);
#20516=LINE('',#18530,#20515);
#20517=EDGE_CURVE('',#18531,#18485,#20516,.T.);
#20518=ORIENTED_EDGE('',*,*,#20499,.F.);
#20519=ORIENTED_EDGE('',*,*,#20513,.T.);
#20520=ORIENTED_EDGE('',*,*,#20517,.T.);
#20521=AXIS2_PLACEMENT_3D('',#18484,#8799,#12);
#20522=PLANE('',#20521);
#20523=EDGE_LOOP('',(#20518,#20519,#20520));
#20524=FACE_BOUND('',#20523,.T.);
#20525=ADVANCED_FACE('',(#20524),#20522,.T.);
#20526=LINE('',#18530,#512);
#20527=EDGE_CURVE('',#18531,#18487,#20526,.T.);
#20528=LINE('',#18486,#6475);
#20529=EDGE_CURVE('',#18487,#18485,#20528,.T.);
#20530=ORIENTED_EDGE('',*,*,#20517,.F.);
#20531=ORIENTED_EDGE('',*,*,#20527,.T.);
#20532=ORIENTED_EDGE('',*,*,#20529,.T.);
#20533=DIRECTION('',(0.0,0.60877729575476,0.7933411650566996));
#20534=DIRECTION('',(0.9999621432740283,0.006903071995735044,-0.005297132793636959));
#20535=AXIS2_PLACEMENT_3D('',#18484,#20533,#20534);
#20536=PLANE('',#20535);
#20537=EDGE_LOOP('',(#20530,#20531,#20532));
#20538=FACE_BOUND('',#20537,.T.);
#20539=ADVANCED_FACE('',(#20538),#20536,.T.);
#20540=LINE('',#18530,#6497);
#20541=EDGE_CURVE('',#18531,#18533,#20540,.T.);
#20542=DIRECTION('',(-0.9999621432740283,-0.005297132793636959,0.006903071995735118));
#20543=VECTOR('',#20542,1000.0);
#20544=LINE('',#18532,#20543);
#20545=EDGE_CURVE('',#18533,#18487,#20544,.T.);
#20546=ORIENTED_EDGE('',*,*,#20527,.F.);
#20547=ORIENTED_EDGE('',*,*,#20541,.T.);
#20548=ORIENTED_EDGE('',*,*,#20545,.T.);
#20549=AXIS2_PLACEMENT_3D('',#18486,#8826,#12);
#20550=PLANE('',#20549);
#20551=EDGE_LOOP('',(#20546,#20547,#20548));
#20552=FACE_BOUND('',#20551,.T.);
#20553=ADVANCED_FACE('',(#20552),#20550,.T.);
#20554=LINE('',#18532,#512);
#20555=EDGE_CURVE('',#18533,#18489,#20554,.T.);
#20556=LINE('',#18488,#6511);
#20557=EDGE_CURVE('',#18489,#18487,#20556,.T.);
#20558=ORIENTED_EDGE('',*,*,#20545,.F.);
#20559=ORIENTED_EDGE('',*,*,#20555,.T.);
#20560=ORIENTED_EDGE('',*,*,#20557,.T.);
#20561=DIRECTION('',(0.0,0.7933411650567027,0.6087772957547559));
#20562=DIRECTION('',(0.9999621432740283,0.005297132793636959,-0.006903071995735118));
#20563=AXIS2_PLACEMENT_3D('',#18486,#20561,#20562);
#20564=PLANE('',#20563);
#20565=EDGE_LOOP('',(#20558,#20559,#20560));
#20566=FACE_BOUND('',#20565,.T.);
#20567=ADVANCED_FACE('',(#20566),#20564,.T.);
#20568=LINE('',#18532,#6532);
#20569=EDGE_CURVE('',#18533,#18535,#20568,.T.);
#20570=DIRECTION('',(-0.999962142259699,-0.003329873933724779,0.008039028982339687));
#20571=VECTOR('',#20570,1000.0);
#20572=LINE('',#18534,#20571);
#20573=EDGE_CURVE('',#18535,#18489,#20572,.T.);
#20574=ORIENTED_EDGE('',*,*,#20555,.F.);
#20575=ORIENTED_EDGE('',*,*,#20569,.T.);
#20576=ORIENTED_EDGE('',*,*,#20573,.T.);
#20577=AXIS2_PLACEMENT_3D('',#18488,#8853,#12);
#20578=PLANE('',#20577);
#20579=EDGE_LOOP('',(#20574,#20575,#20576));
#20580=FACE_BOUND('',#20579,.T.);
#20581=ADVANCED_FACE('',(#20580),#20578,.T.);
#20582=LINE('',#18534,#512);
#20583=EDGE_CURVE('',#18535,#18491,#20582,.T.);
#20584=LINE('',#18490,#6546);
#20585=EDGE_CURVE('',#18491,#18489,#20584,.T.);
#20586=ORIENTED_EDGE('',*,*,#20573,.F.);
#20587=ORIENTED_EDGE('',*,*,#20583,.T.);
#20588=ORIENTED_EDGE('',*,*,#20585,.T.);
#20589=DIRECTION('',(0.0,0.9238795690422035,0.3826833441716435));
#20590=DIRECTION('',(0.999962142259699,0.003329873933724779,-0.008039028982339687));
#20591=AXIS2_PLACEMENT_3D('',#18488,#20589,#20590);
#20592=PLANE('',#20591);
#20593=EDGE_LOOP('',(#20586,#20587,#20588));
#20594=FACE_BOUND('',#20593,.T.);
#20595=ADVANCED_FACE('',(#20594),#20592,.T.);
#20596=DIRECTION('',(0.0,0.1305476569104788,-0.9914420352573236));
#20597=VECTOR('',#20596,1000.0);
#20598=LINE('',#18534,#20597);
#20599=EDGE_CURVE('',#18535,#18507,#20598,.T.);
#20600=DIRECTION('',(-0.9999621414617896,-0.001135956992700619,0.00862700671510474));
#20601=VECTOR('',#20600,1000.0);
#20602=LINE('',#18506,#20601);
#20603=EDGE_CURVE('',#18507,#18491,#20602,.T.);
#20604=ORIENTED_EDGE('',*,*,#20583,.F.);
#20605=ORIENTED_EDGE('',*,*,#20599,.T.);
#20606=ORIENTED_EDGE('',*,*,#20603,.T.);
#20607=DIRECTION('',(-0.0,0.9914420352573236,0.1305476569104788));
#20608=AXIS2_PLACEMENT_3D('',#18490,#20607,#12);
#20609=PLANE('',#20608);
#20610=EDGE_LOOP('',(#20604,#20605,#20606));
#20611=FACE_BOUND('',#20610,.T.);
#20612=ADVANCED_FACE('',(#20611),#20609,.T.);
#20613=LINE('',#18492,#6581);
#20614=EDGE_CURVE('',#18493,#18491,#20613,.T.);
#20615=ORIENTED_EDGE('',*,*,#20603,.F.);
#20616=ORIENTED_EDGE('',*,*,#20196,.F.);
#20617=ORIENTED_EDGE('',*,*,#20614,.T.);
#20618=DIRECTION('',(0.0,0.9914420352573236,0.1305476569104788));
#20619=DIRECTION('',(0.9999621414617896,0.001135956992700619,-0.00862700671510474));
#20620=AXIS2_PLACEMENT_3D('',#18490,#20618,#20619);
#20621=PLANE('',#20620);
#20622=EDGE_LOOP('',(#20615,#20616,#20617));
#20623=FACE_BOUND('',#20622,.T.);
#20624=ADVANCED_FACE('',(#20623),#20621,.T.);
#20625=DIRECTION('',(0.0,-0.9914420352573238,0.13054765691047696));
#20626=VECTOR('',#20625,1000.0);
#20627=LINE('',#18384,#20626);
#20628=EDGE_CURVE('',#18385,#18537,#20627,.T.);
#20629=DIRECTION('',(-0.9998649095948693,0.01629595851351507,-0.002145762561396316));
#20630=VECTOR('',#20629,1000.0);
#20631=LINE('',#18536,#20630);
#20632=EDGE_CURVE('',#18537,#18389,#20631,.T.);
#20633=ORIENTED_EDGE('',*,*,#19593,.F.);
#20634=ORIENTED_EDGE('',*,*,#20628,.T.);
#20635=ORIENTED_EDGE('',*,*,#20632,.T.);
#20636=DIRECTION('',(0.0,-0.13054765691047696,-0.9914420352573238));
#20637=AXIS2_PLACEMENT_3D('',#18388,#20636,#12);
#20638=PLANE('',#20637);
#20639=EDGE_LOOP('',(#20633,#20634,#20635));
#20640=FACE_BOUND('',#20639,.T.);
#20641=ADVANCED_FACE('',(#20640),#20638,.T.);
#20642=DIRECTION('',(0.0,0.9914420352573238,-0.13054765691047696));
#20643=VECTOR('',#20642,1000.0);
#20644=LINE('',#18454,#20643);
#20645=EDGE_CURVE('',#18455,#18393,#20644,.T.);
#20646=DIRECTION('',(-0.9998291283625929,-0.018327311596495522,0.0024132400093059593));
#20647=VECTOR('',#20646,1000.0);
#20648=LINE('',#18388,#20647);
#20649=EDGE_CURVE('',#18389,#18455,#20648,.T.);
#20650=ORIENTED_EDGE('',*,*,#20645,.T.);
#20651=ORIENTED_EDGE('',*,*,#19629,.F.);
#20652=ORIENTED_EDGE('',*,*,#20649,.T.);
#20653=DIRECTION('',(0.0,-0.13054765691047696,-0.9914420352573238));
#20654=DIRECTION('',(0.0,0.9914420352573238,-0.13054765691047696));
#20655=AXIS2_PLACEMENT_3D('',#18454,#20653,#20654);
#20656=PLANE('',#20655);
#20657=EDGE_LOOP('',(#20650,#20651,#20652));
#20658=FACE_BOUND('',#20657,.T.);
#20659=ADVANCED_FACE('',(#20658),#20656,.T.);
#20660=LINE('',#18536,#512);
#20661=EDGE_CURVE('',#18537,#18455,#20660,.T.);
#20662=ORIENTED_EDGE('',*,*,#20632,.F.);
#20663=ORIENTED_EDGE('',*,*,#20661,.T.);
#20664=ORIENTED_EDGE('',*,*,#20649,.F.);
#20665=DIRECTION('',(-0.0,-0.13054765691047696,-0.9914420352573238));
#20666=DIRECTION('',(0.9998649095948693,-0.01629595851351507,0.002145762561396316));
#20667=AXIS2_PLACEMENT_3D('',#18388,#20665,#20666);
#20668=PLANE('',#20667);
#20669=EDGE_LOOP('',(#20662,#20663,#20664));
#20670=FACE_BOUND('',#20669,.T.);
#20671=ADVANCED_FACE('',(#20670),#20668,.T.);
#20672=LINE('',#18536,#6439);
#20673=EDGE_CURVE('',#18537,#18539,#20672,.T.);
#20674=DIRECTION('',(-0.999962142259699,0.008039028982339835,-0.003329873933724798));
#20675=VECTOR('',#20674,1000.0);
#20676=LINE('',#18538,#20675);
#20677=EDGE_CURVE('',#18539,#18455,#20676,.T.);
#20678=ORIENTED_EDGE('',*,*,#20661,.F.);
#20679=ORIENTED_EDGE('',*,*,#20673,.T.);
#20680=ORIENTED_EDGE('',*,*,#20677,.T.);
#20681=DIRECTION('',(0.0,-0.38268334417163935,-0.9238795690422051));
#20682=AXIS2_PLACEMENT_3D('',#18454,#20681,#12);
#20683=PLANE('',#20682);
#20684=EDGE_LOOP('',(#20678,#20679,#20680));
#20685=FACE_BOUND('',#20684,.T.);
#20686=ADVANCED_FACE('',(#20685),#20683,.T.);
#20687=LINE('',#18538,#512);
#20688=EDGE_CURVE('',#18539,#18457,#20687,.T.);
#20689=LINE('',#18456,#6425);
#20690=EDGE_CURVE('',#18457,#18455,#20689,.T.);
#20691=ORIENTED_EDGE('',*,*,#20677,.F.);
#20692=ORIENTED_EDGE('',*,*,#20688,.T.);
#20693=ORIENTED_EDGE('',*,*,#20690,.T.);
#20694=DIRECTION('',(0.999962142259699,-0.008039028982339835,0.003329873933724798));
#20695=AXIS2_PLACEMENT_3D('',#18454,#10855,#20694);
#20696=PLANE('',#20695);
#20697=EDGE_LOOP('',(#20691,#20692,#20693));
#20698=FACE_BOUND('',#20697,.T.);
#20699=ADVANCED_FACE('',(#20698),#20696,.T.);
#20700=LINE('',#18538,#6475);
#20701=EDGE_CURVE('',#18539,#18541,#20700,.T.);
#20702=DIRECTION('',(-0.9999621432740283,0.006903071995735044,-0.0052971327936369526));
#20703=VECTOR('',#20702,1000.0);
#20704=LINE('',#18540,#20703);
#20705=EDGE_CURVE('',#18541,#18457,#20704,.T.);
#20706=ORIENTED_EDGE('',*,*,#20688,.F.);
#20707=ORIENTED_EDGE('',*,*,#20701,.T.);
#20708=ORIENTED_EDGE('',*,*,#20705,.T.);
#20709=DIRECTION('',(0.0,-0.6087772957547596,-0.7933411650566999));
#20710=AXIS2_PLACEMENT_3D('',#18456,#20709,#12);
#20711=PLANE('',#20710);
#20712=EDGE_LOOP('',(#20706,#20707,#20708));
#20713=FACE_BOUND('',#20712,.T.);
#20714=ADVANCED_FACE('',(#20713),#20711,.T.);
#20715=LINE('',#18540,#512);
#20716=EDGE_CURVE('',#18541,#18459,#20715,.T.);
#20717=LINE('',#18458,#6461);
#20718=EDGE_CURVE('',#18459,#18457,#20717,.T.);
#20719=ORIENTED_EDGE('',*,*,#20705,.F.);
#20720=ORIENTED_EDGE('',*,*,#20716,.T.);
#20721=ORIENTED_EDGE('',*,*,#20718,.T.);
#20722=DIRECTION('',(0.9999621432740283,-0.006903071995735044,0.0052971327936369526));
#20723=AXIS2_PLACEMENT_3D('',#18456,#10882,#20722);
#20724=PLANE('',#20723);
#20725=EDGE_LOOP('',(#20719,#20720,#20721));
#20726=FACE_BOUND('',#20725,.T.);
#20727=ADVANCED_FACE('',(#20726),#20724,.T.);
#20728=LINE('',#18540,#6511);
#20729=EDGE_CURVE('',#18541,#18543,#20728,.T.);
#20730=DIRECTION('',(-0.9999621432740283,0.005297132793636959,-0.006903071995735043));
#20731=VECTOR('',#20730,1000.0);
#20732=LINE('',#18542,#20731);
#20733=EDGE_CURVE('',#18543,#18459,#20732,.T.);
#20734=ORIENTED_EDGE('',*,*,#20716,.F.);
#20735=ORIENTED_EDGE('',*,*,#20729,.T.);
#20736=ORIENTED_EDGE('',*,*,#20733,.T.);
#20737=DIRECTION('',(0.0,-0.7933411650566996,-0.6087772957547601));
#20738=AXIS2_PLACEMENT_3D('',#18458,#20737,#12);
#20739=PLANE('',#20738);
#20740=EDGE_LOOP('',(#20734,#20735,#20736));
#20741=FACE_BOUND('',#20740,.T.);
#20742=ADVANCED_FACE('',(#20741),#20739,.T.);
#20743=LINE('',#18542,#512);
#20744=EDGE_CURVE('',#18543,#18461,#20743,.T.);
#20745=LINE('',#18460,#6497);
#20746=EDGE_CURVE('',#18461,#18459,#20745,.T.);
#20747=ORIENTED_EDGE('',*,*,#20733,.F.);
#20748=ORIENTED_EDGE('',*,*,#20744,.T.);
#20749=ORIENTED_EDGE('',*,*,#20746,.T.);
#20750=DIRECTION('',(0.9999621432740283,-0.005297132793636959,0.006903071995735043));
#20751=AXIS2_PLACEMENT_3D('',#18458,#10909,#20750);
#20752=PLANE('',#20751);
#20753=EDGE_LOOP('',(#20747,#20748,#20749));
#20754=FACE_BOUND('',#20753,.T.);
#20755=ADVANCED_FACE('',(#20754),#20752,.T.);
#20756=LINE('',#18542,#6546);
#20757=EDGE_CURVE('',#18543,#18545,#20756,.T.);
#20758=DIRECTION('',(-0.999962142259699,0.003329873933724779,-0.008039028982339807));
#20759=VECTOR('',#20758,1000.0);
#20760=LINE('',#18544,#20759);
#20761=EDGE_CURVE('',#18545,#18461,#20760,.T.);
#20762=ORIENTED_EDGE('',*,*,#20744,.F.);
#20763=ORIENTED_EDGE('',*,*,#20757,.T.);
#20764=ORIENTED_EDGE('',*,*,#20761,.T.);
#20765=DIRECTION('',(0.0,-0.9238795690422055,-0.38268334417163863));
#20766=AXIS2_PLACEMENT_3D('',#18460,#20765,#12);
#20767=PLANE('',#20766);
#20768=EDGE_LOOP('',(#20762,#20763,#20764));
#20769=FACE_BOUND('',#20768,.T.);
#20770=ADVANCED_FACE('',(#20769),#20767,.T.);
#20771=LINE('',#18544,#512);
#20772=EDGE_CURVE('',#18545,#18463,#20771,.T.);
#20773=LINE('',#18462,#6532);
#20774=EDGE_CURVE('',#18463,#18461,#20773,.T.);
#20775=ORIENTED_EDGE('',*,*,#20761,.F.);
#20776=ORIENTED_EDGE('',*,*,#20772,.T.);
#20777=ORIENTED_EDGE('',*,*,#20774,.T.);
#20778=DIRECTION('',(0.999962142259699,-0.003329873933724779,0.008039028982339807));
#20779=AXIS2_PLACEMENT_3D('',#18460,#10936,#20778);
#20780=PLANE('',#20779);
#20781=EDGE_LOOP('',(#20775,#20776,#20777));
#20782=FACE_BOUND('',#20781,.T.);
#20783=ADVANCED_FACE('',(#20782),#20780,.T.);
#20784=LINE('',#18544,#6581);
#20785=EDGE_CURVE('',#18545,#18511,#20784,.T.);
#20786=DIRECTION('',(-0.9999621414617896,0.001135956992700619,-0.00862700671510468));
#20787=VECTOR('',#20786,1000.0);
#20788=LINE('',#18510,#20787);
#20789=EDGE_CURVE('',#18511,#18463,#20788,.T.);
#20790=ORIENTED_EDGE('',*,*,#20772,.F.);
#20791=ORIENTED_EDGE('',*,*,#20785,.T.);
#20792=ORIENTED_EDGE('',*,*,#20789,.T.);
#20793=AXIS2_PLACEMENT_3D('',#18462,#6315,#12);
#20794=PLANE('',#20793);
#20795=EDGE_LOOP('',(#20790,#20791,#20792));
#20796=FACE_BOUND('',#20795,.T.);
#20797=ADVANCED_FACE('',(#20796),#20794,.T.);
#20798=DIRECTION('',(0.0,0.13054765691047968,-0.9914420352573233));
#20799=VECTOR('',#20798,1000.0);
#20800=LINE('',#18464,#20799);
#20801=EDGE_CURVE('',#18465,#18463,#20800,.T.);
#20802=ORIENTED_EDGE('',*,*,#20789,.F.);
#20803=ORIENTED_EDGE('',*,*,#20228,.F.);
#20804=ORIENTED_EDGE('',*,*,#20801,.T.);
#20805=DIRECTION('',(-0.0,-0.9914420352573234,-0.13054765691047968));
#20806=DIRECTION('',(0.9999621414617896,-0.001135956992700619,0.00862700671510468));
#20807=AXIS2_PLACEMENT_3D('',#18462,#20805,#20806);
#20808=PLANE('',#20807);
#20809=EDGE_LOOP('',(#20802,#20803,#20804));
#20810=FACE_BOUND('',#20809,.T.);
#20811=ADVANCED_FACE('',(#20810),#20808,.T.);
#20812=DIRECTION('',(0.0,0.9914420352573238,0.13054765691047696));
#20813=VECTOR('',#20812,1000.0);
#20814=LINE('',#18410,#20813);
#20815=EDGE_CURVE('',#18411,#18453,#20814,.T.);
#20816=DIRECTION('',(0.9998291283625929,-0.018327311596495522,-0.0024132400093059593));
#20817=VECTOR('',#20816,1000.0);
#20818=LINE('',#18452,#20817);
#20819=EDGE_CURVE('',#18453,#18263,#20818,.T.);
#20820=ORIENTED_EDGE('',*,*,#19801,.F.);
#20821=ORIENTED_EDGE('',*,*,#20815,.T.);
#20822=ORIENTED_EDGE('',*,*,#20819,.T.);
#20823=DIRECTION('',(0.0,0.13054765691047696,-0.9914420352573238));
#20824=AXIS2_PLACEMENT_3D('',#18262,#20823,#511);
#20825=PLANE('',#20824);
#20826=EDGE_LOOP('',(#20820,#20821,#20822));
#20827=FACE_BOUND('',#20826,.T.);
#20828=ADVANCED_FACE('',(#20827),#20825,.T.);
#20829=LINE('',#18546,#6316);
#20830=EDGE_CURVE('',#18547,#18345,#20829,.T.);
#20831=DIRECTION('',(0.9998649095948693,0.01629595851351507,0.002145762561396316));
#20832=VECTOR('',#20831,1000.0);
#20833=LINE('',#18262,#20832);
#20834=EDGE_CURVE('',#18263,#18547,#20833,.T.);
#20835=ORIENTED_EDGE('',*,*,#20830,.T.);
#20836=ORIENTED_EDGE('',*,*,#19150,.F.);
#20837=ORIENTED_EDGE('',*,*,#20834,.T.);
#20838=DIRECTION('',(0.0,0.13054765691047696,-0.9914420352573238));
#20839=AXIS2_PLACEMENT_3D('',#18546,#20838,#6315);
#20840=PLANE('',#20839);
#20841=EDGE_LOOP('',(#20835,#20836,#20837));
#20842=FACE_BOUND('',#20841,.T.);
#20843=ADVANCED_FACE('',(#20842),#20840,.T.);
#20844=LINE('',#18452,#491);
#20845=EDGE_CURVE('',#18453,#18547,#20844,.T.);
#20846=ORIENTED_EDGE('',*,*,#20819,.F.);
#20847=ORIENTED_EDGE('',*,*,#20845,.T.);
#20848=ORIENTED_EDGE('',*,*,#20834,.F.);
#20849=DIRECTION('',(0.0,0.13054765691047696,-0.9914420352573238));
#20850=DIRECTION('',(-0.9998291283625929,0.018327311596495522,0.0024132400093059593));
#20851=AXIS2_PLACEMENT_3D('',#18262,#20849,#20850);
#20852=PLANE('',#20851);
#20853=EDGE_LOOP('',(#20846,#20847,#20848));
#20854=FACE_BOUND('',#20853,.T.);
#20855=ADVANCED_FACE('',(#20854),#20852,.T.);
#20856=DIRECTION('',(0.0,0.9238795690422051,0.38268334417163935));
#20857=VECTOR('',#20856,1000.0);
#20858=LINE('',#18452,#20857);
#20859=EDGE_CURVE('',#18453,#18503,#20858,.T.);
#20860=DIRECTION('',(0.999962142259699,-0.008039028982339835,-0.003329873933724798));
#20861=VECTOR('',#20860,1000.0);
#20862=LINE('',#18502,#20861);
#20863=EDGE_CURVE('',#18503,#18547,#20862,.T.);
#20864=ORIENTED_EDGE('',*,*,#20845,.F.);
#20865=ORIENTED_EDGE('',*,*,#20859,.T.);
#20866=ORIENTED_EDGE('',*,*,#20863,.T.);
#20867=AXIS2_PLACEMENT_3D('',#18546,#6531,#511);
#20868=PLANE('',#20867);
#20869=EDGE_LOOP('',(#20864,#20865,#20866));
#20870=FACE_BOUND('',#20869,.T.);
#20871=ADVANCED_FACE('',(#20870),#20868,.T.);
#20872=LINE('',#18502,#491);
#20873=EDGE_CURVE('',#18503,#18549,#20872,.T.);
#20874=DIRECTION('',(0.0,-0.9238795690422051,-0.38268334417163935));
#20875=VECTOR('',#20874,1000.0);
#20876=LINE('',#18548,#20875);
#20877=EDGE_CURVE('',#18549,#18547,#20876,.T.);
#20878=ORIENTED_EDGE('',*,*,#20863,.F.);
#20879=ORIENTED_EDGE('',*,*,#20873,.T.);
#20880=ORIENTED_EDGE('',*,*,#20877,.T.);
#20881=DIRECTION('',(-0.999962142259699,0.008039028982339835,0.003329873933724798));
#20882=AXIS2_PLACEMENT_3D('',#18546,#6531,#20881);
#20883=PLANE('',#20882);
#20884=EDGE_LOOP('',(#20878,#20879,#20880));
#20885=FACE_BOUND('',#20884,.T.);
#20886=ADVANCED_FACE('',(#20885),#20883,.T.);
#20887=DIRECTION('',(0.0,0.7933411650566998,0.6087772957547596));
#20888=VECTOR('',#20887,1000.0);
#20889=LINE('',#18502,#20888);
#20890=EDGE_CURVE('',#18503,#18501,#20889,.T.);
#20891=DIRECTION('',(0.9999621432740283,-0.006903071995735044,-0.0052971327936369526));
#20892=VECTOR('',#20891,1000.0);
#20893=LINE('',#18500,#20892);
#20894=EDGE_CURVE('',#18501,#18549,#20893,.T.);
#20895=ORIENTED_EDGE('',*,*,#20873,.F.);
#20896=ORIENTED_EDGE('',*,*,#20890,.T.);
#20897=ORIENTED_EDGE('',*,*,#20894,.T.);
#20898=AXIS2_PLACEMENT_3D('',#18548,#6496,#511);
#20899=PLANE('',#20898);
#20900=EDGE_LOOP('',(#20895,#20896,#20897));
#20901=FACE_BOUND('',#20900,.T.);
#20902=ADVANCED_FACE('',(#20901),#20899,.T.);
#20903=LINE('',#18500,#491);
#20904=EDGE_CURVE('',#18501,#18551,#20903,.T.);
#20905=DIRECTION('',(0.0,-0.7933411650566998,-0.6087772957547596));
#20906=VECTOR('',#20905,1000.0);
#20907=LINE('',#18550,#20906);
#20908=EDGE_CURVE('',#18551,#18549,#20907,.T.);
#20909=ORIENTED_EDGE('',*,*,#20894,.F.);
#20910=ORIENTED_EDGE('',*,*,#20904,.T.);
#20911=ORIENTED_EDGE('',*,*,#20908,.T.);
#20912=DIRECTION('',(-0.9999621432740283,0.006903071995735044,0.0052971327936369526));
#20913=AXIS2_PLACEMENT_3D('',#18548,#6496,#20912);
#20914=PLANE('',#20913);
#20915=EDGE_LOOP('',(#20909,#20910,#20911));
#20916=FACE_BOUND('',#20915,.T.);
#20917=ADVANCED_FACE('',(#20916),#20914,.T.);
#20918=DIRECTION('',(0.0,0.60877729575476,0.7933411650566995));
#20919=VECTOR('',#20918,1000.0);
#20920=LINE('',#18500,#20919);
#20921=EDGE_CURVE('',#18501,#18499,#20920,.T.);
#20922=DIRECTION('',(0.9999621432740283,-0.005297132793636959,-0.006903071995735043));
#20923=VECTOR('',#20922,1000.0);
#20924=LINE('',#18498,#20923);
#20925=EDGE_CURVE('',#18499,#18551,#20924,.T.);
#20926=ORIENTED_EDGE('',*,*,#20904,.F.);
#20927=ORIENTED_EDGE('',*,*,#20921,.T.);
#20928=ORIENTED_EDGE('',*,*,#20925,.T.);
#20929=AXIS2_PLACEMENT_3D('',#18550,#6460,#511);
#20930=PLANE('',#20929);
#20931=EDGE_LOOP('',(#20926,#20927,#20928));
#20932=FACE_BOUND('',#20931,.T.);
#20933=ADVANCED_FACE('',(#20932),#20930,.T.);
#20934=LINE('',#18498,#491);
#20935=EDGE_CURVE('',#18499,#18553,#20934,.T.);
#20936=DIRECTION('',(0.0,-0.60877729575476,-0.7933411650566995));
#20937=VECTOR('',#20936,1000.0);
#20938=LINE('',#18552,#20937);
#20939=EDGE_CURVE('',#18553,#18551,#20938,.T.);
#20940=ORIENTED_EDGE('',*,*,#20925,.F.);
#20941=ORIENTED_EDGE('',*,*,#20935,.T.);
#20942=ORIENTED_EDGE('',*,*,#20939,.T.);
#20943=DIRECTION('',(-0.9999621432740283,0.005297132793636959,0.006903071995735043));
#20944=AXIS2_PLACEMENT_3D('',#18550,#6460,#20943);
#20945=PLANE('',#20944);
#20946=EDGE_LOOP('',(#20940,#20941,#20942));
#20947=FACE_BOUND('',#20946,.T.);
#20948=ADVANCED_FACE('',(#20947),#20945,.T.);
#20949=DIRECTION('',(0.0,0.3826833441716386,0.9238795690422054));
#20950=VECTOR('',#20949,1000.0);
#20951=LINE('',#18498,#20950);
#20952=EDGE_CURVE('',#18499,#18497,#20951,.T.);
#20953=DIRECTION('',(0.999962142259699,-0.003329873933724779,-0.008039028982339807));
#20954=VECTOR('',#20953,1000.0);
#20955=LINE('',#18496,#20954);
#20956=EDGE_CURVE('',#18497,#18553,#20955,.T.);
#20957=ORIENTED_EDGE('',*,*,#20935,.F.);
#20958=ORIENTED_EDGE('',*,*,#20952,.T.);
#20959=ORIENTED_EDGE('',*,*,#20956,.T.);
#20960=AXIS2_PLACEMENT_3D('',#18552,#6424,#511);
#20961=PLANE('',#20960);
#20962=EDGE_LOOP('',(#20957,#20958,#20959));
#20963=FACE_BOUND('',#20962,.T.);
#20964=ADVANCED_FACE('',(#20963),#20961,.T.);
#20965=LINE('',#18496,#491);
#20966=EDGE_CURVE('',#18497,#18555,#20965,.T.);
#20967=DIRECTION('',(0.0,-0.3826833441716386,-0.9238795690422054));
#20968=VECTOR('',#20967,1000.0);
#20969=LINE('',#18554,#20968);
#20970=EDGE_CURVE('',#18555,#18553,#20969,.T.);
#20971=ORIENTED_EDGE('',*,*,#20956,.F.);
#20972=ORIENTED_EDGE('',*,*,#20966,.T.);
#20973=ORIENTED_EDGE('',*,*,#20970,.T.);
#20974=DIRECTION('',(-0.999962142259699,0.003329873933724779,0.008039028982339807));
#20975=AXIS2_PLACEMENT_3D('',#18552,#6424,#20974);
#20976=PLANE('',#20975);
#20977=EDGE_LOOP('',(#20971,#20972,#20973));
#20978=FACE_BOUND('',#20977,.T.);
#20979=ADVANCED_FACE('',(#20978),#20976,.T.);
#20980=LINE('',#18496,#6648);
#20981=EDGE_CURVE('',#18497,#18495,#20980,.T.);
#20982=DIRECTION('',(0.9999621414617896,-0.001135956992700619,-0.00862700671510468));
#20983=VECTOR('',#20982,1000.0);
#20984=LINE('',#18494,#20983);
#20985=EDGE_CURVE('',#18495,#18555,#20984,.T.);
#20986=ORIENTED_EDGE('',*,*,#20966,.F.);
#20987=ORIENTED_EDGE('',*,*,#20981,.T.);
#20988=ORIENTED_EDGE('',*,*,#20985,.T.);
#20989=DIRECTION('',(0.0,0.9914420352573234,-0.13054765691047968));
#20990=AXIS2_PLACEMENT_3D('',#18554,#20989,#511);
#20991=PLANE('',#20990);
#20992=EDGE_LOOP('',(#20986,#20987,#20988));
#20993=FACE_BOUND('',#20992,.T.);
#20994=ADVANCED_FACE('',(#20993),#20991,.T.);
#20995=DIRECTION('',(0.0,-0.13054765691047968,-0.9914420352573233));
#20996=VECTOR('',#20995,1000.0);
#20997=LINE('',#18504,#20996);
#20998=EDGE_CURVE('',#18505,#18555,#20997,.T.);
#20999=ORIENTED_EDGE('',*,*,#20985,.F.);
#21000=ORIENTED_EDGE('',*,*,#20175,.F.);
#21001=ORIENTED_EDGE('',*,*,#20998,.T.);
#21002=DIRECTION('',(0.0,0.9914420352573234,-0.13054765691047968));
#21003=DIRECTION('',(-0.9999621414617896,0.001135956992700619,0.00862700671510468));
#21004=AXIS2_PLACEMENT_3D('',#18554,#21002,#21003);
#21005=PLANE('',#21004);
#21006=EDGE_LOOP('',(#20999,#21000,#21001));
#21007=FACE_BOUND('',#21006,.T.);
#21008=ADVANCED_FACE('',(#21007),#21005,.T.);
#21009=LINE('',#18556,#512);
#21010=EDGE_CURVE('',#18557,#18559,#21009,.T.);
#21011=DIRECTION('',(0.4053788471151085,0.9141487790899386,0.0));
#21012=VECTOR('',#21011,1000.0);
#21013=LINE('',#18558,#21012);
#21014=EDGE_CURVE('',#18559,#18561,#21013,.T.);
#21015=VECTOR('',#984,1000.0);
#21016=LINE('',#18560,#21015);
#21017=EDGE_CURVE('',#18561,#18557,#21016,.T.);
#21018=ORIENTED_EDGE('',*,*,#21010,.T.);
#21019=ORIENTED_EDGE('',*,*,#21014,.T.);
#21020=ORIENTED_EDGE('',*,*,#21017,.T.);
#21021=DIRECTION('',(0.0,0.0,-1.0));
#21022=AXIS2_PLACEMENT_3D('',#18556,#21021,#511);
#21023=PLANE('',#21022);
#21024=EDGE_LOOP('',(#21018,#21019,#21020));
#21025=FACE_BOUND('',#21024,.T.);
#21026=ADVANCED_FACE('',(#21025),#21023,.T.);
#21027=LINE('',#18558,#525);
#21028=EDGE_CURVE('',#18559,#18571,#21027,.T.);
#21029=LINE('',#18570,#491);
#21030=EDGE_CURVE('',#18571,#18561,#21029,.T.);
#21031=ORIENTED_EDGE('',*,*,#21014,.F.);
#21032=ORIENTED_EDGE('',*,*,#21028,.T.);
#21033=ORIENTED_EDGE('',*,*,#21030,.T.);
#21034=DIRECTION('',(-0.4053788471151085,-0.9141487790899386,0.0));
#21035=AXIS2_PLACEMENT_3D('',#18560,#825,#21034);
#21036=PLANE('',#21035);
#21037=EDGE_LOOP('',(#21031,#21032,#21033));
#21038=FACE_BOUND('',#21037,.T.);
#21039=ADVANCED_FACE('',(#21038),#21036,.T.);
#21040=DIRECTION('',(0.5855417593988175,0.8106422441497465,-0.0));
#21041=VECTOR('',#21040,1000.0);
#21042=LINE('',#18570,#21041);
#21043=EDGE_CURVE('',#18571,#18563,#21042,.T.);
#21044=DIRECTION('',(0.2675578842342994,-0.9635417887066784,0.0));
#21045=VECTOR('',#21044,1000.0);
#21046=LINE('',#18562,#21045);
#21047=EDGE_CURVE('',#18563,#18561,#21046,.T.);
#21048=ORIENTED_EDGE('',*,*,#21030,.F.);
#21049=ORIENTED_EDGE('',*,*,#21043,.T.);
#21050=ORIENTED_EDGE('',*,*,#21047,.T.);
#21051=AXIS2_PLACEMENT_3D('',#18560,#825,#511);
#21052=PLANE('',#21051);
#21053=EDGE_LOOP('',(#21048,#21049,#21050));
#21054=FACE_BOUND('',#21053,.T.);
#21055=ADVANCED_FACE('',(#21054),#21052,.T.);
#21056=DIRECTION('',(0.2478393282821627,0.9688011495434171,0.0));
#21057=VECTOR('',#21056,1000.0);
#21058=LINE('',#18570,#21057);
#21059=EDGE_CURVE('',#18571,#18569,#21058,.T.);
#21060=DIRECTION('',(0.9999768049554553,-0.006810987526010702,-0.0));
#21061=VECTOR('',#21060,1000.0);
#21062=LINE('',#18568,#21061);
#21063=EDGE_CURVE('',#18569,#18563,#21062,.T.);
#21064=ORIENTED_EDGE('',*,*,#21043,.F.);
#21065=ORIENTED_EDGE('',*,*,#21059,.T.);
#21066=ORIENTED_EDGE('',*,*,#21063,.T.);
#21067=DIRECTION('',(-0.5855417593988175,-0.8106422441497465,0.0));
#21068=AXIS2_PLACEMENT_3D('',#18562,#825,#21067);
#21069=PLANE('',#21068);
#21070=EDGE_LOOP('',(#21064,#21065,#21066));
#21071=FACE_BOUND('',#21070,.T.);
#21072=ADVANCED_FACE('',(#21071),#21069,.T.);
#21073=DIRECTION('',(0.26653213522136837,0.9638260324842539,0.0));
#21074=VECTOR('',#21073,1000.0);
#21075=LINE('',#18568,#21074);
#21076=EDGE_CURVE('',#18569,#18565,#21075,.T.);
#21077=DIRECTION('',(0.1771745172969539,-0.9841794503141139,-0.0));
#21078=VECTOR('',#21077,1000.0);
#21079=LINE('',#18564,#21078);
#21080=EDGE_CURVE('',#18565,#18563,#21079,.T.);
#21081=ORIENTED_EDGE('',*,*,#21063,.F.);
#21082=ORIENTED_EDGE('',*,*,#21076,.T.);
#21083=ORIENTED_EDGE('',*,*,#21080,.T.);
#21084=DIRECTION('',(0.0,0.0,-1.0));
#21085=DIRECTION('',(-0.9999768049554553,0.006810987526010702,0.0));
#21086=AXIS2_PLACEMENT_3D('',#18562,#21084,#21085);
#21087=PLANE('',#21086);
#21088=EDGE_LOOP('',(#21081,#21082,#21083));
#21089=FACE_BOUND('',#21088,.T.);
#21090=ADVANCED_FACE('',(#21089),#21087,.T.);
#21091=DIRECTION('',(0.18175037909045008,0.9833447003469727,0.0));
#21092=VECTOR('',#21091,1000.0);
#21093=LINE('',#18568,#21092);
#21094=EDGE_CURVE('',#18569,#18567,#21093,.T.);
#21095=LINE('',#18566,#491);
#21096=EDGE_CURVE('',#18567,#18565,#21095,.T.);
#21097=ORIENTED_EDGE('',*,*,#21076,.F.);
#21098=ORIENTED_EDGE('',*,*,#21094,.T.);
#21099=ORIENTED_EDGE('',*,*,#21096,.T.);
#21100=DIRECTION('',(-0.26653213522136837,-0.9638260324842539,0.0));
#21101=AXIS2_PLACEMENT_3D('',#18564,#825,#21100);
#21102=PLANE('',#21101);
#21103=EDGE_LOOP('',(#21097,#21098,#21099));
#21104=FACE_BOUND('',#21103,.T.);
#21105=ADVANCED_FACE('',(#21104),#21102,.T.);
#21106=DIRECTION('',(0.0,-1.0,0.0));
#21107=VECTOR('',#21106,1000.0);
#21108=LINE('',#18574,#21107);
#21109=EDGE_CURVE('',#18575,#18605,#21108,.T.);
#21110=DIRECTION('',(-0.18567255161349294,0.9826116748631347,0.0));
#21111=VECTOR('',#21110,1000.0);
#21112=LINE('',#18604,#21111);
#21113=EDGE_CURVE('',#18605,#18573,#21112,.T.);
#21114=LINE('',#18572,#491);
#21115=EDGE_CURVE('',#18573,#18575,#21114,.T.);
#21116=ORIENTED_EDGE('',*,*,#21109,.T.);
#21117=ORIENTED_EDGE('',*,*,#21113,.T.);
#21118=ORIENTED_EDGE('',*,*,#21115,.T.);
#21119=DIRECTION('',(0.0,-1.0,0.0));
#21120=AXIS2_PLACEMENT_3D('',#18574,#721,#21119);
#21121=PLANE('',#21120);
#21122=EDGE_LOOP('',(#21116,#21117,#21118));
#21123=FACE_BOUND('',#21122,.T.);
#21124=ADVANCED_FACE('',(#21123),#21121,.T.);
#21125=LINE('',#18604,#512);
#21126=EDGE_CURVE('',#18605,#18603,#21125,.T.);
#21127=DIRECTION('',(-0.007072303232646415,0.9999749909507665,0.0));
#21128=VECTOR('',#21127,1000.0);
#21129=LINE('',#18602,#21128);
#21130=EDGE_CURVE('',#18603,#18573,#21129,.T.);
#21131=ORIENTED_EDGE('',*,*,#21113,.F.);
#21132=ORIENTED_EDGE('',*,*,#21126,.T.);
#21133=ORIENTED_EDGE('',*,*,#21130,.T.);
#21134=DIRECTION('',(0.18567255161349294,-0.9826116748631347,0.0));
#21135=AXIS2_PLACEMENT_3D('',#18572,#721,#21134);
#21136=PLANE('',#21135);
#21137=EDGE_LOOP('',(#21131,#21132,#21133));
#21138=FACE_BOUND('',#21137,.T.);
#21139=ADVANCED_FACE('',(#21138),#21136,.T.);
#21140=DIRECTION('',(-0.9956959514402992,0.09267994543264205,0.0));
#21141=VECTOR('',#21140,1000.0);
#21142=LINE('',#18602,#21141);
#21143=EDGE_CURVE('',#18603,#18601,#21142,.T.);
#21144=DIRECTION('',(0.12865316065855317,0.9916896511775065,0.0));
#21145=VECTOR('',#21144,1000.0);
#21146=LINE('',#18600,#21145);
#21147=EDGE_CURVE('',#18601,#18573,#21146,.T.);
#21148=ORIENTED_EDGE('',*,*,#21130,.F.);
#21149=ORIENTED_EDGE('',*,*,#21143,.T.);
#21150=ORIENTED_EDGE('',*,*,#21147,.T.);
#21151=DIRECTION('',(0.007072303232646415,-0.9999749909507665,0.0));
#21152=AXIS2_PLACEMENT_3D('',#18572,#721,#21151);
#21153=PLANE('',#21152);
#21154=EDGE_LOOP('',(#21148,#21149,#21150));
#21155=FACE_BOUND('',#21154,.T.);
#21156=ADVANCED_FACE('',(#21155),#21153,.T.);
#21157=DIRECTION('',(0.08499226243236828,0.9963816112949032,0.0));
#21158=VECTOR('',#21157,1000.0);
#21159=LINE('',#18588,#21158);
#21160=EDGE_CURVE('',#18589,#18587,#21159,.T.);
#21161=DIRECTION('',(0.8044997714774784,0.5939529591581181,0.0));
#21162=VECTOR('',#21161,1000.0);
#21163=LINE('',#18586,#21162);
#21164=EDGE_CURVE('',#18587,#18573,#21163,.T.);
#21165=DIRECTION('',(-0.7149362491163425,-0.6991896450173266,0.0));
#21166=VECTOR('',#21165,1000.0);
#21167=LINE('',#18572,#21166);
#21168=EDGE_CURVE('',#18573,#18589,#21167,.T.);
#21169=ORIENTED_EDGE('',*,*,#21160,.T.);
#21170=ORIENTED_EDGE('',*,*,#21164,.T.);
#21171=ORIENTED_EDGE('',*,*,#21168,.T.);
#21172=DIRECTION('',(0.0,0.0,-1.0));
#21173=AXIS2_PLACEMENT_3D('',#18588,#21172,#21157);
#21174=PLANE('',#21173);
#21175=EDGE_LOOP('',(#21169,#21170,#21171));
#21176=FACE_BOUND('',#21175,.T.);
#21177=ADVANCED_FACE('',(#21176),#21174,.T.);
#21178=DIRECTION('',(0.28315096092775577,0.9590753533094719,-0.0));
#21179=VECTOR('',#21178,1000.0);
#21180=LINE('',#18586,#21179);
#21181=EDGE_CURVE('',#18587,#18585,#21180,.T.);
#21182=DIRECTION('',(0.8705832612912048,0.4920211226762221,0.0));
#21183=VECTOR('',#21182,1000.0);
#21184=LINE('',#18584,#21183);
#21185=EDGE_CURVE('',#18585,#18573,#21184,.T.);
#21186=ORIENTED_EDGE('',*,*,#21164,.F.);
#21187=ORIENTED_EDGE('',*,*,#21181,.T.);
#21188=ORIENTED_EDGE('',*,*,#21185,.T.);
#21189=DIRECTION('',(0.0,0.0,-1.0));
#21190=DIRECTION('',(-0.8044997714774784,-0.5939529591581181,0.0));
#21191=AXIS2_PLACEMENT_3D('',#18572,#21189,#21190);
#21192=PLANE('',#21191);
#21193=EDGE_LOOP('',(#21186,#21187,#21188));
#21194=FACE_BOUND('',#21193,.T.);
#21195=ADVANCED_FACE('',(#21194),#21192,.T.);
#21196=DIRECTION('',(0.7837250865382955,0.62110787205649,0.0));
#21197=VECTOR('',#21196,1000.0);
#21198=LINE('',#18584,#21197);
#21199=EDGE_CURVE('',#18585,#18577,#21198,.T.);
#21200=LINE('',#18576,#1491);
#21201=EDGE_CURVE('',#18577,#18573,#21200,.T.);
#21202=ORIENTED_EDGE('',*,*,#21185,.F.);
#21203=ORIENTED_EDGE('',*,*,#21199,.T.);
#21204=ORIENTED_EDGE('',*,*,#21201,.T.);
#21205=DIRECTION('',(0.0,0.0,-1.0));
#21206=DIRECTION('',(-0.8705832612912048,-0.4920211226762221,-0.0));
#21207=AXIS2_PLACEMENT_3D('',#18572,#21205,#21206);
#21208=PLANE('',#21207);
#21209=EDGE_LOOP('',(#21202,#21203,#21204));
#21210=FACE_BOUND('',#21209,.T.);
#21211=ADVANCED_FACE('',(#21210),#21208,.T.);
#21212=DIRECTION('',(-0.9545667305493853,0.29799724315546455,0.0));
#21213=VECTOR('',#21212,1000.0);
#21214=LINE('',#18600,#21213);
#21215=EDGE_CURVE('',#18601,#18599,#21214,.T.);
#21216=DIRECTION('',(0.24011698689480432,0.9707439583147351,0.0));
#21217=VECTOR('',#21216,1000.0);
#21218=LINE('',#18598,#21217);
#21219=EDGE_CURVE('',#18599,#18573,#21218,.T.);
#21220=ORIENTED_EDGE('',*,*,#21215,.T.);
#21221=ORIENTED_EDGE('',*,*,#21219,.T.);
#21222=ORIENTED_EDGE('',*,*,#21147,.F.);
#21223=DIRECTION('',(0.0,0.0,-1.0));
#21224=AXIS2_PLACEMENT_3D('',#18600,#21223,#21212);
#21225=PLANE('',#21224);
#21226=EDGE_LOOP('',(#21220,#21221,#21222));
#21227=FACE_BOUND('',#21226,.T.);
#21228=ADVANCED_FACE('',(#21227),#21225,.T.);
#21229=DIRECTION('',(-0.8598754987770375,0.5105037968545786,0.0));
#21230=VECTOR('',#21229,1000.0);
#21231=LINE('',#18598,#21230);
#21232=EDGE_CURVE('',#18599,#18597,#21231,.T.);
#21233=DIRECTION('',(0.33744340872130607,0.9413458163239191,0.0));
#21234=VECTOR('',#21233,1000.0);
#21235=LINE('',#18596,#21234);
#21236=EDGE_CURVE('',#18597,#18573,#21235,.T.);
#21237=ORIENTED_EDGE('',*,*,#21219,.F.);
#21238=ORIENTED_EDGE('',*,*,#21232,.T.);
#21239=ORIENTED_EDGE('',*,*,#21236,.T.);
#21240=DIRECTION('',(-0.24011698689480432,-0.9707439583147351,0.0));
#21241=AXIS2_PLACEMENT_3D('',#18572,#825,#21240);
#21242=PLANE('',#21241);
#21243=EDGE_LOOP('',(#21237,#21238,#21239));
#21244=FACE_BOUND('',#21243,.T.);
#21245=ADVANCED_FACE('',(#21244),#21242,.T.);
#21246=DIRECTION('',(-0.7114693660477702,0.702717113193911,-0.0));
#21247=VECTOR('',#21246,1000.0);
#21248=LINE('',#18596,#21247);
#21249=EDGE_CURVE('',#18597,#18595,#21248,.T.);
#21250=DIRECTION('',(0.429485959796586,0.9030735353987545,0.0));
#21251=VECTOR('',#21250,1000.0);
#21252=LINE('',#18594,#21251);
#21253=EDGE_CURVE('',#18595,#18573,#21252,.T.);
#21254=ORIENTED_EDGE('',*,*,#21236,.F.);
#21255=ORIENTED_EDGE('',*,*,#21249,.T.);
#21256=ORIENTED_EDGE('',*,*,#21253,.T.);
#21257=DIRECTION('',(-0.33744340872130607,-0.9413458163239191,0.0));
#21258=AXIS2_PLACEMENT_3D('',#18572,#871,#21257);
#21259=PLANE('',#21258);
#21260=EDGE_LOOP('',(#21254,#21255,#21256));
#21261=FACE_BOUND('',#21260,.T.);
#21262=ADVANCED_FACE('',(#21261),#21259,.T.);
#21263=DIRECTION('',(-0.5217552611495889,0.8530952159417635,0.0));
#21264=VECTOR('',#21263,1000.0);
#21265=LINE('',#18594,#21264);
#21266=EDGE_CURVE('',#18595,#18593,#21265,.T.);
#21267=DIRECTION('',(0.5175905432305771,0.855628441298135,0.0));
#21268=VECTOR('',#21267,1000.0);
#21269=LINE('',#18592,#21268);
#21270=EDGE_CURVE('',#18593,#18573,#21269,.T.);
#21271=ORIENTED_EDGE('',*,*,#21266,.T.);
#21272=ORIENTED_EDGE('',*,*,#21270,.T.);
#21273=ORIENTED_EDGE('',*,*,#21253,.F.);
#21274=DIRECTION('',(0.0,0.0,-1.0));
#21275=AXIS2_PLACEMENT_3D('',#18594,#21274,#21263);
#21276=PLANE('',#21275);
#21277=EDGE_LOOP('',(#21271,#21272,#21273));
#21278=FACE_BOUND('',#21277,.T.);
#21279=ADVANCED_FACE('',(#21278),#21276,.T.);
#21280=DIRECTION('',(-0.29785862845740235,0.9546099923285296,0.0));
#21281=VECTOR('',#21280,1000.0);
#21282=LINE('',#18592,#21281);
#21283=EDGE_CURVE('',#18593,#18591,#21282,.T.);
#21284=DIRECTION('',(0.6162242876643211,0.7875707125665605,0.0));
#21285=VECTOR('',#21284,1000.0);
#21286=LINE('',#18590,#21285);
#21287=EDGE_CURVE('',#18591,#18573,#21286,.T.);
#21288=ORIENTED_EDGE('',*,*,#21270,.F.);
#21289=ORIENTED_EDGE('',*,*,#21283,.T.);
#21290=ORIENTED_EDGE('',*,*,#21287,.T.);
#21291=DIRECTION('',(0.0,0.0,-1.0));
#21292=DIRECTION('',(-0.5175905432305771,-0.855628441298135,-0.0));
#21293=AXIS2_PLACEMENT_3D('',#18572,#21291,#21292);
#21294=PLANE('',#21293);
#21295=EDGE_LOOP('',(#21288,#21289,#21290));
#21296=FACE_BOUND('',#21295,.T.);
#21297=ADVANCED_FACE('',(#21296),#21294,.T.);
#21298=DIRECTION('',(-0.08707164466040933,0.9962020521441077,0.0));
#21299=VECTOR('',#21298,1000.0);
#21300=LINE('',#18590,#21299);
#21301=EDGE_CURVE('',#18591,#18589,#21300,.T.);
#21302=ORIENTED_EDGE('',*,*,#21287,.F.);
#21303=ORIENTED_EDGE('',*,*,#21301,.T.);
#21304=ORIENTED_EDGE('',*,*,#21168,.F.);
#21305=DIRECTION('',(-0.6162242876643211,-0.7875707125665605,0.0));
#21306=AXIS2_PLACEMENT_3D('',#18572,#825,#21305);
#21307=PLANE('',#21306);
#21308=EDGE_LOOP('',(#21302,#21303,#21304));
#21309=FACE_BOUND('',#21308,.T.);
#21310=ADVANCED_FACE('',(#21309),#21307,.T.);
#21311=DIRECTION('',(0.6856156387437582,0.727963732551278,0.0));
#21312=VECTOR('',#21311,1000.0);
#21313=LINE('',#18582,#21312);
#21314=EDGE_CURVE('',#18583,#18581,#21313,.T.);
#21315=DIRECTION('',(-0.5925656001354316,-0.8055221967991546,-0.0));
#21316=VECTOR('',#21315,1000.0);
#21317=LINE('',#18580,#21316);
#21318=EDGE_CURVE('',#18581,#18585,#21317,.T.);
#21319=DIRECTION('',(0.490744053940151,0.8713037779800946,0.0));
#21320=VECTOR('',#21319,1000.0);
#21321=LINE('',#18584,#21320);
#21322=EDGE_CURVE('',#18585,#18583,#21321,.T.);
#21323=ORIENTED_EDGE('',*,*,#21314,.T.);
#21324=ORIENTED_EDGE('',*,*,#21318,.T.);
#21325=ORIENTED_EDGE('',*,*,#21322,.T.);
#21326=DIRECTION('',(0.0,0.0,-1.0));
#21327=AXIS2_PLACEMENT_3D('',#18582,#21326,#21311);
#21328=PLANE('',#21327);
#21329=EDGE_LOOP('',(#21323,#21324,#21325));
#21330=FACE_BOUND('',#21329,.T.);
#21331=ADVANCED_FACE('',(#21330),#21328,.T.);
#21332=DIRECTION('',(0.8399432807489198,0.5426741979537456,0.0));
#21333=VECTOR('',#21332,1000.0);
#21334=LINE('',#18580,#21333);
#21335=EDGE_CURVE('',#18581,#18579,#21334,.T.);
#21336=DIRECTION('',(-0.6979193296041211,-0.7161763814626493,-0.0));
#21337=VECTOR('',#21336,1000.0);
#21338=LINE('',#18578,#21337);
#21339=EDGE_CURVE('',#18579,#18585,#21338,.T.);
#21340=ORIENTED_EDGE('',*,*,#21318,.F.);
#21341=ORIENTED_EDGE('',*,*,#21335,.T.);
#21342=ORIENTED_EDGE('',*,*,#21339,.T.);
#21343=DIRECTION('',(0.0,0.0,-1.0));
#21344=DIRECTION('',(0.5925656001354316,0.8055221967991546,0.0));
#21345=AXIS2_PLACEMENT_3D('',#18584,#21343,#21344);
#21346=PLANE('',#21345);
#21347=EDGE_LOOP('',(#21340,#21341,#21342));
#21348=FACE_BOUND('',#21347,.T.);
#21349=ADVANCED_FACE('',(#21348),#21346,.T.);
#21350=DIRECTION('',(0.94386726885103,0.3303249593834796,0.0));
#21351=VECTOR('',#21350,1000.0);
#21352=LINE('',#18578,#21351);
#21353=EDGE_CURVE('',#18579,#18577,#21352,.T.);
#21354=ORIENTED_EDGE('',*,*,#21339,.F.);
#21355=ORIENTED_EDGE('',*,*,#21353,.T.);
#21356=ORIENTED_EDGE('',*,*,#21199,.F.);
#21357=DIRECTION('',(0.0,0.0,-1.0));
#21358=DIRECTION('',(0.6979193296041211,0.7161763814626493,0.0));
#21359=AXIS2_PLACEMENT_3D('',#18584,#21357,#21358);
#21360=PLANE('',#21359);
#21361=EDGE_LOOP('',(#21354,#21355,#21356));
#21362=FACE_BOUND('',#21361,.T.);
#21363=ADVANCED_FACE('',(#21362),#21360,.T.);
#21364=CLOSED_SHELL('',(#18623,#18641,#18657,#18676,#18696,#18711,#18730,#18745,#18762,#18780,#18795,#18810,#18823,#18840,#18853,#18869,#18888,#18906,#18922,#18938,#18957,#18972,#18988,#19003,#19018,#19033,#19048,#19059,#19073,#19089,#19101,#19116,#19133,#19148,#19163,#19178,#19196,#19211,#19227,#19245,#19261,#19277,#19291,#19307,#19324,#19338,#19349,#19364,#19379,#19394,#19408,#19421,#19431,#19448,#19462,#19477,#19491,#19506,#19518,#19532,#19544,#19558,#19576,#19591,#19606,#19621,#19638,#19654,#19665,#19678,#19694,#19705,#19724,#19742,#19755,#19770,#19784,#19799,#19815,#19829,#19845,#19861,#19880,#19896,#19910,#19925,#19943,#19958,#19972,#19988,#20001,#20014,#20024,#20036,#20049,#20064,#20075,#20090,#20103,#20117,#20132,#20146,#20161,#20173,#20192,#20206,#20222,#20237,#20256,#20269,#20283,#20298,#20314,#20329,#20345,#20360,#20376,#20391,#20407,#20422,#20439,#20451,#20468,#20483,#20497,#20511,#20525,#20539,#20553,#20567,#20581,#20595,#20612,#20624,#20641,#20659,#20671,#20686,#20699,#20714,#20727,#20742,#20755,#20770,#20783,#20797,#20811,#20828,#20843,#20855,#20871,#20886,#20902,#20917,#20933,#20948,#20964,#20979,#20994,#21008,#21026,#21039,#21055,#21072,#21090,#21105,#21124,#21139,#21156,#21177,#21195,#21211,#21228,#21245,#21262,#21279,#21297,#21310,#21331,#21349,#21363));
#21365=MANIFOLD_SOLID_BREP('',#21364);
#21366=COLOUR_RGB('',0.5019607843137255,0.5019607843137255,0.5019607843137255);
#21367=FILL_AREA_STYLE_COLOUR('',#21366);
#21368=FILL_AREA_STYLE('',(#21367));
#21369=SURFACE_STYLE_FILL_AREA(#21368);
#21370=SURFACE_SIDE_STYLE('',(#21369));
#21371=SURFACE_STYLE_USAGE(.BOTH.,#21370);
#21372=PRESENTATION_STYLE_ASSIGNMENT((#21371));
#21373=STYLED_ITEM('',(#21372),#21365);
#21374=ADVANCED_BREP_SHAPE_REPRESENTATION('',(#21365),*);
#21375=PRODUCT_DEFINITION('','',*,*);
#21376=PRODUCT_DEFINITION_SHAPE('','',#21375);
#21377=SHAPE_REPRESENTATION('',(#13),*);
#21378=SHAPE_DEFINITION_REPRESENTATION(#21376,#21377);
#21379=SHAPE_REPRESENTATION_RELATIONSHIP('','',#21377,#21374);
ENDSEC;
END-ISO-10303-21;
