ISO-10303-21;
HEADER;
FILE_DESCRIPTION(('auto-generated'),'2;1');
FILE_SCHEMA(('CONFIG_CONTROL_DESIGN'));
ENDSEC;
DATA;
#10=CARTESIAN_POINT('',(0.0,0.0,0.0));
#11=DIRECTION('',(0.0,0.0,1.0));
#12=DIRECTION('',(1.0,0.0,0.0));
#13=AXIS2_PLACEMENT_3D('',#10,#11,#12);
#14=CARTESIAN_POINT('',(0.7,-0.65,0.59));
#15=VERTEX_POINT('',#14);
#16=CARTESIAN_POINT('',(0.7,-0.65,0.55));
#17=VERTEX_POINT('',#16);
#18=CARTESIAN_POINT('',(0.7,0.65,0.59));
#19=VERTEX_POINT('',#18);
#20=CARTESIAN_POINT('',(0.7,0.65,0.55));
#21=VERTEX_POINT('',#20);
#22=CARTESIAN_POINT('',(-0.7,-0.65,0.59));
#23=VERTEX_POINT('',#22);
#24=CARTESIAN_POINT('',(-0.7,-0.65,0.55));
#25=VERTEX_POINT('',#24);
#26=CARTESIAN_POINT('',(-0.7,0.65,0.59));
#27=VERTEX_POINT('',#26);
#28=CARTESIAN_POINT('',(-0.7,0.65,0.55));
#29=VERTEX_POINT('',#28);
#30=CARTESIAN_POINT('',(0.69,-0.64,0.61));
#31=VERTEX_POINT('',#30);
#32=CARTESIAN_POINT('',(0.69,0.64,0.61));
#33=VERTEX_POINT('',#32);
#34=CARTESIAN_POINT('',(-0.69,-0.64,0.61));
#35=VERTEX_POINT('',#34);
#36=CARTESIAN_POINT('',(-0.69,0.64,0.61));
#37=VERTEX_POINT('',#36);
#38=CARTESIAN_POINT('',(0.085572,0.041792,0.05));
#39=VERTEX_POINT('',#38);
#40=CARTESIAN_POINT('',(0.095419,0.040686,0.05));
#41=VERTEX_POINT('',#40);
#42=CARTESIAN_POINT('',(0.063946,-0.033286,0.05));
#43=VERTEX_POINT('',#42);
#44=CARTESIAN_POINT('',(0.111685,-0.045058,0.05));
#45=VERTEX_POINT('',#44);
#46=CARTESIAN_POINT('',(0.145081,-0.048452,0.05));
#47=VERTEX_POINT('',#46);
#48=CARTESIAN_POINT('',(0.101993,-0.048394,0.05));
#49=VERTEX_POINT('',#48);
#50=CARTESIAN_POINT('',(0.09555,-0.049062,0.05));
#51=VERTEX_POINT('',#50);
#52=CARTESIAN_POINT('',(0.073418,0.040213,0.05));
#53=VERTEX_POINT('',#52);
#54=CARTESIAN_POINT('',(0.062154,-0.032294,0.05));
#55=VERTEX_POINT('',#54);
#56=CARTESIAN_POINT('',(0.062154,0.035389,0.05));
#57=VERTEX_POINT('',#56);
#58=CARTESIAN_POINT('',(0.062154,0.048804,0.05));
#59=VERTEX_POINT('',#58);
#60=CARTESIAN_POINT('',(0.102904,0.037985,0.05));
#61=VERTEX_POINT('',#60);
#62=CARTESIAN_POINT('',(0.109825,0.033354,0.05));
#63=VERTEX_POINT('',#62);
#64=CARTESIAN_POINT('',(0.115864,0.026688,0.05));
#65=VERTEX_POINT('',#64);
#66=CARTESIAN_POINT('',(0.123129,0.000481,0.05));
#67=VERTEX_POINT('',#66);
#68=CARTESIAN_POINT('',(0.122117,-0.010345,0.05));
#69=VERTEX_POINT('',#68);
#70=CARTESIAN_POINT('',(0.1194,-0.018946,0.05));
#71=VERTEX_POINT('',#70);
#72=CARTESIAN_POINT('',(0.097148,-0.03765,0.05));
#73=VERTEX_POINT('',#72);
#74=CARTESIAN_POINT('',(0.087821,-0.038696,0.05));
#75=VERTEX_POINT('',#74);
#76=CARTESIAN_POINT('',(0.104434,-0.034967,0.05));
#77=VERTEX_POINT('',#76);
#78=CARTESIAN_POINT('',(0.110572,-0.030831,0.05));
#79=VERTEX_POINT('',#78);
#80=CARTESIAN_POINT('',(0.115264,-0.02588,0.05));
#81=VERTEX_POINT('',#80);
#82=CARTESIAN_POINT('',(0.074547,-0.037223,0.05));
#83=VERTEX_POINT('',#82);
#84=CARTESIAN_POINT('',(0.131266,0.025209,0.05));
#85=VERTEX_POINT('',#84);
#86=CARTESIAN_POINT('',(0.125405,0.034559,0.05));
#87=VERTEX_POINT('',#86);
#88=CARTESIAN_POINT('',(0.182886,0.051548,0.05));
#89=VERTEX_POINT('',#88);
#90=CARTESIAN_POINT('',(0.1963,0.051548,0.05));
#91=VERTEX_POINT('',#90);
#92=CARTESIAN_POINT('',(0.1963,-0.048452,0.05));
#93=VERTEX_POINT('',#92);
#94=CARTESIAN_POINT('',(0.119987,0.018967,0.05));
#95=VERTEX_POINT('',#94);
#96=CARTESIAN_POINT('',(0.122652,0.008261,0.05));
#97=VERTEX_POINT('',#96);
#98=CARTESIAN_POINT('',(0.119729,-0.039921,0.05));
#99=VERTEX_POINT('',#98);
#100=CARTESIAN_POINT('',(0.12724,-0.032013,0.05));
#101=VERTEX_POINT('',#100);
#102=CARTESIAN_POINT('',(0.145081,-0.037477,0.05));
#103=VERTEX_POINT('',#102);
#104=CARTESIAN_POINT('',(0.132567,-0.022505,0.05));
#105=VERTEX_POINT('',#104);
#106=CARTESIAN_POINT('',(0.182886,-0.037477,0.05));
#107=VERTEX_POINT('',#106);
#108=CARTESIAN_POINT('',(0.116377,0.043241,0.05));
#109=VERTEX_POINT('',#108);
#110=CARTESIAN_POINT('',(0.106879,0.048709,0.05));
#111=VERTEX_POINT('',#110);
#112=CARTESIAN_POINT('',(0.095731,0.051947,0.05));
#113=VERTEX_POINT('',#112);
#114=CARTESIAN_POINT('',(0.135577,-0.01192,0.05));
#115=VERTEX_POINT('',#114);
#116=CARTESIAN_POINT('',(0.136544,-0.000339,0.05));
#117=VERTEX_POINT('',#116);
#118=CARTESIAN_POINT('',(0.135106,0.013878,0.05));
#119=VERTEX_POINT('',#118);
#120=CARTESIAN_POINT('',(0.085687,0.052767,0.05));
#121=VERTEX_POINT('',#120);
#122=CARTESIAN_POINT('',(0.073715,0.051941,0.05));
#123=VERTEX_POINT('',#122);
#124=CARTESIAN_POINT('',(0.062154,-0.043269,0.05));
#125=VERTEX_POINT('',#124);
#126=CARTESIAN_POINT('',(0.072813,-0.047646,0.05));
#127=VERTEX_POINT('',#126);
#128=CARTESIAN_POINT('',(0.082918,-0.049062,0.05));
#129=VERTEX_POINT('',#128);
#130=CARTESIAN_POINT('',(0.086935,-0.049625,0.05));
#131=VERTEX_POINT('',#130);
#132=CARTESIAN_POINT('',(0.089669,-0.049672,0.05));
#133=VERTEX_POINT('',#132);
#134=CARTESIAN_POINT('',(-0.030529,-0.048452,0.05));
#135=VERTEX_POINT('',#134);
#136=CARTESIAN_POINT('',(-0.011017,-0.037477,0.05));
#137=VERTEX_POINT('',#136);
#138=CARTESIAN_POINT('',(-0.011017,-0.048452,0.05));
#139=VERTEX_POINT('',#138);
#140=CARTESIAN_POINT('',(0.042642,-0.048452,0.05));
#141=VERTEX_POINT('',#140);
#142=CARTESIAN_POINT('',(0.042642,0.051548,0.05));
#143=VERTEX_POINT('',#142);
#144=CARTESIAN_POINT('',(-0.008578,0.051548,0.05));
#145=VERTEX_POINT('',#144);
#146=CARTESIAN_POINT('',(-0.118334,-0.048452,0.05));
#147=VERTEX_POINT('',#146);
#148=CARTESIAN_POINT('',(-0.106023,-0.021044,0.05));
#149=VERTEX_POINT('',#148);
#150=CARTESIAN_POINT('',(-0.100289,-0.029989,0.05));
#151=VERTEX_POINT('',#150);
#152=CARTESIAN_POINT('',(-0.156139,0.051548,0.05));
#153=VERTEX_POINT('',#152);
#154=CARTESIAN_POINT('',(-0.169554,0.051548,0.05));
#155=VERTEX_POINT('',#154);
#156=CARTESIAN_POINT('',(0.029227,0.040572,0.05));
#157=VERTEX_POINT('',#156);
#158=CARTESIAN_POINT('',(0.029227,0.007645,0.05));
#159=VERTEX_POINT('',#158);
#160=CARTESIAN_POINT('',(-0.008578,0.040572,0.05));
#161=VERTEX_POINT('',#160);
#162=CARTESIAN_POINT('',(-0.006139,0.007645,0.05));
#163=VERTEX_POINT('',#162);
#164=CARTESIAN_POINT('',(-0.006139,-0.00333,0.05));
#165=VERTEX_POINT('',#164);
#166=CARTESIAN_POINT('',(0.029227,-0.00333,0.05));
#167=VERTEX_POINT('',#166);
#168=CARTESIAN_POINT('',(0.029227,-0.037477,0.05));
#169=VERTEX_POINT('',#168);
#170=CARTESIAN_POINT('',(-0.092058,-0.03787,0.05));
#171=VERTEX_POINT('',#170);
#172=CARTESIAN_POINT('',(-0.081616,-0.043938,0.05));
#173=VERTEX_POINT('',#172);
#174=CARTESIAN_POINT('',(-0.070094,-0.047372,0.05));
#175=VERTEX_POINT('',#174);
#176=CARTESIAN_POINT('',(-0.030529,0.051548,0.05));
#177=VERTEX_POINT('',#176);
#178=CARTESIAN_POINT('',(-0.073197,0.050003,0.05));
#179=VERTEX_POINT('',#178);
#180=CARTESIAN_POINT('',(-0.084897,0.045895,0.05));
#181=VERTEX_POINT('',#180);
#182=CARTESIAN_POINT('',(-0.095781,0.038601,0.05));
#183=VERTEX_POINT('',#182);
#184=CARTESIAN_POINT('',(-0.058749,0.051548,0.05));
#185=VERTEX_POINT('',#184);
#186=CARTESIAN_POINT('',(-0.095885,0.038509,0.05));
#187=VERTEX_POINT('',#186);
#188=CARTESIAN_POINT('',(-0.102957,0.030668,0.05));
#189=VERTEX_POINT('',#188);
#190=CARTESIAN_POINT('',(-0.107604,0.022068,0.05));
#191=VERTEX_POINT('',#190);
#192=CARTESIAN_POINT('',(-0.11029,0.012215,0.05));
#193=VERTEX_POINT('',#192);
#194=CARTESIAN_POINT('',(-0.111017,0.002805,0.05));
#195=VERTEX_POINT('',#194);
#196=CARTESIAN_POINT('',(-0.109614,-0.010577,0.05));
#197=VERTEX_POINT('',#196);
#198=CARTESIAN_POINT('',(-0.208578,-0.048452,0.05));
#199=VERTEX_POINT('',#198);
#200=CARTESIAN_POINT('',(-0.193944,-0.048452,0.05));
#201=VERTEX_POINT('',#200);
#202=CARTESIAN_POINT('',(-0.05772,-0.048452,0.05));
#203=VERTEX_POINT('',#202);
#204=CARTESIAN_POINT('',(-0.183826,-0.020403,0.05));
#205=VERTEX_POINT('',#204);
#206=CARTESIAN_POINT('',(-0.142515,-0.020403,0.05));
#207=VERTEX_POINT('',#206);
#208=CARTESIAN_POINT('',(-0.132968,-0.048452,0.05));
#209=VERTEX_POINT('',#208);
#210=CARTESIAN_POINT('',(-0.169554,0.051548,0.055));
#211=VERTEX_POINT('',#210);
#212=CARTESIAN_POINT('',(-0.208578,-0.048452,0.055));
#213=VERTEX_POINT('',#212);
#214=CARTESIAN_POINT('',(-0.193944,-0.048452,0.055));
#215=VERTEX_POINT('',#214);
#216=CARTESIAN_POINT('',(-0.183826,-0.020403,0.055));
#217=VERTEX_POINT('',#216);
#218=CARTESIAN_POINT('',(-0.142515,-0.020403,0.055));
#219=VERTEX_POINT('',#218);
#220=CARTESIAN_POINT('',(-0.132968,-0.048452,0.055));
#221=VERTEX_POINT('',#220);
#222=CARTESIAN_POINT('',(-0.118334,-0.048452,0.055));
#223=VERTEX_POINT('',#222);
#224=CARTESIAN_POINT('',(-0.156139,0.051548,0.055));
#225=VERTEX_POINT('',#224);
#226=CARTESIAN_POINT('',(-0.145887,-0.009428,0.055));
#227=VERTEX_POINT('',#226);
#228=CARTESIAN_POINT('',(-0.179329,-0.009428,0.055));
#229=VERTEX_POINT('',#228);
#230=CARTESIAN_POINT('',(-0.160807,0.03234,0.055));
#231=VERTEX_POINT('',#230);
#232=CARTESIAN_POINT('',(-0.16177,0.035809,0.055));
#233=VERTEX_POINT('',#232);
#234=CARTESIAN_POINT('',(-0.162408,0.039353,0.055));
#235=VERTEX_POINT('',#234);
#236=CARTESIAN_POINT('',(-0.162732,0.039353,0.055));
#237=VERTEX_POINT('',#236);
#238=CARTESIAN_POINT('',(-0.163384,0.035819,0.055));
#239=VERTEX_POINT('',#238);
#240=CARTESIAN_POINT('',(-0.164275,0.03234,0.055));
#241=VERTEX_POINT('',#240);
#242=CARTESIAN_POINT('',(-0.145887,-0.009428,0.05));
#243=VERTEX_POINT('',#242);
#244=CARTESIAN_POINT('',(-0.179329,-0.009428,0.05));
#245=VERTEX_POINT('',#244);
#246=CARTESIAN_POINT('',(-0.160807,0.03234,0.05));
#247=VERTEX_POINT('',#246);
#248=CARTESIAN_POINT('',(-0.16177,0.035809,0.05));
#249=VERTEX_POINT('',#248);
#250=CARTESIAN_POINT('',(-0.162408,0.039353,0.05));
#251=VERTEX_POINT('',#250);
#252=CARTESIAN_POINT('',(-0.162732,0.039353,0.05));
#253=VERTEX_POINT('',#252);
#254=CARTESIAN_POINT('',(-0.163384,0.035819,0.05));
#255=VERTEX_POINT('',#254);
#256=CARTESIAN_POINT('',(-0.164275,0.03234,0.05));
#257=VERTEX_POINT('',#256);
#258=CARTESIAN_POINT('',(-0.05772,-0.048452,0.055));
#259=VERTEX_POINT('',#258);
#260=CARTESIAN_POINT('',(-0.030529,-0.048452,0.055));
#261=VERTEX_POINT('',#260);
#262=CARTESIAN_POINT('',(-0.030529,0.051548,0.055));
#263=VERTEX_POINT('',#262);
#264=CARTESIAN_POINT('',(-0.058749,0.051548,0.055));
#265=VERTEX_POINT('',#264);
#266=CARTESIAN_POINT('',(-0.111017,0.002805,0.055));
#267=VERTEX_POINT('',#266);
#268=CARTESIAN_POINT('',(-0.11029,0.012215,0.055));
#269=VERTEX_POINT('',#268);
#270=CARTESIAN_POINT('',(-0.107604,0.022068,0.055));
#271=VERTEX_POINT('',#270);
#272=CARTESIAN_POINT('',(-0.102957,0.030668,0.055));
#273=VERTEX_POINT('',#272);
#274=CARTESIAN_POINT('',(-0.095885,0.038509,0.055));
#275=VERTEX_POINT('',#274);
#276=CARTESIAN_POINT('',(-0.095781,0.038601,0.055));
#277=VERTEX_POINT('',#276);
#278=CARTESIAN_POINT('',(-0.084897,0.045895,0.055));
#279=VERTEX_POINT('',#278);
#280=CARTESIAN_POINT('',(-0.073197,0.050003,0.055));
#281=VERTEX_POINT('',#280);
#282=CARTESIAN_POINT('',(-0.070094,-0.047372,0.055));
#283=VERTEX_POINT('',#282);
#284=CARTESIAN_POINT('',(-0.081616,-0.043938,0.055));
#285=VERTEX_POINT('',#284);
#286=CARTESIAN_POINT('',(-0.092058,-0.03787,0.055));
#287=VERTEX_POINT('',#286);
#288=CARTESIAN_POINT('',(-0.100289,-0.029989,0.055));
#289=VERTEX_POINT('',#288);
#290=CARTESIAN_POINT('',(-0.106023,-0.021044,0.055));
#291=VERTEX_POINT('',#290);
#292=CARTESIAN_POINT('',(-0.109614,-0.010577,0.055));
#293=VERTEX_POINT('',#292);
#294=CARTESIAN_POINT('',(-0.090944,0.026549,0.055));
#295=VERTEX_POINT('',#294);
#296=CARTESIAN_POINT('',(-0.086087,0.031707,0.055));
#297=VERTEX_POINT('',#296);
#298=CARTESIAN_POINT('',(-0.078783,0.036425,0.055));
#299=VERTEX_POINT('',#298);
#300=CARTESIAN_POINT('',(-0.070528,0.039314,0.055));
#301=VERTEX_POINT('',#300);
#302=CARTESIAN_POINT('',(-0.058692,0.040572,0.055));
#303=VERTEX_POINT('',#302);
#304=CARTESIAN_POINT('',(-0.043944,0.040572,0.055));
#305=VERTEX_POINT('',#304);
#306=CARTESIAN_POINT('',(-0.043944,-0.037477,0.055));
#307=VERTEX_POINT('',#306);
#308=CARTESIAN_POINT('',(-0.05814,-0.037477,0.055));
#309=VERTEX_POINT('',#308);
#310=CARTESIAN_POINT('',(-0.06869,-0.036495,0.055));
#311=VERTEX_POINT('',#310);
#312=CARTESIAN_POINT('',(-0.077105,-0.033868,0.055));
#313=VERTEX_POINT('',#312);
#314=CARTESIAN_POINT('',(-0.083925,-0.029818,0.055));
#315=VERTEX_POINT('',#314);
#316=CARTESIAN_POINT('',(-0.089533,-0.024278,0.055));
#317=VERTEX_POINT('',#316);
#318=CARTESIAN_POINT('',(-0.093751,-0.017384,0.055));
#319=VERTEX_POINT('',#318);
#320=CARTESIAN_POINT('',(-0.096684,-0.007984,0.055));
#321=VERTEX_POINT('',#320);
#322=CARTESIAN_POINT('',(-0.097602,0.00252,0.055));
#323=VERTEX_POINT('',#322);
#324=CARTESIAN_POINT('',(-0.096753,0.012472,0.055));
#325=VERTEX_POINT('',#324);
#326=CARTESIAN_POINT('',(-0.094418,0.020381,0.055));
#327=VERTEX_POINT('',#326);
#328=CARTESIAN_POINT('',(-0.058692,0.040572,0.05));
#329=VERTEX_POINT('',#328);
#330=CARTESIAN_POINT('',(-0.043944,0.040572,0.05));
#331=VERTEX_POINT('',#330);
#332=CARTESIAN_POINT('',(-0.070528,0.039314,0.05));
#333=VERTEX_POINT('',#332);
#334=CARTESIAN_POINT('',(-0.078783,0.036425,0.05));
#335=VERTEX_POINT('',#334);
#336=CARTESIAN_POINT('',(-0.086087,0.031707,0.05));
#337=VERTEX_POINT('',#336);
#338=CARTESIAN_POINT('',(-0.090944,0.026549,0.05));
#339=VERTEX_POINT('',#338);
#340=CARTESIAN_POINT('',(-0.094418,0.020381,0.05));
#341=VERTEX_POINT('',#340);
#342=CARTESIAN_POINT('',(-0.096753,0.012472,0.05));
#343=VERTEX_POINT('',#342);
#344=CARTESIAN_POINT('',(-0.097602,0.00252,0.05));
#345=VERTEX_POINT('',#344);
#346=CARTESIAN_POINT('',(-0.096684,-0.007984,0.05));
#347=VERTEX_POINT('',#346);
#348=CARTESIAN_POINT('',(-0.093751,-0.017384,0.05));
#349=VERTEX_POINT('',#348);
#350=CARTESIAN_POINT('',(-0.089533,-0.024278,0.05));
#351=VERTEX_POINT('',#350);
#352=CARTESIAN_POINT('',(-0.083925,-0.029818,0.05));
#353=VERTEX_POINT('',#352);
#354=CARTESIAN_POINT('',(-0.077105,-0.033868,0.05));
#355=VERTEX_POINT('',#354);
#356=CARTESIAN_POINT('',(-0.06869,-0.036495,0.05));
#357=VERTEX_POINT('',#356);
#358=CARTESIAN_POINT('',(-0.05814,-0.037477,0.05));
#359=VERTEX_POINT('',#358);
#360=CARTESIAN_POINT('',(-0.043944,-0.037477,0.05));
#361=VERTEX_POINT('',#360);
#362=CARTESIAN_POINT('',(-0.011017,-0.037477,0.055));
#363=VERTEX_POINT('',#362);
#364=CARTESIAN_POINT('',(-0.011017,-0.048452,0.055));
#365=VERTEX_POINT('',#364);
#366=CARTESIAN_POINT('',(0.042642,-0.048452,0.055));
#367=VERTEX_POINT('',#366);
#368=CARTESIAN_POINT('',(0.042642,0.051548,0.055));
#369=VERTEX_POINT('',#368);
#370=CARTESIAN_POINT('',(-0.008578,0.051548,0.055));
#371=VERTEX_POINT('',#370);
#372=CARTESIAN_POINT('',(-0.008578,0.040572,0.055));
#373=VERTEX_POINT('',#372);
#374=CARTESIAN_POINT('',(0.029227,0.040572,0.055));
#375=VERTEX_POINT('',#374);
#376=CARTESIAN_POINT('',(0.029227,0.007645,0.055));
#377=VERTEX_POINT('',#376);
#378=CARTESIAN_POINT('',(-0.006139,0.007645,0.055));
#379=VERTEX_POINT('',#378);
#380=CARTESIAN_POINT('',(-0.006139,-0.00333,0.055));
#381=VERTEX_POINT('',#380);
#382=CARTESIAN_POINT('',(0.029227,-0.00333,0.055));
#383=VERTEX_POINT('',#382);
#384=CARTESIAN_POINT('',(0.029227,-0.037477,0.055));
#385=VERTEX_POINT('',#384);
#386=CARTESIAN_POINT('',(0.062154,-0.032294,0.055));
#387=VERTEX_POINT('',#386);
#388=CARTESIAN_POINT('',(0.062154,-0.043269,0.055));
#389=VERTEX_POINT('',#388);
#390=CARTESIAN_POINT('',(0.072813,-0.047646,0.055));
#391=VERTEX_POINT('',#390);
#392=CARTESIAN_POINT('',(0.089669,-0.049672,0.055));
#393=VERTEX_POINT('',#392);
#394=CARTESIAN_POINT('',(0.086935,-0.049625,0.055));
#395=VERTEX_POINT('',#394);
#396=CARTESIAN_POINT('',(0.136544,-0.000339,0.055));
#397=VERTEX_POINT('',#396);
#398=CARTESIAN_POINT('',(0.135577,-0.01192,0.055));
#399=VERTEX_POINT('',#398);
#400=CARTESIAN_POINT('',(0.132567,-0.022505,0.055));
#401=VERTEX_POINT('',#400);
#402=CARTESIAN_POINT('',(0.12724,-0.032013,0.055));
#403=VERTEX_POINT('',#402);
#404=CARTESIAN_POINT('',(0.119729,-0.039921,0.055));
#405=VERTEX_POINT('',#404);
#406=CARTESIAN_POINT('',(0.111685,-0.045058,0.055));
#407=VERTEX_POINT('',#406);
#408=CARTESIAN_POINT('',(0.101993,-0.048394,0.055));
#409=VERTEX_POINT('',#408);
#410=CARTESIAN_POINT('',(0.085687,0.052767,0.055));
#411=VERTEX_POINT('',#410);
#412=CARTESIAN_POINT('',(0.095731,0.051947,0.055));
#413=VERTEX_POINT('',#412);
#414=CARTESIAN_POINT('',(0.106879,0.048709,0.055));
#415=VERTEX_POINT('',#414);
#416=CARTESIAN_POINT('',(0.116377,0.043241,0.055));
#417=VERTEX_POINT('',#416);
#418=CARTESIAN_POINT('',(0.125405,0.034559,0.055));
#419=VERTEX_POINT('',#418);
#420=CARTESIAN_POINT('',(0.131266,0.025209,0.055));
#421=VERTEX_POINT('',#420);
#422=CARTESIAN_POINT('',(0.135106,0.013878,0.055));
#423=VERTEX_POINT('',#422);
#424=CARTESIAN_POINT('',(0.062154,0.048804,0.055));
#425=VERTEX_POINT('',#424);
#426=CARTESIAN_POINT('',(0.073715,0.051941,0.055));
#427=VERTEX_POINT('',#426);
#428=CARTESIAN_POINT('',(0.062154,0.035389,0.055));
#429=VERTEX_POINT('',#428);
#430=CARTESIAN_POINT('',(0.085572,0.041792,0.055));
#431=VERTEX_POINT('',#430);
#432=CARTESIAN_POINT('',(0.073418,0.040213,0.055));
#433=VERTEX_POINT('',#432);
#434=CARTESIAN_POINT('',(0.123129,0.000481,0.055));
#435=VERTEX_POINT('',#434);
#436=CARTESIAN_POINT('',(0.122652,0.008261,0.055));
#437=VERTEX_POINT('',#436);
#438=CARTESIAN_POINT('',(0.119987,0.018967,0.055));
#439=VERTEX_POINT('',#438);
#440=CARTESIAN_POINT('',(0.115864,0.026688,0.055));
#441=VERTEX_POINT('',#440);
#442=CARTESIAN_POINT('',(0.109825,0.033354,0.055));
#443=VERTEX_POINT('',#442);
#444=CARTESIAN_POINT('',(0.102904,0.037985,0.055));
#445=VERTEX_POINT('',#444);
#446=CARTESIAN_POINT('',(0.095419,0.040686,0.055));
#447=VERTEX_POINT('',#446);
#448=CARTESIAN_POINT('',(0.087821,-0.038696,0.055));
#449=VERTEX_POINT('',#448);
#450=CARTESIAN_POINT('',(0.097148,-0.03765,0.055));
#451=VERTEX_POINT('',#450);
#452=CARTESIAN_POINT('',(0.104434,-0.034967,0.055));
#453=VERTEX_POINT('',#452);
#454=CARTESIAN_POINT('',(0.110572,-0.030831,0.055));
#455=VERTEX_POINT('',#454);
#456=CARTESIAN_POINT('',(0.115264,-0.02588,0.055));
#457=VERTEX_POINT('',#456);
#458=CARTESIAN_POINT('',(0.1194,-0.018946,0.055));
#459=VERTEX_POINT('',#458);
#460=CARTESIAN_POINT('',(0.122117,-0.010345,0.055));
#461=VERTEX_POINT('',#460);
#462=CARTESIAN_POINT('',(0.063946,-0.033286,0.055));
#463=VERTEX_POINT('',#462);
#464=CARTESIAN_POINT('',(0.074547,-0.037223,0.055));
#465=VERTEX_POINT('',#464);
#466=CARTESIAN_POINT('',(0.145081,-0.037477,0.055));
#467=VERTEX_POINT('',#466);
#468=CARTESIAN_POINT('',(0.145081,-0.048452,0.055));
#469=VERTEX_POINT('',#468);
#470=CARTESIAN_POINT('',(0.1963,-0.048452,0.055));
#471=VERTEX_POINT('',#470);
#472=CARTESIAN_POINT('',(0.1963,0.051548,0.055));
#473=VERTEX_POINT('',#472);
#474=CARTESIAN_POINT('',(0.182886,0.051548,0.055));
#475=VERTEX_POINT('',#474);
#476=CARTESIAN_POINT('',(0.182886,-0.037477,0.055));
#477=VERTEX_POINT('',#476);
#478=DIRECTION('',(0.0,0.0,-1.0));
#479=VECTOR('',#478,1000.0);
#480=LINE('',#14,#479);
#481=EDGE_CURVE('',#15,#17,#480,.T.);
#482=DIRECTION('',(0.0,0.9995269630766537,0.030754675786973898));
#483=VECTOR('',#482,1000.0);
#484=LINE('',#16,#483);
#485=EDGE_CURVE('',#17,#19,#484,.T.);
#486=DIRECTION('',(0.0,-1.0,0.0));
#487=VECTOR('',#486,1000.0);
#488=LINE('',#18,#487);
#489=EDGE_CURVE('',#19,#15,#488,.T.);
#490=ORIENTED_EDGE('',*,*,#481,.T.);
#491=ORIENTED_EDGE('',*,*,#485,.T.);
#492=ORIENTED_EDGE('',*,*,#489,.T.);
#493=DIRECTION('',(1.0,-0.0,0.0));
#494=DIRECTION('',(0.0,0.0,-1.0));
#495=AXIS2_PLACEMENT_3D('',#14,#493,#494);
#496=PLANE('',#495);
#497=EDGE_LOOP('',(#490,#491,#492));
#498=FACE_BOUND('',#497,.T.);
#499=ADVANCED_FACE('',(#498),#496,.T.);
#500=DIRECTION('',(0.0,1.0,0.0));
#501=VECTOR('',#500,1000.0);
#502=LINE('',#16,#501);
#503=EDGE_CURVE('',#17,#21,#502,.T.);
#504=VECTOR('',#11,1000.0);
#505=LINE('',#20,#504);
#506=EDGE_CURVE('',#21,#19,#505,.T.);
#507=ORIENTED_EDGE('',*,*,#485,.F.);
#508=ORIENTED_EDGE('',*,*,#503,.T.);
#509=ORIENTED_EDGE('',*,*,#506,.T.);
#510=DIRECTION('',(0.0,-0.9995269630766537,-0.030754675786973898));
#511=AXIS2_PLACEMENT_3D('',#18,#493,#510);
#512=PLANE('',#511);
#513=EDGE_LOOP('',(#507,#508,#509));
#514=FACE_BOUND('',#513,.T.);
#515=ADVANCED_FACE('',(#514),#512,.T.);
#516=DIRECTION('',(0.0,0.0,-1.0));
#517=VECTOR('',#516,1000.0);
#518=LINE('',#22,#517);
#519=EDGE_CURVE('',#23,#25,#518,.T.);
#520=DIRECTION('',(0.9995920864606948,0.0,0.02855977389887694));
#521=VECTOR('',#520,1000.0);
#522=LINE('',#24,#521);
#523=EDGE_CURVE('',#25,#15,#522,.T.);
#524=DIRECTION('',(-1.0,0.0,0.0));
#525=VECTOR('',#524,1000.0);
#526=LINE('',#14,#525);
#527=EDGE_CURVE('',#15,#23,#526,.T.);
#528=ORIENTED_EDGE('',*,*,#519,.T.);
#529=ORIENTED_EDGE('',*,*,#523,.T.);
#530=ORIENTED_EDGE('',*,*,#527,.T.);
#531=DIRECTION('',(0.0,0.0,-1.0));
#532=AXIS2_PLACEMENT_3D('',#22,#486,#531);
#533=PLANE('',#532);
#534=EDGE_LOOP('',(#528,#529,#530));
#535=FACE_BOUND('',#534,.T.);
#536=ADVANCED_FACE('',(#535),#533,.T.);
#537=VECTOR('',#12,1000.0);
#538=LINE('',#24,#537);
#539=EDGE_CURVE('',#25,#17,#538,.T.);
#540=ORIENTED_EDGE('',*,*,#523,.F.);
#541=ORIENTED_EDGE('',*,*,#539,.T.);
#542=ORIENTED_EDGE('',*,*,#481,.F.);
#543=DIRECTION('',(0.0,-1.0,-0.0));
#544=DIRECTION('',(-0.9995920864606948,0.0,-0.02855977389887694));
#545=AXIS2_PLACEMENT_3D('',#14,#543,#544);
#546=PLANE('',#545);
#547=EDGE_LOOP('',(#540,#541,#542));
#548=FACE_BOUND('',#547,.T.);
#549=ADVANCED_FACE('',(#548),#546,.T.);
#550=DIRECTION('',(0.0,0.0,-1.0));
#551=VECTOR('',#550,1000.0);
#552=LINE('',#26,#551);
#553=EDGE_CURVE('',#27,#29,#552,.T.);
#554=DIRECTION('',(0.0,-0.9995269630766537,0.030754675786973898));
#555=VECTOR('',#554,1000.0);
#556=LINE('',#28,#555);
#557=EDGE_CURVE('',#29,#23,#556,.T.);
#558=DIRECTION('',(0.0,1.0,0.0));
#559=VECTOR('',#558,1000.0);
#560=LINE('',#22,#559);
#561=EDGE_CURVE('',#23,#27,#560,.T.);
#562=ORIENTED_EDGE('',*,*,#553,.T.);
#563=ORIENTED_EDGE('',*,*,#557,.T.);
#564=ORIENTED_EDGE('',*,*,#561,.T.);
#565=DIRECTION('',(-1.0,-0.0,-0.0));
#566=DIRECTION('',(0.0,0.0,-1.0));
#567=AXIS2_PLACEMENT_3D('',#26,#565,#566);
#568=PLANE('',#567);
#569=EDGE_LOOP('',(#562,#563,#564));
#570=FACE_BOUND('',#569,.T.);
#571=ADVANCED_FACE('',(#570),#568,.T.);
#572=LINE('',#28,#487);
#573=EDGE_CURVE('',#29,#25,#572,.T.);
#574=ORIENTED_EDGE('',*,*,#557,.F.);
#575=ORIENTED_EDGE('',*,*,#573,.T.);
#576=ORIENTED_EDGE('',*,*,#519,.F.);
#577=DIRECTION('',(0.0,0.9995269630766537,-0.030754675786973898));
#578=AXIS2_PLACEMENT_3D('',#22,#565,#577);
#579=PLANE('',#578);
#580=EDGE_LOOP('',(#574,#575,#576));
#581=FACE_BOUND('',#580,.T.);
#582=ADVANCED_FACE('',(#581),#579,.T.);
#583=DIRECTION('',(-0.9995920864606948,0.0,0.02855977389887694));
#584=VECTOR('',#583,1000.0);
#585=LINE('',#20,#584);
#586=EDGE_CURVE('',#21,#27,#585,.T.);
#587=LINE('',#26,#537);
#588=EDGE_CURVE('',#27,#19,#587,.T.);
#589=ORIENTED_EDGE('',*,*,#506,.F.);
#590=ORIENTED_EDGE('',*,*,#586,.T.);
#591=ORIENTED_EDGE('',*,*,#588,.T.);
#592=DIRECTION('',(0.0,1.0,0.0));
#593=DIRECTION('',(0.0,0.0,-1.0));
#594=AXIS2_PLACEMENT_3D('',#18,#592,#593);
#595=PLANE('',#594);
#596=EDGE_LOOP('',(#589,#590,#591));
#597=FACE_BOUND('',#596,.T.);
#598=ADVANCED_FACE('',(#597),#595,.T.);
#599=LINE('',#20,#525);
#600=EDGE_CURVE('',#21,#29,#599,.T.);
#601=ORIENTED_EDGE('',*,*,#586,.F.);
#602=ORIENTED_EDGE('',*,*,#600,.T.);
#603=ORIENTED_EDGE('',*,*,#553,.F.);
#604=DIRECTION('',(0.0,1.0,0.0));
#605=DIRECTION('',(0.9995920864606948,0.0,-0.02855977389887694));
#606=AXIS2_PLACEMENT_3D('',#26,#604,#605);
#607=PLANE('',#606);
#608=EDGE_LOOP('',(#601,#602,#603));
#609=FACE_BOUND('',#608,.T.);
#610=ADVANCED_FACE('',(#609),#607,.T.);
#611=DIRECTION('',(0.7327934916262991,-0.6804510993672778,0.0));
#612=VECTOR('',#611,1000.0);
#613=LINE('',#28,#612);
#614=EDGE_CURVE('',#29,#17,#613,.T.);
#615=ORIENTED_EDGE('',*,*,#573,.F.);
#616=ORIENTED_EDGE('',*,*,#614,.T.);
#617=ORIENTED_EDGE('',*,*,#539,.F.);
#618=DIRECTION('',(0.0,0.0,-1.0));
#619=DIRECTION('',(0.0,1.0,0.0));
#620=AXIS2_PLACEMENT_3D('',#24,#618,#619);
#621=PLANE('',#620);
#622=EDGE_LOOP('',(#615,#616,#617));
#623=FACE_BOUND('',#622,.T.);
#624=ADVANCED_FACE('',(#623),#621,.T.);
#625=ORIENTED_EDGE('',*,*,#614,.F.);
#626=ORIENTED_EDGE('',*,*,#600,.F.);
#627=ORIENTED_EDGE('',*,*,#503,.F.);
#628=DIRECTION('',(0.0,0.0,-1.0));
#629=DIRECTION('',(-0.7327934916262991,0.6804510993672778,0.0));
#630=AXIS2_PLACEMENT_3D('',#16,#628,#629);
#631=PLANE('',#630);
#632=EDGE_LOOP('',(#625,#626,#627));
#633=FACE_BOUND('',#632,.T.);
#634=ADVANCED_FACE('',(#633),#631,.T.);
#635=DIRECTION('',(0.0,1.0,0.0));
#636=VECTOR('',#635,1000.0);
#637=LINE('',#30,#636);
#638=EDGE_CURVE('',#31,#33,#637,.T.);
#639=DIRECTION('',(-0.7331718271179581,-0.6800434338485409,0.0));
#640=VECTOR('',#639,1000.0);
#641=LINE('',#32,#640);
#642=EDGE_CURVE('',#33,#35,#641,.T.);
#643=LINE('',#34,#537);
#644=EDGE_CURVE('',#35,#31,#643,.T.);
#645=ORIENTED_EDGE('',*,*,#638,.T.);
#646=ORIENTED_EDGE('',*,*,#642,.T.);
#647=ORIENTED_EDGE('',*,*,#644,.T.);
#648=DIRECTION('',(0.0,-0.0,1.0));
#649=DIRECTION('',(0.0,1.0,0.0));
#650=AXIS2_PLACEMENT_3D('',#30,#648,#649);
#651=PLANE('',#650);
#652=EDGE_LOOP('',(#645,#646,#647));
#653=FACE_BOUND('',#652,.T.);
#654=ADVANCED_FACE('',(#653),#651,.T.);
#655=LINE('',#32,#525);
#656=EDGE_CURVE('',#33,#37,#655,.T.);
#657=LINE('',#36,#487);
#658=EDGE_CURVE('',#37,#35,#657,.T.);
#659=ORIENTED_EDGE('',*,*,#642,.F.);
#660=ORIENTED_EDGE('',*,*,#656,.T.);
#661=ORIENTED_EDGE('',*,*,#658,.T.);
#662=DIRECTION('',(0.7331718271179581,0.6800434338485409,0.0));
#663=AXIS2_PLACEMENT_3D('',#34,#648,#662);
#664=PLANE('',#663);
#665=EDGE_LOOP('',(#659,#660,#661));
#666=FACE_BOUND('',#665,.T.);
#667=ADVANCED_FACE('',(#666),#664,.T.);
#668=DIRECTION('',(0.408248290463863,-0.408248290463863,0.816496580927726));
#669=VECTOR('',#668,1000.0);
#670=LINE('',#26,#669);
#671=EDGE_CURVE('',#27,#37,#670,.T.);
#672=DIRECTION('',(0.999870632219798,0.007193313900861862,-0.014386627801723725));
#673=VECTOR('',#672,1000.0);
#674=LINE('',#36,#673);
#675=EDGE_CURVE('',#37,#19,#674,.T.);
#676=ORIENTED_EDGE('',*,*,#671,.T.);
#677=ORIENTED_EDGE('',*,*,#675,.T.);
#678=ORIENTED_EDGE('',*,*,#588,.F.);
#679=DIRECTION('',(0.0,0.894427190999916,0.447213595499958));
#680=AXIS2_PLACEMENT_3D('',#26,#679,#668);
#681=PLANE('',#680);
#682=EDGE_LOOP('',(#676,#677,#678));
#683=FACE_BOUND('',#682,.T.);
#684=ADVANCED_FACE('',(#683),#681,.T.);
#685=DIRECTION('',(0.408248290463863,0.408248290463863,-0.816496580927726));
#686=VECTOR('',#685,1000.0);
#687=LINE('',#32,#686);
#688=EDGE_CURVE('',#33,#19,#687,.T.);
#689=ORIENTED_EDGE('',*,*,#675,.F.);
#690=ORIENTED_EDGE('',*,*,#656,.F.);
#691=ORIENTED_EDGE('',*,*,#688,.T.);
#692=DIRECTION('',(-0.0,0.894427190999916,0.447213595499958));
#693=DIRECTION('',(-0.999870632219798,-0.007193313900861862,0.014386627801723725));
#694=AXIS2_PLACEMENT_3D('',#18,#692,#693);
#695=PLANE('',#694);
#696=EDGE_LOOP('',(#689,#690,#691));
#697=FACE_BOUND('',#696,.T.);
#698=ADVANCED_FACE('',(#697),#695,.T.);
#699=DIRECTION('',(0.408248290463863,0.408248290463863,0.816496580927726));
#700=VECTOR('',#699,1000.0);
#701=LINE('',#22,#700);
#702=EDGE_CURVE('',#23,#35,#701,.T.);
#703=DIRECTION('',(-0.007750773662708747,0.9998498024894276,-0.015501547325417494));
#704=VECTOR('',#703,1000.0);
#705=LINE('',#34,#704);
#706=EDGE_CURVE('',#35,#27,#705,.T.);
#707=ORIENTED_EDGE('',*,*,#702,.T.);
#708=ORIENTED_EDGE('',*,*,#706,.T.);
#709=ORIENTED_EDGE('',*,*,#561,.F.);
#710=DIRECTION('',(-0.894427190999916,0.0,0.447213595499958));
#711=DIRECTION('',(0.408248290463863,0.408248290463863,0.816496580927726));
#712=AXIS2_PLACEMENT_3D('',#22,#710,#711);
#713=PLANE('',#712);
#714=EDGE_LOOP('',(#707,#708,#709));
#715=FACE_BOUND('',#714,.T.);
#716=ADVANCED_FACE('',(#715),#713,.T.);
#717=ORIENTED_EDGE('',*,*,#706,.F.);
#718=ORIENTED_EDGE('',*,*,#658,.F.);
#719=ORIENTED_EDGE('',*,*,#671,.F.);
#720=DIRECTION('',(0.007750773662708747,-0.9998498024894276,0.015501547325417494));
#721=AXIS2_PLACEMENT_3D('',#26,#710,#720);
#722=PLANE('',#721);
#723=EDGE_LOOP('',(#717,#718,#719));
#724=FACE_BOUND('',#723,.T.);
#725=ADVANCED_FACE('',(#724),#722,.T.);
#726=DIRECTION('',(0.408248290463863,-0.408248290463863,-0.816496580927726));
#727=VECTOR('',#726,1000.0);
#728=LINE('',#30,#727);
#729=EDGE_CURVE('',#31,#15,#728,.T.);
#730=DIRECTION('',(-0.007750773662708747,0.9998498024894276,0.015501547325417494));
#731=VECTOR('',#730,1000.0);
#732=LINE('',#14,#731);
#733=EDGE_CURVE('',#15,#33,#732,.T.);
#734=ORIENTED_EDGE('',*,*,#729,.T.);
#735=ORIENTED_EDGE('',*,*,#733,.T.);
#736=ORIENTED_EDGE('',*,*,#638,.F.);
#737=DIRECTION('',(0.894427190999916,0.0,0.447213595499958));
#738=DIRECTION('',(0.408248290463863,-0.408248290463863,-0.816496580927726));
#739=AXIS2_PLACEMENT_3D('',#30,#737,#738);
#740=PLANE('',#739);
#741=EDGE_LOOP('',(#734,#735,#736));
#742=FACE_BOUND('',#741,.T.);
#743=ADVANCED_FACE('',(#742),#740,.T.);
#744=ORIENTED_EDGE('',*,*,#733,.F.);
#745=ORIENTED_EDGE('',*,*,#489,.F.);
#746=ORIENTED_EDGE('',*,*,#688,.F.);
#747=DIRECTION('',(0.894427190999916,-0.0,0.447213595499958));
#748=DIRECTION('',(0.007750773662708747,-0.9998498024894276,-0.015501547325417494));
#749=AXIS2_PLACEMENT_3D('',#32,#747,#748);
#750=PLANE('',#749);
#751=EDGE_LOOP('',(#744,#745,#746));
#752=FACE_BOUND('',#751,.T.);
#753=ADVANCED_FACE('',(#752),#750,.T.);
#754=DIRECTION('',(-0.999870632219798,-0.007193313900861862,-0.014386627801723725));
#755=VECTOR('',#754,1000.0);
#756=LINE('',#30,#755);
#757=EDGE_CURVE('',#31,#23,#756,.T.);
#758=ORIENTED_EDGE('',*,*,#729,.F.);
#759=ORIENTED_EDGE('',*,*,#757,.T.);
#760=ORIENTED_EDGE('',*,*,#527,.F.);
#761=DIRECTION('',(0.0,-0.894427190999916,0.447213595499958));
#762=DIRECTION('',(-0.408248290463863,0.408248290463863,0.816496580927726));
#763=AXIS2_PLACEMENT_3D('',#14,#761,#762);
#764=PLANE('',#763);
#765=EDGE_LOOP('',(#758,#759,#760));
#766=FACE_BOUND('',#765,.T.);
#767=ADVANCED_FACE('',(#766),#764,.T.);
#768=ORIENTED_EDGE('',*,*,#757,.F.);
#769=ORIENTED_EDGE('',*,*,#644,.F.);
#770=ORIENTED_EDGE('',*,*,#702,.F.);
#771=DIRECTION('',(0.999870632219798,0.007193313900861862,0.014386627801723725));
#772=AXIS2_PLACEMENT_3D('',#22,#761,#771);
#773=PLANE('',#772);
#774=EDGE_LOOP('',(#768,#769,#770));
#775=FACE_BOUND('',#774,.T.);
#776=ADVANCED_FACE('',(#775),#773,.T.);
#777=DIRECTION('',(-0.36353933069075556,-0.9315788506835679,0.0));
#778=VECTOR('',#777,1000.0);
#779=LINE('',#210,#778);
#780=EDGE_CURVE('',#211,#213,#779,.T.);
#781=DIRECTION('',(0.3631456041642644,0.9305699163700912,-0.04652849581850454));
#782=VECTOR('',#781,1000.0);
#783=LINE('',#212,#782);
#784=EDGE_CURVE('',#213,#155,#783,.T.);
#785=LINE('',#154,#504);
#786=EDGE_CURVE('',#155,#211,#785,.T.);
#787=ORIENTED_EDGE('',*,*,#780,.T.);
#788=ORIENTED_EDGE('',*,*,#784,.T.);
#789=ORIENTED_EDGE('',*,*,#786,.T.);
#790=DIRECTION('',(0.931578850683568,-0.3635393306907556,0.0));
#791=AXIS2_PLACEMENT_3D('',#210,#790,#777);
#792=PLANE('',#791);
#793=EDGE_LOOP('',(#787,#788,#789));
#794=FACE_BOUND('',#793,.T.);
#795=ADVANCED_FACE('',(#794),#792,.T.);
#796=DIRECTION('',(0.0,0.0,-1.0));
#797=VECTOR('',#796,1000.0);
#798=LINE('',#212,#797);
#799=EDGE_CURVE('',#213,#199,#798,.T.);
#800=DIRECTION('',(0.36353933069075556,0.9315788506835679,0.0));
#801=VECTOR('',#800,1000.0);
#802=LINE('',#198,#801);
#803=EDGE_CURVE('',#199,#155,#802,.T.);
#804=ORIENTED_EDGE('',*,*,#784,.F.);
#805=ORIENTED_EDGE('',*,*,#799,.T.);
#806=ORIENTED_EDGE('',*,*,#803,.T.);
#807=DIRECTION('',(-0.3631456041642644,-0.9305699163700912,0.04652849581850454));
#808=AXIS2_PLACEMENT_3D('',#154,#790,#807);
#809=PLANE('',#808);
#810=EDGE_LOOP('',(#804,#805,#806));
#811=FACE_BOUND('',#810,.T.);
#812=ADVANCED_FACE('',(#811),#809,.T.);
#813=LINE('',#212,#537);
#814=EDGE_CURVE('',#213,#215,#813,.T.);
#815=DIRECTION('',(-0.9462900335975992,0.0,-0.3233189946691261));
#816=VECTOR('',#815,1000.0);
#817=LINE('',#214,#816);
#818=EDGE_CURVE('',#215,#199,#817,.T.);
#819=ORIENTED_EDGE('',*,*,#814,.T.);
#820=ORIENTED_EDGE('',*,*,#818,.T.);
#821=ORIENTED_EDGE('',*,*,#799,.F.);
#822=DIRECTION('',(-0.0,1.0,0.0));
#823=AXIS2_PLACEMENT_3D('',#212,#822,#12);
#824=PLANE('',#823);
#825=EDGE_LOOP('',(#819,#820,#821));
#826=FACE_BOUND('',#825,.T.);
#827=ADVANCED_FACE('',(#826),#824,.T.);
#828=DIRECTION('',(0.0,0.0,-1.0));
#829=VECTOR('',#828,1000.0);
#830=LINE('',#214,#829);
#831=EDGE_CURVE('',#215,#201,#830,.T.);
#832=LINE('',#200,#525);
#833=EDGE_CURVE('',#201,#199,#832,.T.);
#834=ORIENTED_EDGE('',*,*,#818,.F.);
#835=ORIENTED_EDGE('',*,*,#831,.T.);
#836=ORIENTED_EDGE('',*,*,#833,.T.);
#837=DIRECTION('',(0.9462900335975992,0.0,0.3233189946691261));
#838=AXIS2_PLACEMENT_3D('',#198,#822,#837);
#839=PLANE('',#838);
#840=EDGE_LOOP('',(#834,#835,#836));
#841=FACE_BOUND('',#840,.T.);
#842=ADVANCED_FACE('',(#841),#839,.T.);
#843=DIRECTION('',(0.3393238656849426,0.940669609467972,0.0));
#844=VECTOR('',#843,1000.0);
#845=LINE('',#214,#844);
#846=EDGE_CURVE('',#215,#217,#845,.T.);
#847=DIRECTION('',(-0.3346516667640578,-0.927717394847306,-0.16537441528170443));
#848=VECTOR('',#847,1000.0);
#849=LINE('',#216,#848);
#850=EDGE_CURVE('',#217,#201,#849,.T.);
#851=ORIENTED_EDGE('',*,*,#846,.T.);
#852=ORIENTED_EDGE('',*,*,#850,.T.);
#853=ORIENTED_EDGE('',*,*,#831,.F.);
#854=DIRECTION('',(-0.9406696094679721,0.3393238656849426,0.0));
#855=AXIS2_PLACEMENT_3D('',#214,#854,#843);
#856=PLANE('',#855);
#857=EDGE_LOOP('',(#851,#852,#853));
#858=FACE_BOUND('',#857,.T.);
#859=ADVANCED_FACE('',(#858),#856,.T.);
#860=DIRECTION('',(0.0,0.0,-1.0));
#861=VECTOR('',#860,1000.0);
#862=LINE('',#216,#861);
#863=EDGE_CURVE('',#217,#205,#862,.T.);
#864=DIRECTION('',(-0.3393238656849426,-0.940669609467972,0.0));
#865=VECTOR('',#864,1000.0);
#866=LINE('',#204,#865);
#867=EDGE_CURVE('',#205,#201,#866,.T.);
#868=ORIENTED_EDGE('',*,*,#850,.F.);
#869=ORIENTED_EDGE('',*,*,#863,.T.);
#870=ORIENTED_EDGE('',*,*,#867,.T.);
#871=DIRECTION('',(0.3346516667640578,0.927717394847306,0.16537441528170443));
#872=AXIS2_PLACEMENT_3D('',#200,#854,#871);
#873=PLANE('',#872);
#874=EDGE_LOOP('',(#868,#869,#870));
#875=FACE_BOUND('',#874,.T.);
#876=ADVANCED_FACE('',(#875),#873,.T.);
#877=LINE('',#216,#537);
#878=EDGE_CURVE('',#217,#219,#877,.T.);
#879=DIRECTION('',(-0.9927549923816016,0.0,-0.1201562528602069));
#880=VECTOR('',#879,1000.0);
#881=LINE('',#218,#880);
#882=EDGE_CURVE('',#219,#205,#881,.T.);
#883=ORIENTED_EDGE('',*,*,#878,.T.);
#884=ORIENTED_EDGE('',*,*,#882,.T.);
#885=ORIENTED_EDGE('',*,*,#863,.F.);
#886=AXIS2_PLACEMENT_3D('',#216,#822,#12);
#887=PLANE('',#886);
#888=EDGE_LOOP('',(#883,#884,#885));
#889=FACE_BOUND('',#888,.T.);
#890=ADVANCED_FACE('',(#889),#887,.T.);
#891=DIRECTION('',(0.0,0.0,-1.0));
#892=VECTOR('',#891,1000.0);
#893=LINE('',#218,#892);
#894=EDGE_CURVE('',#219,#207,#893,.T.);
#895=LINE('',#206,#525);
#896=EDGE_CURVE('',#207,#205,#895,.T.);
#897=ORIENTED_EDGE('',*,*,#882,.F.);
#898=ORIENTED_EDGE('',*,*,#894,.T.);
#899=ORIENTED_EDGE('',*,*,#896,.T.);
#900=DIRECTION('',(0.9927549923816016,0.0,0.1201562528602069));
#901=AXIS2_PLACEMENT_3D('',#204,#822,#900);
#902=PLANE('',#901);
#903=EDGE_LOOP('',(#897,#898,#899));
#904=FACE_BOUND('',#903,.T.);
#905=ADVANCED_FACE('',(#904),#902,.T.);
#906=DIRECTION('',(0.3222155335592588,-0.9466663350585158,0.0));
#907=VECTOR('',#906,1000.0);
#908=LINE('',#218,#907);
#909=EDGE_CURVE('',#219,#221,#908,.T.);
#910=DIRECTION('',(-0.31772333599433017,0.9334682990787648,-0.16639956844785275));
#911=VECTOR('',#910,1000.0);
#912=LINE('',#220,#911);
#913=EDGE_CURVE('',#221,#207,#912,.T.);
#914=ORIENTED_EDGE('',*,*,#909,.T.);
#915=ORIENTED_EDGE('',*,*,#913,.T.);
#916=ORIENTED_EDGE('',*,*,#894,.F.);
#917=DIRECTION('',(0.9466663350585159,0.3222155335592588,0.0));
#918=AXIS2_PLACEMENT_3D('',#218,#917,#906);
#919=PLANE('',#918);
#920=EDGE_LOOP('',(#914,#915,#916));
#921=FACE_BOUND('',#920,.T.);
#922=ADVANCED_FACE('',(#921),#919,.T.);
#923=DIRECTION('',(0.0,0.0,-1.0));
#924=VECTOR('',#923,1000.0);
#925=LINE('',#220,#924);
#926=EDGE_CURVE('',#221,#209,#925,.T.);
#927=DIRECTION('',(-0.3222155335592588,0.9466663350585158,0.0));
#928=VECTOR('',#927,1000.0);
#929=LINE('',#208,#928);
#930=EDGE_CURVE('',#209,#207,#929,.T.);
#931=ORIENTED_EDGE('',*,*,#913,.F.);
#932=ORIENTED_EDGE('',*,*,#926,.T.);
#933=ORIENTED_EDGE('',*,*,#930,.T.);
#934=DIRECTION('',(0.31772333599433017,-0.9334682990787648,0.16639956844785275));
#935=AXIS2_PLACEMENT_3D('',#206,#917,#934);
#936=PLANE('',#935);
#937=EDGE_LOOP('',(#931,#932,#933));
#938=FACE_BOUND('',#937,.T.);
#939=ADVANCED_FACE('',(#938),#936,.T.);
#940=LINE('',#220,#537);
#941=EDGE_CURVE('',#221,#223,#940,.T.);
#942=LINE('',#222,#816);
#943=EDGE_CURVE('',#223,#209,#942,.T.);
#944=ORIENTED_EDGE('',*,*,#941,.T.);
#945=ORIENTED_EDGE('',*,*,#943,.T.);
#946=ORIENTED_EDGE('',*,*,#926,.F.);
#947=AXIS2_PLACEMENT_3D('',#220,#822,#12);
#948=PLANE('',#947);
#949=EDGE_LOOP('',(#944,#945,#946));
#950=FACE_BOUND('',#949,.T.);
#951=ADVANCED_FACE('',(#950),#948,.T.);
#952=DIRECTION('',(0.0,0.0,-1.0));
#953=VECTOR('',#952,1000.0);
#954=LINE('',#222,#953);
#955=EDGE_CURVE('',#223,#147,#954,.T.);
#956=LINE('',#146,#525);
#957=EDGE_CURVE('',#147,#209,#956,.T.);
#958=ORIENTED_EDGE('',*,*,#943,.F.);
#959=ORIENTED_EDGE('',*,*,#955,.T.);
#960=ORIENTED_EDGE('',*,*,#957,.T.);
#961=AXIS2_PLACEMENT_3D('',#208,#822,#837);
#962=PLANE('',#961);
#963=EDGE_LOOP('',(#958,#959,#960));
#964=FACE_BOUND('',#963,.T.);
#965=ADVANCED_FACE('',(#964),#962,.T.);
#966=DIRECTION('',(-0.3536233904005292,0.9353878862598313,0.0));
#967=VECTOR('',#966,1000.0);
#968=LINE('',#222,#967);
#969=EDGE_CURVE('',#223,#225,#968,.T.);
#970=DIRECTION('',(0.3532372700262772,-0.9343665388871237,-0.04671832694435616));
#971=VECTOR('',#970,1000.0);
#972=LINE('',#224,#971);
#973=EDGE_CURVE('',#225,#147,#972,.T.);
#974=ORIENTED_EDGE('',*,*,#969,.T.);
#975=ORIENTED_EDGE('',*,*,#973,.T.);
#976=ORIENTED_EDGE('',*,*,#955,.F.);
#977=DIRECTION('',(-0.9353878862598313,-0.35362339040052926,0.0));
#978=AXIS2_PLACEMENT_3D('',#222,#977,#966);
#979=PLANE('',#978);
#980=EDGE_LOOP('',(#974,#975,#976));
#981=FACE_BOUND('',#980,.T.);
#982=ADVANCED_FACE('',(#981),#979,.T.);
#983=DIRECTION('',(0.0,0.0,-1.0));
#984=VECTOR('',#983,1000.0);
#985=LINE('',#224,#984);
#986=EDGE_CURVE('',#225,#153,#985,.T.);
#987=DIRECTION('',(0.3536233904005292,-0.9353878862598313,0.0));
#988=VECTOR('',#987,1000.0);
#989=LINE('',#152,#988);
#990=EDGE_CURVE('',#153,#147,#989,.T.);
#991=ORIENTED_EDGE('',*,*,#973,.F.);
#992=ORIENTED_EDGE('',*,*,#986,.T.);
#993=ORIENTED_EDGE('',*,*,#990,.T.);
#994=DIRECTION('',(-0.9353878862598313,-0.35362339040052926,-0.0));
#995=DIRECTION('',(-0.3532372700262772,0.9343665388871237,0.04671832694435616));
#996=AXIS2_PLACEMENT_3D('',#146,#994,#995);
#997=PLANE('',#996);
#998=EDGE_LOOP('',(#991,#992,#993));
#999=FACE_BOUND('',#998,.T.);
#1000=ADVANCED_FACE('',(#999),#997,.T.);
#1001=LINE('',#224,#525);
#1002=EDGE_CURVE('',#225,#211,#1001,.T.);
#1003=DIRECTION('',(0.9370305782647662,0.0,-0.3492473269715859));
#1004=VECTOR('',#1003,1000.0);
#1005=LINE('',#210,#1004);
#1006=EDGE_CURVE('',#211,#153,#1005,.T.);
#1007=ORIENTED_EDGE('',*,*,#1002,.T.);
#1008=ORIENTED_EDGE('',*,*,#1006,.T.);
#1009=ORIENTED_EDGE('',*,*,#986,.F.);
#1010=DIRECTION('',(-0.0,-1.0,-0.0));
#1011=AXIS2_PLACEMENT_3D('',#224,#1010,#524);
#1012=PLANE('',#1011);
#1013=EDGE_LOOP('',(#1007,#1008,#1009));
#1014=FACE_BOUND('',#1013,.T.);
#1015=ADVANCED_FACE('',(#1014),#1012,.T.);
#1016=LINE('',#154,#537);
#1017=EDGE_CURVE('',#155,#153,#1016,.T.);
#1018=ORIENTED_EDGE('',*,*,#1006,.F.);
#1019=ORIENTED_EDGE('',*,*,#786,.F.);
#1020=ORIENTED_EDGE('',*,*,#1017,.T.);
#1021=DIRECTION('',(-0.9370305782647662,0.0,0.3492473269715859));
#1022=AXIS2_PLACEMENT_3D('',#152,#1010,#1021);
#1023=PLANE('',#1022);
#1024=EDGE_LOOP('',(#1018,#1019,#1020));
#1025=FACE_BOUND('',#1024,.T.);
#1026=ADVANCED_FACE('',(#1025),#1023,.T.);
#1027=DIRECTION('',(0.29369411898979747,-0.9558994531177464,0.0));
#1028=VECTOR('',#1027,1000.0);
#1029=LINE('',#226,#1028);
#1030=EDGE_CURVE('',#227,#219,#1029,.T.);
#1031=DIRECTION('',(-0.9583206505457276,0.2856948209849341,0.0));
#1032=VECTOR('',#1031,1000.0);
#1033=LINE('',#218,#1032);
#1034=EDGE_CURVE('',#219,#229,#1033,.T.);
#1035=LINE('',#228,#537);
#1036=EDGE_CURVE('',#229,#227,#1035,.T.);
#1037=ORIENTED_EDGE('',*,*,#1030,.T.);
#1038=ORIENTED_EDGE('',*,*,#1034,.T.);
#1039=ORIENTED_EDGE('',*,*,#1036,.T.);
#1040=DIRECTION('',(-0.0,-0.0,-1.0));
#1041=AXIS2_PLACEMENT_3D('',#226,#1040,#1027);
#1042=PLANE('',#1041);
#1043=EDGE_LOOP('',(#1037,#1038,#1039));
#1044=FACE_BOUND('',#1043,.T.);
#1045=ADVANCED_FACE('',(#1044),#1042,.T.);
#1046=DIRECTION('',(0.379154778893693,0.9253332662571225,0.0));
#1047=VECTOR('',#1046,1000.0);
#1048=LINE('',#216,#1047);
#1049=EDGE_CURVE('',#217,#229,#1048,.T.);
#1050=ORIENTED_EDGE('',*,*,#1034,.F.);
#1051=ORIENTED_EDGE('',*,*,#878,.F.);
#1052=ORIENTED_EDGE('',*,*,#1049,.T.);
#1053=DIRECTION('',(0.9583206505457276,-0.2856948209849341,0.0));
#1054=AXIS2_PLACEMENT_3D('',#228,#1040,#1053);
#1055=PLANE('',#1054);
#1056=EDGE_LOOP('',(#1050,#1051,#1052));
#1057=FACE_BOUND('',#1056,.T.);
#1058=ADVANCED_FACE('',(#1057),#1055,.T.);
#1059=DIRECTION('',(0.2361501943294703,0.9717165665553682,0.0));
#1060=VECTOR('',#1059,1000.0);
#1061=LINE('',#230,#1060);
#1062=EDGE_CURVE('',#231,#225,#1061,.T.);
#1063=DIRECTION('',(0.1658045511779727,-0.9861586336937231,0.0));
#1064=VECTOR('',#1063,1000.0);
#1065=LINE('',#224,#1064);
#1066=EDGE_CURVE('',#225,#227,#1065,.T.);
#1067=DIRECTION('',(-0.33639352773911635,0.9417215058047853,0.0));
#1068=VECTOR('',#1067,1000.0);
#1069=LINE('',#226,#1068);
#1070=EDGE_CURVE('',#227,#231,#1069,.T.);
#1071=ORIENTED_EDGE('',*,*,#1062,.T.);
#1072=ORIENTED_EDGE('',*,*,#1066,.T.);
#1073=ORIENTED_EDGE('',*,*,#1070,.T.);
#1074=DIRECTION('',(0.0,0.0,-1.0));
#1075=AXIS2_PLACEMENT_3D('',#230,#1074,#1059);
#1076=PLANE('',#1075);
#1077=EDGE_LOOP('',(#1071,#1072,#1073));
#1078=FACE_BOUND('',#1077,.T.);
#1079=ADVANCED_FACE('',(#1078),#1076,.T.);
#1080=DIRECTION('',(-0.5767760643772467,0.8169023023357777,0.0));
#1081=VECTOR('',#1080,1000.0);
#1082=LINE('',#222,#1081);
#1083=EDGE_CURVE('',#223,#227,#1082,.T.);
#1084=ORIENTED_EDGE('',*,*,#1066,.F.);
#1085=ORIENTED_EDGE('',*,*,#969,.F.);
#1086=ORIENTED_EDGE('',*,*,#1083,.T.);
#1087=DIRECTION('',(0.0,0.0,-1.0));
#1088=DIRECTION('',(-0.1658045511779727,0.9861586336937231,0.0));
#1089=AXIS2_PLACEMENT_3D('',#226,#1087,#1088);
#1090=PLANE('',#1089);
#1091=EDGE_LOOP('',(#1084,#1085,#1086));
#1092=FACE_BOUND('',#1091,.T.);
#1093=ADVANCED_FACE('',(#1092),#1090,.T.);
#1094=DIRECTION('',(-0.6529524418146836,0.757398909906954,0.0));
#1095=VECTOR('',#1094,1000.0);
#1096=LINE('',#222,#1095);
#1097=EDGE_CURVE('',#223,#219,#1096,.T.);
#1098=ORIENTED_EDGE('',*,*,#1083,.F.);
#1099=ORIENTED_EDGE('',*,*,#1097,.T.);
#1100=ORIENTED_EDGE('',*,*,#1030,.F.);
#1101=DIRECTION('',(0.5767760643772467,-0.8169023023357777,0.0));
#1102=AXIS2_PLACEMENT_3D('',#226,#1040,#1101);
#1103=PLANE('',#1102);
#1104=EDGE_LOOP('',(#1098,#1099,#1100));
#1105=FACE_BOUND('',#1104,.T.);
#1106=ADVANCED_FACE('',(#1105),#1103,.T.);
#1107=ORIENTED_EDGE('',*,*,#1097,.F.);
#1108=ORIENTED_EDGE('',*,*,#941,.F.);
#1109=ORIENTED_EDGE('',*,*,#909,.F.);
#1110=DIRECTION('',(0.6529524418146836,-0.757398909906954,0.0));
#1111=AXIS2_PLACEMENT_3D('',#218,#1040,#1110);
#1112=PLANE('',#1111);
#1113=EDGE_LOOP('',(#1107,#1108,#1109));
#1114=FACE_BOUND('',#1113,.T.);
#1115=ADVANCED_FACE('',(#1114),#1112,.T.);
#1116=DIRECTION('',(-0.26748627516901036,0.9635616703648026,0.0));
#1117=VECTOR('',#1116,1000.0);
#1118=LINE('',#230,#1117);
#1119=EDGE_CURVE('',#231,#233,#1118,.T.);
#1120=DIRECTION('',(0.33686311129760454,0.9415536332290888,0.0));
#1121=VECTOR('',#1120,1000.0);
#1122=LINE('',#232,#1121);
#1123=EDGE_CURVE('',#233,#225,#1122,.T.);
#1124=ORIENTED_EDGE('',*,*,#1119,.T.);
#1125=ORIENTED_EDGE('',*,*,#1123,.T.);
#1126=ORIENTED_EDGE('',*,*,#1062,.F.);
#1127=DIRECTION('',(0.0,0.0,-1.0));
#1128=AXIS2_PLACEMENT_3D('',#230,#1127,#1116);
#1129=PLANE('',#1128);
#1130=EDGE_LOOP('',(#1124,#1125,#1126));
#1131=FACE_BOUND('',#1130,.T.);
#1132=ADVANCED_FACE('',(#1131),#1129,.T.);
#1133=DIRECTION('',(-0.1771745172969539,0.9841794503141139,0.0));
#1134=VECTOR('',#1133,1000.0);
#1135=LINE('',#232,#1134);
#1136=EDGE_CURVE('',#233,#235,#1135,.T.);
#1137=DIRECTION('',(0.4571914602206894,0.889368297558033,0.0));
#1138=VECTOR('',#1137,1000.0);
#1139=LINE('',#234,#1138);
#1140=EDGE_CURVE('',#235,#225,#1139,.T.);
#1141=ORIENTED_EDGE('',*,*,#1123,.F.);
#1142=ORIENTED_EDGE('',*,*,#1136,.T.);
#1143=ORIENTED_EDGE('',*,*,#1140,.T.);
#1144=DIRECTION('',(-0.0,0.0,-1.0));
#1145=DIRECTION('',(-0.33686311129760454,-0.9415536332290888,0.0));
#1146=AXIS2_PLACEMENT_3D('',#224,#1144,#1145);
#1147=PLANE('',#1146);
#1148=EDGE_LOOP('',(#1141,#1142,#1143));
#1149=FACE_BOUND('',#1148,.T.);
#1150=ADVANCED_FACE('',(#1149),#1147,.T.);
#1151=DIRECTION('',(-0.5055724220775201,0.86278417117763,0.0));
#1152=VECTOR('',#1151,1000.0);
#1153=LINE('',#234,#1152);
#1154=EDGE_CURVE('',#235,#211,#1153,.T.);
#1155=ORIENTED_EDGE('',*,*,#1140,.F.);
#1156=ORIENTED_EDGE('',*,*,#1154,.T.);
#1157=ORIENTED_EDGE('',*,*,#1002,.F.);
#1158=DIRECTION('',(-0.4571914602206894,-0.889368297558033,0.0));
#1159=AXIS2_PLACEMENT_3D('',#224,#1144,#1158);
#1160=PLANE('',#1159);
#1161=EDGE_LOOP('',(#1155,#1156,#1157));
#1162=FACE_BOUND('',#1161,.T.);
#1163=ADVANCED_FACE('',(#1162),#1160,.T.);
#1164=LINE('',#234,#525);
#1165=EDGE_CURVE('',#235,#237,#1164,.T.);
#1166=DIRECTION('',(-0.48821106746923476,0.8727255889456607,0.0));
#1167=VECTOR('',#1166,1000.0);
#1168=LINE('',#236,#1167);
#1169=EDGE_CURVE('',#237,#211,#1168,.T.);
#1170=ORIENTED_EDGE('',*,*,#1154,.F.);
#1171=ORIENTED_EDGE('',*,*,#1165,.T.);
#1172=ORIENTED_EDGE('',*,*,#1169,.T.);
#1173=DIRECTION('',(0.5055724220775201,-0.86278417117763,0.0));
#1174=AXIS2_PLACEMENT_3D('',#210,#1040,#1173);
#1175=PLANE('',#1174);
#1176=EDGE_LOOP('',(#1170,#1171,#1172));
#1177=FACE_BOUND('',#1176,.T.);
#1178=ADVANCED_FACE('',(#1177),#1175,.T.);
#1179=DIRECTION('',(-0.18143155920694032,-0.9834035739836106,0.0));
#1180=VECTOR('',#1179,1000.0);
#1181=LINE('',#236,#1180);
#1182=EDGE_CURVE('',#237,#239,#1181,.T.);
#1183=DIRECTION('',(-0.36517805160470873,0.9309376942772213,0.0));
#1184=VECTOR('',#1183,1000.0);
#1185=LINE('',#238,#1184);
#1186=EDGE_CURVE('',#239,#211,#1185,.T.);
#1187=ORIENTED_EDGE('',*,*,#1169,.F.);
#1188=ORIENTED_EDGE('',*,*,#1182,.T.);
#1189=ORIENTED_EDGE('',*,*,#1186,.T.);
#1190=DIRECTION('',(0.0,-0.0,-1.0));
#1191=DIRECTION('',(0.48821106746923476,-0.8727255889456607,0.0));
#1192=AXIS2_PLACEMENT_3D('',#210,#1190,#1191);
#1193=PLANE('',#1192);
#1194=EDGE_LOOP('',(#1187,#1188,#1189));
#1195=FACE_BOUND('',#1194,.T.);
#1196=ADVANCED_FACE('',(#1195),#1193,.T.);
#1197=DIRECTION('',(-0.24810066746791706,-0.9687342560279233,0.0));
#1198=VECTOR('',#1197,1000.0);
#1199=LINE('',#238,#1198);
#1200=EDGE_CURVE('',#239,#241,#1199,.T.);
#1201=DIRECTION('',(-0.26500713335968895,0.9642464515197761,0.0));
#1202=VECTOR('',#1201,1000.0);
#1203=LINE('',#240,#1202);
#1204=EDGE_CURVE('',#241,#211,#1203,.T.);
#1205=ORIENTED_EDGE('',*,*,#1200,.T.);
#1206=ORIENTED_EDGE('',*,*,#1204,.T.);
#1207=ORIENTED_EDGE('',*,*,#1186,.F.);
#1208=AXIS2_PLACEMENT_3D('',#238,#1144,#1197);
#1209=PLANE('',#1208);
#1210=EDGE_LOOP('',(#1205,#1206,#1207));
#1211=FACE_BOUND('',#1210,.T.);
#1212=ADVANCED_FACE('',(#1211),#1209,.T.);
#1213=LINE('',#240,#865);
#1214=EDGE_CURVE('',#241,#229,#1213,.T.);
#1215=DIRECTION('',(0.15828795765166587,0.9873929929174423,0.0));
#1216=VECTOR('',#1215,1000.0);
#1217=LINE('',#228,#1216);
#1218=EDGE_CURVE('',#229,#211,#1217,.T.);
#1219=ORIENTED_EDGE('',*,*,#1204,.F.);
#1220=ORIENTED_EDGE('',*,*,#1214,.T.);
#1221=ORIENTED_EDGE('',*,*,#1218,.T.);
#1222=DIRECTION('',(0.0,-0.0,-1.0));
#1223=DIRECTION('',(0.26500713335968895,-0.9642464515197761,0.0));
#1224=AXIS2_PLACEMENT_3D('',#210,#1222,#1223);
#1225=PLANE('',#1224);
#1226=EDGE_LOOP('',(#1219,#1220,#1221));
#1227=FACE_BOUND('',#1226,.T.);
#1228=ADVANCED_FACE('',(#1227),#1225,.T.);
#1229=DIRECTION('',(-0.5997506301051985,-0.8001869667074173,0.0));
#1230=VECTOR('',#1229,1000.0);
#1231=LINE('',#228,#1230);
#1232=EDGE_CURVE('',#229,#213,#1231,.T.);
#1233=ORIENTED_EDGE('',*,*,#1218,.F.);
#1234=ORIENTED_EDGE('',*,*,#1232,.T.);
#1235=ORIENTED_EDGE('',*,*,#780,.F.);
#1236=DIRECTION('',(0.0,0.0,-1.0));
#1237=DIRECTION('',(-0.15828795765166587,-0.9873929929174423,0.0));
#1238=AXIS2_PLACEMENT_3D('',#210,#1236,#1237);
#1239=PLANE('',#1238);
#1240=EDGE_LOOP('',(#1233,#1234,#1235));
#1241=FACE_BOUND('',#1240,.T.);
#1242=ADVANCED_FACE('',(#1241),#1239,.T.);
#1243=DIRECTION('',(-0.6616649581045994,-0.7497996287118572,0.0));
#1244=VECTOR('',#1243,1000.0);
#1245=LINE('',#216,#1244);
#1246=EDGE_CURVE('',#217,#213,#1245,.T.);
#1247=ORIENTED_EDGE('',*,*,#1232,.F.);
#1248=ORIENTED_EDGE('',*,*,#1049,.F.);
#1249=ORIENTED_EDGE('',*,*,#1246,.T.);
#1250=DIRECTION('',(0.0,-0.0,-1.0));
#1251=DIRECTION('',(0.5997506301051985,0.8001869667074173,0.0));
#1252=AXIS2_PLACEMENT_3D('',#212,#1250,#1251);
#1253=PLANE('',#1252);
#1254=EDGE_LOOP('',(#1247,#1248,#1249));
#1255=FACE_BOUND('',#1254,.T.);
#1256=ADVANCED_FACE('',(#1255),#1253,.T.);
#1257=ORIENTED_EDGE('',*,*,#1246,.F.);
#1258=ORIENTED_EDGE('',*,*,#846,.F.);
#1259=ORIENTED_EDGE('',*,*,#814,.F.);
#1260=DIRECTION('',(0.0,-0.0,-1.0));
#1261=DIRECTION('',(0.6616649581045994,0.7497996287118572,0.0));
#1262=AXIS2_PLACEMENT_3D('',#212,#1260,#1261);
#1263=PLANE('',#1262);
#1264=EDGE_LOOP('',(#1257,#1258,#1259));
#1265=FACE_BOUND('',#1264,.T.);
#1266=ADVANCED_FACE('',(#1265),#1263,.T.);
#1267=DIRECTION('',(0.9890069573029111,0.0,-0.1478689906858009));
#1268=VECTOR('',#1267,1000.0);
#1269=LINE('',#228,#1268);
#1270=EDGE_CURVE('',#229,#243,#1269,.T.);
#1271=LINE('',#242,#504);
#1272=EDGE_CURVE('',#243,#227,#1271,.T.);
#1273=ORIENTED_EDGE('',*,*,#1036,.F.);
#1274=ORIENTED_EDGE('',*,*,#1270,.T.);
#1275=ORIENTED_EDGE('',*,*,#1272,.T.);
#1276=AXIS2_PLACEMENT_3D('',#226,#1010,#524);
#1277=PLANE('',#1276);
#1278=EDGE_LOOP('',(#1273,#1274,#1275));
#1279=FACE_BOUND('',#1278,.T.);
#1280=ADVANCED_FACE('',(#1279),#1277,.T.);
#1281=DIRECTION('',(0.0,0.0,-1.0));
#1282=VECTOR('',#1281,1000.0);
#1283=LINE('',#228,#1282);
#1284=EDGE_CURVE('',#229,#245,#1283,.T.);
#1285=LINE('',#244,#537);
#1286=EDGE_CURVE('',#245,#243,#1285,.T.);
#1287=ORIENTED_EDGE('',*,*,#1270,.F.);
#1288=ORIENTED_EDGE('',*,*,#1284,.T.);
#1289=ORIENTED_EDGE('',*,*,#1286,.T.);
#1290=DIRECTION('',(-0.9890069573029111,0.0,0.1478689906858009));
#1291=AXIS2_PLACEMENT_3D('',#242,#1010,#1290);
#1292=PLANE('',#1291);
#1293=EDGE_LOOP('',(#1287,#1288,#1289));
#1294=FACE_BOUND('',#1293,.T.);
#1295=ADVANCED_FACE('',(#1294),#1292,.T.);
#1296=DIRECTION('',(-0.33427614326849164,0.93579396461383,-0.11202283621598227));
#1297=VECTOR('',#1296,1000.0);
#1298=LINE('',#226,#1297);
#1299=EDGE_CURVE('',#227,#247,#1298,.T.);
#1300=LINE('',#246,#504);
#1301=EDGE_CURVE('',#247,#231,#1300,.T.);
#1302=ORIENTED_EDGE('',*,*,#1070,.F.);
#1303=ORIENTED_EDGE('',*,*,#1299,.T.);
#1304=ORIENTED_EDGE('',*,*,#1301,.T.);
#1305=DIRECTION('',(0.9417215058047854,0.3363935277391164,0.0));
#1306=DIRECTION('',(0.33639352773911635,-0.9417215058047853,0.0));
#1307=AXIS2_PLACEMENT_3D('',#230,#1305,#1306);
#1308=PLANE('',#1307);
#1309=EDGE_LOOP('',(#1302,#1303,#1304));
#1310=FACE_BOUND('',#1309,.T.);
#1311=ADVANCED_FACE('',(#1310),#1308,.T.);
#1312=LINE('',#242,#1068);
#1313=EDGE_CURVE('',#243,#247,#1312,.T.);
#1314=ORIENTED_EDGE('',*,*,#1299,.F.);
#1315=ORIENTED_EDGE('',*,*,#1272,.F.);
#1316=ORIENTED_EDGE('',*,*,#1313,.T.);
#1317=DIRECTION('',(0.33427614326849164,-0.93579396461383,0.11202283621598227));
#1318=AXIS2_PLACEMENT_3D('',#246,#1305,#1317);
#1319=PLANE('',#1318);
#1320=EDGE_LOOP('',(#1314,#1315,#1316));
#1321=FACE_BOUND('',#1320,.T.);
#1322=ADVANCED_FACE('',(#1321),#1319,.T.);
#1323=LINE('',#246,#1117);
#1324=EDGE_CURVE('',#247,#249,#1323,.T.);
#1325=DIRECTION('',(0.15629877607673662,-0.5630326627312606,0.8115201250090233));
#1326=VECTOR('',#1325,1000.0);
#1327=LINE('',#248,#1326);
#1328=EDGE_CURVE('',#249,#231,#1327,.T.);
#1329=ORIENTED_EDGE('',*,*,#1301,.F.);
#1330=ORIENTED_EDGE('',*,*,#1324,.T.);
#1331=ORIENTED_EDGE('',*,*,#1328,.T.);
#1332=DIRECTION('',(0.9635616703648026,0.2674862751690103,0.0));
#1333=DIRECTION('',(0.0,0.0,-1.0));
#1334=AXIS2_PLACEMENT_3D('',#230,#1332,#1333);
#1335=PLANE('',#1334);
#1336=EDGE_LOOP('',(#1329,#1330,#1331));
#1337=FACE_BOUND('',#1336,.T.);
#1338=ADVANCED_FACE('',(#1337),#1335,.T.);
#1339=LINE('',#248,#504);
#1340=EDGE_CURVE('',#249,#233,#1339,.T.);
#1341=ORIENTED_EDGE('',*,*,#1328,.F.);
#1342=ORIENTED_EDGE('',*,*,#1340,.T.);
#1343=ORIENTED_EDGE('',*,*,#1119,.F.);
#1344=DIRECTION('',(0.9635616703648026,0.2674862751690103,-0.0));
#1345=DIRECTION('',(-0.15629877607673662,0.5630326627312606,-0.8115201250090233));
#1346=AXIS2_PLACEMENT_3D('',#230,#1344,#1345);
#1347=PLANE('',#1346);
#1348=EDGE_LOOP('',(#1341,#1342,#1343));
#1349=FACE_BOUND('',#1348,.T.);
#1350=ADVANCED_FACE('',(#1349),#1347,.T.);
#1351=LINE('',#248,#1134);
#1352=EDGE_CURVE('',#249,#251,#1351,.T.);
#1353=DIRECTION('',(0.10354226284678628,-0.5751626638385746,0.8114597401785758));
#1354=VECTOR('',#1353,1000.0);
#1355=LINE('',#250,#1354);
#1356=EDGE_CURVE('',#251,#233,#1355,.T.);
#1357=ORIENTED_EDGE('',*,*,#1340,.F.);
#1358=ORIENTED_EDGE('',*,*,#1352,.T.);
#1359=ORIENTED_EDGE('',*,*,#1356,.T.);
#1360=DIRECTION('',(0.9841794503141139,0.1771745172969539,0.0));
#1361=DIRECTION('',(0.0,0.0,-1.0));
#1362=AXIS2_PLACEMENT_3D('',#232,#1360,#1361);
#1363=PLANE('',#1362);
#1364=EDGE_LOOP('',(#1357,#1358,#1359));
#1365=FACE_BOUND('',#1364,.T.);
#1366=ADVANCED_FACE('',(#1365),#1363,.T.);
#1367=LINE('',#250,#504);
#1368=EDGE_CURVE('',#251,#235,#1367,.T.);
#1369=ORIENTED_EDGE('',*,*,#1356,.F.);
#1370=ORIENTED_EDGE('',*,*,#1368,.T.);
#1371=ORIENTED_EDGE('',*,*,#1136,.F.);
#1372=DIRECTION('',(0.9841794503141139,0.1771745172969539,-0.0));
#1373=DIRECTION('',(-0.10354226284678628,0.5751626638385746,-0.8114597401785758));
#1374=AXIS2_PLACEMENT_3D('',#232,#1372,#1373);
#1375=PLANE('',#1374);
#1376=EDGE_LOOP('',(#1369,#1370,#1371));
#1377=FACE_BOUND('',#1376,.T.);
#1378=ADVANCED_FACE('',(#1377),#1375,.T.);
#1379=DIRECTION('',(-0.06466437806629971,0.0,-0.9979070689244057));
#1380=VECTOR('',#1379,1000.0);
#1381=LINE('',#234,#1380);
#1382=EDGE_CURVE('',#235,#253,#1381,.T.);
#1383=LINE('',#252,#504);
#1384=EDGE_CURVE('',#253,#237,#1383,.T.);
#1385=ORIENTED_EDGE('',*,*,#1165,.F.);
#1386=ORIENTED_EDGE('',*,*,#1382,.T.);
#1387=ORIENTED_EDGE('',*,*,#1384,.T.);
#1388=AXIS2_PLACEMENT_3D('',#236,#822,#12);
#1389=PLANE('',#1388);
#1390=EDGE_LOOP('',(#1385,#1386,#1387));
#1391=FACE_BOUND('',#1390,.T.);
#1392=ADVANCED_FACE('',(#1391),#1389,.T.);
#1393=LINE('',#250,#525);
#1394=EDGE_CURVE('',#251,#253,#1393,.T.);
#1395=ORIENTED_EDGE('',*,*,#1382,.F.);
#1396=ORIENTED_EDGE('',*,*,#1368,.F.);
#1397=ORIENTED_EDGE('',*,*,#1394,.T.);
#1398=DIRECTION('',(0.06466437806629971,0.0,0.9979070689244057));
#1399=AXIS2_PLACEMENT_3D('',#252,#822,#1398);
#1400=PLANE('',#1399);
#1401=EDGE_LOOP('',(#1395,#1396,#1397));
#1402=FACE_BOUND('',#1401,.T.);
#1403=ADVANCED_FACE('',(#1402),#1400,.T.);
#1404=LINE('',#252,#1180);
#1405=EDGE_CURVE('',#253,#255,#1404,.T.);
#1406=DIRECTION('',(0.10588789229893099,0.5739383610190407,0.8120237139488399));
#1407=VECTOR('',#1406,1000.0);
#1408=LINE('',#254,#1407);
#1409=EDGE_CURVE('',#255,#237,#1408,.T.);
#1410=ORIENTED_EDGE('',*,*,#1384,.F.);
#1411=ORIENTED_EDGE('',*,*,#1405,.T.);
#1412=ORIENTED_EDGE('',*,*,#1409,.T.);
#1413=DIRECTION('',(-0.9834035739836106,0.18143155920694035,0.0));
#1414=DIRECTION('',(0.0,0.0,-1.0));
#1415=AXIS2_PLACEMENT_3D('',#236,#1413,#1414);
#1416=PLANE('',#1415);
#1417=EDGE_LOOP('',(#1410,#1411,#1412));
#1418=FACE_BOUND('',#1417,.T.);
#1419=ADVANCED_FACE('',(#1418),#1416,.T.);
#1420=LINE('',#254,#504);
#1421=EDGE_CURVE('',#255,#239,#1420,.T.);
#1422=ORIENTED_EDGE('',*,*,#1409,.F.);
#1423=ORIENTED_EDGE('',*,*,#1421,.T.);
#1424=ORIENTED_EDGE('',*,*,#1182,.F.);
#1425=DIRECTION('',(-0.10588789229893099,-0.5739383610190407,-0.8120237139488399));
#1426=AXIS2_PLACEMENT_3D('',#236,#1413,#1425);
#1427=PLANE('',#1426);
#1428=EDGE_LOOP('',(#1422,#1423,#1424));
#1429=FACE_BOUND('',#1428,.T.);
#1430=ADVANCED_FACE('',(#1429),#1427,.T.);
#1431=LINE('',#254,#1198);
#1432=EDGE_CURVE('',#255,#257,#1431,.T.);
#1433=DIRECTION('',(0.14473495923535307,0.5651323492478014,0.8122051584475449));
#1434=VECTOR('',#1433,1000.0);
#1435=LINE('',#256,#1434);
#1436=EDGE_CURVE('',#257,#239,#1435,.T.);
#1437=ORIENTED_EDGE('',*,*,#1421,.F.);
#1438=ORIENTED_EDGE('',*,*,#1432,.T.);
#1439=ORIENTED_EDGE('',*,*,#1436,.T.);
#1440=DIRECTION('',(-0.9687342560279233,0.24810066746791706,0.0));
#1441=DIRECTION('',(0.0,0.0,-1.0));
#1442=AXIS2_PLACEMENT_3D('',#238,#1440,#1441);
#1443=PLANE('',#1442);
#1444=EDGE_LOOP('',(#1437,#1438,#1439));
#1445=FACE_BOUND('',#1444,.T.);
#1446=ADVANCED_FACE('',(#1445),#1443,.T.);
#1447=LINE('',#256,#504);
#1448=EDGE_CURVE('',#257,#241,#1447,.T.);
#1449=ORIENTED_EDGE('',*,*,#1436,.F.);
#1450=ORIENTED_EDGE('',*,*,#1448,.T.);
#1451=ORIENTED_EDGE('',*,*,#1200,.F.);
#1452=DIRECTION('',(-0.14473495923535307,-0.5651323492478014,-0.8122051584475449));
#1453=AXIS2_PLACEMENT_3D('',#238,#1440,#1452);
#1454=PLANE('',#1453);
#1455=EDGE_LOOP('',(#1449,#1450,#1451));
#1456=FACE_BOUND('',#1455,.T.);
#1457=ADVANCED_FACE('',(#1456),#1454,.T.);
#1458=DIRECTION('',(-0.33693886683117824,-0.9348520386478456,-0.11191007932482346));
#1459=VECTOR('',#1458,1000.0);
#1460=LINE('',#240,#1459);
#1461=EDGE_CURVE('',#241,#245,#1460,.T.);
#1462=ORIENTED_EDGE('',*,*,#1214,.F.);
#1463=ORIENTED_EDGE('',*,*,#1461,.T.);
#1464=ORIENTED_EDGE('',*,*,#1284,.F.);
#1465=AXIS2_PLACEMENT_3D('',#228,#854,#843);
#1466=PLANE('',#1465);
#1467=EDGE_LOOP('',(#1462,#1463,#1464));
#1468=FACE_BOUND('',#1467,.T.);
#1469=ADVANCED_FACE('',(#1468),#1466,.T.);
#1470=LINE('',#256,#865);
#1471=EDGE_CURVE('',#257,#245,#1470,.T.);
#1472=ORIENTED_EDGE('',*,*,#1461,.F.);
#1473=ORIENTED_EDGE('',*,*,#1448,.F.);
#1474=ORIENTED_EDGE('',*,*,#1471,.T.);
#1475=DIRECTION('',(0.33693886683117824,0.9348520386478456,0.11191007932482346));
#1476=AXIS2_PLACEMENT_3D('',#244,#854,#1475);
#1477=PLANE('',#1476);
#1478=EDGE_LOOP('',(#1472,#1473,#1474));
#1479=FACE_BOUND('',#1478,.T.);
#1480=ADVANCED_FACE('',(#1479),#1477,.T.);
#1481=LINE('',#258,#537);
#1482=EDGE_CURVE('',#259,#261,#1481,.T.);
#1483=DIRECTION('',(-0.9835102903932237,0.0,-0.18085217358560246));
#1484=VECTOR('',#1483,1000.0);
#1485=LINE('',#260,#1484);
#1486=EDGE_CURVE('',#261,#203,#1485,.T.);
#1487=LINE('',#202,#504);
#1488=EDGE_CURVE('',#203,#259,#1487,.T.);
#1489=ORIENTED_EDGE('',*,*,#1482,.T.);
#1490=ORIENTED_EDGE('',*,*,#1486,.T.);
#1491=ORIENTED_EDGE('',*,*,#1488,.T.);
#1492=AXIS2_PLACEMENT_3D('',#258,#822,#12);
#1493=PLANE('',#1492);
#1494=EDGE_LOOP('',(#1489,#1490,#1491));
#1495=FACE_BOUND('',#1494,.T.);
#1496=ADVANCED_FACE('',(#1495),#1493,.T.);
#1497=DIRECTION('',(0.0,0.0,-1.0));
#1498=VECTOR('',#1497,1000.0);
#1499=LINE('',#260,#1498);
#1500=EDGE_CURVE('',#261,#135,#1499,.T.);
#1501=LINE('',#134,#525);
#1502=EDGE_CURVE('',#135,#203,#1501,.T.);
#1503=ORIENTED_EDGE('',*,*,#1486,.F.);
#1504=ORIENTED_EDGE('',*,*,#1500,.T.);
#1505=ORIENTED_EDGE('',*,*,#1502,.T.);
#1506=DIRECTION('',(0.9835102903932237,0.0,0.18085217358560246));
#1507=AXIS2_PLACEMENT_3D('',#202,#822,#1506);
#1508=PLANE('',#1507);
#1509=EDGE_LOOP('',(#1503,#1504,#1505));
#1510=FACE_BOUND('',#1509,.T.);
#1511=ADVANCED_FACE('',(#1510),#1508,.T.);
#1512=DIRECTION('',(0.0,1.0,0.0));
#1513=VECTOR('',#1512,1000.0);
#1514=LINE('',#260,#1513);
#1515=EDGE_CURVE('',#261,#263,#1514,.T.);
#1516=DIRECTION('',(0.0,-0.9987523388778445,-0.0499376169438922));
#1517=VECTOR('',#1516,1000.0);
#1518=LINE('',#262,#1517);
#1519=EDGE_CURVE('',#263,#135,#1518,.T.);
#1520=ORIENTED_EDGE('',*,*,#1515,.T.);
#1521=ORIENTED_EDGE('',*,*,#1519,.T.);
#1522=ORIENTED_EDGE('',*,*,#1500,.F.);
#1523=DIRECTION('',(-1.0,0.0,-0.0));
#1524=DIRECTION('',(0.0,1.0,0.0));
#1525=AXIS2_PLACEMENT_3D('',#260,#1523,#1524);
#1526=PLANE('',#1525);
#1527=EDGE_LOOP('',(#1520,#1521,#1522));
#1528=FACE_BOUND('',#1527,.T.);
#1529=ADVANCED_FACE('',(#1528),#1526,.T.);
#1530=DIRECTION('',(0.0,0.0,-1.0));
#1531=VECTOR('',#1530,1000.0);
#1532=LINE('',#262,#1531);
#1533=EDGE_CURVE('',#263,#177,#1532,.T.);
#1534=LINE('',#176,#487);
#1535=EDGE_CURVE('',#177,#135,#1534,.T.);
#1536=ORIENTED_EDGE('',*,*,#1519,.F.);
#1537=ORIENTED_EDGE('',*,*,#1533,.T.);
#1538=ORIENTED_EDGE('',*,*,#1535,.T.);
#1539=DIRECTION('',(0.0,0.9987523388778445,0.0499376169438922));
#1540=AXIS2_PLACEMENT_3D('',#134,#524,#1539);
#1541=PLANE('',#1540);
#1542=EDGE_LOOP('',(#1536,#1537,#1538));
#1543=FACE_BOUND('',#1542,.T.);
#1544=ADVANCED_FACE('',(#1543),#1541,.T.);
#1545=LINE('',#262,#525);
#1546=EDGE_CURVE('',#263,#265,#1545,.T.);
#1547=DIRECTION('',(0.9846638958619303,0.0,-0.17446206517752122));
#1548=VECTOR('',#1547,1000.0);
#1549=LINE('',#264,#1548);
#1550=EDGE_CURVE('',#265,#177,#1549,.T.);
#1551=ORIENTED_EDGE('',*,*,#1546,.T.);
#1552=ORIENTED_EDGE('',*,*,#1550,.T.);
#1553=ORIENTED_EDGE('',*,*,#1533,.F.);
#1554=AXIS2_PLACEMENT_3D('',#262,#1010,#524);
#1555=PLANE('',#1554);
#1556=EDGE_LOOP('',(#1551,#1552,#1553));
#1557=FACE_BOUND('',#1556,.T.);
#1558=ADVANCED_FACE('',(#1557),#1555,.T.);
#1559=DIRECTION('',(0.0,0.0,-1.0));
#1560=VECTOR('',#1559,1000.0);
#1561=LINE('',#264,#1560);
#1562=EDGE_CURVE('',#265,#185,#1561,.T.);
#1563=LINE('',#184,#537);
#1564=EDGE_CURVE('',#185,#177,#1563,.T.);
#1565=ORIENTED_EDGE('',*,*,#1550,.F.);
#1566=ORIENTED_EDGE('',*,*,#1562,.T.);
#1567=ORIENTED_EDGE('',*,*,#1564,.T.);
#1568=DIRECTION('',(-0.9846638958619303,0.0,0.17446206517752122));
#1569=AXIS2_PLACEMENT_3D('',#176,#1010,#1568);
#1570=PLANE('',#1569);
#1571=EDGE_LOOP('',(#1565,#1566,#1567));
#1572=FACE_BOUND('',#1571,.T.);
#1573=ADVANCED_FACE('',(#1572),#1570,.T.);
#1574=DIRECTION('',(0.0,0.0,-1.0));
#1575=VECTOR('',#1574,1000.0);
#1576=LINE('',#266,#1575);
#1577=EDGE_CURVE('',#267,#195,#1576,.T.);
#1578=DIRECTION('',(0.07702869215929055,0.9970288765047024,0.0));
#1579=VECTOR('',#1578,1000.0);
#1580=LINE('',#194,#1579);
#1581=EDGE_CURVE('',#195,#193,#1580,.T.);
#1582=DIRECTION('',(-0.06806691559208608,-0.8810311908136522,0.468135595543917));
#1583=VECTOR('',#1582,1000.0);
#1584=LINE('',#192,#1583);
#1585=EDGE_CURVE('',#193,#267,#1584,.T.);
#1586=ORIENTED_EDGE('',*,*,#1577,.T.);
#1587=ORIENTED_EDGE('',*,*,#1581,.T.);
#1588=ORIENTED_EDGE('',*,*,#1585,.T.);
#1589=DIRECTION('',(0.9970288765047024,-0.07702869215929055,0.0));
#1590=DIRECTION('',(0.0,0.0,-1.0));
#1591=AXIS2_PLACEMENT_3D('',#266,#1589,#1590);
#1592=PLANE('',#1591);
#1593=EDGE_LOOP('',(#1586,#1587,#1588));
#1594=FACE_BOUND('',#1593,.T.);
#1595=ADVANCED_FACE('',(#1594),#1592,.T.);
#1596=LINE('',#192,#504);
#1597=EDGE_CURVE('',#193,#269,#1596,.T.);
#1598=DIRECTION('',(-0.07702869215929055,-0.9970288765047024,0.0));
#1599=VECTOR('',#1598,1000.0);
#1600=LINE('',#268,#1599);
#1601=EDGE_CURVE('',#269,#267,#1600,.T.);
#1602=ORIENTED_EDGE('',*,*,#1585,.F.);
#1603=ORIENTED_EDGE('',*,*,#1597,.T.);
#1604=ORIENTED_EDGE('',*,*,#1601,.T.);
#1605=DIRECTION('',(0.06806691559208608,0.8810311908136522,-0.468135595543917));
#1606=AXIS2_PLACEMENT_3D('',#266,#1589,#1605);
#1607=PLANE('',#1606);
#1608=EDGE_LOOP('',(#1602,#1603,#1604));
#1609=FACE_BOUND('',#1608,.T.);
#1610=ADVANCED_FACE('',(#1609),#1607,.T.);
#1611=DIRECTION('',(0.26300969355552967,0.9647931908423827,0.0));
#1612=VECTOR('',#1611,1000.0);
#1613=LINE('',#192,#1612);
#1614=EDGE_CURVE('',#193,#191,#1613,.T.);
#1615=DIRECTION('',(-0.23621807136605005,-0.8665140197951217,0.4397209072338989));
#1616=VECTOR('',#1615,1000.0);
#1617=LINE('',#190,#1616);
#1618=EDGE_CURVE('',#191,#269,#1617,.T.);
#1619=ORIENTED_EDGE('',*,*,#1597,.F.);
#1620=ORIENTED_EDGE('',*,*,#1614,.T.);
#1621=ORIENTED_EDGE('',*,*,#1618,.T.);
#1622=DIRECTION('',(0.9647931908423828,-0.2630096935555297,0.0));
#1623=DIRECTION('',(0.0,0.0,-1.0));
#1624=AXIS2_PLACEMENT_3D('',#268,#1622,#1623);
#1625=PLANE('',#1624);
#1626=EDGE_LOOP('',(#1619,#1620,#1621));
#1627=FACE_BOUND('',#1626,.T.);
#1628=ADVANCED_FACE('',(#1627),#1625,.T.);
#1629=LINE('',#190,#504);
#1630=EDGE_CURVE('',#191,#271,#1629,.T.);
#1631=DIRECTION('',(-0.26300969355552967,-0.9647931908423827,0.0));
#1632=VECTOR('',#1631,1000.0);
#1633=LINE('',#270,#1632);
#1634=EDGE_CURVE('',#271,#269,#1633,.T.);
#1635=ORIENTED_EDGE('',*,*,#1618,.F.);
#1636=ORIENTED_EDGE('',*,*,#1630,.T.);
#1637=ORIENTED_EDGE('',*,*,#1634,.T.);
#1638=DIRECTION('',(0.23621807136605005,0.8665140197951217,-0.4397209072338989));
#1639=AXIS2_PLACEMENT_3D('',#268,#1622,#1638);
#1640=PLANE('',#1639);
#1641=EDGE_LOOP('',(#1635,#1636,#1637));
#1642=FACE_BOUND('',#1641,.T.);
#1643=ADVANCED_FACE('',(#1642),#1640,.T.);
#1644=DIRECTION('',(0.4753865088788808,0.8797770553816174,0.0));
#1645=VECTOR('',#1644,1000.0);
#1646=LINE('',#190,#1645);
#1647=EDGE_CURVE('',#191,#189,#1646,.T.);
#1648=DIRECTION('',(-0.42323420865696887,-0.7832610704648018,0.45538434329348915));
#1649=VECTOR('',#1648,1000.0);
#1650=LINE('',#188,#1649);
#1651=EDGE_CURVE('',#189,#271,#1650,.T.);
#1652=ORIENTED_EDGE('',*,*,#1630,.F.);
#1653=ORIENTED_EDGE('',*,*,#1647,.T.);
#1654=ORIENTED_EDGE('',*,*,#1651,.T.);
#1655=DIRECTION('',(0.8797770553816177,-0.47538650887888084,0.0));
#1656=DIRECTION('',(0.0,0.0,-1.0));
#1657=AXIS2_PLACEMENT_3D('',#270,#1655,#1656);
#1658=PLANE('',#1657);
#1659=EDGE_LOOP('',(#1652,#1653,#1654));
#1660=FACE_BOUND('',#1659,.T.);
#1661=ADVANCED_FACE('',(#1660),#1658,.T.);
#1662=LINE('',#188,#504);
#1663=EDGE_CURVE('',#189,#273,#1662,.T.);
#1664=DIRECTION('',(-0.4753865088788808,-0.8797770553816174,0.0));
#1665=VECTOR('',#1664,1000.0);
#1666=LINE('',#272,#1665);
#1667=EDGE_CURVE('',#273,#271,#1666,.T.);
#1668=ORIENTED_EDGE('',*,*,#1651,.F.);
#1669=ORIENTED_EDGE('',*,*,#1663,.T.);
#1670=ORIENTED_EDGE('',*,*,#1667,.T.);
#1671=DIRECTION('',(0.42323420865696887,0.7832610704648018,-0.45538434329348915));
#1672=AXIS2_PLACEMENT_3D('',#270,#1655,#1671);
#1673=PLANE('',#1672);
#1674=EDGE_LOOP('',(#1668,#1669,#1670));
#1675=FACE_BOUND('',#1674,.T.);
#1676=ADVANCED_FACE('',(#1675),#1673,.T.);
#1677=DIRECTION('',(0.669754434889258,0.7425826532758294,0.0));
#1678=VECTOR('',#1677,1000.0);
#1679=LINE('',#188,#1678);
#1680=EDGE_CURVE('',#189,#187,#1679,.T.);
#1681=DIRECTION('',(-0.6053195934203109,-0.671141251698056,0.42796916955621456));
#1682=VECTOR('',#1681,1000.0);
#1683=LINE('',#186,#1682);
#1684=EDGE_CURVE('',#187,#273,#1683,.T.);
#1685=ORIENTED_EDGE('',*,*,#1663,.F.);
#1686=ORIENTED_EDGE('',*,*,#1680,.T.);
#1687=ORIENTED_EDGE('',*,*,#1684,.T.);
#1688=DIRECTION('',(0.7425826532758294,-0.669754434889258,0.0));
#1689=DIRECTION('',(0.0,0.0,-1.0));
#1690=AXIS2_PLACEMENT_3D('',#272,#1688,#1689);
#1691=PLANE('',#1690);
#1692=EDGE_LOOP('',(#1685,#1686,#1687));
#1693=FACE_BOUND('',#1692,.T.);
#1694=ADVANCED_FACE('',(#1693),#1691,.T.);
#1695=LINE('',#186,#504);
#1696=EDGE_CURVE('',#187,#275,#1695,.T.);
#1697=DIRECTION('',(-0.669754434889258,-0.7425826532758294,0.0));
#1698=VECTOR('',#1697,1000.0);
#1699=LINE('',#274,#1698);
#1700=EDGE_CURVE('',#275,#273,#1699,.T.);
#1701=ORIENTED_EDGE('',*,*,#1684,.F.);
#1702=ORIENTED_EDGE('',*,*,#1696,.T.);
#1703=ORIENTED_EDGE('',*,*,#1700,.T.);
#1704=DIRECTION('',(0.6053195934203109,0.671141251698056,-0.42796916955621456));
#1705=AXIS2_PLACEMENT_3D('',#272,#1688,#1704);
#1706=PLANE('',#1705);
#1707=EDGE_LOOP('',(#1701,#1702,#1703));
#1708=FACE_BOUND('',#1707,.T.);
#1709=ADVANCED_FACE('',(#1708),#1706,.T.);
#1710=DIRECTION('',(0.7489965624903521,0.6625738822030613,0.0));
#1711=VECTOR('',#1710,1000.0);
#1712=LINE('',#186,#1711);
#1713=EDGE_CURVE('',#187,#183,#1712,.T.);
#1714=DIRECTION('',(-0.02079198415606489,-0.01839290906113593,0.999614622887802));
#1715=VECTOR('',#1714,1000.0);
#1716=LINE('',#182,#1715);
#1717=EDGE_CURVE('',#183,#275,#1716,.T.);
#1718=ORIENTED_EDGE('',*,*,#1696,.F.);
#1719=ORIENTED_EDGE('',*,*,#1713,.T.);
#1720=ORIENTED_EDGE('',*,*,#1717,.T.);
#1721=DIRECTION('',(0.6625738822030615,-0.7489965624903521,0.0));
#1722=DIRECTION('',(0.0,0.0,-1.0));
#1723=AXIS2_PLACEMENT_3D('',#274,#1721,#1722);
#1724=PLANE('',#1723);
#1725=EDGE_LOOP('',(#1718,#1719,#1720));
#1726=FACE_BOUND('',#1725,.T.);
#1727=ADVANCED_FACE('',(#1726),#1724,.T.);
#1728=LINE('',#182,#504);
#1729=EDGE_CURVE('',#183,#277,#1728,.T.);
#1730=DIRECTION('',(-0.7489965624903521,-0.6625738822030613,0.0));
#1731=VECTOR('',#1730,1000.0);
#1732=LINE('',#276,#1731);
#1733=EDGE_CURVE('',#277,#275,#1732,.T.);
#1734=ORIENTED_EDGE('',*,*,#1717,.F.);
#1735=ORIENTED_EDGE('',*,*,#1729,.T.);
#1736=ORIENTED_EDGE('',*,*,#1733,.T.);
#1737=DIRECTION('',(0.02079198415606489,0.01839290906113593,-0.999614622887802));
#1738=AXIS2_PLACEMENT_3D('',#274,#1721,#1737);
#1739=PLANE('',#1738);
#1740=EDGE_LOOP('',(#1734,#1735,#1736));
#1741=FACE_BOUND('',#1740,.T.);
#1742=ADVANCED_FACE('',(#1741),#1739,.T.);
#1743=DIRECTION('',(0.8307092679049517,0.5567064865948834,0.0));
#1744=VECTOR('',#1743,1000.0);
#1745=LINE('',#182,#1744);
#1746=EDGE_CURVE('',#183,#181,#1745,.T.);
#1747=DIRECTION('',(-0.7761152522333624,-0.5201198685951983,0.3565395315294752));
#1748=VECTOR('',#1747,1000.0);
#1749=LINE('',#180,#1748);
#1750=EDGE_CURVE('',#181,#277,#1749,.T.);
#1751=ORIENTED_EDGE('',*,*,#1729,.F.);
#1752=ORIENTED_EDGE('',*,*,#1746,.T.);
#1753=ORIENTED_EDGE('',*,*,#1750,.T.);
#1754=DIRECTION('',(0.5567064865948834,-0.8307092679049518,0.0));
#1755=DIRECTION('',(0.0,0.0,-1.0));
#1756=AXIS2_PLACEMENT_3D('',#276,#1754,#1755);
#1757=PLANE('',#1756);
#1758=EDGE_LOOP('',(#1751,#1752,#1753));
#1759=FACE_BOUND('',#1758,.T.);
#1760=ADVANCED_FACE('',(#1759),#1757,.T.);
#1761=LINE('',#180,#504);
#1762=EDGE_CURVE('',#181,#279,#1761,.T.);
#1763=DIRECTION('',(-0.8307092679049517,-0.5567064865948834,0.0));
#1764=VECTOR('',#1763,1000.0);
#1765=LINE('',#278,#1764);
#1766=EDGE_CURVE('',#279,#277,#1765,.T.);
#1767=ORIENTED_EDGE('',*,*,#1750,.F.);
#1768=ORIENTED_EDGE('',*,*,#1762,.T.);
#1769=ORIENTED_EDGE('',*,*,#1766,.T.);
#1770=DIRECTION('',(0.7761152522333624,0.5201198685951983,-0.3565395315294752));
#1771=AXIS2_PLACEMENT_3D('',#276,#1754,#1770);
#1772=PLANE('',#1771);
#1773=EDGE_LOOP('',(#1767,#1768,#1769));
#1774=FACE_BOUND('',#1773,.T.);
#1775=ADVANCED_FACE('',(#1774),#1772,.T.);
#1776=DIRECTION('',(0.9435310090061761,0.3312842209399463,0.0));
#1777=VECTOR('',#1776,1000.0);
#1778=LINE('',#180,#1777);
#1779=EDGE_CURVE('',#181,#179,#1778,.T.);
#1780=DIRECTION('',(-0.8750720418697748,-0.3072475169231654,0.3739624110554591));
#1781=VECTOR('',#1780,1000.0);
#1782=LINE('',#178,#1781);
#1783=EDGE_CURVE('',#179,#279,#1782,.T.);
#1784=ORIENTED_EDGE('',*,*,#1762,.F.);
#1785=ORIENTED_EDGE('',*,*,#1779,.T.);
#1786=ORIENTED_EDGE('',*,*,#1783,.T.);
#1787=DIRECTION('',(0.3312842209399463,-0.9435310090061761,0.0));
#1788=DIRECTION('',(0.0,0.0,-1.0));
#1789=AXIS2_PLACEMENT_3D('',#278,#1787,#1788);
#1790=PLANE('',#1789);
#1791=EDGE_LOOP('',(#1784,#1785,#1786));
#1792=FACE_BOUND('',#1791,.T.);
#1793=ADVANCED_FACE('',(#1792),#1790,.T.);
#1794=LINE('',#178,#504);
#1795=EDGE_CURVE('',#179,#281,#1794,.T.);
#1796=DIRECTION('',(-0.9435310090061761,-0.3312842209399463,0.0));
#1797=VECTOR('',#1796,1000.0);
#1798=LINE('',#280,#1797);
#1799=EDGE_CURVE('',#281,#279,#1798,.T.);
#1800=ORIENTED_EDGE('',*,*,#1783,.F.);
#1801=ORIENTED_EDGE('',*,*,#1795,.T.);
#1802=ORIENTED_EDGE('',*,*,#1799,.T.);
#1803=DIRECTION('',(0.8750720418697748,0.3072475169231654,-0.3739624110554591));
#1804=AXIS2_PLACEMENT_3D('',#278,#1787,#1803);
#1805=PLANE('',#1804);
#1806=EDGE_LOOP('',(#1800,#1801,#1802));
#1807=FACE_BOUND('',#1806,.T.);
#1808=ADVANCED_FACE('',(#1807),#1805,.T.);
#1809=DIRECTION('',(0.9943310030594786,0.1063290005348071,0.0));
#1810=VECTOR('',#1809,1000.0);
#1811=LINE('',#178,#1810);
#1812=EDGE_CURVE('',#179,#185,#1811,.T.);
#1813=DIRECTION('',(-0.9402223258312075,-0.10054287745080384,0.3253814804233137));
#1814=VECTOR('',#1813,1000.0);
#1815=LINE('',#184,#1814);
#1816=EDGE_CURVE('',#185,#281,#1815,.T.);
#1817=ORIENTED_EDGE('',*,*,#1795,.F.);
#1818=ORIENTED_EDGE('',*,*,#1812,.T.);
#1819=ORIENTED_EDGE('',*,*,#1816,.T.);
#1820=DIRECTION('',(0.10632900053480708,-0.9943310030594787,0.0));
#1821=DIRECTION('',(0.0,0.0,-1.0));
#1822=AXIS2_PLACEMENT_3D('',#280,#1820,#1821);
#1823=PLANE('',#1822);
#1824=EDGE_LOOP('',(#1817,#1818,#1819));
#1825=FACE_BOUND('',#1824,.T.);
#1826=ADVANCED_FACE('',(#1825),#1823,.T.);
#1827=DIRECTION('',(-0.9943310030594786,-0.1063290005348071,0.0));
#1828=VECTOR('',#1827,1000.0);
#1829=LINE('',#264,#1828);
#1830=EDGE_CURVE('',#265,#281,#1829,.T.);
#1831=ORIENTED_EDGE('',*,*,#1816,.F.);
#1832=ORIENTED_EDGE('',*,*,#1562,.F.);
#1833=ORIENTED_EDGE('',*,*,#1830,.T.);
#1834=DIRECTION('',(0.9402223258312075,0.10054287745080384,-0.3253814804233137));
#1835=AXIS2_PLACEMENT_3D('',#280,#1820,#1834);
#1836=PLANE('',#1835);
#1837=EDGE_LOOP('',(#1831,#1832,#1833));
#1838=FACE_BOUND('',#1837,.T.);
#1839=ADVANCED_FACE('',(#1838),#1836,.T.);
#1840=DIRECTION('',(-0.9962127441065213,0.0869492293223733,0.0));
#1841=VECTOR('',#1840,1000.0);
#1842=LINE('',#202,#1841);
#1843=EDGE_CURVE('',#203,#175,#1842,.T.);
#1844=DIRECTION('',(0.9241477983478888,-0.08065941669756942,0.37342322545170853));
#1845=VECTOR('',#1844,1000.0);
#1846=LINE('',#174,#1845);
#1847=EDGE_CURVE('',#175,#259,#1846,.T.);
#1848=ORIENTED_EDGE('',*,*,#1488,.F.);
#1849=ORIENTED_EDGE('',*,*,#1843,.T.);
#1850=ORIENTED_EDGE('',*,*,#1847,.T.);
#1851=DIRECTION('',(0.0869492293223733,0.9962127441065213,0.0));
#1852=DIRECTION('',(0.0,0.0,-1.0));
#1853=AXIS2_PLACEMENT_3D('',#258,#1851,#1852);
#1854=PLANE('',#1853);
#1855=EDGE_LOOP('',(#1848,#1849,#1850));
#1856=FACE_BOUND('',#1855,.T.);
#1857=ADVANCED_FACE('',(#1856),#1854,.T.);
#1858=LINE('',#174,#504);
#1859=EDGE_CURVE('',#175,#283,#1858,.T.);
#1860=DIRECTION('',(0.9962127441065213,-0.0869492293223733,0.0));
#1861=VECTOR('',#1860,1000.0);
#1862=LINE('',#282,#1861);
#1863=EDGE_CURVE('',#283,#259,#1862,.T.);
#1864=ORIENTED_EDGE('',*,*,#1847,.F.);
#1865=ORIENTED_EDGE('',*,*,#1859,.T.);
#1866=ORIENTED_EDGE('',*,*,#1863,.T.);
#1867=DIRECTION('',(0.0869492293223733,0.9962127441065213,-0.0));
#1868=DIRECTION('',(-0.9241477983478888,0.08065941669756942,-0.37342322545170853));
#1869=AXIS2_PLACEMENT_3D('',#258,#1867,#1868);
#1870=PLANE('',#1869);
#1871=EDGE_LOOP('',(#1864,#1865,#1866));
#1872=FACE_BOUND('',#1871,.T.);
#1873=ADVANCED_FACE('',(#1872),#1870,.T.);
#1874=LINE('',#174,#1032);
#1875=EDGE_CURVE('',#175,#173,#1874,.T.);
#1876=DIRECTION('',(0.8848720133250957,-0.2637259584931766,0.3839923682195348));
#1877=VECTOR('',#1876,1000.0);
#1878=LINE('',#172,#1877);
#1879=EDGE_CURVE('',#173,#283,#1878,.T.);
#1880=ORIENTED_EDGE('',*,*,#1859,.F.);
#1881=ORIENTED_EDGE('',*,*,#1875,.T.);
#1882=ORIENTED_EDGE('',*,*,#1879,.T.);
#1883=DIRECTION('',(0.2856228743998876,0.958342096341148,0.0));
#1884=DIRECTION('',(0.0,0.0,-1.0));
#1885=AXIS2_PLACEMENT_3D('',#282,#1883,#1884);
#1886=PLANE('',#1885);
#1887=EDGE_LOOP('',(#1880,#1881,#1882));
#1888=FACE_BOUND('',#1887,.T.);
#1889=ADVANCED_FACE('',(#1888),#1886,.T.);
#1890=LINE('',#172,#504);
#1891=EDGE_CURVE('',#173,#285,#1890,.T.);
#1892=VECTOR('',#1053,1000.0);
#1893=LINE('',#284,#1892);
#1894=EDGE_CURVE('',#285,#283,#1893,.T.);
#1895=ORIENTED_EDGE('',*,*,#1879,.F.);
#1896=ORIENTED_EDGE('',*,*,#1891,.T.);
#1897=ORIENTED_EDGE('',*,*,#1894,.T.);
#1898=DIRECTION('',(0.2856228743998876,0.958342096341148,-0.0));
#1899=DIRECTION('',(-0.8848720133250957,0.2637259584931766,-0.3839923682195348));
#1900=AXIS2_PLACEMENT_3D('',#282,#1898,#1899);
#1901=PLANE('',#1900);
#1902=EDGE_LOOP('',(#1895,#1896,#1897));
#1903=FACE_BOUND('',#1902,.T.);
#1904=ADVANCED_FACE('',(#1903),#1901,.T.);
#1905=DIRECTION('',(-0.864612593908773,0.5024391131812324,0.0));
#1906=VECTOR('',#1905,1000.0);
#1907=LINE('',#172,#1906);
#1908=EDGE_CURVE('',#173,#171,#1907,.T.);
#1909=DIRECTION('',(0.7988561570637368,-0.4642270792053964,0.38252066513298977));
#1910=VECTOR('',#1909,1000.0);
#1911=LINE('',#170,#1910);
#1912=EDGE_CURVE('',#171,#285,#1911,.T.);
#1913=ORIENTED_EDGE('',*,*,#1891,.F.);
#1914=ORIENTED_EDGE('',*,*,#1908,.T.);
#1915=ORIENTED_EDGE('',*,*,#1912,.T.);
#1916=DIRECTION('',(0.5024391131812325,0.864612593908773,0.0));
#1917=DIRECTION('',(0.0,0.0,-1.0));
#1918=AXIS2_PLACEMENT_3D('',#284,#1916,#1917);
#1919=PLANE('',#1918);
#1920=EDGE_LOOP('',(#1913,#1914,#1915));
#1921=FACE_BOUND('',#1920,.T.);
#1922=ADVANCED_FACE('',(#1921),#1919,.T.);
#1923=LINE('',#170,#504);
#1924=EDGE_CURVE('',#171,#287,#1923,.T.);
#1925=DIRECTION('',(0.864612593908773,-0.5024391131812324,0.0));
#1926=VECTOR('',#1925,1000.0);
#1927=LINE('',#286,#1926);
#1928=EDGE_CURVE('',#287,#285,#1927,.T.);
#1929=ORIENTED_EDGE('',*,*,#1912,.F.);
#1930=ORIENTED_EDGE('',*,*,#1924,.T.);
#1931=ORIENTED_EDGE('',*,*,#1928,.T.);
#1932=DIRECTION('',(0.5024391131812325,0.864612593908773,-0.0));
#1933=DIRECTION('',(-0.7988561570637368,0.4642270792053964,-0.38252066513298977));
#1934=AXIS2_PLACEMENT_3D('',#284,#1932,#1933);
#1935=PLANE('',#1934);
#1936=EDGE_LOOP('',(#1929,#1930,#1931));
#1937=FACE_BOUND('',#1936,.T.);
#1938=ADVANCED_FACE('',(#1937),#1935,.T.);
#1939=DIRECTION('',(-0.7222968181473827,0.6915831884120427,0.0));
#1940=VECTOR('',#1939,1000.0);
#1941=LINE('',#170,#1940);
#1942=EDGE_CURVE('',#171,#151,#1941,.T.);
#1943=DIRECTION('',(0.6614296275987094,-0.6333042030258084,0.4017917796128714));
#1944=VECTOR('',#1943,1000.0);
#1945=LINE('',#150,#1944);
#1946=EDGE_CURVE('',#151,#287,#1945,.T.);
#1947=ORIENTED_EDGE('',*,*,#1924,.F.);
#1948=ORIENTED_EDGE('',*,*,#1942,.T.);
#1949=ORIENTED_EDGE('',*,*,#1946,.T.);
#1950=DIRECTION('',(0.6915831884120427,0.7222968181473827,0.0));
#1951=DIRECTION('',(0.0,0.0,-1.0));
#1952=AXIS2_PLACEMENT_3D('',#286,#1950,#1951);
#1953=PLANE('',#1952);
#1954=EDGE_LOOP('',(#1947,#1948,#1949));
#1955=FACE_BOUND('',#1954,.T.);
#1956=ADVANCED_FACE('',(#1955),#1953,.T.);
#1957=LINE('',#150,#504);
#1958=EDGE_CURVE('',#151,#289,#1957,.T.);
#1959=DIRECTION('',(0.7222968181473827,-0.6915831884120427,0.0));
#1960=VECTOR('',#1959,1000.0);
#1961=LINE('',#288,#1960);
#1962=EDGE_CURVE('',#289,#287,#1961,.T.);
#1963=ORIENTED_EDGE('',*,*,#1946,.F.);
#1964=ORIENTED_EDGE('',*,*,#1958,.T.);
#1965=ORIENTED_EDGE('',*,*,#1962,.T.);
#1966=DIRECTION('',(0.6915831884120427,0.7222968181473827,-0.0));
#1967=DIRECTION('',(-0.6614296275987094,0.6333042030258084,-0.4017917796128714));
#1968=AXIS2_PLACEMENT_3D('',#286,#1966,#1967);
#1969=PLANE('',#1968);
#1970=EDGE_LOOP('',(#1963,#1964,#1965));
#1971=FACE_BOUND('',#1970,.T.);
#1972=ADVANCED_FACE('',(#1971),#1969,.T.);
#1973=DIRECTION('',(-0.5396678251431032,0.8418780425366331,0.0));
#1974=VECTOR('',#1973,1000.0);
#1975=LINE('',#150,#1974);
#1976=EDGE_CURVE('',#151,#149,#1975,.T.);
#1977=DIRECTION('',(0.48830199443823136,-0.7617477049616282,0.4257952515157228));
#1978=VECTOR('',#1977,1000.0);
#1979=LINE('',#148,#1978);
#1980=EDGE_CURVE('',#149,#289,#1979,.T.);
#1981=ORIENTED_EDGE('',*,*,#1958,.F.);
#1982=ORIENTED_EDGE('',*,*,#1976,.T.);
#1983=ORIENTED_EDGE('',*,*,#1980,.T.);
#1984=DIRECTION('',(0.8418780425366331,0.5396678251431032,0.0));
#1985=DIRECTION('',(0.0,0.0,-1.0));
#1986=AXIS2_PLACEMENT_3D('',#288,#1984,#1985);
#1987=PLANE('',#1986);
#1988=EDGE_LOOP('',(#1981,#1982,#1983));
#1989=FACE_BOUND('',#1988,.T.);
#1990=ADVANCED_FACE('',(#1989),#1987,.T.);
#1991=LINE('',#148,#504);
#1992=EDGE_CURVE('',#149,#291,#1991,.T.);
#1993=DIRECTION('',(0.5396678251431032,-0.8418780425366331,0.0));
#1994=VECTOR('',#1993,1000.0);
#1995=LINE('',#290,#1994);
#1996=EDGE_CURVE('',#291,#289,#1995,.T.);
#1997=ORIENTED_EDGE('',*,*,#1980,.F.);
#1998=ORIENTED_EDGE('',*,*,#1992,.T.);
#1999=ORIENTED_EDGE('',*,*,#1996,.T.);
#2000=DIRECTION('',(0.8418780425366331,0.5396678251431032,-0.0));
#2001=DIRECTION('',(-0.48830199443823136,0.7617477049616282,-0.4257952515157228));
#2002=AXIS2_PLACEMENT_3D('',#288,#2000,#2001);
#2003=PLANE('',#2002);
#2004=EDGE_LOOP('',(#1997,#1998,#1999));
#2005=FACE_BOUND('',#2004,.T.);
#2006=ADVANCED_FACE('',(#2005),#2003,.T.);
#2007=DIRECTION('',(-0.324511456951722,0.9458817655008849,0.0));
#2008=VECTOR('',#2007,1000.0);
#2009=LINE('',#148,#2008);
#2010=EDGE_CURVE('',#149,#197,#2009,.T.);
#2011=DIRECTION('',(0.29572500907628835,-0.8619754023952974,0.41175857571190255));
#2012=VECTOR('',#2011,1000.0);
#2013=LINE('',#196,#2012);
#2014=EDGE_CURVE('',#197,#291,#2013,.T.);
#2015=ORIENTED_EDGE('',*,*,#1992,.F.);
#2016=ORIENTED_EDGE('',*,*,#2010,.T.);
#2017=ORIENTED_EDGE('',*,*,#2014,.T.);
#2018=DIRECTION('',(0.9458817655008848,0.324511456951722,0.0));
#2019=DIRECTION('',(0.0,0.0,-1.0));
#2020=AXIS2_PLACEMENT_3D('',#290,#2018,#2019);
#2021=PLANE('',#2020);
#2022=EDGE_LOOP('',(#2015,#2016,#2017));
#2023=FACE_BOUND('',#2022,.T.);
#2024=ADVANCED_FACE('',(#2023),#2021,.T.);
#2025=LINE('',#196,#504);
#2026=EDGE_CURVE('',#197,#293,#2025,.T.);
#2027=DIRECTION('',(0.324511456951722,-0.9458817655008849,0.0));
#2028=VECTOR('',#2027,1000.0);
#2029=LINE('',#292,#2028);
#2030=EDGE_CURVE('',#293,#291,#2029,.T.);
#2031=ORIENTED_EDGE('',*,*,#2014,.F.);
#2032=ORIENTED_EDGE('',*,*,#2026,.T.);
#2033=ORIENTED_EDGE('',*,*,#2030,.T.);
#2034=DIRECTION('',(0.9458817655008848,0.324511456951722,-0.0));
#2035=DIRECTION('',(-0.29572500907628835,0.8619754023952974,-0.41175857571190255));
#2036=AXIS2_PLACEMENT_3D('',#290,#2034,#2035);
#2037=PLANE('',#2036);
#2038=EDGE_LOOP('',(#2031,#2032,#2033));
#2039=FACE_BOUND('',#2038,.T.);
#2040=ADVANCED_FACE('',(#2039),#2037,.T.);
#2041=DIRECTION('',(-0.10427082377112439,0.994548940630923,0.0));
#2042=VECTOR('',#2041,1000.0);
#2043=LINE('',#196,#2042);
#2044=EDGE_CURVE('',#197,#195,#2043,.T.);
#2045=DIRECTION('',(0.09774065073288657,-0.9322632844672035,0.34832733689553247));
#2046=VECTOR('',#2045,1000.0);
#2047=LINE('',#194,#2046);
#2048=EDGE_CURVE('',#195,#293,#2047,.T.);
#2049=ORIENTED_EDGE('',*,*,#2026,.F.);
#2050=ORIENTED_EDGE('',*,*,#2044,.T.);
#2051=ORIENTED_EDGE('',*,*,#2048,.T.);
#2052=DIRECTION('',(0.9945489406309229,0.10427082377112437,0.0));
#2053=DIRECTION('',(0.0,0.0,-1.0));
#2054=AXIS2_PLACEMENT_3D('',#292,#2052,#2053);
#2055=PLANE('',#2054);
#2056=EDGE_LOOP('',(#2049,#2050,#2051));
#2057=FACE_BOUND('',#2056,.T.);
#2058=ADVANCED_FACE('',(#2057),#2055,.T.);
#2059=DIRECTION('',(0.10427082377112439,-0.994548940630923,0.0));
#2060=VECTOR('',#2059,1000.0);
#2061=LINE('',#266,#2060);
#2062=EDGE_CURVE('',#267,#293,#2061,.T.);
#2063=ORIENTED_EDGE('',*,*,#2048,.F.);
#2064=ORIENTED_EDGE('',*,*,#1577,.F.);
#2065=ORIENTED_EDGE('',*,*,#2062,.T.);
#2066=DIRECTION('',(0.9945489406309229,0.10427082377112437,-0.0));
#2067=DIRECTION('',(-0.09774065073288657,0.9322632844672035,-0.34832733689553247));
#2068=AXIS2_PLACEMENT_3D('',#292,#2066,#2067);
#2069=PLANE('',#2068);
#2070=EDGE_LOOP('',(#2063,#2064,#2065));
#2071=FACE_BOUND('',#2070,.T.);
#2072=ADVANCED_FACE('',(#2071),#2069,.T.);
#2073=DIRECTION('',(0.9459397337602508,-0.32434244263368606,0.0));
#2074=VECTOR('',#2073,1000.0);
#2075=LINE('',#272,#2074);
#2076=EDGE_CURVE('',#273,#295,#2075,.T.);
#2077=DIRECTION('',(-0.9656795297710813,-0.2597364929714413,0.0));
#2078=VECTOR('',#2077,1000.0);
#2079=LINE('',#294,#2078);
#2080=EDGE_CURVE('',#295,#271,#2079,.T.);
#2081=ORIENTED_EDGE('',*,*,#1667,.F.);
#2082=ORIENTED_EDGE('',*,*,#2076,.T.);
#2083=ORIENTED_EDGE('',*,*,#2080,.T.);
#2084=DIRECTION('',(0.0,0.0,-1.0));
#2085=AXIS2_PLACEMENT_3D('',#270,#2084,#1644);
#2086=PLANE('',#2085);
#2087=EDGE_LOOP('',(#2081,#2082,#2083));
#2088=FACE_BOUND('',#2087,.T.);
#2089=ADVANCED_FACE('',(#2088),#2086,.T.);
#2090=DIRECTION('',(0.3818261681214021,-0.9242341572013699,0.0));
#2091=VECTOR('',#2090,1000.0);
#2092=LINE('',#274,#2091);
#2093=EDGE_CURVE('',#275,#295,#2092,.T.);
#2094=ORIENTED_EDGE('',*,*,#2076,.F.);
#2095=ORIENTED_EDGE('',*,*,#1700,.F.);
#2096=ORIENTED_EDGE('',*,*,#2093,.T.);
#2097=DIRECTION('',(0.0,0.0,-1.0));
#2098=DIRECTION('',(-0.9459397337602508,0.32434244263368606,0.0));
#2099=AXIS2_PLACEMENT_3D('',#294,#2097,#2098);
#2100=PLANE('',#2099);
#2101=EDGE_LOOP('',(#2094,#2095,#2096));
#2102=FACE_BOUND('',#2101,.T.);
#2103=ADVANCED_FACE('',(#2102),#2100,.T.);
#2104=DIRECTION('',(0.8214550612457273,-0.5702732523569544,0.0));
#2105=VECTOR('',#2104,1000.0);
#2106=LINE('',#274,#2105);
#2107=EDGE_CURVE('',#275,#297,#2106,.T.);
#2108=DIRECTION('',(-0.6855451891921637,-0.728030077383813,0.0));
#2109=VECTOR('',#2108,1000.0);
#2110=LINE('',#296,#2109);
#2111=EDGE_CURVE('',#297,#295,#2110,.T.);
#2112=ORIENTED_EDGE('',*,*,#2093,.F.);
#2113=ORIENTED_EDGE('',*,*,#2107,.T.);
#2114=ORIENTED_EDGE('',*,*,#2111,.T.);
#2115=DIRECTION('',(0.0,0.0,-1.0));
#2116=DIRECTION('',(-0.3818261681214021,0.9242341572013699,0.0));
#2117=AXIS2_PLACEMENT_3D('',#294,#2115,#2116);
#2118=PLANE('',#2117);
#2119=EDGE_LOOP('',(#2112,#2113,#2114));
#2120=FACE_BOUND('',#2119,.T.);
#2121=ADVANCED_FACE('',(#2120),#2118,.T.);
#2122=DIRECTION('',(0.8149359136583811,-0.5795510819848234,0.0));
#2123=VECTOR('',#2122,1000.0);
#2124=LINE('',#276,#2123);
#2125=EDGE_CURVE('',#277,#297,#2124,.T.);
#2126=ORIENTED_EDGE('',*,*,#2107,.F.);
#2127=ORIENTED_EDGE('',*,*,#1733,.F.);
#2128=ORIENTED_EDGE('',*,*,#2125,.T.);
#2129=DIRECTION('',(0.0,0.0,-1.0));
#2130=DIRECTION('',(-0.8214550612457273,0.5702732523569544,0.0));
#2131=AXIS2_PLACEMENT_3D('',#296,#2129,#2130);
#2132=PLANE('',#2131);
#2133=EDGE_LOOP('',(#2126,#2127,#2128));
#2134=FACE_BOUND('',#2133,.T.);
#2135=ADVANCED_FACE('',(#2134),#2132,.T.);
#2136=DIRECTION('',(0.9919054268864179,-0.1269788333277356,0.0));
#2137=VECTOR('',#2136,1000.0);
#2138=LINE('',#276,#2137);
#2139=EDGE_CURVE('',#277,#299,#2138,.T.);
#2140=DIRECTION('',(-0.8399956978457094,-0.5425930589315527,0.0));
#2141=VECTOR('',#2140,1000.0);
#2142=LINE('',#298,#2141);
#2143=EDGE_CURVE('',#299,#297,#2142,.T.);
#2144=ORIENTED_EDGE('',*,*,#2125,.F.);
#2145=ORIENTED_EDGE('',*,*,#2139,.T.);
#2146=ORIENTED_EDGE('',*,*,#2143,.T.);
#2147=DIRECTION('',(0.0,0.0,-1.0));
#2148=DIRECTION('',(-0.8149359136583811,0.5795510819848234,0.0));
#2149=AXIS2_PLACEMENT_3D('',#296,#2147,#2148);
#2150=PLANE('',#2149);
#2151=EDGE_LOOP('',(#2144,#2145,#2146));
#2152=FACE_BOUND('',#2151,.T.);
#2153=ADVANCED_FACE('',(#2152),#2150,.T.);
#2154=DIRECTION('',(0.5423976117741445,-0.8401219142134695,0.0));
#2155=VECTOR('',#2154,1000.0);
#2156=LINE('',#278,#2155);
#2157=EDGE_CURVE('',#279,#299,#2156,.T.);
#2158=ORIENTED_EDGE('',*,*,#2139,.F.);
#2159=ORIENTED_EDGE('',*,*,#1766,.F.);
#2160=ORIENTED_EDGE('',*,*,#2157,.T.);
#2161=DIRECTION('',(0.0,0.0,-1.0));
#2162=DIRECTION('',(-0.9919054268864179,0.1269788333277356,0.0));
#2163=AXIS2_PLACEMENT_3D('',#298,#2161,#2162);
#2164=PLANE('',#2163);
#2165=EDGE_LOOP('',(#2158,#2159,#2160));
#2166=FACE_BOUND('',#2165,.T.);
#2167=ADVANCED_FACE('',(#2166),#2164,.T.);
#2168=DIRECTION('',(0.9091796251171755,-0.4164041417562897,0.0));
#2169=VECTOR('',#2168,1000.0);
#2170=LINE('',#278,#2169);
#2171=EDGE_CURVE('',#279,#301,#2170,.T.);
#2172=DIRECTION('',(-0.94386726885103,-0.3303249593834796,0.0));
#2173=VECTOR('',#2172,1000.0);
#2174=LINE('',#300,#2173);
#2175=EDGE_CURVE('',#301,#299,#2174,.T.);
#2176=ORIENTED_EDGE('',*,*,#2157,.F.);
#2177=ORIENTED_EDGE('',*,*,#2171,.T.);
#2178=ORIENTED_EDGE('',*,*,#2175,.T.);
#2179=DIRECTION('',(0.0,0.0,-1.0));
#2180=DIRECTION('',(-0.5423976117741445,0.8401219142134695,0.0));
#2181=AXIS2_PLACEMENT_3D('',#298,#2179,#2180);
#2182=PLANE('',#2181);
#2183=EDGE_LOOP('',(#2176,#2177,#2178));
#2184=FACE_BOUND('',#2183,.T.);
#2185=ADVANCED_FACE('',(#2184),#2182,.T.);
#2186=DIRECTION('',(0.24225797389373846,-0.9702118707194324,0.0));
#2187=VECTOR('',#2186,1000.0);
#2188=LINE('',#280,#2187);
#2189=EDGE_CURVE('',#281,#301,#2188,.T.);
#2190=ORIENTED_EDGE('',*,*,#2171,.F.);
#2191=ORIENTED_EDGE('',*,*,#1799,.F.);
#2192=ORIENTED_EDGE('',*,*,#2189,.T.);
#2193=DIRECTION('',(0.0,0.0,-1.0));
#2194=DIRECTION('',(-0.9091796251171755,0.4164041417562897,0.0));
#2195=AXIS2_PLACEMENT_3D('',#300,#2193,#2194);
#2196=PLANE('',#2195);
#2197=EDGE_LOOP('',(#2190,#2191,#2192));
#2198=FACE_BOUND('',#2197,.T.);
#2199=ADVANCED_FACE('',(#2198),#2196,.T.);
#2200=DIRECTION('',(0.8383709794848213,-0.5451000832486282,0.0));
#2201=VECTOR('',#2200,1000.0);
#2202=LINE('',#280,#2201);
#2203=EDGE_CURVE('',#281,#303,#2202,.T.);
#2204=LINE('',#302,#1828);
#2205=EDGE_CURVE('',#303,#301,#2204,.T.);
#2206=ORIENTED_EDGE('',*,*,#2189,.F.);
#2207=ORIENTED_EDGE('',*,*,#2203,.T.);
#2208=ORIENTED_EDGE('',*,*,#2205,.T.);
#2209=DIRECTION('',(0.0,0.0,-1.0));
#2210=DIRECTION('',(-0.24225797389373846,0.9702118707194324,0.0));
#2211=AXIS2_PLACEMENT_3D('',#300,#2209,#2210);
#2212=PLANE('',#2211);
#2213=EDGE_LOOP('',(#2206,#2207,#2208));
#2214=FACE_BOUND('',#2213,.T.);
#2215=ADVANCED_FACE('',(#2214),#2212,.T.);
#2216=DIRECTION('',(0.0051930786629863866,-0.9999865158760891,0.0));
#2217=VECTOR('',#2216,1000.0);
#2218=LINE('',#264,#2217);
#2219=EDGE_CURVE('',#265,#303,#2218,.T.);
#2220=ORIENTED_EDGE('',*,*,#2203,.F.);
#2221=ORIENTED_EDGE('',*,*,#1830,.F.);
#2222=ORIENTED_EDGE('',*,*,#2219,.T.);
#2223=DIRECTION('',(0.0,0.0,-1.0));
#2224=DIRECTION('',(-0.8383709794848213,0.5451000832486282,0.0));
#2225=AXIS2_PLACEMENT_3D('',#302,#2223,#2224);
#2226=PLANE('',#2225);
#2227=EDGE_LOOP('',(#2220,#2221,#2222));
#2228=FACE_BOUND('',#2227,.T.);
#2229=ADVANCED_FACE('',(#2228),#2226,.T.);
#2230=DIRECTION('',(0.8033149045746294,-0.5955545013584012,0.0));
#2231=VECTOR('',#2230,1000.0);
#2232=LINE('',#264,#2231);
#2233=EDGE_CURVE('',#265,#305,#2232,.T.);
#2234=LINE('',#304,#525);
#2235=EDGE_CURVE('',#305,#303,#2234,.T.);
#2236=ORIENTED_EDGE('',*,*,#2219,.F.);
#2237=ORIENTED_EDGE('',*,*,#2233,.T.);
#2238=ORIENTED_EDGE('',*,*,#2235,.T.);
#2239=DIRECTION('',(0.0,0.0,-1.0));
#2240=DIRECTION('',(-0.0051930786629863866,0.9999865158760891,0.0));
#2241=AXIS2_PLACEMENT_3D('',#302,#2239,#2240);
#2242=PLANE('',#2241);
#2243=EDGE_LOOP('',(#2236,#2237,#2238));
#2244=FACE_BOUND('',#2243,.T.);
#2245=ADVANCED_FACE('',(#2244),#2242,.T.);
#2246=DIRECTION('',(-0.7739547287063386,-0.6332409319627861,0.0));
#2247=VECTOR('',#2246,1000.0);
#2248=LINE('',#262,#2247);
#2249=EDGE_CURVE('',#263,#305,#2248,.T.);
#2250=ORIENTED_EDGE('',*,*,#2233,.F.);
#2251=ORIENTED_EDGE('',*,*,#1546,.F.);
#2252=ORIENTED_EDGE('',*,*,#2249,.T.);
#2253=DIRECTION('',(0.0,0.0,-1.0));
#2254=DIRECTION('',(-0.8033149045746294,0.5955545013584012,0.0));
#2255=AXIS2_PLACEMENT_3D('',#304,#2253,#2254);
#2256=PLANE('',#2255);
#2257=EDGE_LOOP('',(#2250,#2251,#2252));
#2258=FACE_BOUND('',#2257,.T.);
#2259=ADVANCED_FACE('',(#2258),#2256,.T.);
#2260=DIRECTION('',(-0.14900577708510504,-0.9888363253821453,0.0));
#2261=VECTOR('',#2260,1000.0);
#2262=LINE('',#262,#2261);
#2263=EDGE_CURVE('',#263,#307,#2262,.T.);
#2264=DIRECTION('',(0.0,1.0,0.0));
#2265=VECTOR('',#2264,1000.0);
#2266=LINE('',#306,#2265);
#2267=EDGE_CURVE('',#307,#305,#2266,.T.);
#2268=ORIENTED_EDGE('',*,*,#2249,.F.);
#2269=ORIENTED_EDGE('',*,*,#2263,.T.);
#2270=ORIENTED_EDGE('',*,*,#2267,.T.);
#2271=DIRECTION('',(0.0,-0.0,-1.0));
#2272=DIRECTION('',(0.7739547287063386,0.6332409319627861,0.0));
#2273=AXIS2_PLACEMENT_3D('',#304,#2271,#2272);
#2274=PLANE('',#2273);
#2275=EDGE_LOOP('',(#2268,#2269,#2270));
#2276=FACE_BOUND('',#2275,.T.);
#2277=ADVANCED_FACE('',(#2276),#2274,.T.);
#2278=DIRECTION('',(-0.7739830044107826,0.6332063714803087,0.0));
#2279=VECTOR('',#2278,1000.0);
#2280=LINE('',#260,#2279);
#2281=EDGE_CURVE('',#261,#307,#2280,.T.);
#2282=ORIENTED_EDGE('',*,*,#2263,.F.);
#2283=ORIENTED_EDGE('',*,*,#1515,.F.);
#2284=ORIENTED_EDGE('',*,*,#2281,.T.);
#2285=DIRECTION('',(0.0,0.0,-1.0));
#2286=DIRECTION('',(0.14900577708510504,0.9888363253821453,0.0));
#2287=AXIS2_PLACEMENT_3D('',#306,#2285,#2286);
#2288=PLANE('',#2287);
#2289=EDGE_LOOP('',(#2282,#2283,#2284));
#2290=FACE_BOUND('',#2289,.T.);
#2291=ADVANCED_FACE('',(#2290),#2288,.T.);
#2292=DIRECTION('',(-0.9292799339609232,0.3693762368339116,0.0));
#2293=VECTOR('',#2292,1000.0);
#2294=LINE('',#260,#2293);
#2295=EDGE_CURVE('',#261,#309,#2294,.T.);
#2296=LINE('',#308,#537);
#2297=EDGE_CURVE('',#309,#307,#2296,.T.);
#2298=ORIENTED_EDGE('',*,*,#2281,.F.);
#2299=ORIENTED_EDGE('',*,*,#2295,.T.);
#2300=ORIENTED_EDGE('',*,*,#2297,.T.);
#2301=DIRECTION('',(0.7739830044107826,-0.6332063714803087,0.0));
#2302=AXIS2_PLACEMENT_3D('',#306,#1040,#2301);
#2303=PLANE('',#2302);
#2304=EDGE_LOOP('',(#2298,#2299,#2300));
#2305=FACE_BOUND('',#2304,.T.);
#2306=ADVANCED_FACE('',(#2305),#2303,.T.);
#2307=DIRECTION('',(-0.03824080111928685,0.9992685530575628,0.0));
#2308=VECTOR('',#2307,1000.0);
#2309=LINE('',#258,#2308);
#2310=EDGE_CURVE('',#259,#309,#2309,.T.);
#2311=ORIENTED_EDGE('',*,*,#2295,.F.);
#2312=ORIENTED_EDGE('',*,*,#1482,.F.);
#2313=ORIENTED_EDGE('',*,*,#2310,.T.);
#2314=DIRECTION('',(0.9292799339609232,-0.3693762368339116,0.0));
#2315=AXIS2_PLACEMENT_3D('',#308,#1040,#2314);
#2316=PLANE('',#2315);
#2317=EDGE_LOOP('',(#2311,#2312,#2313));
#2318=FACE_BOUND('',#2317,.T.);
#2319=ADVANCED_FACE('',(#2318),#2316,.T.);
#2320=DIRECTION('',(-0.6760399070223865,0.7368650107809185,0.0));
#2321=VECTOR('',#2320,1000.0);
#2322=LINE('',#258,#2321);
#2323=EDGE_CURVE('',#259,#311,#2322,.T.);
#2324=DIRECTION('',(0.9956959514402992,-0.09267994543264238,0.0));
#2325=VECTOR('',#2324,1000.0);
#2326=LINE('',#310,#2325);
#2327=EDGE_CURVE('',#311,#309,#2326,.T.);
#2328=ORIENTED_EDGE('',*,*,#2310,.F.);
#2329=ORIENTED_EDGE('',*,*,#2323,.T.);
#2330=ORIENTED_EDGE('',*,*,#2327,.T.);
#2331=DIRECTION('',(0.03824080111928685,-0.9992685530575628,0.0));
#2332=AXIS2_PLACEMENT_3D('',#308,#1040,#2331);
#2333=PLANE('',#2332);
#2334=EDGE_LOOP('',(#2328,#2329,#2330));
#2335=FACE_BOUND('',#2334,.T.);
#2336=ADVANCED_FACE('',(#2335),#2333,.T.);
#2337=DIRECTION('',(0.12801762776787187,0.9917718926147718,0.0));
#2338=VECTOR('',#2337,1000.0);
#2339=LINE('',#282,#2338);
#2340=EDGE_CURVE('',#283,#311,#2339,.T.);
#2341=ORIENTED_EDGE('',*,*,#2323,.F.);
#2342=ORIENTED_EDGE('',*,*,#1863,.F.);
#2343=ORIENTED_EDGE('',*,*,#2340,.T.);
#2344=DIRECTION('',(0.6760399070223865,-0.7368650107809185,0.0));
#2345=AXIS2_PLACEMENT_3D('',#310,#1040,#2344);
#2346=PLANE('',#2345);
#2347=EDGE_LOOP('',(#2341,#2342,#2343));
#2348=FACE_BOUND('',#2347,.T.);
#2349=ADVANCED_FACE('',(#2348),#2346,.T.);
#2350=DIRECTION('',(-0.4607794321563172,0.8875146843301815,0.0));
#2351=VECTOR('',#2350,1000.0);
#2352=LINE('',#282,#2351);
#2353=EDGE_CURVE('',#283,#313,#2352,.T.);
#2354=DIRECTION('',(0.9545667305493855,-0.2979972431554642,0.0));
#2355=VECTOR('',#2354,1000.0);
#2356=LINE('',#312,#2355);
#2357=EDGE_CURVE('',#313,#311,#2356,.T.);
#2358=ORIENTED_EDGE('',*,*,#2340,.F.);
#2359=ORIENTED_EDGE('',*,*,#2353,.T.);
#2360=ORIENTED_EDGE('',*,*,#2357,.T.);
#2361=DIRECTION('',(-0.12801762776787187,-0.9917718926147718,0.0));
#2362=AXIS2_PLACEMENT_3D('',#310,#1144,#2361);
#2363=PLANE('',#2362);
#2364=EDGE_LOOP('',(#2358,#2359,#2360));
#2365=FACE_BOUND('',#2364,.T.);
#2366=ADVANCED_FACE('',(#2365),#2363,.T.);
#2367=DIRECTION('',(0.408819093230427,0.9126154442098005,0.0));
#2368=VECTOR('',#2367,1000.0);
#2369=LINE('',#284,#2368);
#2370=EDGE_CURVE('',#285,#313,#2369,.T.);
#2371=ORIENTED_EDGE('',*,*,#2353,.F.);
#2372=ORIENTED_EDGE('',*,*,#1894,.F.);
#2373=ORIENTED_EDGE('',*,*,#2370,.T.);
#2374=DIRECTION('',(0.4607794321563172,-0.8875146843301815,0.0));
#2375=AXIS2_PLACEMENT_3D('',#312,#1040,#2374);
#2376=PLANE('',#2375);
#2377=EDGE_LOOP('',(#2371,#2372,#2373));
#2378=FACE_BOUND('',#2377,.T.);
#2379=ADVANCED_FACE('',(#2378),#2376,.T.);
#2380=DIRECTION('',(-0.16138336737126271,0.9868917918069398,0.0));
#2381=VECTOR('',#2380,1000.0);
#2382=LINE('',#284,#2381);
#2383=EDGE_CURVE('',#285,#315,#2382,.T.);
#2384=DIRECTION('',(0.8598201513489939,-0.5105970106984502,0.0));
#2385=VECTOR('',#2384,1000.0);
#2386=LINE('',#314,#2385);
#2387=EDGE_CURVE('',#315,#313,#2386,.T.);
#2388=ORIENTED_EDGE('',*,*,#2370,.F.);
#2389=ORIENTED_EDGE('',*,*,#2383,.T.);
#2390=ORIENTED_EDGE('',*,*,#2387,.T.);
#2391=DIRECTION('',(-0.408819093230427,-0.9126154442098005,0.0));
#2392=AXIS2_PLACEMENT_3D('',#312,#1144,#2391);
#2393=PLANE('',#2392);
#2394=EDGE_LOOP('',(#2388,#2389,#2390));
#2395=FACE_BOUND('',#2394,.T.);
#2396=ADVANCED_FACE('',(#2395),#2393,.T.);
#2397=DIRECTION('',(0.7106366923932157,0.7035591598610811,0.0));
#2398=VECTOR('',#2397,1000.0);
#2399=LINE('',#286,#2398);
#2400=EDGE_CURVE('',#287,#315,#2399,.T.);
#2401=ORIENTED_EDGE('',*,*,#2383,.F.);
#2402=ORIENTED_EDGE('',*,*,#1928,.F.);
#2403=ORIENTED_EDGE('',*,*,#2400,.T.);
#2404=DIRECTION('',(0.16138336737126271,-0.9868917918069398,0.0));
#2405=AXIS2_PLACEMENT_3D('',#314,#1040,#2404);
#2406=PLANE('',#2405);
#2407=EDGE_LOOP('',(#2401,#2402,#2403));
#2408=FACE_BOUND('',#2407,.T.);
#2409=ADVANCED_FACE('',(#2408),#2406,.T.);
#2410=DIRECTION('',(0.1826461345205337,0.9831787169913245,0.0));
#2411=VECTOR('',#2410,1000.0);
#2412=LINE('',#286,#2411);
#2413=EDGE_CURVE('',#287,#317,#2412,.T.);
#2414=DIRECTION('',(0.7114067204415152,-0.7027805333890856,0.0));
#2415=VECTOR('',#2414,1000.0);
#2416=LINE('',#316,#2415);
#2417=EDGE_CURVE('',#317,#315,#2416,.T.);
#2418=ORIENTED_EDGE('',*,*,#2400,.F.);
#2419=ORIENTED_EDGE('',*,*,#2413,.T.);
#2420=ORIENTED_EDGE('',*,*,#2417,.T.);
#2421=DIRECTION('',(-0.7106366923932157,-0.7035591598610811,0.0));
#2422=AXIS2_PLACEMENT_3D('',#314,#1144,#2421);
#2423=PLANE('',#2422);
#2424=EDGE_LOOP('',(#2418,#2419,#2420));
#2425=FACE_BOUND('',#2424,.T.);
#2426=ADVANCED_FACE('',(#2425),#2423,.T.);
#2427=DIRECTION('',(0.8832220139220749,0.4689550875333736,0.0));
#2428=VECTOR('',#2427,1000.0);
#2429=LINE('',#288,#2428);
#2430=EDGE_CURVE('',#289,#317,#2429,.T.);
#2431=ORIENTED_EDGE('',*,*,#2413,.F.);
#2432=ORIENTED_EDGE('',*,*,#1962,.F.);
#2433=ORIENTED_EDGE('',*,*,#2430,.T.);
#2434=DIRECTION('',(-0.1826461345205337,-0.9831787169913245,0.0));
#2435=AXIS2_PLACEMENT_3D('',#316,#1144,#2434);
#2436=PLANE('',#2435);
#2437=EDGE_LOOP('',(#2431,#2432,#2433));
#2438=FACE_BOUND('',#2437,.T.);
#2439=ADVANCED_FACE('',(#2438),#2436,.T.);
#2440=DIRECTION('',(0.4604322753156309,0.8876948348659415,0.0));
#2441=VECTOR('',#2440,1000.0);
#2442=LINE('',#288,#2441);
#2443=EDGE_CURVE('',#289,#319,#2442,.T.);
#2444=DIRECTION('',(0.5219003758523287,-0.8530064464499656,0.0));
#2445=VECTOR('',#2444,1000.0);
#2446=LINE('',#318,#2445);
#2447=EDGE_CURVE('',#319,#317,#2446,.T.);
#2448=ORIENTED_EDGE('',*,*,#2430,.F.);
#2449=ORIENTED_EDGE('',*,*,#2443,.T.);
#2450=ORIENTED_EDGE('',*,*,#2447,.T.);
#2451=DIRECTION('',(-0.8832220139220749,-0.4689550875333736,0.0));
#2452=AXIS2_PLACEMENT_3D('',#316,#1144,#2451);
#2453=PLANE('',#2452);
#2454=EDGE_LOOP('',(#2448,#2449,#2450));
#2455=FACE_BOUND('',#2454,.T.);
#2456=ADVANCED_FACE('',(#2455),#2453,.T.);
#2457=DIRECTION('',(0.9582892615929469,0.28580008942553653,0.0));
#2458=VECTOR('',#2457,1000.0);
#2459=LINE('',#290,#2458);
#2460=EDGE_CURVE('',#291,#319,#2459,.T.);
#2461=ORIENTED_EDGE('',*,*,#2443,.F.);
#2462=ORIENTED_EDGE('',*,*,#1996,.F.);
#2463=ORIENTED_EDGE('',*,*,#2460,.T.);
#2464=DIRECTION('',(-0.4604322753156309,-0.8876948348659415,0.0));
#2465=AXIS2_PLACEMENT_3D('',#318,#1144,#2464);
#2466=PLANE('',#2465);
#2467=EDGE_LOOP('',(#2461,#2462,#2463));
#2468=FACE_BOUND('',#2467,.T.);
#2469=ADVANCED_FACE('',(#2468),#2466,.T.);
#2470=DIRECTION('',(0.5816682072724195,0.8134261470155049,0.0));
#2471=VECTOR('',#2470,1000.0);
#2472=LINE('',#290,#2471);
#2473=EDGE_CURVE('',#291,#321,#2472,.T.);
#2474=DIRECTION('',(0.29785862845740235,-0.9546099923285296,0.0));
#2475=VECTOR('',#2474,1000.0);
#2476=LINE('',#320,#2475);
#2477=EDGE_CURVE('',#321,#319,#2476,.T.);
#2478=ORIENTED_EDGE('',*,*,#2460,.F.);
#2479=ORIENTED_EDGE('',*,*,#2473,.T.);
#2480=ORIENTED_EDGE('',*,*,#2477,.T.);
#2481=DIRECTION('',(-0.9582892615929469,-0.28580008942553653,0.0));
#2482=AXIS2_PLACEMENT_3D('',#318,#1144,#2481);
#2483=PLANE('',#2482);
#2484=EDGE_LOOP('',(#2478,#2479,#2480));
#2485=FACE_BOUND('',#2484,.T.);
#2486=ADVANCED_FACE('',(#2485),#2483,.T.);
#2487=DIRECTION('',(0.9804784643727583,0.19662650101458334,0.0));
#2488=VECTOR('',#2487,1000.0);
#2489=LINE('',#292,#2488);
#2490=EDGE_CURVE('',#293,#321,#2489,.T.);
#2491=ORIENTED_EDGE('',*,*,#2473,.F.);
#2492=ORIENTED_EDGE('',*,*,#2030,.F.);
#2493=ORIENTED_EDGE('',*,*,#2490,.T.);
#2494=DIRECTION('',(-0.5816682072724195,-0.8134261470155049,0.0));
#2495=AXIS2_PLACEMENT_3D('',#320,#1144,#2494);
#2496=PLANE('',#2495);
#2497=EDGE_LOOP('',(#2491,#2492,#2493));
#2498=FACE_BOUND('',#2497,.T.);
#2499=ADVANCED_FACE('',(#2498),#2496,.T.);
#2500=DIRECTION('',(0.6759208080097663,0.7369742609477108,0.0));
#2501=VECTOR('',#2500,1000.0);
#2502=LINE('',#292,#2501);
#2503=EDGE_CURVE('',#293,#323,#2502,.T.);
#2504=DIRECTION('',(0.08706341811746987,-0.9962027711393412,0.0));
#2505=VECTOR('',#2504,1000.0);
#2506=LINE('',#322,#2505);
#2507=EDGE_CURVE('',#323,#321,#2506,.T.);
#2508=ORIENTED_EDGE('',*,*,#2490,.F.);
#2509=ORIENTED_EDGE('',*,*,#2503,.T.);
#2510=ORIENTED_EDGE('',*,*,#2507,.T.);
#2511=DIRECTION('',(-0.9804784643727583,-0.19662650101458334,0.0));
#2512=AXIS2_PLACEMENT_3D('',#320,#1144,#2511);
#2513=PLANE('',#2512);
#2514=EDGE_LOOP('',(#2508,#2509,#2510));
#2515=FACE_BOUND('',#2514,.T.);
#2516=ADVANCED_FACE('',(#2515),#2513,.T.);
#2517=DIRECTION('',(0.9997744040034475,-0.02124008238099012,0.0));
#2518=VECTOR('',#2517,1000.0);
#2519=LINE('',#266,#2518);
#2520=EDGE_CURVE('',#267,#323,#2519,.T.);
#2521=ORIENTED_EDGE('',*,*,#2503,.F.);
#2522=ORIENTED_EDGE('',*,*,#2062,.F.);
#2523=ORIENTED_EDGE('',*,*,#2520,.T.);
#2524=DIRECTION('',(-0.6759208080097663,-0.7369742609477108,0.0));
#2525=AXIS2_PLACEMENT_3D('',#322,#1144,#2524);
#2526=PLANE('',#2525);
#2527=EDGE_LOOP('',(#2521,#2522,#2523));
#2528=FACE_BOUND('',#2527,.T.);
#2529=ADVANCED_FACE('',(#2528),#2526,.T.);
#2530=DIRECTION('',(0.8278030593789142,0.5610188008283766,0.0));
#2531=VECTOR('',#2530,1000.0);
#2532=LINE('',#266,#2531);
#2533=EDGE_CURVE('',#267,#325,#2532,.T.);
#2534=DIRECTION('',(-0.08500074095058135,-0.996380888033212,0.0));
#2535=VECTOR('',#2534,1000.0);
#2536=LINE('',#324,#2535);
#2537=EDGE_CURVE('',#325,#323,#2536,.T.);
#2538=ORIENTED_EDGE('',*,*,#2520,.F.);
#2539=ORIENTED_EDGE('',*,*,#2533,.T.);
#2540=ORIENTED_EDGE('',*,*,#2537,.T.);
#2541=DIRECTION('',(0.0,0.0,-1.0));
#2542=DIRECTION('',(-0.9997744040034475,0.02124008238099012,0.0));
#2543=AXIS2_PLACEMENT_3D('',#322,#2541,#2542);
#2544=PLANE('',#2543);
#2545=EDGE_LOOP('',(#2538,#2539,#2540));
#2546=FACE_BOUND('',#2545,.T.);
#2547=ADVANCED_FACE('',(#2546),#2544,.T.);
#2548=DIRECTION('',(0.9998198335120092,0.018981583601432133,0.0));
#2549=VECTOR('',#2548,1000.0);
#2550=LINE('',#268,#2549);
#2551=EDGE_CURVE('',#269,#325,#2550,.T.);
#2552=ORIENTED_EDGE('',*,*,#2533,.F.);
#2553=ORIENTED_EDGE('',*,*,#1601,.F.);
#2554=ORIENTED_EDGE('',*,*,#2551,.T.);
#2555=DIRECTION('',(-0.8278030593789142,-0.5610188008283766,0.0));
#2556=AXIS2_PLACEMENT_3D('',#324,#1144,#2555);
#2557=PLANE('',#2556);
#2558=EDGE_LOOP('',(#2552,#2553,#2554));
#2559=FACE_BOUND('',#2558,.T.);
#2560=ADVANCED_FACE('',(#2559),#2557,.T.);
#2561=DIRECTION('',(0.8892135741265644,0.45749231642625543,0.0));
#2562=VECTOR('',#2561,1000.0);
#2563=LINE('',#268,#2562);
#2564=EDGE_CURVE('',#269,#327,#2563,.T.);
#2565=DIRECTION('',(-0.28315096092775577,-0.9590753533094719,0.0));
#2566=VECTOR('',#2565,1000.0);
#2567=LINE('',#326,#2566);
#2568=EDGE_CURVE('',#327,#325,#2567,.T.);
#2569=ORIENTED_EDGE('',*,*,#2551,.F.);
#2570=ORIENTED_EDGE('',*,*,#2564,.T.);
#2571=ORIENTED_EDGE('',*,*,#2568,.T.);
#2572=DIRECTION('',(-0.9998198335120092,-0.018981583601432133,0.0));
#2573=AXIS2_PLACEMENT_3D('',#324,#1144,#2572);
#2574=PLANE('',#2573);
#2575=EDGE_LOOP('',(#2569,#2570,#2571));
#2576=FACE_BOUND('',#2575,.T.);
#2577=ADVANCED_FACE('',(#2576),#2574,.T.);
#2578=LINE('',#270,#2137);
#2579=EDGE_CURVE('',#271,#327,#2578,.T.);
#2580=ORIENTED_EDGE('',*,*,#2564,.F.);
#2581=ORIENTED_EDGE('',*,*,#1634,.F.);
#2582=ORIENTED_EDGE('',*,*,#2579,.T.);
#2583=DIRECTION('',(-0.8892135741265644,-0.45749231642625543,0.0));
#2584=AXIS2_PLACEMENT_3D('',#326,#1144,#2583);
#2585=PLANE('',#2584);
#2586=EDGE_LOOP('',(#2580,#2581,#2582));
#2587=FACE_BOUND('',#2586,.T.);
#2588=ADVANCED_FACE('',(#2587),#2585,.T.);
#2589=DIRECTION('',(-0.49074405394015125,-0.8713037779800946,0.0));
#2590=VECTOR('',#2589,1000.0);
#2591=LINE('',#294,#2590);
#2592=EDGE_CURVE('',#295,#327,#2591,.T.);
#2593=ORIENTED_EDGE('',*,*,#2579,.F.);
#2594=ORIENTED_EDGE('',*,*,#2080,.F.);
#2595=ORIENTED_EDGE('',*,*,#2592,.T.);
#2596=DIRECTION('',(0.0,0.0,-1.0));
#2597=AXIS2_PLACEMENT_3D('',#326,#2596,#2162);
#2598=PLANE('',#2597);
#2599=EDGE_LOOP('',(#2593,#2594,#2595));
#2600=FACE_BOUND('',#2599,.T.);
#2601=ADVANCED_FACE('',(#2600),#2598,.T.);
#2602=DIRECTION('',(-0.9470526416788574,0.0,-0.32107832983416623));
#2603=VECTOR('',#2602,1000.0);
#2604=LINE('',#304,#2603);
#2605=EDGE_CURVE('',#305,#329,#2604,.T.);
#2606=LINE('',#328,#504);
#2607=EDGE_CURVE('',#329,#303,#2606,.T.);
#2608=ORIENTED_EDGE('',*,*,#2235,.F.);
#2609=ORIENTED_EDGE('',*,*,#2605,.T.);
#2610=ORIENTED_EDGE('',*,*,#2607,.T.);
#2611=AXIS2_PLACEMENT_3D('',#302,#822,#12);
#2612=PLANE('',#2611);
#2613=EDGE_LOOP('',(#2608,#2609,#2610));
#2614=FACE_BOUND('',#2613,.T.);
#2615=ADVANCED_FACE('',(#2614),#2612,.T.);
#2616=DIRECTION('',(0.0,0.0,-1.0));
#2617=VECTOR('',#2616,1000.0);
#2618=LINE('',#304,#2617);
#2619=EDGE_CURVE('',#305,#331,#2618,.T.);
#2620=LINE('',#330,#525);
#2621=EDGE_CURVE('',#331,#329,#2620,.T.);
#2622=ORIENTED_EDGE('',*,*,#2605,.F.);
#2623=ORIENTED_EDGE('',*,*,#2619,.T.);
#2624=ORIENTED_EDGE('',*,*,#2621,.T.);
#2625=DIRECTION('',(0.9470526416788574,0.0,0.32107832983416623));
#2626=AXIS2_PLACEMENT_3D('',#328,#822,#2625);
#2627=PLANE('',#2626);
#2628=EDGE_LOOP('',(#2622,#2623,#2624));
#2629=FACE_BOUND('',#2628,.T.);
#2630=ADVANCED_FACE('',(#2629),#2627,.T.);
#2631=LINE('',#328,#1828);
#2632=EDGE_CURVE('',#329,#333,#2631,.T.);
#2633=DIRECTION('',(0.9167939336442407,0.09744227513724664,0.38729044172196725));
#2634=VECTOR('',#2633,1000.0);
#2635=LINE('',#332,#2634);
#2636=EDGE_CURVE('',#333,#303,#2635,.T.);
#2637=ORIENTED_EDGE('',*,*,#2607,.F.);
#2638=ORIENTED_EDGE('',*,*,#2632,.T.);
#2639=ORIENTED_EDGE('',*,*,#2636,.T.);
#2640=DIRECTION('',(-0.10569060668508973,0.9943990625792734,0.0));
#2641=DIRECTION('',(0.0,0.0,-1.0));
#2642=AXIS2_PLACEMENT_3D('',#302,#2640,#2641);
#2643=PLANE('',#2642);
#2644=EDGE_LOOP('',(#2637,#2638,#2639));
#2645=FACE_BOUND('',#2644,.T.);
#2646=ADVANCED_FACE('',(#2645),#2643,.T.);
#2647=LINE('',#332,#504);
#2648=EDGE_CURVE('',#333,#301,#2647,.T.);
#2649=ORIENTED_EDGE('',*,*,#2636,.F.);
#2650=ORIENTED_EDGE('',*,*,#2648,.T.);
#2651=ORIENTED_EDGE('',*,*,#2205,.F.);
#2652=DIRECTION('',(-0.9167939336442407,-0.09744227513724664,-0.38729044172196725));
#2653=AXIS2_PLACEMENT_3D('',#302,#2640,#2652);
#2654=PLANE('',#2653);
#2655=EDGE_LOOP('',(#2649,#2650,#2651));
#2656=FACE_BOUND('',#2655,.T.);
#2657=ADVANCED_FACE('',(#2656),#2654,.T.);
#2658=LINE('',#332,#2173);
#2659=EDGE_CURVE('',#333,#335,#2658,.T.);
#2660=DIRECTION('',(0.8194124749354432,0.2867695505861289,0.4963128255211639));
#2661=VECTOR('',#2660,1000.0);
#2662=LINE('',#334,#2661);
#2663=EDGE_CURVE('',#335,#301,#2662,.T.);
#2664=ORIENTED_EDGE('',*,*,#2648,.F.);
#2665=ORIENTED_EDGE('',*,*,#2659,.T.);
#2666=ORIENTED_EDGE('',*,*,#2663,.T.);
#2667=DIRECTION('',(-0.3303249593834796,0.94386726885103,0.0));
#2668=DIRECTION('',(0.0,0.0,-1.0));
#2669=AXIS2_PLACEMENT_3D('',#300,#2667,#2668);
#2670=PLANE('',#2669);
#2671=EDGE_LOOP('',(#2664,#2665,#2666));
#2672=FACE_BOUND('',#2671,.T.);
#2673=ADVANCED_FACE('',(#2672),#2670,.T.);
#2674=LINE('',#334,#504);
#2675=EDGE_CURVE('',#335,#299,#2674,.T.);
#2676=ORIENTED_EDGE('',*,*,#2663,.F.);
#2677=ORIENTED_EDGE('',*,*,#2675,.T.);
#2678=ORIENTED_EDGE('',*,*,#2175,.F.);
#2679=DIRECTION('',(-0.8194124749354432,-0.2867695505861289,-0.4963128255211639));
#2680=AXIS2_PLACEMENT_3D('',#300,#2667,#2679);
#2681=PLANE('',#2680);
#2682=EDGE_LOOP('',(#2676,#2677,#2678));
#2683=FACE_BOUND('',#2682,.T.);
#2684=ADVANCED_FACE('',(#2683),#2681,.T.);
#2685=LINE('',#334,#2141);
#2686=EDGE_CURVE('',#335,#337,#2685,.T.);
#2687=DIRECTION('',(0.7281898752047052,0.470372375577191,0.4984870449101217));
#2688=VECTOR('',#2687,1000.0);
#2689=LINE('',#336,#2688);
#2690=EDGE_CURVE('',#337,#299,#2689,.T.);
#2691=ORIENTED_EDGE('',*,*,#2675,.F.);
#2692=ORIENTED_EDGE('',*,*,#2686,.T.);
#2693=ORIENTED_EDGE('',*,*,#2690,.T.);
#2694=DIRECTION('',(-0.542593058931553,0.8399956978457095,0.0));
#2695=DIRECTION('',(0.0,0.0,-1.0));
#2696=AXIS2_PLACEMENT_3D('',#298,#2694,#2695);
#2697=PLANE('',#2696);
#2698=EDGE_LOOP('',(#2691,#2692,#2693));
#2699=FACE_BOUND('',#2698,.T.);
#2700=ADVANCED_FACE('',(#2699),#2697,.T.);
#2701=LINE('',#336,#504);
#2702=EDGE_CURVE('',#337,#297,#2701,.T.);
#2703=ORIENTED_EDGE('',*,*,#2690,.F.);
#2704=ORIENTED_EDGE('',*,*,#2702,.T.);
#2705=ORIENTED_EDGE('',*,*,#2143,.F.);
#2706=DIRECTION('',(-0.7281898752047052,-0.470372375577191,-0.4984870449101217));
#2707=AXIS2_PLACEMENT_3D('',#298,#2694,#2706);
#2708=PLANE('',#2707);
#2709=EDGE_LOOP('',(#2703,#2704,#2705));
#2710=FACE_BOUND('',#2709,.T.);
#2711=ADVANCED_FACE('',(#2710),#2708,.T.);
#2712=LINE('',#336,#2109);
#2713=EDGE_CURVE('',#337,#339,#2712,.T.);
#2714=DIRECTION('',(0.5601088425099138,0.5948201378764948,0.5765995908069935));
#2715=VECTOR('',#2714,1000.0);
#2716=LINE('',#338,#2715);
#2717=EDGE_CURVE('',#339,#297,#2716,.T.);
#2718=ORIENTED_EDGE('',*,*,#2702,.F.);
#2719=ORIENTED_EDGE('',*,*,#2713,.T.);
#2720=ORIENTED_EDGE('',*,*,#2717,.T.);
#2721=DIRECTION('',(-0.728030077383813,0.6855451891921637,0.0));
#2722=DIRECTION('',(0.0,0.0,-1.0));
#2723=AXIS2_PLACEMENT_3D('',#296,#2721,#2722);
#2724=PLANE('',#2723);
#2725=EDGE_LOOP('',(#2718,#2719,#2720));
#2726=FACE_BOUND('',#2725,.T.);
#2727=ADVANCED_FACE('',(#2726),#2724,.T.);
#2728=LINE('',#338,#504);
#2729=EDGE_CURVE('',#339,#295,#2728,.T.);
#2730=ORIENTED_EDGE('',*,*,#2717,.F.);
#2731=ORIENTED_EDGE('',*,*,#2729,.T.);
#2732=ORIENTED_EDGE('',*,*,#2111,.F.);
#2733=DIRECTION('',(-0.5601088425099138,-0.5948201378764948,-0.5765995908069935));
#2734=AXIS2_PLACEMENT_3D('',#296,#2721,#2733);
#2735=PLANE('',#2734);
#2736=EDGE_LOOP('',(#2730,#2731,#2732));
#2737=FACE_BOUND('',#2736,.T.);
#2738=ADVANCED_FACE('',(#2737),#2735,.T.);
#2739=LINE('',#338,#2590);
#2740=EDGE_CURVE('',#339,#341,#2739,.T.);
#2741=DIRECTION('',(0.40084138054156726,0.7116838328095519,0.5769162068819322));
#2742=VECTOR('',#2741,1000.0);
#2743=LINE('',#340,#2742);
#2744=EDGE_CURVE('',#341,#295,#2743,.T.);
#2745=ORIENTED_EDGE('',*,*,#2729,.F.);
#2746=ORIENTED_EDGE('',*,*,#2740,.T.);
#2747=ORIENTED_EDGE('',*,*,#2744,.T.);
#2748=DIRECTION('',(-0.8713037779800946,0.49074405394015125,0.0));
#2749=DIRECTION('',(0.0,0.0,-1.0));
#2750=AXIS2_PLACEMENT_3D('',#294,#2748,#2749);
#2751=PLANE('',#2750);
#2752=EDGE_LOOP('',(#2745,#2746,#2747));
#2753=FACE_BOUND('',#2752,.T.);
#2754=ADVANCED_FACE('',(#2753),#2751,.T.);
#2755=LINE('',#340,#504);
#2756=EDGE_CURVE('',#341,#327,#2755,.T.);
#2757=ORIENTED_EDGE('',*,*,#2744,.F.);
#2758=ORIENTED_EDGE('',*,*,#2756,.T.);
#2759=ORIENTED_EDGE('',*,*,#2592,.F.);
#2760=DIRECTION('',(-0.40084138054156726,-0.7116838328095519,-0.5769162068819322));
#2761=AXIS2_PLACEMENT_3D('',#294,#2748,#2760);
#2762=PLANE('',#2761);
#2763=EDGE_LOOP('',(#2757,#2758,#2759));
#2764=FACE_BOUND('',#2763,.T.);
#2765=ADVANCED_FACE('',(#2764),#2762,.T.);
#2766=LINE('',#340,#2566);
#2767=EDGE_CURVE('',#341,#343,#2766,.T.);
#2768=DIRECTION('',(0.2421223551812883,0.8201052278924222,0.518463287326098));
#2769=VECTOR('',#2768,1000.0);
#2770=LINE('',#342,#2769);
#2771=EDGE_CURVE('',#343,#327,#2770,.T.);
#2772=ORIENTED_EDGE('',*,*,#2756,.F.);
#2773=ORIENTED_EDGE('',*,*,#2767,.T.);
#2774=ORIENTED_EDGE('',*,*,#2771,.T.);
#2775=DIRECTION('',(-0.959075353309472,0.2831509609277559,0.0));
#2776=DIRECTION('',(0.0,0.0,-1.0));
#2777=AXIS2_PLACEMENT_3D('',#326,#2775,#2776);
#2778=PLANE('',#2777);
#2779=EDGE_LOOP('',(#2772,#2773,#2774));
#2780=FACE_BOUND('',#2779,.T.);
#2781=ADVANCED_FACE('',(#2780),#2778,.T.);
#2782=LINE('',#342,#504);
#2783=EDGE_CURVE('',#343,#325,#2782,.T.);
#2784=ORIENTED_EDGE('',*,*,#2771,.F.);
#2785=ORIENTED_EDGE('',*,*,#2783,.T.);
#2786=ORIENTED_EDGE('',*,*,#2568,.F.);
#2787=DIRECTION('',(-0.2421223551812883,-0.8201052278924222,-0.518463287326098));
#2788=AXIS2_PLACEMENT_3D('',#326,#2775,#2787);
#2789=PLANE('',#2788);
#2790=EDGE_LOOP('',(#2784,#2785,#2786));
#2791=FACE_BOUND('',#2790,.T.);
#2792=ADVANCED_FACE('',(#2791),#2789,.T.);
#2793=LINE('',#342,#2535);
#2794=EDGE_CURVE('',#343,#345,#2793,.T.);
#2795=DIRECTION('',(0.07600892721201992,0.8909786143863752,0.4476379694465306));
#2796=VECTOR('',#2795,1000.0);
#2797=LINE('',#344,#2796);
#2798=EDGE_CURVE('',#345,#325,#2797,.T.);
#2799=ORIENTED_EDGE('',*,*,#2783,.F.);
#2800=ORIENTED_EDGE('',*,*,#2794,.T.);
#2801=ORIENTED_EDGE('',*,*,#2798,.T.);
#2802=DIRECTION('',(-0.9963808880332121,0.08500074095058135,0.0));
#2803=DIRECTION('',(0.0,0.0,-1.0));
#2804=AXIS2_PLACEMENT_3D('',#324,#2802,#2803);
#2805=PLANE('',#2804);
#2806=EDGE_LOOP('',(#2799,#2800,#2801));
#2807=FACE_BOUND('',#2806,.T.);
#2808=ADVANCED_FACE('',(#2807),#2805,.T.);
#2809=LINE('',#344,#504);
#2810=EDGE_CURVE('',#345,#323,#2809,.T.);
#2811=ORIENTED_EDGE('',*,*,#2798,.F.);
#2812=ORIENTED_EDGE('',*,*,#2810,.T.);
#2813=ORIENTED_EDGE('',*,*,#2537,.F.);
#2814=DIRECTION('',(-0.07600892721201992,-0.8909786143863752,-0.4476379694465306));
#2815=AXIS2_PLACEMENT_3D('',#324,#2802,#2814);
#2816=PLANE('',#2815);
#2817=EDGE_LOOP('',(#2811,#2812,#2813));
#2818=FACE_BOUND('',#2817,.T.);
#2819=ADVANCED_FACE('',(#2818),#2816,.T.);
#2820=LINE('',#344,#2505);
#2821=EDGE_CURVE('',#345,#347,#2820,.T.);
#2822=DIRECTION('',(-0.07866675114141994,0.9001258758055398,0.42846814347179146));
#2823=VECTOR('',#2822,1000.0);
#2824=LINE('',#346,#2823);
#2825=EDGE_CURVE('',#347,#323,#2824,.T.);
#2826=ORIENTED_EDGE('',*,*,#2810,.F.);
#2827=ORIENTED_EDGE('',*,*,#2821,.T.);
#2828=ORIENTED_EDGE('',*,*,#2825,.T.);
#2829=DIRECTION('',(-0.9962027711393412,-0.08706341811746988,-0.0));
#2830=DIRECTION('',(0.0,0.0,-1.0));
#2831=AXIS2_PLACEMENT_3D('',#322,#2829,#2830);
#2832=PLANE('',#2831);
#2833=EDGE_LOOP('',(#2826,#2827,#2828));
#2834=FACE_BOUND('',#2833,.T.);
#2835=ADVANCED_FACE('',(#2834),#2832,.T.);
#2836=LINE('',#346,#504);
#2837=EDGE_CURVE('',#347,#321,#2836,.T.);
#2838=ORIENTED_EDGE('',*,*,#2825,.F.);
#2839=ORIENTED_EDGE('',*,*,#2837,.T.);
#2840=ORIENTED_EDGE('',*,*,#2507,.F.);
#2841=DIRECTION('',(-0.9962027711393412,-0.08706341811746988,0.0));
#2842=DIRECTION('',(0.07866675114141994,-0.9001258758055398,-0.42846814347179146));
#2843=AXIS2_PLACEMENT_3D('',#322,#2841,#2842);
#2844=PLANE('',#2843);
#2845=EDGE_LOOP('',(#2838,#2839,#2840));
#2846=FACE_BOUND('',#2845,.T.);
#2847=ADVANCED_FACE('',(#2846),#2844,.T.);
#2848=LINE('',#346,#2475);
#2849=EDGE_CURVE('',#347,#349,#2848,.T.);
#2850=DIRECTION('',(-0.26558217518720617,0.8511668758130699,0.4527483381984412));
#2851=VECTOR('',#2850,1000.0);
#2852=LINE('',#348,#2851);
#2853=EDGE_CURVE('',#349,#321,#2852,.T.);
#2854=ORIENTED_EDGE('',*,*,#2837,.F.);
#2855=ORIENTED_EDGE('',*,*,#2849,.T.);
#2856=ORIENTED_EDGE('',*,*,#2853,.T.);
#2857=DIRECTION('',(-0.9546099923285296,-0.29785862845740235,-0.0));
#2858=DIRECTION('',(0.0,0.0,-1.0));
#2859=AXIS2_PLACEMENT_3D('',#320,#2857,#2858);
#2860=PLANE('',#2859);
#2861=EDGE_LOOP('',(#2854,#2855,#2856));
#2862=FACE_BOUND('',#2861,.T.);
#2863=ADVANCED_FACE('',(#2862),#2860,.T.);
#2864=LINE('',#348,#504);
#2865=EDGE_CURVE('',#349,#319,#2864,.T.);
#2866=ORIENTED_EDGE('',*,*,#2853,.F.);
#2867=ORIENTED_EDGE('',*,*,#2865,.T.);
#2868=ORIENTED_EDGE('',*,*,#2477,.F.);
#2869=DIRECTION('',(-0.9546099923285296,-0.29785862845740235,0.0));
#2870=DIRECTION('',(0.26558217518720617,-0.8511668758130699,-0.4527483381984412));
#2871=AXIS2_PLACEMENT_3D('',#320,#2869,#2870);
#2872=PLANE('',#2871);
#2873=EDGE_LOOP('',(#2866,#2867,#2868));
#2874=FACE_BOUND('',#2873,.T.);
#2875=ADVANCED_FACE('',(#2874),#2872,.T.);
#2876=LINE('',#348,#2445);
#2877=EDGE_CURVE('',#349,#351,#2876,.T.);
#2878=DIRECTION('',(-0.4438309584146404,0.7254079249195191,0.5261154082677101));
#2879=VECTOR('',#2878,1000.0);
#2880=LINE('',#350,#2879);
#2881=EDGE_CURVE('',#351,#319,#2880,.T.);
#2882=ORIENTED_EDGE('',*,*,#2865,.F.);
#2883=ORIENTED_EDGE('',*,*,#2877,.T.);
#2884=ORIENTED_EDGE('',*,*,#2881,.T.);
#2885=DIRECTION('',(-0.8530064464499656,-0.5219003758523287,-0.0));
#2886=DIRECTION('',(0.0,0.0,-1.0));
#2887=AXIS2_PLACEMENT_3D('',#318,#2885,#2886);
#2888=PLANE('',#2887);
#2889=EDGE_LOOP('',(#2882,#2883,#2884));
#2890=FACE_BOUND('',#2889,.T.);
#2891=ADVANCED_FACE('',(#2890),#2888,.T.);
#2892=LINE('',#350,#504);
#2893=EDGE_CURVE('',#351,#317,#2892,.T.);
#2894=ORIENTED_EDGE('',*,*,#2881,.F.);
#2895=ORIENTED_EDGE('',*,*,#2893,.T.);
#2896=ORIENTED_EDGE('',*,*,#2447,.F.);
#2897=DIRECTION('',(-0.8530064464499656,-0.5219003758523287,0.0));
#2898=DIRECTION('',(0.4438309584146404,-0.7254079249195191,-0.5261154082677101));
#2899=AXIS2_PLACEMENT_3D('',#318,#2897,#2898);
#2900=PLANE('',#2899);
#2901=EDGE_LOOP('',(#2894,#2895,#2896));
#2902=FACE_BOUND('',#2901,.T.);
#2903=ADVANCED_FACE('',(#2902),#2900,.T.);
#2904=LINE('',#350,#2415);
#2905=EDGE_CURVE('',#351,#353,#2904,.T.);
#2906=DIRECTION('',(-0.6007531786421358,0.593468724978144,0.5356215929405629));
#2907=VECTOR('',#2906,1000.0);
#2908=LINE('',#352,#2907);
#2909=EDGE_CURVE('',#353,#317,#2908,.T.);
#2910=ORIENTED_EDGE('',*,*,#2893,.F.);
#2911=ORIENTED_EDGE('',*,*,#2905,.T.);
#2912=ORIENTED_EDGE('',*,*,#2909,.T.);
#2913=DIRECTION('',(-0.7027805333890857,-0.7114067204415152,-0.0));
#2914=DIRECTION('',(0.0,0.0,-1.0));
#2915=AXIS2_PLACEMENT_3D('',#316,#2913,#2914);
#2916=PLANE('',#2915);
#2917=EDGE_LOOP('',(#2910,#2911,#2912));
#2918=FACE_BOUND('',#2917,.T.);
#2919=ADVANCED_FACE('',(#2918),#2916,.T.);
#2920=LINE('',#352,#504);
#2921=EDGE_CURVE('',#353,#315,#2920,.T.);
#2922=ORIENTED_EDGE('',*,*,#2909,.F.);
#2923=ORIENTED_EDGE('',*,*,#2921,.T.);
#2924=ORIENTED_EDGE('',*,*,#2417,.F.);
#2925=DIRECTION('',(-0.7027805333890857,-0.7114067204415152,0.0));
#2926=DIRECTION('',(0.6007531786421358,-0.593468724978144,-0.5356215929405629));
#2927=AXIS2_PLACEMENT_3D('',#316,#2925,#2926);
#2928=PLANE('',#2927);
#2929=EDGE_LOOP('',(#2922,#2923,#2924));
#2930=FACE_BOUND('',#2929,.T.);
#2931=ADVANCED_FACE('',(#2930),#2928,.T.);
#2932=LINE('',#352,#2385);
#2933=EDGE_CURVE('',#353,#355,#2932,.T.);
#2934=DIRECTION('',(-0.7273662259420748,0.43194035411516235,0.5332596964384716));
#2935=VECTOR('',#2934,1000.0);
#2936=LINE('',#354,#2935);
#2937=EDGE_CURVE('',#355,#315,#2936,.T.);
#2938=ORIENTED_EDGE('',*,*,#2921,.F.);
#2939=ORIENTED_EDGE('',*,*,#2933,.T.);
#2940=ORIENTED_EDGE('',*,*,#2937,.T.);
#2941=DIRECTION('',(-0.5105970106984502,-0.8598201513489939,-0.0));
#2942=DIRECTION('',(0.0,0.0,-1.0));
#2943=AXIS2_PLACEMENT_3D('',#314,#2941,#2942);
#2944=PLANE('',#2943);
#2945=EDGE_LOOP('',(#2938,#2939,#2940));
#2946=FACE_BOUND('',#2945,.T.);
#2947=ADVANCED_FACE('',(#2946),#2944,.T.);
#2948=LINE('',#354,#504);
#2949=EDGE_CURVE('',#355,#313,#2948,.T.);
#2950=ORIENTED_EDGE('',*,*,#2937,.F.);
#2951=ORIENTED_EDGE('',*,*,#2949,.T.);
#2952=ORIENTED_EDGE('',*,*,#2387,.F.);
#2953=DIRECTION('',(-0.5105970106984502,-0.8598201513489939,0.0));
#2954=DIRECTION('',(0.7273662259420748,-0.43194035411516235,-0.5332596964384716));
#2955=AXIS2_PLACEMENT_3D('',#314,#2953,#2954);
#2956=PLANE('',#2955);
#2957=EDGE_LOOP('',(#2950,#2951,#2952));
#2958=FACE_BOUND('',#2957,.T.);
#2959=ADVANCED_FACE('',(#2958),#2956,.T.);
#2960=LINE('',#354,#2355);
#2961=EDGE_CURVE('',#355,#357,#2960,.T.);
#2962=DIRECTION('',(-0.8303107578604023,0.2592069353415654,0.493351608948545));
#2963=VECTOR('',#2962,1000.0);
#2964=LINE('',#356,#2963);
#2965=EDGE_CURVE('',#357,#313,#2964,.T.);
#2966=ORIENTED_EDGE('',*,*,#2949,.F.);
#2967=ORIENTED_EDGE('',*,*,#2961,.T.);
#2968=ORIENTED_EDGE('',*,*,#2965,.T.);
#2969=DIRECTION('',(-0.2979972431554643,-0.9545667305493856,-0.0));
#2970=DIRECTION('',(0.0,0.0,-1.0));
#2971=AXIS2_PLACEMENT_3D('',#312,#2969,#2970);
#2972=PLANE('',#2971);
#2973=EDGE_LOOP('',(#2966,#2967,#2968));
#2974=FACE_BOUND('',#2973,.T.);
#2975=ADVANCED_FACE('',(#2974),#2972,.T.);
#2976=LINE('',#356,#504);
#2977=EDGE_CURVE('',#357,#311,#2976,.T.);
#2978=ORIENTED_EDGE('',*,*,#2965,.F.);
#2979=ORIENTED_EDGE('',*,*,#2977,.T.);
#2980=ORIENTED_EDGE('',*,*,#2357,.F.);
#2981=DIRECTION('',(-0.2979972431554643,-0.9545667305493856,0.0));
#2982=DIRECTION('',(0.8303107578604023,-0.2592069353415654,-0.493351608948545));
#2983=AXIS2_PLACEMENT_3D('',#312,#2981,#2982);
#2984=PLANE('',#2983);
#2985=EDGE_LOOP('',(#2978,#2979,#2980));
#2986=FACE_BOUND('',#2985,.T.);
#2987=ADVANCED_FACE('',(#2986),#2984,.T.);
#2988=LINE('',#356,#2325);
#2989=EDGE_CURVE('',#357,#359,#2988,.T.);
#2990=DIRECTION('',(-0.9004708677041645,0.0838163404820372,0.42676344440955627));
#2991=VECTOR('',#2990,1000.0);
#2992=LINE('',#358,#2991);
#2993=EDGE_CURVE('',#359,#311,#2992,.T.);
#2994=ORIENTED_EDGE('',*,*,#2977,.F.);
#2995=ORIENTED_EDGE('',*,*,#2989,.T.);
#2996=ORIENTED_EDGE('',*,*,#2993,.T.);
#2997=DIRECTION('',(-0.09267994543264237,-0.9956959514402991,-0.0));
#2998=DIRECTION('',(0.0,0.0,-1.0));
#2999=AXIS2_PLACEMENT_3D('',#310,#2997,#2998);
#3000=PLANE('',#2999);
#3001=EDGE_LOOP('',(#2994,#2995,#2996));
#3002=FACE_BOUND('',#3001,.T.);
#3003=ADVANCED_FACE('',(#3002),#3000,.T.);
#3004=LINE('',#358,#504);
#3005=EDGE_CURVE('',#359,#309,#3004,.T.);
#3006=ORIENTED_EDGE('',*,*,#2993,.F.);
#3007=ORIENTED_EDGE('',*,*,#3005,.T.);
#3008=ORIENTED_EDGE('',*,*,#2327,.F.);
#3009=DIRECTION('',(-0.09267994543264237,-0.9956959514402991,0.0));
#3010=DIRECTION('',(0.9004708677041645,-0.0838163404820372,-0.42676344440955627));
#3011=AXIS2_PLACEMENT_3D('',#310,#3009,#3010);
#3012=PLANE('',#3011);
#3013=EDGE_LOOP('',(#3006,#3007,#3008));
#3014=FACE_BOUND('',#3013,.T.);
#3015=ADVANCED_FACE('',(#3014),#3012,.T.);
#3016=DIRECTION('',(0.9432060195367881,0.0,-0.33220837543561127));
#3017=VECTOR('',#3016,1000.0);
#3018=LINE('',#308,#3017);
#3019=EDGE_CURVE('',#309,#361,#3018,.T.);
#3020=LINE('',#360,#504);
#3021=EDGE_CURVE('',#361,#307,#3020,.T.);
#3022=ORIENTED_EDGE('',*,*,#2297,.F.);
#3023=ORIENTED_EDGE('',*,*,#3019,.T.);
#3024=ORIENTED_EDGE('',*,*,#3021,.T.);
#3025=AXIS2_PLACEMENT_3D('',#306,#1010,#524);
#3026=PLANE('',#3025);
#3027=EDGE_LOOP('',(#3022,#3023,#3024));
#3028=FACE_BOUND('',#3027,.T.);
#3029=ADVANCED_FACE('',(#3028),#3026,.T.);
#3030=LINE('',#358,#537);
#3031=EDGE_CURVE('',#359,#361,#3030,.T.);
#3032=ORIENTED_EDGE('',*,*,#3019,.F.);
#3033=ORIENTED_EDGE('',*,*,#3005,.F.);
#3034=ORIENTED_EDGE('',*,*,#3031,.T.);
#3035=DIRECTION('',(-0.9432060195367881,0.0,0.33220837543561127));
#3036=AXIS2_PLACEMENT_3D('',#360,#1010,#3035);
#3037=PLANE('',#3036);
#3038=EDGE_LOOP('',(#3032,#3033,#3034));
#3039=FACE_BOUND('',#3038,.T.);
#3040=ADVANCED_FACE('',(#3039),#3037,.T.);
#3041=DIRECTION('',(0.0,0.9979543040629787,-0.06393126779734386));
#3042=VECTOR('',#3041,1000.0);
#3043=LINE('',#306,#3042);
#3044=EDGE_CURVE('',#307,#331,#3043,.T.);
#3045=ORIENTED_EDGE('',*,*,#2267,.F.);
#3046=ORIENTED_EDGE('',*,*,#3044,.T.);
#3047=ORIENTED_EDGE('',*,*,#2619,.F.);
#3048=AXIS2_PLACEMENT_3D('',#304,#12,#486);
#3049=PLANE('',#3048);
#3050=EDGE_LOOP('',(#3045,#3046,#3047));
#3051=FACE_BOUND('',#3050,.T.);
#3052=ADVANCED_FACE('',(#3051),#3049,.T.);
#3053=DIRECTION('',(0.0,1.0,0.0));
#3054=VECTOR('',#3053,1000.0);
#3055=LINE('',#360,#3054);
#3056=EDGE_CURVE('',#361,#331,#3055,.T.);
#3057=ORIENTED_EDGE('',*,*,#3044,.F.);
#3058=ORIENTED_EDGE('',*,*,#3021,.F.);
#3059=ORIENTED_EDGE('',*,*,#3056,.T.);
#3060=DIRECTION('',(0.0,-0.9979543040629787,0.06393126779734386));
#3061=AXIS2_PLACEMENT_3D('',#330,#12,#3060);
#3062=PLANE('',#3061);
#3063=EDGE_LOOP('',(#3057,#3058,#3059));
#3064=FACE_BOUND('',#3063,.T.);
#3065=ADVANCED_FACE('',(#3064),#3062,.T.);
#3066=LINE('',#362,#487);
#3067=EDGE_CURVE('',#363,#365,#3066,.T.);
#3068=DIRECTION('',(0.0,0.9100111907590891,-0.41458368599502904));
#3069=VECTOR('',#3068,1000.0);
#3070=LINE('',#364,#3069);
#3071=EDGE_CURVE('',#365,#137,#3070,.T.);
#3072=LINE('',#136,#504);
#3073=EDGE_CURVE('',#137,#363,#3072,.T.);
#3074=ORIENTED_EDGE('',*,*,#3067,.T.);
#3075=ORIENTED_EDGE('',*,*,#3071,.T.);
#3076=ORIENTED_EDGE('',*,*,#3073,.T.);
#3077=AXIS2_PLACEMENT_3D('',#362,#12,#486);
#3078=PLANE('',#3077);
#3079=EDGE_LOOP('',(#3074,#3075,#3076));
#3080=FACE_BOUND('',#3079,.T.);
#3081=ADVANCED_FACE('',(#3080),#3078,.T.);
#3082=DIRECTION('',(0.0,0.0,-1.0));
#3083=VECTOR('',#3082,1000.0);
#3084=LINE('',#364,#3083);
#3085=EDGE_CURVE('',#365,#139,#3084,.T.);
#3086=DIRECTION('',(0.0,1.0,0.0));
#3087=VECTOR('',#3086,1000.0);
#3088=LINE('',#138,#3087);
#3089=EDGE_CURVE('',#139,#137,#3088,.T.);
#3090=ORIENTED_EDGE('',*,*,#3071,.F.);
#3091=ORIENTED_EDGE('',*,*,#3085,.T.);
#3092=ORIENTED_EDGE('',*,*,#3089,.T.);
#3093=DIRECTION('',(0.0,-0.9100111907590891,0.41458368599502904));
#3094=AXIS2_PLACEMENT_3D('',#136,#12,#3093);
#3095=PLANE('',#3094);
#3096=EDGE_LOOP('',(#3090,#3091,#3092));
#3097=FACE_BOUND('',#3096,.T.);
#3098=ADVANCED_FACE('',(#3097),#3095,.T.);
#3099=LINE('',#364,#537);
#3100=EDGE_CURVE('',#365,#367,#3099,.T.);
#3101=DIRECTION('',(-0.9956867173403539,0.0,-0.0927790973872373));
#3102=VECTOR('',#3101,1000.0);
#3103=LINE('',#366,#3102);
#3104=EDGE_CURVE('',#367,#139,#3103,.T.);
#3105=ORIENTED_EDGE('',*,*,#3100,.T.);
#3106=ORIENTED_EDGE('',*,*,#3104,.T.);
#3107=ORIENTED_EDGE('',*,*,#3085,.F.);
#3108=AXIS2_PLACEMENT_3D('',#364,#822,#12);
#3109=PLANE('',#3108);
#3110=EDGE_LOOP('',(#3105,#3106,#3107));
#3111=FACE_BOUND('',#3110,.T.);
#3112=ADVANCED_FACE('',(#3111),#3109,.T.);
#3113=DIRECTION('',(0.0,0.0,-1.0));
#3114=VECTOR('',#3113,1000.0);
#3115=LINE('',#366,#3114);
#3116=EDGE_CURVE('',#367,#141,#3115,.T.);
#3117=LINE('',#140,#525);
#3118=EDGE_CURVE('',#141,#139,#3117,.T.);
#3119=ORIENTED_EDGE('',*,*,#3104,.F.);
#3120=ORIENTED_EDGE('',*,*,#3116,.T.);
#3121=ORIENTED_EDGE('',*,*,#3118,.T.);
#3122=DIRECTION('',(0.9956867173403539,0.0,0.0927790973872373));
#3123=AXIS2_PLACEMENT_3D('',#138,#822,#3122);
#3124=PLANE('',#3123);
#3125=EDGE_LOOP('',(#3119,#3120,#3121));
#3126=FACE_BOUND('',#3125,.T.);
#3127=ADVANCED_FACE('',(#3126),#3124,.T.);
#3128=DIRECTION('',(0.0,1.0,0.0));
#3129=VECTOR('',#3128,1000.0);
#3130=LINE('',#366,#3129);
#3131=EDGE_CURVE('',#367,#369,#3130,.T.);
#3132=LINE('',#368,#1517);
#3133=EDGE_CURVE('',#369,#141,#3132,.T.);
#3134=ORIENTED_EDGE('',*,*,#3131,.T.);
#3135=ORIENTED_EDGE('',*,*,#3133,.T.);
#3136=ORIENTED_EDGE('',*,*,#3116,.F.);
#3137=DIRECTION('',(-1.0,0.0,-0.0));
#3138=DIRECTION('',(0.0,1.0,0.0));
#3139=AXIS2_PLACEMENT_3D('',#366,#3137,#3138);
#3140=PLANE('',#3139);
#3141=EDGE_LOOP('',(#3134,#3135,#3136));
#3142=FACE_BOUND('',#3141,.T.);
#3143=ADVANCED_FACE('',(#3142),#3140,.T.);
#3144=DIRECTION('',(0.0,0.0,-1.0));
#3145=VECTOR('',#3144,1000.0);
#3146=LINE('',#368,#3145);
#3147=EDGE_CURVE('',#369,#143,#3146,.T.);
#3148=LINE('',#142,#487);
#3149=EDGE_CURVE('',#143,#141,#3148,.T.);
#3150=ORIENTED_EDGE('',*,*,#3133,.F.);
#3151=ORIENTED_EDGE('',*,*,#3147,.T.);
#3152=ORIENTED_EDGE('',*,*,#3149,.T.);
#3153=AXIS2_PLACEMENT_3D('',#140,#524,#1539);
#3154=PLANE('',#3153);
#3155=EDGE_LOOP('',(#3150,#3151,#3152));
#3156=FACE_BOUND('',#3155,.T.);
#3157=ADVANCED_FACE('',(#3156),#3154,.T.);
#3158=LINE('',#368,#525);
#3159=EDGE_CURVE('',#369,#371,#3158,.T.);
#3160=DIRECTION('',(0.9952691361586885,0.0,-0.09715629989834909));
#3161=VECTOR('',#3160,1000.0);
#3162=LINE('',#370,#3161);
#3163=EDGE_CURVE('',#371,#143,#3162,.T.);
#3164=ORIENTED_EDGE('',*,*,#3159,.T.);
#3165=ORIENTED_EDGE('',*,*,#3163,.T.);
#3166=ORIENTED_EDGE('',*,*,#3147,.F.);
#3167=AXIS2_PLACEMENT_3D('',#368,#1010,#524);
#3168=PLANE('',#3167);
#3169=EDGE_LOOP('',(#3164,#3165,#3166));
#3170=FACE_BOUND('',#3169,.T.);
#3171=ADVANCED_FACE('',(#3170),#3168,.T.);
#3172=DIRECTION('',(0.0,0.0,-1.0));
#3173=VECTOR('',#3172,1000.0);
#3174=LINE('',#370,#3173);
#3175=EDGE_CURVE('',#371,#145,#3174,.T.);
#3176=LINE('',#144,#537);
#3177=EDGE_CURVE('',#145,#143,#3176,.T.);
#3178=ORIENTED_EDGE('',*,*,#3163,.F.);
#3179=ORIENTED_EDGE('',*,*,#3175,.T.);
#3180=ORIENTED_EDGE('',*,*,#3177,.T.);
#3181=DIRECTION('',(-0.9952691361586885,0.0,0.09715629989834909));
#3182=AXIS2_PLACEMENT_3D('',#142,#1010,#3181);
#3183=PLANE('',#3182);
#3184=EDGE_LOOP('',(#3178,#3179,#3180));
#3185=FACE_BOUND('',#3184,.T.);
#3186=ADVANCED_FACE('',(#3185),#3183,.T.);
#3187=LINE('',#370,#487);
#3188=EDGE_CURVE('',#371,#373,#3187,.T.);
#3189=LINE('',#372,#3069);
#3190=EDGE_CURVE('',#373,#145,#3189,.T.);
#3191=ORIENTED_EDGE('',*,*,#3188,.T.);
#3192=ORIENTED_EDGE('',*,*,#3190,.T.);
#3193=ORIENTED_EDGE('',*,*,#3175,.F.);
#3194=AXIS2_PLACEMENT_3D('',#370,#12,#486);
#3195=PLANE('',#3194);
#3196=EDGE_LOOP('',(#3191,#3192,#3193));
#3197=FACE_BOUND('',#3196,.T.);
#3198=ADVANCED_FACE('',(#3197),#3195,.T.);
#3199=DIRECTION('',(0.0,0.0,-1.0));
#3200=VECTOR('',#3199,1000.0);
#3201=LINE('',#372,#3200);
#3202=EDGE_CURVE('',#373,#161,#3201,.T.);
#3203=DIRECTION('',(0.0,1.0,0.0));
#3204=VECTOR('',#3203,1000.0);
#3205=LINE('',#160,#3204);
#3206=EDGE_CURVE('',#161,#145,#3205,.T.);
#3207=ORIENTED_EDGE('',*,*,#3190,.F.);
#3208=ORIENTED_EDGE('',*,*,#3202,.T.);
#3209=ORIENTED_EDGE('',*,*,#3206,.T.);
#3210=AXIS2_PLACEMENT_3D('',#144,#12,#3093);
#3211=PLANE('',#3210);
#3212=EDGE_LOOP('',(#3207,#3208,#3209));
#3213=FACE_BOUND('',#3212,.T.);
#3214=ADVANCED_FACE('',(#3213),#3211,.T.);
#3215=LINE('',#372,#537);
#3216=EDGE_CURVE('',#373,#375,#3215,.T.);
#3217=DIRECTION('',(-0.9913670511411631,0.0,-0.131115864454591));
#3218=VECTOR('',#3217,1000.0);
#3219=LINE('',#374,#3218);
#3220=EDGE_CURVE('',#375,#161,#3219,.T.);
#3221=ORIENTED_EDGE('',*,*,#3216,.T.);
#3222=ORIENTED_EDGE('',*,*,#3220,.T.);
#3223=ORIENTED_EDGE('',*,*,#3202,.F.);
#3224=AXIS2_PLACEMENT_3D('',#372,#822,#12);
#3225=PLANE('',#3224);
#3226=EDGE_LOOP('',(#3221,#3222,#3223));
#3227=FACE_BOUND('',#3226,.T.);
#3228=ADVANCED_FACE('',(#3227),#3225,.T.);
#3229=DIRECTION('',(0.0,0.0,-1.0));
#3230=VECTOR('',#3229,1000.0);
#3231=LINE('',#374,#3230);
#3232=EDGE_CURVE('',#375,#157,#3231,.T.);
#3233=LINE('',#156,#525);
#3234=EDGE_CURVE('',#157,#161,#3233,.T.);
#3235=ORIENTED_EDGE('',*,*,#3220,.F.);
#3236=ORIENTED_EDGE('',*,*,#3232,.T.);
#3237=ORIENTED_EDGE('',*,*,#3234,.T.);
#3238=DIRECTION('',(0.9913670511411631,0.0,0.131115864454591));
#3239=AXIS2_PLACEMENT_3D('',#160,#822,#3238);
#3240=PLANE('',#3239);
#3241=EDGE_LOOP('',(#3235,#3236,#3237));
#3242=FACE_BOUND('',#3241,.T.);
#3243=ADVANCED_FACE('',(#3242),#3240,.T.);
#3244=LINE('',#374,#487);
#3245=EDGE_CURVE('',#375,#377,#3244,.T.);
#3246=DIRECTION('',(0.0,0.9886662611041588,-0.15013002416013582));
#3247=VECTOR('',#3246,1000.0);
#3248=LINE('',#376,#3247);
#3249=EDGE_CURVE('',#377,#157,#3248,.T.);
#3250=ORIENTED_EDGE('',*,*,#3245,.T.);
#3251=ORIENTED_EDGE('',*,*,#3249,.T.);
#3252=ORIENTED_EDGE('',*,*,#3232,.F.);
#3253=AXIS2_PLACEMENT_3D('',#374,#12,#486);
#3254=PLANE('',#3253);
#3255=EDGE_LOOP('',(#3250,#3251,#3252));
#3256=FACE_BOUND('',#3255,.T.);
#3257=ADVANCED_FACE('',(#3256),#3254,.T.);
#3258=DIRECTION('',(0.0,0.0,-1.0));
#3259=VECTOR('',#3258,1000.0);
#3260=LINE('',#376,#3259);
#3261=EDGE_CURVE('',#377,#159,#3260,.T.);
#3262=DIRECTION('',(0.0,1.0,0.0));
#3263=VECTOR('',#3262,1000.0);
#3264=LINE('',#158,#3263);
#3265=EDGE_CURVE('',#159,#157,#3264,.T.);
#3266=ORIENTED_EDGE('',*,*,#3249,.F.);
#3267=ORIENTED_EDGE('',*,*,#3261,.T.);
#3268=ORIENTED_EDGE('',*,*,#3265,.T.);
#3269=DIRECTION('',(0.0,-0.9886662611041588,0.15013002416013582));
#3270=AXIS2_PLACEMENT_3D('',#156,#12,#3269);
#3271=PLANE('',#3270);
#3272=EDGE_LOOP('',(#3266,#3267,#3268));
#3273=FACE_BOUND('',#3272,.T.);
#3274=ADVANCED_FACE('',(#3273),#3271,.T.);
#3275=LINE('',#376,#525);
#3276=EDGE_CURVE('',#377,#379,#3275,.T.);
#3277=DIRECTION('',(0.9901533946181407,0.0,-0.13998662481170335));
#3278=VECTOR('',#3277,1000.0);
#3279=LINE('',#378,#3278);
#3280=EDGE_CURVE('',#379,#159,#3279,.T.);
#3281=ORIENTED_EDGE('',*,*,#3276,.T.);
#3282=ORIENTED_EDGE('',*,*,#3280,.T.);
#3283=ORIENTED_EDGE('',*,*,#3261,.F.);
#3284=AXIS2_PLACEMENT_3D('',#376,#1010,#524);
#3285=PLANE('',#3284);
#3286=EDGE_LOOP('',(#3281,#3282,#3283));
#3287=FACE_BOUND('',#3286,.T.);
#3288=ADVANCED_FACE('',(#3287),#3285,.T.);
#3289=DIRECTION('',(0.0,0.0,-1.0));
#3290=VECTOR('',#3289,1000.0);
#3291=LINE('',#378,#3290);
#3292=EDGE_CURVE('',#379,#163,#3291,.T.);
#3293=LINE('',#162,#537);
#3294=EDGE_CURVE('',#163,#159,#3293,.T.);
#3295=ORIENTED_EDGE('',*,*,#3280,.F.);
#3296=ORIENTED_EDGE('',*,*,#3292,.T.);
#3297=ORIENTED_EDGE('',*,*,#3294,.T.);
#3298=DIRECTION('',(-0.9901533946181407,0.0,0.13998662481170335));
#3299=AXIS2_PLACEMENT_3D('',#158,#1010,#3298);
#3300=PLANE('',#3299);
#3301=EDGE_LOOP('',(#3295,#3296,#3297));
#3302=FACE_BOUND('',#3301,.T.);
#3303=ADVANCED_FACE('',(#3302),#3300,.T.);
#3304=LINE('',#378,#487);
#3305=EDGE_CURVE('',#379,#381,#3304,.T.);
#3306=LINE('',#380,#3069);
#3307=EDGE_CURVE('',#381,#163,#3306,.T.);
#3308=ORIENTED_EDGE('',*,*,#3305,.T.);
#3309=ORIENTED_EDGE('',*,*,#3307,.T.);
#3310=ORIENTED_EDGE('',*,*,#3292,.F.);
#3311=AXIS2_PLACEMENT_3D('',#378,#12,#486);
#3312=PLANE('',#3311);
#3313=EDGE_LOOP('',(#3308,#3309,#3310));
#3314=FACE_BOUND('',#3313,.T.);
#3315=ADVANCED_FACE('',(#3314),#3312,.T.);
#3316=DIRECTION('',(0.0,0.0,-1.0));
#3317=VECTOR('',#3316,1000.0);
#3318=LINE('',#380,#3317);
#3319=EDGE_CURVE('',#381,#165,#3318,.T.);
#3320=DIRECTION('',(0.0,1.0,0.0));
#3321=VECTOR('',#3320,1000.0);
#3322=LINE('',#164,#3321);
#3323=EDGE_CURVE('',#165,#163,#3322,.T.);
#3324=ORIENTED_EDGE('',*,*,#3307,.F.);
#3325=ORIENTED_EDGE('',*,*,#3319,.T.);
#3326=ORIENTED_EDGE('',*,*,#3323,.T.);
#3327=AXIS2_PLACEMENT_3D('',#162,#12,#3093);
#3328=PLANE('',#3327);
#3329=EDGE_LOOP('',(#3324,#3325,#3326));
#3330=FACE_BOUND('',#3329,.T.);
#3331=ADVANCED_FACE('',(#3330),#3328,.T.);
#3332=LINE('',#380,#537);
#3333=EDGE_CURVE('',#381,#383,#3332,.T.);
#3334=DIRECTION('',(-0.9901533946181407,0.0,-0.13998662481170335));
#3335=VECTOR('',#3334,1000.0);
#3336=LINE('',#382,#3335);
#3337=EDGE_CURVE('',#383,#165,#3336,.T.);
#3338=ORIENTED_EDGE('',*,*,#3333,.T.);
#3339=ORIENTED_EDGE('',*,*,#3337,.T.);
#3340=ORIENTED_EDGE('',*,*,#3319,.F.);
#3341=AXIS2_PLACEMENT_3D('',#380,#822,#12);
#3342=PLANE('',#3341);
#3343=EDGE_LOOP('',(#3338,#3339,#3340));
#3344=FACE_BOUND('',#3343,.T.);
#3345=ADVANCED_FACE('',(#3344),#3342,.T.);
#3346=DIRECTION('',(0.0,0.0,-1.0));
#3347=VECTOR('',#3346,1000.0);
#3348=LINE('',#382,#3347);
#3349=EDGE_CURVE('',#383,#167,#3348,.T.);
#3350=LINE('',#166,#525);
#3351=EDGE_CURVE('',#167,#165,#3350,.T.);
#3352=ORIENTED_EDGE('',*,*,#3337,.F.);
#3353=ORIENTED_EDGE('',*,*,#3349,.T.);
#3354=ORIENTED_EDGE('',*,*,#3351,.T.);
#3355=DIRECTION('',(0.9901533946181407,0.0,0.13998662481170335));
#3356=AXIS2_PLACEMENT_3D('',#164,#822,#3355);
#3357=PLANE('',#3356);
#3358=EDGE_LOOP('',(#3352,#3353,#3354));
#3359=FACE_BOUND('',#3358,.T.);
#3360=ADVANCED_FACE('',(#3359),#3357,.T.);
#3361=LINE('',#382,#487);
#3362=EDGE_CURVE('',#383,#385,#3361,.T.);
#3363=DIRECTION('',(0.0,0.9894491125273658,-0.14488082591843576));
#3364=VECTOR('',#3363,1000.0);
#3365=LINE('',#384,#3364);
#3366=EDGE_CURVE('',#385,#167,#3365,.T.);
#3367=ORIENTED_EDGE('',*,*,#3362,.T.);
#3368=ORIENTED_EDGE('',*,*,#3366,.T.);
#3369=ORIENTED_EDGE('',*,*,#3349,.F.);
#3370=AXIS2_PLACEMENT_3D('',#382,#12,#486);
#3371=PLANE('',#3370);
#3372=EDGE_LOOP('',(#3367,#3368,#3369));
#3373=FACE_BOUND('',#3372,.T.);
#3374=ADVANCED_FACE('',(#3373),#3371,.T.);
#3375=DIRECTION('',(0.0,0.0,-1.0));
#3376=VECTOR('',#3375,1000.0);
#3377=LINE('',#384,#3376);
#3378=EDGE_CURVE('',#385,#169,#3377,.T.);
#3379=DIRECTION('',(0.0,1.0,0.0));
#3380=VECTOR('',#3379,1000.0);
#3381=LINE('',#168,#3380);
#3382=EDGE_CURVE('',#169,#167,#3381,.T.);
#3383=ORIENTED_EDGE('',*,*,#3366,.F.);
#3384=ORIENTED_EDGE('',*,*,#3378,.T.);
#3385=ORIENTED_EDGE('',*,*,#3382,.T.);
#3386=DIRECTION('',(0.0,-0.9894491125273658,0.14488082591843576));
#3387=AXIS2_PLACEMENT_3D('',#166,#12,#3386);
#3388=PLANE('',#3387);
#3389=EDGE_LOOP('',(#3383,#3384,#3385));
#3390=FACE_BOUND('',#3389,.T.);
#3391=ADVANCED_FACE('',(#3390),#3388,.T.);
#3392=LINE('',#384,#525);
#3393=EDGE_CURVE('',#385,#363,#3392,.T.);
#3394=DIRECTION('',(0.9923701658659654,0.0,-0.12329417625807136));
#3395=VECTOR('',#3394,1000.0);
#3396=LINE('',#362,#3395);
#3397=EDGE_CURVE('',#363,#169,#3396,.T.);
#3398=ORIENTED_EDGE('',*,*,#3393,.T.);
#3399=ORIENTED_EDGE('',*,*,#3397,.T.);
#3400=ORIENTED_EDGE('',*,*,#3378,.F.);
#3401=AXIS2_PLACEMENT_3D('',#384,#1010,#524);
#3402=PLANE('',#3401);
#3403=EDGE_LOOP('',(#3398,#3399,#3400));
#3404=FACE_BOUND('',#3403,.T.);
#3405=ADVANCED_FACE('',(#3404),#3402,.T.);
#3406=LINE('',#136,#537);
#3407=EDGE_CURVE('',#137,#169,#3406,.T.);
#3408=ORIENTED_EDGE('',*,*,#3397,.F.);
#3409=ORIENTED_EDGE('',*,*,#3073,.F.);
#3410=ORIENTED_EDGE('',*,*,#3407,.T.);
#3411=DIRECTION('',(-0.9923701658659654,0.0,0.12329417625807136));
#3412=AXIS2_PLACEMENT_3D('',#168,#1010,#3411);
#3413=PLANE('',#3412);
#3414=EDGE_LOOP('',(#3408,#3409,#3410));
#3415=FACE_BOUND('',#3414,.T.);
#3416=ADVANCED_FACE('',(#3415),#3413,.T.);
#3417=DIRECTION('',(0.9797174577582862,-0.20038388898222462,0.0));
#3418=VECTOR('',#3417,1000.0);
#3419=LINE('',#362,#3418);
#3420=EDGE_CURVE('',#363,#367,#3419,.T.);
#3421=ORIENTED_EDGE('',*,*,#3100,.F.);
#3422=ORIENTED_EDGE('',*,*,#3067,.F.);
#3423=ORIENTED_EDGE('',*,*,#3420,.T.);
#3424=DIRECTION('',(0.0,0.0,-1.0));
#3425=AXIS2_PLACEMENT_3D('',#366,#3424,#524);
#3426=PLANE('',#3425);
#3427=EDGE_LOOP('',(#3421,#3422,#3423));
#3428=FACE_BOUND('',#3427,.T.);
#3429=ADVANCED_FACE('',(#3428),#3426,.T.);
#3430=VECTOR('',#2301,1000.0);
#3431=LINE('',#384,#3430);
#3432=EDGE_CURVE('',#385,#367,#3431,.T.);
#3433=ORIENTED_EDGE('',*,*,#3393,.F.);
#3434=ORIENTED_EDGE('',*,*,#3432,.T.);
#3435=ORIENTED_EDGE('',*,*,#3420,.F.);
#3436=DIRECTION('',(0.0,0.0,-1.0));
#3437=AXIS2_PLACEMENT_3D('',#362,#3436,#12);
#3438=PLANE('',#3437);
#3439=EDGE_LOOP('',(#3433,#3434,#3435));
#3440=FACE_BOUND('',#3439,.T.);
#3441=ADVANCED_FACE('',(#3440),#3438,.T.);
#3442=DIRECTION('',(0.2849771257701506,-0.9585343174804873,0.0));
#3443=VECTOR('',#3442,1000.0);
#3444=LINE('',#382,#3443);
#3445=EDGE_CURVE('',#383,#367,#3444,.T.);
#3446=ORIENTED_EDGE('',*,*,#3432,.F.);
#3447=ORIENTED_EDGE('',*,*,#3362,.F.);
#3448=ORIENTED_EDGE('',*,*,#3445,.T.);
#3449=DIRECTION('',(0.0,0.0,-1.0));
#3450=AXIS2_PLACEMENT_3D('',#366,#3449,#2278);
#3451=PLANE('',#3450);
#3452=EDGE_LOOP('',(#3446,#3447,#3448));
#3453=FACE_BOUND('',#3452,.T.);
#3454=ADVANCED_FACE('',(#3453),#3451,.T.);
#3455=DIRECTION('',(0.23745940048721112,0.9713974640281156,0.0));
#3456=VECTOR('',#3455,1000.0);
#3457=LINE('',#382,#3456);
#3458=EDGE_CURVE('',#383,#369,#3457,.T.);
#3459=ORIENTED_EDGE('',*,*,#3445,.F.);
#3460=ORIENTED_EDGE('',*,*,#3458,.T.);
#3461=ORIENTED_EDGE('',*,*,#3131,.F.);
#3462=DIRECTION('',(0.0,0.0,-1.0));
#3463=DIRECTION('',(-0.2849771257701506,0.9585343174804873,0.0));
#3464=AXIS2_PLACEMENT_3D('',#366,#3462,#3463);
#3465=PLANE('',#3464);
#3466=EDGE_LOOP('',(#3459,#3460,#3461));
#3467=FACE_BOUND('',#3466,.T.);
#3468=ADVANCED_FACE('',(#3467),#3465,.T.);
#3469=DIRECTION('',(0.9603438132305753,-0.27881850797563273,0.0));
#3470=VECTOR('',#3469,1000.0);
#3471=LINE('',#370,#3470);
#3472=EDGE_CURVE('',#371,#375,#3471,.T.);
#3473=ORIENTED_EDGE('',*,*,#3188,.F.);
#3474=ORIENTED_EDGE('',*,*,#3472,.T.);
#3475=ORIENTED_EDGE('',*,*,#3216,.F.);
#3476=DIRECTION('',(0.0,0.0,-1.0));
#3477=DIRECTION('',(0.0,1.0,0.0));
#3478=AXIS2_PLACEMENT_3D('',#372,#3476,#3477);
#3479=PLANE('',#3478);
#3480=EDGE_LOOP('',(#3473,#3474,#3475));
#3481=FACE_BOUND('',#3480,.T.);
#3482=ADVANCED_FACE('',(#3481),#3479,.T.);
#3483=LINE('',#368,#2247);
#3484=EDGE_CURVE('',#369,#375,#3483,.T.);
#3485=ORIENTED_EDGE('',*,*,#3472,.F.);
#3486=ORIENTED_EDGE('',*,*,#3159,.F.);
#3487=ORIENTED_EDGE('',*,*,#3484,.T.);
#3488=DIRECTION('',(0.0,0.0,-1.0));
#3489=DIRECTION('',(-0.9603438132305753,0.27881850797563273,0.0));
#3490=AXIS2_PLACEMENT_3D('',#374,#3488,#3489);
#3491=PLANE('',#3490);
#3492=EDGE_LOOP('',(#3485,#3486,#3487));
#3493=FACE_BOUND('',#3492,.T.);
#3494=ADVANCED_FACE('',(#3493),#3491,.T.);
#3495=DIRECTION('',(-0.29222240954233997,-0.956350387337857,0.0));
#3496=VECTOR('',#3495,1000.0);
#3497=LINE('',#368,#3496);
#3498=EDGE_CURVE('',#369,#377,#3497,.T.);
#3499=ORIENTED_EDGE('',*,*,#3484,.F.);
#3500=ORIENTED_EDGE('',*,*,#3498,.T.);
#3501=ORIENTED_EDGE('',*,*,#3245,.F.);
#3502=DIRECTION('',(0.0,-0.0,-1.0));
#3503=AXIS2_PLACEMENT_3D('',#374,#3502,#2272);
#3504=PLANE('',#3503);
#3505=EDGE_LOOP('',(#3499,#3500,#3501));
#3506=FACE_BOUND('',#3505,.T.);
#3507=ADVANCED_FACE('',(#3506),#3504,.T.);
#3508=DIRECTION('',(0.0,1.0,0.0));
#3509=VECTOR('',#3508,1000.0);
#3510=LINE('',#382,#3509);
#3511=EDGE_CURVE('',#383,#377,#3510,.T.);
#3512=ORIENTED_EDGE('',*,*,#3498,.F.);
#3513=ORIENTED_EDGE('',*,*,#3458,.F.);
#3514=ORIENTED_EDGE('',*,*,#3511,.T.);
#3515=DIRECTION('',(0.0,-0.0,-1.0));
#3516=DIRECTION('',(0.29222240954233997,0.956350387337857,0.0));
#3517=AXIS2_PLACEMENT_3D('',#376,#3515,#3516);
#3518=PLANE('',#3517);
#3519=EDGE_LOOP('',(#3512,#3513,#3514));
#3520=FACE_BOUND('',#3519,.T.);
#3521=ADVANCED_FACE('',(#3520),#3518,.T.);
#3522=DIRECTION('',(-0.9550691452484984,0.2963830760929217,0.0));
#3523=VECTOR('',#3522,1000.0);
#3524=LINE('',#382,#3523);
#3525=EDGE_CURVE('',#383,#379,#3524,.T.);
#3526=ORIENTED_EDGE('',*,*,#3511,.F.);
#3527=ORIENTED_EDGE('',*,*,#3525,.T.);
#3528=ORIENTED_EDGE('',*,*,#3276,.F.);
#3529=AXIS2_PLACEMENT_3D('',#376,#1040,#486);
#3530=PLANE('',#3529);
#3531=EDGE_LOOP('',(#3526,#3527,#3528));
#3532=FACE_BOUND('',#3531,.T.);
#3533=ADVANCED_FACE('',(#3532),#3530,.T.);
#3534=ORIENTED_EDGE('',*,*,#3525,.F.);
#3535=ORIENTED_EDGE('',*,*,#3333,.F.);
#3536=ORIENTED_EDGE('',*,*,#3305,.F.);
#3537=DIRECTION('',(0.9550691452484984,-0.2963830760929217,0.0));
#3538=AXIS2_PLACEMENT_3D('',#378,#1040,#3537);
#3539=PLANE('',#3538);
#3540=EDGE_LOOP('',(#3534,#3535,#3536));
#3541=FACE_BOUND('',#3540,.T.);
#3542=ADVANCED_FACE('',(#3541),#3539,.T.);
#3543=LINE('',#386,#487);
#3544=EDGE_CURVE('',#387,#389,#3543,.T.);
#3545=LINE('',#388,#3069);
#3546=EDGE_CURVE('',#389,#55,#3545,.T.);
#3547=LINE('',#54,#504);
#3548=EDGE_CURVE('',#55,#387,#3547,.T.);
#3549=ORIENTED_EDGE('',*,*,#3544,.T.);
#3550=ORIENTED_EDGE('',*,*,#3546,.T.);
#3551=ORIENTED_EDGE('',*,*,#3548,.T.);
#3552=AXIS2_PLACEMENT_3D('',#386,#12,#486);
#3553=PLANE('',#3552);
#3554=EDGE_LOOP('',(#3549,#3550,#3551));
#3555=FACE_BOUND('',#3554,.T.);
#3556=ADVANCED_FACE('',(#3555),#3553,.T.);
#3557=DIRECTION('',(0.0,0.0,-1.0));
#3558=VECTOR('',#3557,1000.0);
#3559=LINE('',#388,#3558);
#3560=EDGE_CURVE('',#389,#125,#3559,.T.);
#3561=DIRECTION('',(0.0,1.0,0.0));
#3562=VECTOR('',#3561,1000.0);
#3563=LINE('',#124,#3562);
#3564=EDGE_CURVE('',#125,#55,#3563,.T.);
#3565=ORIENTED_EDGE('',*,*,#3546,.F.);
#3566=ORIENTED_EDGE('',*,*,#3560,.T.);
#3567=ORIENTED_EDGE('',*,*,#3564,.T.);
#3568=AXIS2_PLACEMENT_3D('',#54,#12,#3093);
#3569=PLANE('',#3568);
#3570=EDGE_LOOP('',(#3565,#3566,#3567));
#3571=FACE_BOUND('',#3570,.T.);
#3572=ADVANCED_FACE('',(#3571),#3569,.T.);
#3573=DIRECTION('',(0.9250443247122049,-0.37985918090489906,0.0));
#3574=VECTOR('',#3573,1000.0);
#3575=LINE('',#388,#3574);
#3576=EDGE_CURVE('',#389,#391,#3575,.T.);
#3577=DIRECTION('',(-0.8485959064857692,0.3484664867893996,-0.3980654407007077));
#3578=VECTOR('',#3577,1000.0);
#3579=LINE('',#390,#3578);
#3580=EDGE_CURVE('',#391,#125,#3579,.T.);
#3581=ORIENTED_EDGE('',*,*,#3560,.F.);
#3582=ORIENTED_EDGE('',*,*,#3576,.T.);
#3583=ORIENTED_EDGE('',*,*,#3580,.T.);
#3584=DIRECTION('',(0.37985918090489906,0.9250443247122049,-0.0));
#3585=AXIS2_PLACEMENT_3D('',#124,#3584,#11);
#3586=PLANE('',#3585);
#3587=EDGE_LOOP('',(#3581,#3582,#3583));
#3588=FACE_BOUND('',#3587,.T.);
#3589=ADVANCED_FACE('',(#3588),#3586,.T.);
#3590=DIRECTION('',(0.0,0.0,-1.0));
#3591=VECTOR('',#3590,1000.0);
#3592=LINE('',#392,#3591);
#3593=EDGE_CURVE('',#393,#133,#3592,.T.);
#3594=DIRECTION('',(-0.9998522687225867,0.01718838940378932,0.0));
#3595=VECTOR('',#3594,1000.0);
#3596=LINE('',#132,#3595);
#3597=EDGE_CURVE('',#133,#131,#3596,.T.);
#3598=DIRECTION('',(0.4797453694712471,-0.008247268604662713,0.8773690004960621));
#3599=VECTOR('',#3598,1000.0);
#3600=LINE('',#130,#3599);
#3601=EDGE_CURVE('',#131,#393,#3600,.T.);
#3602=ORIENTED_EDGE('',*,*,#3593,.T.);
#3603=ORIENTED_EDGE('',*,*,#3597,.T.);
#3604=ORIENTED_EDGE('',*,*,#3601,.T.);
#3605=DIRECTION('',(0.01718838940378932,0.9998522687225867,0.0));
#3606=DIRECTION('',(0.0,0.0,-1.0));
#3607=AXIS2_PLACEMENT_3D('',#392,#3605,#3606);
#3608=PLANE('',#3607);
#3609=EDGE_LOOP('',(#3602,#3603,#3604));
#3610=FACE_BOUND('',#3609,.T.);
#3611=ADVANCED_FACE('',(#3610),#3608,.T.);
#3612=LINE('',#130,#504);
#3613=EDGE_CURVE('',#131,#395,#3612,.T.);
#3614=DIRECTION('',(0.9998522687225867,-0.01718838940378932,0.0));
#3615=VECTOR('',#3614,1000.0);
#3616=LINE('',#394,#3615);
#3617=EDGE_CURVE('',#395,#393,#3616,.T.);
#3618=ORIENTED_EDGE('',*,*,#3601,.F.);
#3619=ORIENTED_EDGE('',*,*,#3613,.T.);
#3620=ORIENTED_EDGE('',*,*,#3617,.T.);
#3621=DIRECTION('',(0.01718838940378932,0.9998522687225867,-0.0));
#3622=DIRECTION('',(-0.4797453694712471,0.008247268604662713,-0.8773690004960621));
#3623=AXIS2_PLACEMENT_3D('',#392,#3621,#3622);
#3624=PLANE('',#3623);
#3625=EDGE_LOOP('',(#3618,#3619,#3620));
#3626=FACE_BOUND('',#3625,.T.);
#3627=ADVANCED_FACE('',(#3626),#3624,.T.);
#3628=DIRECTION('',(-0.9903207476716166,0.13879775477697837,0.0));
#3629=VECTOR('',#3628,1000.0);
#3630=LINE('',#130,#3629);
#3631=EDGE_CURVE('',#131,#129,#3630,.T.);
#3632=DIRECTION('',(0.6239107908396468,-0.08744380762826051,0.776587989593786));
#3633=VECTOR('',#3632,1000.0);
#3634=LINE('',#128,#3633);
#3635=EDGE_CURVE('',#129,#395,#3634,.T.);
#3636=ORIENTED_EDGE('',*,*,#3613,.F.);
#3637=ORIENTED_EDGE('',*,*,#3631,.T.);
#3638=ORIENTED_EDGE('',*,*,#3635,.T.);
#3639=DIRECTION('',(0.13879775477697837,0.9903207476716166,0.0));
#3640=DIRECTION('',(0.0,0.0,-1.0));
#3641=AXIS2_PLACEMENT_3D('',#394,#3639,#3640);
#3642=PLANE('',#3641);
#3643=EDGE_LOOP('',(#3636,#3637,#3638));
#3644=FACE_BOUND('',#3643,.T.);
#3645=ADVANCED_FACE('',(#3644),#3642,.T.);
#3646=DIRECTION('',(-0.8892956132780667,0.12461579301353218,0.4400275177031499));
#3647=VECTOR('',#3646,1000.0);
#3648=LINE('',#128,#3647);
#3649=EDGE_CURVE('',#129,#391,#3648,.T.);
#3650=DIRECTION('',(0.9903232502842076,-0.13877989748707328,0.0));
#3651=VECTOR('',#3650,1000.0);
#3652=LINE('',#390,#3651);
#3653=EDGE_CURVE('',#391,#395,#3652,.T.);
#3654=ORIENTED_EDGE('',*,*,#3635,.F.);
#3655=ORIENTED_EDGE('',*,*,#3649,.T.);
#3656=ORIENTED_EDGE('',*,*,#3653,.T.);
#3657=DIRECTION('',(0.13877989747222466,0.9903232501782488,1.4628340885922525e-05));
#3658=DIRECTION('',(-0.6239107908396468,0.08744380762826051,-0.776587989593786));
#3659=AXIS2_PLACEMENT_3D('',#394,#3657,#3658);
#3660=PLANE('',#3659);
#3661=EDGE_LOOP('',(#3654,#3655,#3656));
#3662=FACE_BOUND('',#3661,.T.);
#3663=ADVANCED_FACE('',(#3662),#3660,.T.);
#3664=LINE('',#128,#3629);
#3665=EDGE_CURVE('',#129,#127,#3664,.T.);
#3666=LINE('',#126,#504);
#3667=EDGE_CURVE('',#127,#391,#3666,.T.);
#3668=ORIENTED_EDGE('',*,*,#3649,.F.);
#3669=ORIENTED_EDGE('',*,*,#3665,.T.);
#3670=ORIENTED_EDGE('',*,*,#3667,.T.);
#3671=DIRECTION('',(0.8892956132780667,-0.12461579301353218,-0.4400275177031499));
#3672=AXIS2_PLACEMENT_3D('',#390,#3639,#3671);
#3673=PLANE('',#3672);
#3674=EDGE_LOOP('',(#3668,#3669,#3670));
#3675=FACE_BOUND('',#3674,.T.);
#3676=ADVANCED_FACE('',(#3675),#3673,.T.);
#3677=DIRECTION('',(-0.9250443247122049,0.37985918090489906,0.0));
#3678=VECTOR('',#3677,1000.0);
#3679=LINE('',#126,#3678);
#3680=EDGE_CURVE('',#127,#125,#3679,.T.);
#3681=ORIENTED_EDGE('',*,*,#3667,.F.);
#3682=ORIENTED_EDGE('',*,*,#3680,.T.);
#3683=ORIENTED_EDGE('',*,*,#3580,.F.);
#3684=DIRECTION('',(0.37985918090489906,0.9250443247122049,0.0));
#3685=DIRECTION('',(0.0,0.0,-1.0));
#3686=AXIS2_PLACEMENT_3D('',#390,#3684,#3685);
#3687=PLANE('',#3686);
#3688=EDGE_LOOP('',(#3681,#3682,#3683));
#3689=FACE_BOUND('',#3688,.T.);
#3690=ADVANCED_FACE('',(#3689),#3687,.T.);
#3691=DIRECTION('',(0.0,0.0,-1.0));
#3692=VECTOR('',#3691,1000.0);
#3693=LINE('',#396,#3692);
#3694=EDGE_CURVE('',#397,#117,#3693,.T.);
#3695=DIRECTION('',(-0.08320926832703884,-0.9965320956519557,0.0));
#3696=VECTOR('',#3695,1000.0);
#3697=LINE('',#116,#3696);
#3698=EDGE_CURVE('',#117,#115,#3697,.T.);
#3699=DIRECTION('',(0.07643500988250916,0.9154021193891856,0.3952172175931203));
#3700=VECTOR('',#3699,1000.0);
#3701=LINE('',#114,#3700);
#3702=EDGE_CURVE('',#115,#397,#3701,.T.);
#3703=ORIENTED_EDGE('',*,*,#3694,.T.);
#3704=ORIENTED_EDGE('',*,*,#3698,.T.);
#3705=ORIENTED_EDGE('',*,*,#3702,.T.);
#3706=DIRECTION('',(-0.9965320956519559,0.08320926832703886,0.0));
#3707=DIRECTION('',(0.0,0.0,-1.0));
#3708=AXIS2_PLACEMENT_3D('',#396,#3706,#3707);
#3709=PLANE('',#3708);
#3710=EDGE_LOOP('',(#3703,#3704,#3705));
#3711=FACE_BOUND('',#3710,.T.);
#3712=ADVANCED_FACE('',(#3711),#3709,.T.);
#3713=LINE('',#114,#504);
#3714=EDGE_CURVE('',#115,#399,#3713,.T.);
#3715=DIRECTION('',(0.08320926832703884,0.9965320956519557,0.0));
#3716=VECTOR('',#3715,1000.0);
#3717=LINE('',#398,#3716);
#3718=EDGE_CURVE('',#399,#397,#3717,.T.);
#3719=ORIENTED_EDGE('',*,*,#3702,.F.);
#3720=ORIENTED_EDGE('',*,*,#3714,.T.);
#3721=ORIENTED_EDGE('',*,*,#3718,.T.);
#3722=DIRECTION('',(-0.07643500988250916,-0.9154021193891856,-0.3952172175931203));
#3723=AXIS2_PLACEMENT_3D('',#396,#3706,#3722);
#3724=PLANE('',#3723);
#3725=EDGE_LOOP('',(#3719,#3720,#3721));
#3726=FACE_BOUND('',#3725,.T.);
#3727=ADVANCED_FACE('',(#3726),#3724,.T.);
#3728=DIRECTION('',(-0.27352073514615244,-0.961866106817944,0.0));
#3729=VECTOR('',#3728,1000.0);
#3730=LINE('',#114,#3729);
#3731=EDGE_CURVE('',#115,#105,#3730,.T.);
#3732=DIRECTION('',(0.24902212340876714,0.8757140120537507,0.41365801230692023));
#3733=VECTOR('',#3732,1000.0);
#3734=LINE('',#104,#3733);
#3735=EDGE_CURVE('',#105,#399,#3734,.T.);
#3736=ORIENTED_EDGE('',*,*,#3714,.F.);
#3737=ORIENTED_EDGE('',*,*,#3731,.T.);
#3738=ORIENTED_EDGE('',*,*,#3735,.T.);
#3739=DIRECTION('',(-0.961866106817944,0.27352073514615244,0.0));
#3740=DIRECTION('',(0.0,0.0,-1.0));
#3741=AXIS2_PLACEMENT_3D('',#398,#3739,#3740);
#3742=PLANE('',#3741);
#3743=EDGE_LOOP('',(#3736,#3737,#3738));
#3744=FACE_BOUND('',#3743,.T.);
#3745=ADVANCED_FACE('',(#3744),#3742,.T.);
#3746=LINE('',#104,#504);
#3747=EDGE_CURVE('',#105,#401,#3746,.T.);
#3748=DIRECTION('',(0.27352073514615244,0.961866106817944,0.0));
#3749=VECTOR('',#3748,1000.0);
#3750=LINE('',#400,#3749);
#3751=EDGE_CURVE('',#401,#399,#3750,.T.);
#3752=ORIENTED_EDGE('',*,*,#3735,.F.);
#3753=ORIENTED_EDGE('',*,*,#3747,.T.);
#3754=ORIENTED_EDGE('',*,*,#3751,.T.);
#3755=DIRECTION('',(-0.24902212340876714,-0.8757140120537507,-0.41365801230692023));
#3756=AXIS2_PLACEMENT_3D('',#398,#3739,#3755);
#3757=PLANE('',#3756);
#3758=EDGE_LOOP('',(#3752,#3753,#3754));
#3759=FACE_BOUND('',#3758,.T.);
#3760=ADVANCED_FACE('',(#3759),#3757,.T.);
#3761=DIRECTION('',(-0.48877938124412157,-0.8724074257310135,0.0));
#3762=VECTOR('',#3761,1000.0);
#3763=LINE('',#104,#3762);
#3764=EDGE_CURVE('',#105,#101,#3763,.T.);
#3765=DIRECTION('',(0.4442577144657907,0.79294205915914,0.41698677911187404));
#3766=VECTOR('',#3765,1000.0);
#3767=LINE('',#100,#3766);
#3768=EDGE_CURVE('',#101,#401,#3767,.T.);
#3769=ORIENTED_EDGE('',*,*,#3747,.F.);
#3770=ORIENTED_EDGE('',*,*,#3764,.T.);
#3771=ORIENTED_EDGE('',*,*,#3768,.T.);
#3772=DIRECTION('',(-0.8724074257310134,0.48877938124412157,0.0));
#3773=DIRECTION('',(0.0,0.0,-1.0));
#3774=AXIS2_PLACEMENT_3D('',#400,#3772,#3773);
#3775=PLANE('',#3774);
#3776=EDGE_LOOP('',(#3769,#3770,#3771));
#3777=FACE_BOUND('',#3776,.T.);
#3778=ADVANCED_FACE('',(#3777),#3775,.T.);
#3779=LINE('',#100,#504);
#3780=EDGE_CURVE('',#101,#403,#3779,.T.);
#3781=DIRECTION('',(0.48877938124412157,0.8724074257310135,0.0));
#3782=VECTOR('',#3781,1000.0);
#3783=LINE('',#402,#3782);
#3784=EDGE_CURVE('',#403,#401,#3783,.T.);
#3785=ORIENTED_EDGE('',*,*,#3768,.F.);
#3786=ORIENTED_EDGE('',*,*,#3780,.T.);
#3787=ORIENTED_EDGE('',*,*,#3784,.T.);
#3788=DIRECTION('',(-0.4442577144657907,-0.79294205915914,-0.41698677911187404));
#3789=AXIS2_PLACEMENT_3D('',#400,#3772,#3788);
#3790=PLANE('',#3789);
#3791=EDGE_LOOP('',(#3785,#3786,#3787));
#3792=FACE_BOUND('',#3791,.T.);
#3793=ADVANCED_FACE('',(#3792),#3790,.T.);
#3794=DIRECTION('',(-0.6886723481083037,-0.7250726839089964,0.0));
#3795=VECTOR('',#3794,1000.0);
#3796=LINE('',#100,#3795);
#3797=EDGE_CURVE('',#101,#99,#3796,.T.);
#3798=DIRECTION('',(0.6260219145798518,0.6591108108770435,0.41673672918376536));
#3799=VECTOR('',#3798,1000.0);
#3800=LINE('',#98,#3799);
#3801=EDGE_CURVE('',#99,#403,#3800,.T.);
#3802=ORIENTED_EDGE('',*,*,#3780,.F.);
#3803=ORIENTED_EDGE('',*,*,#3797,.T.);
#3804=ORIENTED_EDGE('',*,*,#3801,.T.);
#3805=DIRECTION('',(-0.7250726839089964,0.6886723481083037,0.0));
#3806=DIRECTION('',(0.0,0.0,-1.0));
#3807=AXIS2_PLACEMENT_3D('',#402,#3805,#3806);
#3808=PLANE('',#3807);
#3809=EDGE_LOOP('',(#3802,#3803,#3804));
#3810=FACE_BOUND('',#3809,.T.);
#3811=ADVANCED_FACE('',(#3810),#3808,.T.);
#3812=LINE('',#98,#504);
#3813=EDGE_CURVE('',#99,#405,#3812,.T.);
#3814=DIRECTION('',(0.6886723481083037,0.7250726839089964,0.0));
#3815=VECTOR('',#3814,1000.0);
#3816=LINE('',#404,#3815);
#3817=EDGE_CURVE('',#405,#403,#3816,.T.);
#3818=ORIENTED_EDGE('',*,*,#3801,.F.);
#3819=ORIENTED_EDGE('',*,*,#3813,.T.);
#3820=ORIENTED_EDGE('',*,*,#3817,.T.);
#3821=DIRECTION('',(-0.6260219145798518,-0.6591108108770435,-0.41673672918376536));
#3822=AXIS2_PLACEMENT_3D('',#402,#3805,#3821);
#3823=PLANE('',#3822);
#3824=EDGE_LOOP('',(#3818,#3819,#3820));
#3825=FACE_BOUND('',#3824,.T.);
#3826=ADVANCED_FACE('',(#3825),#3823,.T.);
#3827=DIRECTION('',(-0.8428018787255548,-0.5382239247903008,0.0));
#3828=VECTOR('',#3827,1000.0);
#3829=LINE('',#98,#3828);
#3830=EDGE_CURVE('',#99,#45,#3829,.T.);
#3831=DIRECTION('',(0.7465619573672784,0.47676389544949194,0.46404895410696073));
#3832=VECTOR('',#3831,1000.0);
#3833=LINE('',#44,#3832);
#3834=EDGE_CURVE('',#45,#405,#3833,.T.);
#3835=ORIENTED_EDGE('',*,*,#3813,.F.);
#3836=ORIENTED_EDGE('',*,*,#3830,.T.);
#3837=ORIENTED_EDGE('',*,*,#3834,.T.);
#3838=DIRECTION('',(-0.5382239247903008,0.8428018787255548,0.0));
#3839=DIRECTION('',(0.0,0.0,-1.0));
#3840=AXIS2_PLACEMENT_3D('',#404,#3838,#3839);
#3841=PLANE('',#3840);
#3842=EDGE_LOOP('',(#3835,#3836,#3837));
#3843=FACE_BOUND('',#3842,.T.);
#3844=ADVANCED_FACE('',(#3843),#3841,.T.);
#3845=LINE('',#44,#504);
#3846=EDGE_CURVE('',#45,#407,#3845,.T.);
#3847=DIRECTION('',(0.8428018787255548,0.5382239247903008,0.0));
#3848=VECTOR('',#3847,1000.0);
#3849=LINE('',#406,#3848);
#3850=EDGE_CURVE('',#407,#405,#3849,.T.);
#3851=ORIENTED_EDGE('',*,*,#3834,.F.);
#3852=ORIENTED_EDGE('',*,*,#3846,.T.);
#3853=ORIENTED_EDGE('',*,*,#3850,.T.);
#3854=DIRECTION('',(-0.7465619573672784,-0.47676389544949194,-0.46404895410696073));
#3855=AXIS2_PLACEMENT_3D('',#404,#3838,#3854);
#3856=PLANE('',#3855);
#3857=EDGE_LOOP('',(#3851,#3852,#3853));
#3858=FACE_BOUND('',#3857,.T.);
#3859=ADVANCED_FACE('',(#3858),#3856,.T.);
#3860=DIRECTION('',(-0.9455553056698962,-0.32546146303289003,0.0));
#3861=VECTOR('',#3860,1000.0);
#3862=LINE('',#44,#3861);
#3863=EDGE_CURVE('',#45,#49,#3862,.T.);
#3864=DIRECTION('',(0.8498362518621255,0.29251483039744614,0.4384215083894576));
#3865=VECTOR('',#3864,1000.0);
#3866=LINE('',#48,#3865);
#3867=EDGE_CURVE('',#49,#407,#3866,.T.);
#3868=ORIENTED_EDGE('',*,*,#3846,.F.);
#3869=ORIENTED_EDGE('',*,*,#3863,.T.);
#3870=ORIENTED_EDGE('',*,*,#3867,.T.);
#3871=DIRECTION('',(0.0,0.0,-1.0));
#3872=AXIS2_PLACEMENT_3D('',#406,#2007,#3871);
#3873=PLANE('',#3872);
#3874=EDGE_LOOP('',(#3868,#3869,#3870));
#3875=FACE_BOUND('',#3874,.T.);
#3876=ADVANCED_FACE('',(#3875),#3873,.T.);
#3877=LINE('',#48,#504);
#3878=EDGE_CURVE('',#49,#409,#3877,.T.);
#3879=VECTOR('',#2018,1000.0);
#3880=LINE('',#408,#3879);
#3881=EDGE_CURVE('',#409,#407,#3880,.T.);
#3882=ORIENTED_EDGE('',*,*,#3867,.F.);
#3883=ORIENTED_EDGE('',*,*,#3878,.T.);
#3884=ORIENTED_EDGE('',*,*,#3881,.T.);
#3885=DIRECTION('',(-0.8498362518621255,-0.29251483039744614,-0.4384215083894576));
#3886=AXIS2_PLACEMENT_3D('',#406,#2007,#3885);
#3887=PLANE('',#3886);
#3888=EDGE_LOOP('',(#3882,#3883,#3884));
#3889=FACE_BOUND('',#3888,.T.);
#3890=ADVANCED_FACE('',(#3889),#3887,.T.);
#3891=DIRECTION('',(-0.9223913735431168,-0.09565207525057648,0.37422564652025164));
#3892=VECTOR('',#3891,1000.0);
#3893=LINE('',#48,#3892);
#3894=EDGE_CURVE('',#49,#393,#3893,.T.);
#3895=DIRECTION('',(0.9946661257605293,0.10314697409298584,0.0));
#3896=VECTOR('',#3895,1000.0);
#3897=LINE('',#392,#3896);
#3898=EDGE_CURVE('',#393,#409,#3897,.T.);
#3899=ORIENTED_EDGE('',*,*,#3878,.F.);
#3900=ORIENTED_EDGE('',*,*,#3894,.T.);
#3901=ORIENTED_EDGE('',*,*,#3898,.T.);
#3902=DIRECTION('',(-0.10314697409298583,0.9946661257605293,0.0));
#3903=DIRECTION('',(0.0,0.0,-1.0));
#3904=AXIS2_PLACEMENT_3D('',#408,#3902,#3903);
#3905=PLANE('',#3904);
#3906=EDGE_LOOP('',(#3899,#3900,#3901));
#3907=FACE_BOUND('',#3906,.T.);
#3908=ADVANCED_FACE('',(#3907),#3905,.T.);
#3909=DIRECTION('',(-0.9946683386540092,-0.10312563250362868,0.0));
#3910=VECTOR('',#3909,1000.0);
#3911=LINE('',#48,#3910);
#3912=EDGE_CURVE('',#49,#51,#3911,.T.);
#3913=DIRECTION('',(-0.7594980536709168,-0.07877806712111189,0.6457218616484584));
#3914=VECTOR('',#3913,1000.0);
#3915=LINE('',#50,#3914);
#3916=EDGE_CURVE('',#51,#393,#3915,.T.);
#3917=ORIENTED_EDGE('',*,*,#3894,.F.);
#3918=ORIENTED_EDGE('',*,*,#3912,.T.);
#3919=ORIENTED_EDGE('',*,*,#3916,.T.);
#3920=DIRECTION('',(-0.10312563235786705,0.9946683372481075,5.316836494583164e-05));
#3921=DIRECTION('',(0.9223913735431168,0.09565207525057648,-0.37422564652025164));
#3922=AXIS2_PLACEMENT_3D('',#392,#3920,#3921);
#3923=PLANE('',#3922);
#3924=EDGE_LOOP('',(#3917,#3918,#3919));
#3925=FACE_BOUND('',#3924,.T.);
#3926=ADVANCED_FACE('',(#3925),#3923,.T.);
#3927=LINE('',#50,#3910);
#3928=EDGE_CURVE('',#51,#133,#3927,.T.);
#3929=ORIENTED_EDGE('',*,*,#3916,.F.);
#3930=ORIENTED_EDGE('',*,*,#3928,.T.);
#3931=ORIENTED_EDGE('',*,*,#3593,.F.);
#3932=DIRECTION('',(0.7594980536709168,0.07877806712111189,-0.6457218616484584));
#3933=AXIS2_PLACEMENT_3D('',#392,#3902,#3932);
#3934=PLANE('',#3933);
#3935=EDGE_LOOP('',(#3929,#3930,#3931));
#3936=FACE_BOUND('',#3935,.T.);
#3937=ADVANCED_FACE('',(#3936),#3934,.T.);
#3938=DIRECTION('',(0.0,0.0,-1.0));
#3939=VECTOR('',#3938,1000.0);
#3940=LINE('',#410,#3939);
#3941=EDGE_CURVE('',#411,#121,#3940,.T.);
#3942=DIRECTION('',(0.9966839588979363,-0.08137005638155209,0.0));
#3943=VECTOR('',#3942,1000.0);
#3944=LINE('',#120,#3943);
#3945=EDGE_CURVE('',#121,#113,#3944,.T.);
#3946=DIRECTION('',(-0.892828796728283,0.07289123987626378,0.4444587797333148));
#3947=VECTOR('',#3946,1000.0);
#3948=LINE('',#112,#3947);
#3949=EDGE_CURVE('',#113,#411,#3948,.T.);
#3950=ORIENTED_EDGE('',*,*,#3941,.T.);
#3951=ORIENTED_EDGE('',*,*,#3945,.T.);
#3952=ORIENTED_EDGE('',*,*,#3949,.T.);
#3953=DIRECTION('',(-0.0813700563815521,-0.9966839588979364,-0.0));
#3954=DIRECTION('',(0.0,0.0,-1.0));
#3955=AXIS2_PLACEMENT_3D('',#410,#3953,#3954);
#3956=PLANE('',#3955);
#3957=EDGE_LOOP('',(#3950,#3951,#3952));
#3958=FACE_BOUND('',#3957,.T.);
#3959=ADVANCED_FACE('',(#3958),#3956,.T.);
#3960=LINE('',#112,#504);
#3961=EDGE_CURVE('',#113,#413,#3960,.T.);
#3962=DIRECTION('',(-0.9966839588979363,0.08137005638155209,0.0));
#3963=VECTOR('',#3962,1000.0);
#3964=LINE('',#412,#3963);
#3965=EDGE_CURVE('',#413,#411,#3964,.T.);
#3966=ORIENTED_EDGE('',*,*,#3949,.F.);
#3967=ORIENTED_EDGE('',*,*,#3961,.T.);
#3968=ORIENTED_EDGE('',*,*,#3965,.T.);
#3969=DIRECTION('',(-0.0813700563815521,-0.9966839588979364,0.0));
#3970=DIRECTION('',(0.892828796728283,-0.07289123987626378,-0.4444587797333148));
#3971=AXIS2_PLACEMENT_3D('',#410,#3969,#3970);
#3972=PLANE('',#3971);
#3973=EDGE_LOOP('',(#3966,#3967,#3968));
#3974=FACE_BOUND('',#3973,.T.);
#3975=ADVANCED_FACE('',(#3974),#3972,.T.);
#3976=LINE('',#112,#3470);
#3977=EDGE_CURVE('',#113,#111,#3976,.T.);
#3978=DIRECTION('',(-0.8819814902275,0.25617653977006116,0.39557835047878503));
#3979=VECTOR('',#3978,1000.0);
#3980=LINE('',#110,#3979);
#3981=EDGE_CURVE('',#111,#413,#3980,.T.);
#3982=ORIENTED_EDGE('',*,*,#3961,.F.);
#3983=ORIENTED_EDGE('',*,*,#3977,.T.);
#3984=ORIENTED_EDGE('',*,*,#3981,.T.);
#3985=DIRECTION('',(-0.2789280801117724,-0.960311994158753,-0.0));
#3986=DIRECTION('',(0.0,0.0,-1.0));
#3987=AXIS2_PLACEMENT_3D('',#412,#3985,#3986);
#3988=PLANE('',#3987);
#3989=EDGE_LOOP('',(#3982,#3983,#3984));
#3990=FACE_BOUND('',#3989,.T.);
#3991=ADVANCED_FACE('',(#3990),#3988,.T.);
#3992=LINE('',#110,#504);
#3993=EDGE_CURVE('',#111,#415,#3992,.T.);
#3994=VECTOR('',#3489,1000.0);
#3995=LINE('',#414,#3994);
#3996=EDGE_CURVE('',#415,#413,#3995,.T.);
#3997=ORIENTED_EDGE('',*,*,#3981,.F.);
#3998=ORIENTED_EDGE('',*,*,#3993,.T.);
#3999=ORIENTED_EDGE('',*,*,#3996,.T.);
#4000=DIRECTION('',(-0.2789280801117724,-0.960311994158753,0.0));
#4001=DIRECTION('',(0.8819814902275,-0.25617653977006116,-0.39557835047878503));
#4002=AXIS2_PLACEMENT_3D('',#412,#4000,#4001);
#4003=PLANE('',#4002);
#4004=EDGE_LOOP('',(#3997,#3998,#3999));
#4005=FACE_BOUND('',#4004,.T.);
#4006=ADVANCED_FACE('',(#4005),#4003,.T.);
#4007=DIRECTION('',(0.8666439772768965,-0.4989270654611575,0.0));
#4008=VECTOR('',#4007,1000.0);
#4009=LINE('',#110,#4008);
#4010=EDGE_CURVE('',#111,#109,#4009,.T.);
#4011=DIRECTION('',(-0.7884641578334021,0.45391893188387517,0.41506851854780075));
#4012=VECTOR('',#4011,1000.0);
#4013=LINE('',#108,#4012);
#4014=EDGE_CURVE('',#109,#415,#4013,.T.);
#4015=ORIENTED_EDGE('',*,*,#3993,.F.);
#4016=ORIENTED_EDGE('',*,*,#4010,.T.);
#4017=ORIENTED_EDGE('',*,*,#4014,.T.);
#4018=DIRECTION('',(-0.49892706546115756,-0.8666439772768966,-0.0));
#4019=DIRECTION('',(0.0,0.0,-1.0));
#4020=AXIS2_PLACEMENT_3D('',#414,#4018,#4019);
#4021=PLANE('',#4020);
#4022=EDGE_LOOP('',(#4015,#4016,#4017));
#4023=FACE_BOUND('',#4022,.T.);
#4024=ADVANCED_FACE('',(#4023),#4021,.T.);
#4025=LINE('',#108,#504);
#4026=EDGE_CURVE('',#109,#417,#4025,.T.);
#4027=DIRECTION('',(-0.8666439772768965,0.4989270654611575,0.0));
#4028=VECTOR('',#4027,1000.0);
#4029=LINE('',#416,#4028);
#4030=EDGE_CURVE('',#417,#415,#4029,.T.);
#4031=ORIENTED_EDGE('',*,*,#4014,.F.);
#4032=ORIENTED_EDGE('',*,*,#4026,.T.);
#4033=ORIENTED_EDGE('',*,*,#4030,.T.);
#4034=DIRECTION('',(-0.49892706546115756,-0.8666439772768966,0.0));
#4035=DIRECTION('',(0.7884641578334021,-0.45391893188387517,-0.41506851854780075));
#4036=AXIS2_PLACEMENT_3D('',#414,#4034,#4035);
#4037=PLANE('',#4036);
#4038=EDGE_LOOP('',(#4031,#4032,#4033));
#4039=FACE_BOUND('',#4038,.T.);
#4040=ADVANCED_FACE('',(#4039),#4037,.T.);
#4041=DIRECTION('',(0.7207839693376968,-0.6931597720192612,0.0));
#4042=VECTOR('',#4041,1000.0);
#4043=LINE('',#108,#4042);
#4044=EDGE_CURVE('',#109,#87,#4043,.T.);
#4045=DIRECTION('',(-0.6694170963547155,0.6437615452538376,0.37074495810518143));
#4046=VECTOR('',#4045,1000.0);
#4047=LINE('',#86,#4046);
#4048=EDGE_CURVE('',#87,#417,#4047,.T.);
#4049=ORIENTED_EDGE('',*,*,#4026,.F.);
#4050=ORIENTED_EDGE('',*,*,#4044,.T.);
#4051=ORIENTED_EDGE('',*,*,#4048,.T.);
#4052=DIRECTION('',(-0.6931597720192612,-0.7207839693376968,-0.0));
#4053=DIRECTION('',(0.0,0.0,-1.0));
#4054=AXIS2_PLACEMENT_3D('',#416,#4052,#4053);
#4055=PLANE('',#4054);
#4056=EDGE_LOOP('',(#4049,#4050,#4051));
#4057=FACE_BOUND('',#4056,.T.);
#4058=ADVANCED_FACE('',(#4057),#4055,.T.);
#4059=LINE('',#86,#504);
#4060=EDGE_CURVE('',#87,#419,#4059,.T.);
#4061=DIRECTION('',(-0.7207839693376968,0.6931597720192612,0.0));
#4062=VECTOR('',#4061,1000.0);
#4063=LINE('',#418,#4062);
#4064=EDGE_CURVE('',#419,#417,#4063,.T.);
#4065=ORIENTED_EDGE('',*,*,#4048,.F.);
#4066=ORIENTED_EDGE('',*,*,#4060,.T.);
#4067=ORIENTED_EDGE('',*,*,#4064,.T.);
#4068=DIRECTION('',(-0.6931597720192612,-0.7207839693376968,0.0));
#4069=DIRECTION('',(0.6694170963547155,-0.6437615452538376,-0.37074495810518143));
#4070=AXIS2_PLACEMENT_3D('',#416,#4068,#4069);
#4071=PLANE('',#4070);
#4072=EDGE_LOOP('',(#4065,#4066,#4067));
#4073=FACE_BOUND('',#4072,.T.);
#4074=ADVANCED_FACE('',(#4073),#4071,.T.);
#4075=DIRECTION('',(0.5311225669823254,-0.8472950010722979,0.0));
#4076=VECTOR('',#4075,1000.0);
#4077=LINE('',#86,#4076);
#4078=EDGE_CURVE('',#87,#85,#4077,.T.);
#4079=DIRECTION('',(-0.48377945523693944,0.7717689654436752,0.41271067670784745));
#4080=VECTOR('',#4079,1000.0);
#4081=LINE('',#84,#4080);
#4082=EDGE_CURVE('',#85,#419,#4081,.T.);
#4083=ORIENTED_EDGE('',*,*,#4060,.F.);
#4084=ORIENTED_EDGE('',*,*,#4078,.T.);
#4085=ORIENTED_EDGE('',*,*,#4082,.T.);
#4086=DIRECTION('',(-0.8472950010722979,-0.5311225669823254,-0.0));
#4087=DIRECTION('',(0.0,0.0,-1.0));
#4088=AXIS2_PLACEMENT_3D('',#418,#4086,#4087);
#4089=PLANE('',#4088);
#4090=EDGE_LOOP('',(#4083,#4084,#4085));
#4091=FACE_BOUND('',#4090,.T.);
#4092=ADVANCED_FACE('',(#4091),#4089,.T.);
#4093=LINE('',#84,#504);
#4094=EDGE_CURVE('',#85,#421,#4093,.T.);
#4095=DIRECTION('',(-0.5311225669823254,0.8472950010722979,0.0));
#4096=VECTOR('',#4095,1000.0);
#4097=LINE('',#420,#4096);
#4098=EDGE_CURVE('',#421,#419,#4097,.T.);
#4099=ORIENTED_EDGE('',*,*,#4082,.F.);
#4100=ORIENTED_EDGE('',*,*,#4094,.T.);
#4101=ORIENTED_EDGE('',*,*,#4098,.T.);
#4102=DIRECTION('',(-0.8472950010722979,-0.5311225669823254,0.0));
#4103=DIRECTION('',(0.48377945523693944,-0.7717689654436752,-0.41271067670784745));
#4104=AXIS2_PLACEMENT_3D('',#418,#4102,#4103);
#4105=PLANE('',#4104);
#4106=EDGE_LOOP('',(#4099,#4100,#4101));
#4107=FACE_BOUND('',#4106,.T.);
#4108=ADVANCED_FACE('',(#4107),#4105,.T.);
#4109=DIRECTION('',(0.3209630400242465,-0.9470917204465437,0.0));
#4110=VECTOR('',#4109,1000.0);
#4111=LINE('',#84,#4110);
#4112=EDGE_CURVE('',#85,#119,#4111,.T.);
#4113=DIRECTION('',(-0.29614156649245266,0.8738489817515551,0.3856009980370465));
#4114=VECTOR('',#4113,1000.0);
#4115=LINE('',#118,#4114);
#4116=EDGE_CURVE('',#119,#421,#4115,.T.);
#4117=ORIENTED_EDGE('',*,*,#4094,.F.);
#4118=ORIENTED_EDGE('',*,*,#4112,.T.);
#4119=ORIENTED_EDGE('',*,*,#4116,.T.);
#4120=DIRECTION('',(-0.9470917204465437,-0.3209630400242465,-0.0));
#4121=DIRECTION('',(0.0,0.0,-1.0));
#4122=AXIS2_PLACEMENT_3D('',#420,#4120,#4121);
#4123=PLANE('',#4122);
#4124=EDGE_LOOP('',(#4117,#4118,#4119));
#4125=FACE_BOUND('',#4124,.T.);
#4126=ADVANCED_FACE('',(#4125),#4123,.T.);
#4127=LINE('',#118,#504);
#4128=EDGE_CURVE('',#119,#423,#4127,.T.);
#4129=DIRECTION('',(-0.3209630400242465,0.9470917204465437,0.0));
#4130=VECTOR('',#4129,1000.0);
#4131=LINE('',#422,#4130);
#4132=EDGE_CURVE('',#423,#421,#4131,.T.);
#4133=ORIENTED_EDGE('',*,*,#4116,.F.);
#4134=ORIENTED_EDGE('',*,*,#4128,.T.);
#4135=ORIENTED_EDGE('',*,*,#4132,.T.);
#4136=DIRECTION('',(-0.9470917204465437,-0.3209630400242465,0.0));
#4137=DIRECTION('',(0.29614156649245266,-0.8738489817515551,-0.3856009980370465));
#4138=AXIS2_PLACEMENT_3D('',#420,#4136,#4137);
#4139=PLANE('',#4138);
#4140=EDGE_LOOP('',(#4133,#4134,#4135));
#4141=FACE_BOUND('',#4140,.T.);
#4142=ADVANCED_FACE('',(#4141),#4139,.T.);
#4143=DIRECTION('',(0.10063305549888993,-0.9949236091986949,0.0));
#4144=VECTOR('',#4143,1000.0);
#4145=LINE('',#118,#4144);
#4146=EDGE_CURVE('',#119,#117,#4145,.T.);
#4147=DIRECTION('',(-0.09498612477375407,0.9390943921477514,0.330271643858673));
#4148=VECTOR('',#4147,1000.0);
#4149=LINE('',#116,#4148);
#4150=EDGE_CURVE('',#117,#423,#4149,.T.);
#4151=ORIENTED_EDGE('',*,*,#4128,.F.);
#4152=ORIENTED_EDGE('',*,*,#4146,.T.);
#4153=ORIENTED_EDGE('',*,*,#4150,.T.);
#4154=DIRECTION('',(-0.9949236091986949,-0.10063305549888994,-0.0));
#4155=DIRECTION('',(0.0,0.0,-1.0));
#4156=AXIS2_PLACEMENT_3D('',#422,#4154,#4155);
#4157=PLANE('',#4156);
#4158=EDGE_LOOP('',(#4151,#4152,#4153));
#4159=FACE_BOUND('',#4158,.T.);
#4160=ADVANCED_FACE('',(#4159),#4157,.T.);
#4161=DIRECTION('',(-0.10063305549888993,0.9949236091986949,0.0));
#4162=VECTOR('',#4161,1000.0);
#4163=LINE('',#396,#4162);
#4164=EDGE_CURVE('',#397,#423,#4163,.T.);
#4165=ORIENTED_EDGE('',*,*,#4150,.F.);
#4166=ORIENTED_EDGE('',*,*,#3694,.F.);
#4167=ORIENTED_EDGE('',*,*,#4164,.T.);
#4168=DIRECTION('',(-0.9949236091986949,-0.10063305549888994,0.0));
#4169=DIRECTION('',(0.09498612477375407,-0.9390943921477514,-0.330271643858673));
#4170=AXIS2_PLACEMENT_3D('',#422,#4168,#4169);
#4171=PLANE('',#4170);
#4172=EDGE_LOOP('',(#4165,#4166,#4167));
#4173=FACE_BOUND('',#4172,.T.);
#4174=ADVANCED_FACE('',(#4173),#4171,.T.);
#4175=DIRECTION('',(0.0,0.0,-1.0));
#4176=VECTOR('',#4175,1000.0);
#4177=LINE('',#424,#4176);
#4178=EDGE_CURVE('',#425,#59,#4177,.T.);
#4179=DIRECTION('',(0.9651020738896746,0.26187399064024824,0.0));
#4180=VECTOR('',#4179,1000.0);
#4181=LINE('',#58,#4180);
#4182=EDGE_CURVE('',#59,#123,#4181,.T.);
#4183=DIRECTION('',(-0.890632796074449,-0.24166725034906555,0.3851884768075635));
#4184=VECTOR('',#4183,1000.0);
#4185=LINE('',#122,#4184);
#4186=EDGE_CURVE('',#123,#425,#4185,.T.);
#4187=ORIENTED_EDGE('',*,*,#4178,.T.);
#4188=ORIENTED_EDGE('',*,*,#4182,.T.);
#4189=ORIENTED_EDGE('',*,*,#4186,.T.);
#4190=DIRECTION('',(0.2618739906402483,-0.9651020738896748,0.0));
#4191=DIRECTION('',(0.0,0.0,-1.0));
#4192=AXIS2_PLACEMENT_3D('',#424,#4190,#4191);
#4193=PLANE('',#4192);
#4194=EDGE_LOOP('',(#4187,#4188,#4189));
#4195=FACE_BOUND('',#4194,.T.);
#4196=ADVANCED_FACE('',(#4195),#4193,.T.);
#4197=LINE('',#122,#504);
#4198=EDGE_CURVE('',#123,#427,#4197,.T.);
#4199=DIRECTION('',(-0.9651020738896746,-0.26187399064024824,0.0));
#4200=VECTOR('',#4199,1000.0);
#4201=LINE('',#426,#4200);
#4202=EDGE_CURVE('',#427,#425,#4201,.T.);
#4203=ORIENTED_EDGE('',*,*,#4186,.F.);
#4204=ORIENTED_EDGE('',*,*,#4198,.T.);
#4205=ORIENTED_EDGE('',*,*,#4202,.T.);
#4206=DIRECTION('',(0.890632796074449,0.24166725034906555,-0.3851884768075635));
#4207=AXIS2_PLACEMENT_3D('',#424,#4190,#4206);
#4208=PLANE('',#4207);
#4209=EDGE_LOOP('',(#4203,#4204,#4205));
#4210=FACE_BOUND('',#4209,.T.);
#4211=ADVANCED_FACE('',(#4210),#4208,.T.);
#4212=DIRECTION('',(0.9976283557022274,0.06883069009439027,0.0));
#4213=VECTOR('',#4212,1000.0);
#4214=LINE('',#122,#4213);
#4215=EDGE_CURVE('',#123,#121,#4214,.T.);
#4216=DIRECTION('',(-0.9208929440552389,-0.06353638254173304,0.3846027998894248));
#4217=VECTOR('',#4216,1000.0);
#4218=LINE('',#120,#4217);
#4219=EDGE_CURVE('',#121,#427,#4218,.T.);
#4220=ORIENTED_EDGE('',*,*,#4198,.F.);
#4221=ORIENTED_EDGE('',*,*,#4215,.T.);
#4222=ORIENTED_EDGE('',*,*,#4219,.T.);
#4223=DIRECTION('',(0.06883069009439029,-0.9976283557022275,0.0));
#4224=DIRECTION('',(0.0,0.0,-1.0));
#4225=AXIS2_PLACEMENT_3D('',#426,#4223,#4224);
#4226=PLANE('',#4225);
#4227=EDGE_LOOP('',(#4220,#4221,#4222));
#4228=FACE_BOUND('',#4227,.T.);
#4229=ADVANCED_FACE('',(#4228),#4226,.T.);
#4230=DIRECTION('',(-0.9976283557022274,-0.06883069009439027,0.0));
#4231=VECTOR('',#4230,1000.0);
#4232=LINE('',#410,#4231);
#4233=EDGE_CURVE('',#411,#427,#4232,.T.);
#4234=ORIENTED_EDGE('',*,*,#4219,.F.);
#4235=ORIENTED_EDGE('',*,*,#3941,.F.);
#4236=ORIENTED_EDGE('',*,*,#4233,.T.);
#4237=DIRECTION('',(0.9208929440552389,0.06353638254173304,-0.3846027998894248));
#4238=AXIS2_PLACEMENT_3D('',#426,#4223,#4237);
#4239=PLANE('',#4238);
#4240=EDGE_LOOP('',(#4234,#4235,#4236));
#4241=FACE_BOUND('',#4240,.T.);
#4242=ADVANCED_FACE('',(#4241),#4239,.T.);
#4243=LINE('',#424,#487);
#4244=EDGE_CURVE('',#425,#429,#4243,.T.);
#4245=DIRECTION('',(0.0,0.9370305782647661,-0.34924732697158606));
#4246=VECTOR('',#4245,1000.0);
#4247=LINE('',#428,#4246);
#4248=EDGE_CURVE('',#429,#59,#4247,.T.);
#4249=ORIENTED_EDGE('',*,*,#4244,.T.);
#4250=ORIENTED_EDGE('',*,*,#4248,.T.);
#4251=ORIENTED_EDGE('',*,*,#4178,.F.);
#4252=AXIS2_PLACEMENT_3D('',#424,#12,#486);
#4253=PLANE('',#4252);
#4254=EDGE_LOOP('',(#4249,#4250,#4251));
#4255=FACE_BOUND('',#4254,.T.);
#4256=ADVANCED_FACE('',(#4255),#4253,.T.);
#4257=DIRECTION('',(0.0,0.0,-1.0));
#4258=VECTOR('',#4257,1000.0);
#4259=LINE('',#428,#4258);
#4260=EDGE_CURVE('',#429,#57,#4259,.T.);
#4261=DIRECTION('',(0.0,1.0,0.0));
#4262=VECTOR('',#4261,1000.0);
#4263=LINE('',#56,#4262);
#4264=EDGE_CURVE('',#57,#59,#4263,.T.);
#4265=ORIENTED_EDGE('',*,*,#4248,.F.);
#4266=ORIENTED_EDGE('',*,*,#4260,.T.);
#4267=ORIENTED_EDGE('',*,*,#4264,.T.);
#4268=DIRECTION('',(0.0,-0.9370305782647661,0.34924732697158606));
#4269=AXIS2_PLACEMENT_3D('',#58,#12,#4268);
#4270=PLANE('',#4269);
#4271=EDGE_LOOP('',(#4265,#4266,#4267));
#4272=FACE_BOUND('',#4271,.T.);
#4273=ADVANCED_FACE('',(#4272),#4270,.T.);
#4274=DIRECTION('',(0.0,0.0,-1.0));
#4275=VECTOR('',#4274,1000.0);
#4276=LINE('',#430,#4275);
#4277=EDGE_CURVE('',#431,#39,#4276,.T.);
#4278=DIRECTION('',(-0.9916662532299659,-0.12883338932451213,0.0));
#4279=VECTOR('',#4278,1000.0);
#4280=LINE('',#38,#4279);
#4281=EDGE_CURVE('',#39,#53,#4280,.T.);
#4282=DIRECTION('',(0.9181975348719129,0.11928862165235761,0.37773471074210657));
#4283=VECTOR('',#4282,1000.0);
#4284=LINE('',#52,#4283);
#4285=EDGE_CURVE('',#53,#431,#4284,.T.);
#4286=ORIENTED_EDGE('',*,*,#4277,.T.);
#4287=ORIENTED_EDGE('',*,*,#4281,.T.);
#4288=ORIENTED_EDGE('',*,*,#4285,.T.);
#4289=DIRECTION('',(-0.12883338932451213,0.9916662532299659,0.0));
#4290=DIRECTION('',(0.0,0.0,-1.0));
#4291=AXIS2_PLACEMENT_3D('',#430,#4289,#4290);
#4292=PLANE('',#4291);
#4293=EDGE_LOOP('',(#4286,#4287,#4288));
#4294=FACE_BOUND('',#4293,.T.);
#4295=ADVANCED_FACE('',(#4294),#4292,.T.);
#4296=LINE('',#52,#504);
#4297=EDGE_CURVE('',#53,#433,#4296,.T.);
#4298=DIRECTION('',(0.9916662532299659,0.12883338932451213,0.0));
#4299=VECTOR('',#4298,1000.0);
#4300=LINE('',#432,#4299);
#4301=EDGE_CURVE('',#433,#431,#4300,.T.);
#4302=ORIENTED_EDGE('',*,*,#4285,.F.);
#4303=ORIENTED_EDGE('',*,*,#4297,.T.);
#4304=ORIENTED_EDGE('',*,*,#4301,.T.);
#4305=DIRECTION('',(-0.9181975348719129,-0.11928862165235761,-0.37773471074210657));
#4306=AXIS2_PLACEMENT_3D('',#430,#4289,#4305);
#4307=PLANE('',#4306);
#4308=EDGE_LOOP('',(#4302,#4303,#4304));
#4309=FACE_BOUND('',#4308,.T.);
#4310=ADVANCED_FACE('',(#4309),#4307,.T.);
#4311=DIRECTION('',(-0.9192463076244574,-0.39368290021132685,0.0));
#4312=VECTOR('',#4311,1000.0);
#4313=LINE('',#52,#4312);
#4314=EDGE_CURVE('',#53,#57,#4313,.T.);
#4315=DIRECTION('',(0.8511169065406935,0.36450532290059556,0.37780402456529355));
#4316=VECTOR('',#4315,1000.0);
#4317=LINE('',#56,#4316);
#4318=EDGE_CURVE('',#57,#433,#4317,.T.);
#4319=ORIENTED_EDGE('',*,*,#4297,.F.);
#4320=ORIENTED_EDGE('',*,*,#4314,.T.);
#4321=ORIENTED_EDGE('',*,*,#4318,.T.);
#4322=DIRECTION('',(-0.39368290021132685,0.9192463076244574,0.0));
#4323=DIRECTION('',(0.0,0.0,-1.0));
#4324=AXIS2_PLACEMENT_3D('',#432,#4322,#4323);
#4325=PLANE('',#4324);
#4326=EDGE_LOOP('',(#4319,#4320,#4321));
#4327=FACE_BOUND('',#4326,.T.);
#4328=ADVANCED_FACE('',(#4327),#4325,.T.);
#4329=DIRECTION('',(0.9192463076244574,0.39368290021132685,0.0));
#4330=VECTOR('',#4329,1000.0);
#4331=LINE('',#428,#4330);
#4332=EDGE_CURVE('',#429,#433,#4331,.T.);
#4333=ORIENTED_EDGE('',*,*,#4318,.F.);
#4334=ORIENTED_EDGE('',*,*,#4260,.F.);
#4335=ORIENTED_EDGE('',*,*,#4332,.T.);
#4336=DIRECTION('',(-0.8511169065406935,-0.36450532290059556,-0.37780402456529355));
#4337=AXIS2_PLACEMENT_3D('',#432,#4322,#4336);
#4338=PLANE('',#4337);
#4339=EDGE_LOOP('',(#4333,#4334,#4335));
#4340=FACE_BOUND('',#4339,.T.);
#4341=ADVANCED_FACE('',(#4340),#4338,.T.);
#4342=DIRECTION('',(0.0,0.0,-1.0));
#4343=VECTOR('',#4342,1000.0);
#4344=LINE('',#434,#4343);
#4345=EDGE_CURVE('',#435,#67,#4344,.T.);
#4346=DIRECTION('',(-0.061196142335948396,0.9981257596932355,0.0));
#4347=VECTOR('',#4346,1000.0);
#4348=LINE('',#66,#4347);
#4349=EDGE_CURVE('',#67,#97,#4348,.T.);
#4350=DIRECTION('',(0.0515093774567037,-0.8401319845139421,0.5399305813071605));
#4351=VECTOR('',#4350,1000.0);
#4352=LINE('',#96,#4351);
#4353=EDGE_CURVE('',#97,#435,#4352,.T.);
#4354=ORIENTED_EDGE('',*,*,#4345,.T.);
#4355=ORIENTED_EDGE('',*,*,#4349,.T.);
#4356=ORIENTED_EDGE('',*,*,#4353,.T.);
#4357=DIRECTION('',(0.9981257596932355,0.061196142335948396,0.0));
#4358=DIRECTION('',(0.0,0.0,-1.0));
#4359=AXIS2_PLACEMENT_3D('',#434,#4357,#4358);
#4360=PLANE('',#4359);
#4361=EDGE_LOOP('',(#4354,#4355,#4356));
#4362=FACE_BOUND('',#4361,.T.);
#4363=ADVANCED_FACE('',(#4362),#4360,.T.);
#4364=LINE('',#96,#504);
#4365=EDGE_CURVE('',#97,#437,#4364,.T.);
#4366=DIRECTION('',(0.061196142335948396,-0.9981257596932355,0.0));
#4367=VECTOR('',#4366,1000.0);
#4368=LINE('',#436,#4367);
#4369=EDGE_CURVE('',#437,#435,#4368,.T.);
#4370=ORIENTED_EDGE('',*,*,#4353,.F.);
#4371=ORIENTED_EDGE('',*,*,#4365,.T.);
#4372=ORIENTED_EDGE('',*,*,#4369,.T.);
#4373=DIRECTION('',(0.9981257596932355,0.061196142335948396,-0.0));
#4374=DIRECTION('',(-0.0515093774567037,0.8401319845139421,-0.5399305813071605));
#4375=AXIS2_PLACEMENT_3D('',#434,#4373,#4374);
#4376=PLANE('',#4375);
#4377=EDGE_LOOP('',(#4370,#4371,#4372));
#4378=FACE_BOUND('',#4377,.T.);
#4379=ADVANCED_FACE('',(#4378),#4376,.T.);
#4380=VECTOR('',#2210,1000.0);
#4381=LINE('',#96,#4380);
#4382=EDGE_CURVE('',#97,#95,#4381,.T.);
#4383=DIRECTION('',(0.22001463783684205,-0.8838561773663156,0.4127854368421049));
#4384=VECTOR('',#4383,1000.0);
#4385=LINE('',#94,#4384);
#4386=EDGE_CURVE('',#95,#437,#4385,.T.);
#4387=ORIENTED_EDGE('',*,*,#4365,.F.);
#4388=ORIENTED_EDGE('',*,*,#4382,.T.);
#4389=ORIENTED_EDGE('',*,*,#4386,.T.);
#4390=DIRECTION('',(0.9703872641351153,0.24155446094900826,0.0));
#4391=DIRECTION('',(0.0,0.0,-1.0));
#4392=AXIS2_PLACEMENT_3D('',#436,#4390,#4391);
#4393=PLANE('',#4392);
#4394=EDGE_LOOP('',(#4387,#4388,#4389));
#4395=FACE_BOUND('',#4394,.T.);
#4396=ADVANCED_FACE('',(#4395),#4393,.T.);
#4397=LINE('',#94,#504);
#4398=EDGE_CURVE('',#95,#439,#4397,.T.);
#4399=LINE('',#438,#2187);
#4400=EDGE_CURVE('',#439,#437,#4399,.T.);
#4401=ORIENTED_EDGE('',*,*,#4386,.F.);
#4402=ORIENTED_EDGE('',*,*,#4398,.T.);
#4403=ORIENTED_EDGE('',*,*,#4400,.T.);
#4404=DIRECTION('',(0.9703872641351153,0.24155446094900826,-0.0));
#4405=DIRECTION('',(-0.22001463783684205,0.8838561773663156,-0.4127854368421049));
#4406=AXIS2_PLACEMENT_3D('',#436,#4404,#4405);
#4407=PLANE('',#4406);
#4408=EDGE_LOOP('',(#4401,#4402,#4403));
#4409=FACE_BOUND('',#4408,.T.);
#4410=ADVANCED_FACE('',(#4409),#4407,.T.);
#4411=DIRECTION('',(-0.4710447692218824,0.8821093046718776,0.0));
#4412=VECTOR('',#4411,1000.0);
#4413=LINE('',#94,#4412);
#4414=EDGE_CURVE('',#95,#65,#4413,.T.);
#4415=DIRECTION('',(0.40901455428898587,-0.7659474590505113,0.4960157097853329));
#4416=VECTOR('',#4415,1000.0);
#4417=LINE('',#64,#4416);
#4418=EDGE_CURVE('',#65,#439,#4417,.T.);
#4419=ORIENTED_EDGE('',*,*,#4398,.F.);
#4420=ORIENTED_EDGE('',*,*,#4414,.T.);
#4421=ORIENTED_EDGE('',*,*,#4418,.T.);
#4422=DIRECTION('',(0.8821093046718778,0.4710447692218824,0.0));
#4423=DIRECTION('',(0.0,0.0,-1.0));
#4424=AXIS2_PLACEMENT_3D('',#438,#4422,#4423);
#4425=PLANE('',#4424);
#4426=EDGE_LOOP('',(#4419,#4420,#4421));
#4427=FACE_BOUND('',#4426,.T.);
#4428=ADVANCED_FACE('',(#4427),#4425,.T.);
#4429=LINE('',#64,#504);
#4430=EDGE_CURVE('',#65,#441,#4429,.T.);
#4431=DIRECTION('',(0.4710447692218824,-0.8821093046718776,0.0));
#4432=VECTOR('',#4431,1000.0);
#4433=LINE('',#440,#4432);
#4434=EDGE_CURVE('',#441,#439,#4433,.T.);
#4435=ORIENTED_EDGE('',*,*,#4418,.F.);
#4436=ORIENTED_EDGE('',*,*,#4430,.T.);
#4437=ORIENTED_EDGE('',*,*,#4434,.T.);
#4438=DIRECTION('',(0.8821093046718778,0.4710447692218824,-0.0));
#4439=DIRECTION('',(-0.40901455428898587,0.7659474590505113,-0.4960157097853329));
#4440=AXIS2_PLACEMENT_3D('',#438,#4438,#4439);
#4441=PLANE('',#4440);
#4442=EDGE_LOOP('',(#4435,#4436,#4437));
#4443=FACE_BOUND('',#4442,.T.);
#4444=ADVANCED_FACE('',(#4443),#4441,.T.);
#4445=DIRECTION('',(-0.671393514622578,0.7411010379986942,0.0));
#4446=VECTOR('',#4445,1000.0);
#4447=LINE('',#64,#4446);
#4448=EDGE_CURVE('',#65,#63,#4447,.T.);
#4449=DIRECTION('',(0.5868223408301004,-0.6477492505337734,0.48586052395272494));
#4450=VECTOR('',#4449,1000.0);
#4451=LINE('',#62,#4450);
#4452=EDGE_CURVE('',#63,#441,#4451,.T.);
#4453=ORIENTED_EDGE('',*,*,#4430,.F.);
#4454=ORIENTED_EDGE('',*,*,#4448,.T.);
#4455=ORIENTED_EDGE('',*,*,#4452,.T.);
#4456=DIRECTION('',(0.7411010379986943,0.671393514622578,0.0));
#4457=DIRECTION('',(0.0,0.0,-1.0));
#4458=AXIS2_PLACEMENT_3D('',#440,#4456,#4457);
#4459=PLANE('',#4458);
#4460=EDGE_LOOP('',(#4453,#4454,#4455));
#4461=FACE_BOUND('',#4460,.T.);
#4462=ADVANCED_FACE('',(#4461),#4459,.T.);
#4463=LINE('',#62,#504);
#4464=EDGE_CURVE('',#63,#443,#4463,.T.);
#4465=DIRECTION('',(0.671393514622578,-0.7411010379986942,0.0));
#4466=VECTOR('',#4465,1000.0);
#4467=LINE('',#442,#4466);
#4468=EDGE_CURVE('',#443,#441,#4467,.T.);
#4469=ORIENTED_EDGE('',*,*,#4452,.F.);
#4470=ORIENTED_EDGE('',*,*,#4464,.T.);
#4471=ORIENTED_EDGE('',*,*,#4468,.T.);
#4472=DIRECTION('',(0.7411010379986943,0.671393514622578,-0.0));
#4473=DIRECTION('',(-0.5868223408301004,0.6477492505337734,-0.48586052395272494));
#4474=AXIS2_PLACEMENT_3D('',#440,#4472,#4473);
#4475=PLANE('',#4474);
#4476=EDGE_LOOP('',(#4469,#4470,#4471));
#4477=FACE_BOUND('',#4476,.T.);
#4478=ADVANCED_FACE('',(#4477),#4475,.T.);
#4479=DIRECTION('',(-0.8311068902257218,0.5561127017245064,0.0));
#4480=VECTOR('',#4479,1000.0);
#4481=LINE('',#62,#4480);
#4482=EDGE_CURVE('',#63,#61,#4481,.T.);
#4483=DIRECTION('',(0.7125349607089794,-0.47677350137888685,0.5147630116377532));
#4484=VECTOR('',#4483,1000.0);
#4485=LINE('',#60,#4484);
#4486=EDGE_CURVE('',#61,#443,#4485,.T.);
#4487=ORIENTED_EDGE('',*,*,#4464,.F.);
#4488=ORIENTED_EDGE('',*,*,#4482,.T.);
#4489=ORIENTED_EDGE('',*,*,#4486,.T.);
#4490=DIRECTION('',(0.5561127017245066,0.8311068902257219,0.0));
#4491=DIRECTION('',(0.0,0.0,-1.0));
#4492=AXIS2_PLACEMENT_3D('',#442,#4490,#4491);
#4493=PLANE('',#4492);
#4494=EDGE_LOOP('',(#4487,#4488,#4489));
#4495=FACE_BOUND('',#4494,.T.);
#4496=ADVANCED_FACE('',(#4495),#4493,.T.);
#4497=LINE('',#60,#504);
#4498=EDGE_CURVE('',#61,#445,#4497,.T.);
#4499=DIRECTION('',(0.8311068902257218,-0.5561127017245064,0.0));
#4500=VECTOR('',#4499,1000.0);
#4501=LINE('',#444,#4500);
#4502=EDGE_CURVE('',#445,#443,#4501,.T.);
#4503=ORIENTED_EDGE('',*,*,#4486,.F.);
#4504=ORIENTED_EDGE('',*,*,#4498,.T.);
#4505=ORIENTED_EDGE('',*,*,#4502,.T.);
#4506=DIRECTION('',(0.5561127017245066,0.8311068902257219,-0.0));
#4507=DIRECTION('',(-0.7125349607089794,0.47677350137888685,-0.5147630116377532));
#4508=AXIS2_PLACEMENT_3D('',#442,#4506,#4507);
#4509=PLANE('',#4508);
#4510=EDGE_LOOP('',(#4503,#4504,#4505));
#4511=FACE_BOUND('',#4510,.T.);
#4512=ADVANCED_FACE('',(#4511),#4509,.T.);
#4513=VECTOR('',#854,1000.0);
#4514=LINE('',#60,#4513);
#4515=EDGE_CURVE('',#61,#41,#4514,.T.);
#4516=DIRECTION('',(0.7964540690177633,-0.2874044676575795,0.5320334462376511));
#4517=VECTOR('',#4516,1000.0);
#4518=LINE('',#40,#4517);
#4519=EDGE_CURVE('',#41,#445,#4518,.T.);
#4520=ORIENTED_EDGE('',*,*,#4498,.F.);
#4521=ORIENTED_EDGE('',*,*,#4515,.T.);
#4522=ORIENTED_EDGE('',*,*,#4519,.T.);
#4523=DIRECTION('',(0.0,0.0,-1.0));
#4524=AXIS2_PLACEMENT_3D('',#444,#843,#4523);
#4525=PLANE('',#4524);
#4526=EDGE_LOOP('',(#4520,#4521,#4522));
#4527=FACE_BOUND('',#4526,.T.);
#4528=ADVANCED_FACE('',(#4527),#4525,.T.);
#4529=LINE('',#40,#504);
#4530=EDGE_CURVE('',#41,#447,#4529,.T.);
#4531=DIRECTION('',(0.9406308208769669,-0.33943137570991216,0.0));
#4532=VECTOR('',#4531,1000.0);
#4533=LINE('',#446,#4532);
#4534=EDGE_CURVE('',#447,#445,#4533,.T.);
#4535=ORIENTED_EDGE('',*,*,#4519,.F.);
#4536=ORIENTED_EDGE('',*,*,#4530,.T.);
#4537=ORIENTED_EDGE('',*,*,#4534,.T.);
#4538=DIRECTION('',(0.3394313757099121,0.9406308208769669,-0.0));
#4539=DIRECTION('',(-0.7964540690177633,0.2874044676575795,-0.5320334462376511));
#4540=AXIS2_PLACEMENT_3D('',#444,#4538,#4539);
#4541=PLANE('',#4540);
#4542=EDGE_LOOP('',(#4535,#4536,#4537));
#4543=FACE_BOUND('',#4542,.T.);
#4544=ADVANCED_FACE('',(#4543),#4541,.T.);
#4545=DIRECTION('',(-0.9937513407733745,0.11161663277093063,0.0));
#4546=VECTOR('',#4545,1000.0);
#4547=LINE('',#40,#4546);
#4548=EDGE_CURVE('',#41,#39,#4547,.T.);
#4549=DIRECTION('',(0.8872012075570782,-0.09964908454941912,0.4504931489575896));
#4550=VECTOR('',#4549,1000.0);
#4551=LINE('',#38,#4550);
#4552=EDGE_CURVE('',#39,#447,#4551,.T.);
#4553=ORIENTED_EDGE('',*,*,#4530,.F.);
#4554=ORIENTED_EDGE('',*,*,#4548,.T.);
#4555=ORIENTED_EDGE('',*,*,#4552,.T.);
#4556=DIRECTION('',(0.11161663277093062,0.9937513407733743,0.0));
#4557=DIRECTION('',(0.0,0.0,-1.0));
#4558=AXIS2_PLACEMENT_3D('',#446,#4556,#4557);
#4559=PLANE('',#4558);
#4560=EDGE_LOOP('',(#4553,#4554,#4555));
#4561=FACE_BOUND('',#4560,.T.);
#4562=ADVANCED_FACE('',(#4561),#4559,.T.);
#4563=DIRECTION('',(0.9937513407733745,-0.11161663277093063,0.0));
#4564=VECTOR('',#4563,1000.0);
#4565=LINE('',#430,#4564);
#4566=EDGE_CURVE('',#431,#447,#4565,.T.);
#4567=ORIENTED_EDGE('',*,*,#4552,.F.);
#4568=ORIENTED_EDGE('',*,*,#4277,.F.);
#4569=ORIENTED_EDGE('',*,*,#4566,.T.);
#4570=DIRECTION('',(0.11161663277093062,0.9937513407733743,-0.0));
#4571=DIRECTION('',(-0.8872012075570782,0.09964908454941912,-0.4504931489575896));
#4572=AXIS2_PLACEMENT_3D('',#446,#4570,#4571);
#4573=PLANE('',#4572);
#4574=EDGE_LOOP('',(#4567,#4568,#4569));
#4575=FACE_BOUND('',#4574,.T.);
#4576=ADVANCED_FACE('',(#4575),#4573,.T.);
#4577=DIRECTION('',(0.0,0.0,-1.0));
#4578=VECTOR('',#4577,1000.0);
#4579=LINE('',#448,#4578);
#4580=EDGE_CURVE('',#449,#75,#4579,.T.);
#4581=DIRECTION('',(0.9937701694517784,0.11144886858009631,0.0));
#4582=VECTOR('',#4581,1000.0);
#4583=LINE('',#74,#4582);
#4584=EDGE_CURVE('',#75,#73,#4583,.T.);
#4585=DIRECTION('',(-0.8770726101859355,-0.09836152570542371,0.4701793771769781));
#4586=VECTOR('',#4585,1000.0);
#4587=LINE('',#72,#4586);
#4588=EDGE_CURVE('',#73,#449,#4587,.T.);
#4589=ORIENTED_EDGE('',*,*,#4580,.T.);
#4590=ORIENTED_EDGE('',*,*,#4584,.T.);
#4591=ORIENTED_EDGE('',*,*,#4588,.T.);
#4592=DIRECTION('',(0.1114488685800963,-0.9937701694517784,0.0));
#4593=DIRECTION('',(0.0,0.0,-1.0));
#4594=AXIS2_PLACEMENT_3D('',#448,#4592,#4593);
#4595=PLANE('',#4594);
#4596=EDGE_LOOP('',(#4589,#4590,#4591));
#4597=FACE_BOUND('',#4596,.T.);
#4598=ADVANCED_FACE('',(#4597),#4595,.T.);
#4599=LINE('',#72,#504);
#4600=EDGE_CURVE('',#73,#451,#4599,.T.);
#4601=DIRECTION('',(-0.9937701694517784,-0.11144886858009631,0.0));
#4602=VECTOR('',#4601,1000.0);
#4603=LINE('',#450,#4602);
#4604=EDGE_CURVE('',#451,#449,#4603,.T.);
#4605=ORIENTED_EDGE('',*,*,#4588,.F.);
#4606=ORIENTED_EDGE('',*,*,#4600,.T.);
#4607=ORIENTED_EDGE('',*,*,#4604,.T.);
#4608=DIRECTION('',(0.8770726101859355,0.09836152570542371,-0.4701793771769781));
#4609=AXIS2_PLACEMENT_3D('',#448,#4592,#4608);
#4610=PLANE('',#4609);
#4611=EDGE_LOOP('',(#4605,#4606,#4607));
#4612=FACE_BOUND('',#4611,.T.);
#4613=ADVANCED_FACE('',(#4612),#4610,.T.);
#4614=DIRECTION('',(0.9383980782946693,0.3455561411013727,0.0));
#4615=VECTOR('',#4614,1000.0);
#4616=LINE('',#72,#4615);
#4617=EDGE_CURVE('',#73,#77,#4616,.T.);
#4618=DIRECTION('',(-0.7889594101668201,-0.2905267770350785,0.5414215002517291));
#4619=VECTOR('',#4618,1000.0);
#4620=LINE('',#76,#4619);
#4621=EDGE_CURVE('',#77,#451,#4620,.T.);
#4622=ORIENTED_EDGE('',*,*,#4600,.F.);
#4623=ORIENTED_EDGE('',*,*,#4617,.T.);
#4624=ORIENTED_EDGE('',*,*,#4621,.T.);
#4625=DIRECTION('',(0.3455561411013727,-0.9383980782946693,0.0));
#4626=DIRECTION('',(0.0,0.0,-1.0));
#4627=AXIS2_PLACEMENT_3D('',#450,#4625,#4626);
#4628=PLANE('',#4627);
#4629=EDGE_LOOP('',(#4622,#4623,#4624));
#4630=FACE_BOUND('',#4629,.T.);
#4631=ADVANCED_FACE('',(#4630),#4628,.T.);
#4632=LINE('',#76,#504);
#4633=EDGE_CURVE('',#77,#453,#4632,.T.);
#4634=DIRECTION('',(-0.9383980782946693,-0.3455561411013727,0.0));
#4635=VECTOR('',#4634,1000.0);
#4636=LINE('',#452,#4635);
#4637=EDGE_CURVE('',#453,#451,#4636,.T.);
#4638=ORIENTED_EDGE('',*,*,#4621,.F.);
#4639=ORIENTED_EDGE('',*,*,#4633,.T.);
#4640=ORIENTED_EDGE('',*,*,#4637,.T.);
#4641=DIRECTION('',(0.7889594101668201,0.2905267770350785,-0.5414215002517291));
#4642=AXIS2_PLACEMENT_3D('',#450,#4625,#4641);
#4643=PLANE('',#4642);
#4644=EDGE_LOOP('',(#4638,#4639,#4640));
#4645=FACE_BOUND('',#4644,.T.);
#4646=ADVANCED_FACE('',(#4645),#4643,.T.);
#4647=DIRECTION('',(0.8292963724654069,0.5588090251738218,0.0));
#4648=VECTOR('',#4647,1000.0);
#4649=LINE('',#76,#4648);
#4650=EDGE_CURVE('',#77,#79,#4649,.T.);
#4651=DIRECTION('',(-0.6871881732677357,-0.46305152894026574,0.559781828989683));
#4652=VECTOR('',#4651,1000.0);
#4653=LINE('',#78,#4652);
#4654=EDGE_CURVE('',#79,#453,#4653,.T.);
#4655=ORIENTED_EDGE('',*,*,#4633,.F.);
#4656=ORIENTED_EDGE('',*,*,#4650,.T.);
#4657=ORIENTED_EDGE('',*,*,#4654,.T.);
#4658=DIRECTION('',(0.5588090251738219,-0.829296372465407,0.0));
#4659=DIRECTION('',(0.0,0.0,-1.0));
#4660=AXIS2_PLACEMENT_3D('',#452,#4658,#4659);
#4661=PLANE('',#4660);
#4662=EDGE_LOOP('',(#4655,#4656,#4657));
#4663=FACE_BOUND('',#4662,.T.);
#4664=ADVANCED_FACE('',(#4663),#4661,.T.);
#4665=LINE('',#78,#504);
#4666=EDGE_CURVE('',#79,#455,#4665,.T.);
#4667=DIRECTION('',(-0.8292963724654069,-0.5588090251738218,0.0));
#4668=VECTOR('',#4667,1000.0);
#4669=LINE('',#454,#4668);
#4670=EDGE_CURVE('',#455,#453,#4669,.T.);
#4671=ORIENTED_EDGE('',*,*,#4654,.F.);
#4672=ORIENTED_EDGE('',*,*,#4666,.T.);
#4673=ORIENTED_EDGE('',*,*,#4670,.T.);
#4674=DIRECTION('',(0.6871881732677357,0.46305152894026574,-0.559781828989683));
#4675=AXIS2_PLACEMENT_3D('',#452,#4658,#4674);
#4676=PLANE('',#4675);
#4677=EDGE_LOOP('',(#4671,#4672,#4673));
#4678=FACE_BOUND('',#4677,.T.);
#4679=ADVANCED_FACE('',(#4678),#4676,.T.);
#4680=DIRECTION('',(0.6878666299673157,0.7258371025081372,0.0));
#4681=VECTOR('',#4680,1000.0);
#4682=LINE('',#78,#4681);
#4683=EDGE_CURVE('',#79,#81,#4682,.T.);
#4684=DIRECTION('',(-0.5547817853776458,-0.5854059291143913,0.5911996860375589));
#4685=VECTOR('',#4684,1000.0);
#4686=LINE('',#80,#4685);
#4687=EDGE_CURVE('',#81,#455,#4686,.T.);
#4688=ORIENTED_EDGE('',*,*,#4666,.F.);
#4689=ORIENTED_EDGE('',*,*,#4683,.T.);
#4690=ORIENTED_EDGE('',*,*,#4687,.T.);
#4691=DIRECTION('',(0.7258371025081372,-0.6878666299673157,0.0));
#4692=DIRECTION('',(0.0,0.0,-1.0));
#4693=AXIS2_PLACEMENT_3D('',#454,#4691,#4692);
#4694=PLANE('',#4693);
#4695=EDGE_LOOP('',(#4688,#4689,#4690));
#4696=FACE_BOUND('',#4695,.T.);
#4697=ADVANCED_FACE('',(#4696),#4694,.T.);
#4698=LINE('',#80,#504);
#4699=EDGE_CURVE('',#81,#457,#4698,.T.);
#4700=DIRECTION('',(-0.6878666299673157,-0.7258371025081372,0.0));
#4701=VECTOR('',#4700,1000.0);
#4702=LINE('',#456,#4701);
#4703=EDGE_CURVE('',#457,#455,#4702,.T.);
#4704=ORIENTED_EDGE('',*,*,#4687,.F.);
#4705=ORIENTED_EDGE('',*,*,#4699,.T.);
#4706=ORIENTED_EDGE('',*,*,#4703,.T.);
#4707=DIRECTION('',(0.5547817853776458,0.5854059291143913,-0.5911996860375589));
#4708=AXIS2_PLACEMENT_3D('',#454,#4691,#4707);
#4709=PLANE('',#4708);
#4710=EDGE_LOOP('',(#4704,#4705,#4706));
#4711=FACE_BOUND('',#4710,.T.);
#4712=ADVANCED_FACE('',(#4711),#4709,.T.);
#4713=DIRECTION('',(0.512271890442619,0.8588233288996903,0.0));
#4714=VECTOR('',#4713,1000.0);
#4715=LINE('',#80,#4714);
#4716=EDGE_CURVE('',#81,#71,#4715,.T.);
#4717=DIRECTION('',(-0.43552081485285427,-0.7301502249007955,0.5265000179555778));
#4718=VECTOR('',#4717,1000.0);
#4719=LINE('',#70,#4718);
#4720=EDGE_CURVE('',#71,#457,#4719,.T.);
#4721=ORIENTED_EDGE('',*,*,#4699,.F.);
#4722=ORIENTED_EDGE('',*,*,#4716,.T.);
#4723=ORIENTED_EDGE('',*,*,#4720,.T.);
#4724=DIRECTION('',(0.8588233288996903,-0.512271890442619,0.0));
#4725=DIRECTION('',(0.0,0.0,-1.0));
#4726=AXIS2_PLACEMENT_3D('',#456,#4724,#4725);
#4727=PLANE('',#4726);
#4728=EDGE_LOOP('',(#4721,#4722,#4723));
#4729=FACE_BOUND('',#4728,.T.);
#4730=ADVANCED_FACE('',(#4729),#4727,.T.);
#4731=LINE('',#70,#504);
#4732=EDGE_CURVE('',#71,#459,#4731,.T.);
#4733=DIRECTION('',(-0.512271890442619,-0.8588233288996903,0.0));
#4734=VECTOR('',#4733,1000.0);
#4735=LINE('',#458,#4734);
#4736=EDGE_CURVE('',#459,#457,#4735,.T.);
#4737=ORIENTED_EDGE('',*,*,#4720,.F.);
#4738=ORIENTED_EDGE('',*,*,#4732,.T.);
#4739=ORIENTED_EDGE('',*,*,#4736,.T.);
#4740=DIRECTION('',(0.43552081485285427,0.7301502249007955,-0.5265000179555778));
#4741=AXIS2_PLACEMENT_3D('',#456,#4724,#4740);
#4742=PLANE('',#4741);
#4743=EDGE_LOOP('',(#4737,#4738,#4739));
#4744=FACE_BOUND('',#4743,.T.);
#4745=ADVANCED_FACE('',(#4744),#4742,.T.);
#4746=DIRECTION('',(0.30122156698516545,0.953554176532724,0.0));
#4747=VECTOR('',#4746,1000.0);
#4748=LINE('',#70,#4747);
#4749=EDGE_CURVE('',#71,#69,#4748,.T.);
#4750=DIRECTION('',(-0.2634522570689977,-0.8339907482703174,0.4848219673702574));
#4751=VECTOR('',#4750,1000.0);
#4752=LINE('',#68,#4751);
#4753=EDGE_CURVE('',#69,#459,#4752,.T.);
#4754=ORIENTED_EDGE('',*,*,#4732,.F.);
#4755=ORIENTED_EDGE('',*,*,#4749,.T.);
#4756=ORIENTED_EDGE('',*,*,#4753,.T.);
#4757=DIRECTION('',(0.9535541765327241,-0.3012215669851655,0.0));
#4758=DIRECTION('',(0.0,0.0,-1.0));
#4759=AXIS2_PLACEMENT_3D('',#458,#4757,#4758);
#4760=PLANE('',#4759);
#4761=EDGE_LOOP('',(#4754,#4755,#4756));
#4762=FACE_BOUND('',#4761,.T.);
#4763=ADVANCED_FACE('',(#4762),#4760,.T.);
#4764=LINE('',#68,#504);
#4765=EDGE_CURVE('',#69,#461,#4764,.T.);
#4766=DIRECTION('',(-0.30122156698516545,-0.953554176532724,0.0));
#4767=VECTOR('',#4766,1000.0);
#4768=LINE('',#460,#4767);
#4769=EDGE_CURVE('',#461,#459,#4768,.T.);
#4770=ORIENTED_EDGE('',*,*,#4753,.F.);
#4771=ORIENTED_EDGE('',*,*,#4765,.T.);
#4772=ORIENTED_EDGE('',*,*,#4769,.T.);
#4773=DIRECTION('',(0.2634522570689977,0.8339907482703174,-0.4848219673702574));
#4774=AXIS2_PLACEMENT_3D('',#458,#4757,#4773);
#4775=PLANE('',#4774);
#4776=EDGE_LOOP('',(#4770,#4771,#4772));
#4777=FACE_BOUND('',#4776,.T.);
#4778=ADVANCED_FACE('',(#4777),#4775,.T.);
#4779=DIRECTION('',(0.09307289935462389,0.9956592968509478,0.0));
#4780=VECTOR('',#4779,1000.0);
#4781=LINE('',#68,#4780);
#4782=EDGE_CURVE('',#69,#67,#4781,.T.);
#4783=DIRECTION('',(-0.08456077296036738,-0.9045997312934171,0.4177903802389694));
#4784=VECTOR('',#4783,1000.0);
#4785=LINE('',#66,#4784);
#4786=EDGE_CURVE('',#67,#461,#4785,.T.);
#4787=ORIENTED_EDGE('',*,*,#4765,.F.);
#4788=ORIENTED_EDGE('',*,*,#4782,.T.);
#4789=ORIENTED_EDGE('',*,*,#4786,.T.);
#4790=DIRECTION('',(0.995659296850948,-0.0930728993546239,0.0));
#4791=DIRECTION('',(0.0,0.0,-1.0));
#4792=AXIS2_PLACEMENT_3D('',#460,#4790,#4791);
#4793=PLANE('',#4792);
#4794=EDGE_LOOP('',(#4787,#4788,#4789));
#4795=FACE_BOUND('',#4794,.T.);
#4796=ADVANCED_FACE('',(#4795),#4793,.T.);
#4797=DIRECTION('',(-0.09307289935462389,-0.9956592968509478,0.0));
#4798=VECTOR('',#4797,1000.0);
#4799=LINE('',#434,#4798);
#4800=EDGE_CURVE('',#435,#461,#4799,.T.);
#4801=ORIENTED_EDGE('',*,*,#4786,.F.);
#4802=ORIENTED_EDGE('',*,*,#4345,.F.);
#4803=ORIENTED_EDGE('',*,*,#4800,.T.);
#4804=DIRECTION('',(0.08456077296036738,0.9045997312934171,-0.4177903802389694));
#4805=AXIS2_PLACEMENT_3D('',#460,#4790,#4804);
#4806=PLANE('',#4805);
#4807=EDGE_LOOP('',(#4801,#4802,#4803));
#4808=FACE_BOUND('',#4807,.T.);
#4809=ADVANCED_FACE('',(#4808),#4806,.T.);
#4810=DIRECTION('',(0.8748932080303587,-0.4843158830168051,0.0));
#4811=VECTOR('',#4810,1000.0);
#4812=LINE('',#54,#4811);
#4813=EDGE_CURVE('',#55,#43,#4812,.T.);
#4814=DIRECTION('',(-0.3316510113108006,0.18359252411847868,0.9253655449520092));
#4815=VECTOR('',#4814,1000.0);
#4816=LINE('',#42,#4815);
#4817=EDGE_CURVE('',#43,#387,#4816,.T.);
#4818=ORIENTED_EDGE('',*,*,#3548,.F.);
#4819=ORIENTED_EDGE('',*,*,#4813,.T.);
#4820=ORIENTED_EDGE('',*,*,#4817,.T.);
#4821=DIRECTION('',(-0.48431588301680506,-0.8748932080303586,-0.0));
#4822=DIRECTION('',(0.0,0.0,-1.0));
#4823=AXIS2_PLACEMENT_3D('',#386,#4821,#4822);
#4824=PLANE('',#4823);
#4825=EDGE_LOOP('',(#4818,#4819,#4820));
#4826=FACE_BOUND('',#4825,.T.);
#4827=ADVANCED_FACE('',(#4826),#4824,.T.);
#4828=LINE('',#42,#504);
#4829=EDGE_CURVE('',#43,#463,#4828,.T.);
#4830=DIRECTION('',(-0.8748932080303587,0.4843158830168051,0.0));
#4831=VECTOR('',#4830,1000.0);
#4832=LINE('',#462,#4831);
#4833=EDGE_CURVE('',#463,#387,#4832,.T.);
#4834=ORIENTED_EDGE('',*,*,#4817,.F.);
#4835=ORIENTED_EDGE('',*,*,#4829,.T.);
#4836=ORIENTED_EDGE('',*,*,#4833,.T.);
#4837=DIRECTION('',(-0.48431588301680506,-0.8748932080303586,0.0));
#4838=DIRECTION('',(0.3316510113108006,-0.18359252411847868,-0.9253655449520092));
#4839=AXIS2_PLACEMENT_3D('',#386,#4837,#4838);
#4840=PLANE('',#4839);
#4841=EDGE_LOOP('',(#4834,#4835,#4836));
#4842=FACE_BOUND('',#4841,.T.);
#4843=ADVANCED_FACE('',(#4842),#4840,.T.);
#4844=DIRECTION('',(0.9374401151181426,-0.3481465647788062,0.0));
#4845=VECTOR('',#4844,1000.0);
#4846=LINE('',#42,#4845);
#4847=EDGE_CURVE('',#43,#83,#4846,.T.);
#4848=DIRECTION('',(-0.8573730648824881,0.31841125897956346,0.40438310767026114));
#4849=VECTOR('',#4848,1000.0);
#4850=LINE('',#82,#4849);
#4851=EDGE_CURVE('',#83,#463,#4850,.T.);
#4852=ORIENTED_EDGE('',*,*,#4829,.F.);
#4853=ORIENTED_EDGE('',*,*,#4847,.T.);
#4854=ORIENTED_EDGE('',*,*,#4851,.T.);
#4855=DIRECTION('',(-0.3481465647788062,-0.9374401151181426,-0.0));
#4856=DIRECTION('',(0.0,0.0,-1.0));
#4857=AXIS2_PLACEMENT_3D('',#462,#4855,#4856);
#4858=PLANE('',#4857);
#4859=EDGE_LOOP('',(#4852,#4853,#4854));
#4860=FACE_BOUND('',#4859,.T.);
#4861=ADVANCED_FACE('',(#4860),#4858,.T.);
#4862=LINE('',#82,#504);
#4863=EDGE_CURVE('',#83,#465,#4862,.T.);
#4864=DIRECTION('',(-0.9374401151181426,0.3481465647788062,0.0));
#4865=VECTOR('',#4864,1000.0);
#4866=LINE('',#464,#4865);
#4867=EDGE_CURVE('',#465,#463,#4866,.T.);
#4868=ORIENTED_EDGE('',*,*,#4851,.F.);
#4869=ORIENTED_EDGE('',*,*,#4863,.T.);
#4870=ORIENTED_EDGE('',*,*,#4867,.T.);
#4871=DIRECTION('',(-0.3481465647788062,-0.9374401151181426,0.0));
#4872=DIRECTION('',(0.8573730648824881,-0.31841125897956346,-0.40438310767026114));
#4873=AXIS2_PLACEMENT_3D('',#462,#4871,#4872);
#4874=PLANE('',#4873);
#4875=EDGE_LOOP('',(#4868,#4869,#4870));
#4876=FACE_BOUND('',#4875,.T.);
#4877=ADVANCED_FACE('',(#4876),#4874,.T.);
#4878=DIRECTION('',(0.9938992478531171,-0.11029181799665845,0.0));
#4879=VECTOR('',#4878,1000.0);
#4880=LINE('',#82,#4879);
#4881=EDGE_CURVE('',#83,#75,#4880,.T.);
#4882=DIRECTION('',(-0.9308070091604357,0.10329054727236134,0.3506128556427737));
#4883=VECTOR('',#4882,1000.0);
#4884=LINE('',#74,#4883);
#4885=EDGE_CURVE('',#75,#465,#4884,.T.);
#4886=ORIENTED_EDGE('',*,*,#4863,.F.);
#4887=ORIENTED_EDGE('',*,*,#4881,.T.);
#4888=ORIENTED_EDGE('',*,*,#4885,.T.);
#4889=DIRECTION('',(-0.11029181799665845,-0.9938992478531171,-0.0));
#4890=DIRECTION('',(0.0,0.0,-1.0));
#4891=AXIS2_PLACEMENT_3D('',#464,#4889,#4890);
#4892=PLANE('',#4891);
#4893=EDGE_LOOP('',(#4886,#4887,#4888));
#4894=FACE_BOUND('',#4893,.T.);
#4895=ADVANCED_FACE('',(#4894),#4892,.T.);
#4896=DIRECTION('',(-0.9938992478531171,0.11029181799665845,0.0));
#4897=VECTOR('',#4896,1000.0);
#4898=LINE('',#448,#4897);
#4899=EDGE_CURVE('',#449,#465,#4898,.T.);
#4900=ORIENTED_EDGE('',*,*,#4885,.F.);
#4901=ORIENTED_EDGE('',*,*,#4580,.F.);
#4902=ORIENTED_EDGE('',*,*,#4899,.T.);
#4903=DIRECTION('',(-0.11029181799665845,-0.9938992478531171,0.0));
#4904=DIRECTION('',(0.9308070091604357,-0.10329054727236134,-0.3506128556427737));
#4905=AXIS2_PLACEMENT_3D('',#464,#4903,#4904);
#4906=PLANE('',#4905);
#4907=EDGE_LOOP('',(#4900,#4901,#4902));
#4908=FACE_BOUND('',#4907,.T.);
#4909=ADVANCED_FACE('',(#4908),#4906,.T.);
#4910=DIRECTION('',(-0.5282328654379017,-0.8490995465028017,0.0));
#4911=VECTOR('',#4910,1000.0);
#4912=LINE('',#450,#4911);
#4913=EDGE_CURVE('',#451,#393,#4912,.T.);
#4914=VECTOR('',#1088,1000.0);
#4915=LINE('',#392,#4914);
#4916=EDGE_CURVE('',#393,#449,#4915,.T.);
#4917=ORIENTED_EDGE('',*,*,#4913,.T.);
#4918=ORIENTED_EDGE('',*,*,#4916,.T.);
#4919=ORIENTED_EDGE('',*,*,#4604,.F.);
#4920=AXIS2_PLACEMENT_3D('',#450,#1144,#4910);
#4921=PLANE('',#4920);
#4922=EDGE_LOOP('',(#4917,#4918,#4919));
#4923=FACE_BOUND('',#4922,.T.);
#4924=ADVANCED_FACE('',(#4923),#4921,.T.);
#4925=DIRECTION('',(0.08080362486393886,0.9967300407877991,0.0));
#4926=VECTOR('',#4925,1000.0);
#4927=LINE('',#394,#4926);
#4928=EDGE_CURVE('',#395,#449,#4927,.T.);
#4929=ORIENTED_EDGE('',*,*,#4916,.F.);
#4930=ORIENTED_EDGE('',*,*,#3617,.F.);
#4931=ORIENTED_EDGE('',*,*,#4928,.T.);
#4932=AXIS2_PLACEMENT_3D('',#448,#1040,#1063);
#4933=PLANE('',#4932);
#4934=EDGE_LOOP('',(#4929,#4930,#4931));
#4935=FACE_BOUND('',#4934,.T.);
#4936=ADVANCED_FACE('',(#4935),#4933,.T.);
#4937=DIRECTION('',(-0.7067073342847028,0.7075060025669107,0.0));
#4938=VECTOR('',#4937,1000.0);
#4939=LINE('',#394,#4938);
#4940=EDGE_CURVE('',#395,#465,#4939,.T.);
#4941=ORIENTED_EDGE('',*,*,#4928,.F.);
#4942=ORIENTED_EDGE('',*,*,#4940,.T.);
#4943=ORIENTED_EDGE('',*,*,#4899,.F.);
#4944=DIRECTION('',(-0.08080362486393886,-0.9967300407877991,0.0));
#4945=AXIS2_PLACEMENT_3D('',#448,#1144,#4944);
#4946=PLANE('',#4945);
#4947=EDGE_LOOP('',(#4941,#4942,#4943));
#4948=FACE_BOUND('',#4947,.T.);
#4949=ADVANCED_FACE('',(#4948),#4946,.T.);
#4950=DIRECTION('',(0.1641073837232657,0.9864424801312567,0.0));
#4951=VECTOR('',#4950,1000.0);
#4952=LINE('',#390,#4951);
#4953=EDGE_CURVE('',#391,#465,#4952,.T.);
#4954=ORIENTED_EDGE('',*,*,#4940,.F.);
#4955=ORIENTED_EDGE('',*,*,#3653,.F.);
#4956=ORIENTED_EDGE('',*,*,#4953,.T.);
#4957=DIRECTION('',(0.7067073342847028,-0.7075060025669107,0.0));
#4958=AXIS2_PLACEMENT_3D('',#464,#1040,#4957);
#4959=PLANE('',#4958);
#4960=EDGE_LOOP('',(#4954,#4955,#4956));
#4961=FACE_BOUND('',#4960,.T.);
#4962=ADVANCED_FACE('',(#4961),#4959,.T.);
#4963=DIRECTION('',(-0.5253894358926593,0.8508618810667177,0.0));
#4964=VECTOR('',#4963,1000.0);
#4965=LINE('',#390,#4964);
#4966=EDGE_CURVE('',#391,#463,#4965,.T.);
#4967=ORIENTED_EDGE('',*,*,#4953,.F.);
#4968=ORIENTED_EDGE('',*,*,#4966,.T.);
#4969=ORIENTED_EDGE('',*,*,#4867,.F.);
#4970=DIRECTION('',(-0.1641073837232657,-0.9864424801312567,0.0));
#4971=AXIS2_PLACEMENT_3D('',#464,#1144,#4970);
#4972=PLANE('',#4971);
#4973=EDGE_LOOP('',(#4967,#4968,#4969));
#4974=FACE_BOUND('',#4973,.T.);
#4975=ADVANCED_FACE('',(#4974),#4972,.T.);
#4976=DIRECTION('',(0.1766812068928431,0.9842681296937783,0.0));
#4977=VECTOR('',#4976,1000.0);
#4978=LINE('',#388,#4977);
#4979=EDGE_CURVE('',#389,#463,#4978,.T.);
#4980=ORIENTED_EDGE('',*,*,#4966,.F.);
#4981=ORIENTED_EDGE('',*,*,#3576,.F.);
#4982=ORIENTED_EDGE('',*,*,#4979,.T.);
#4983=DIRECTION('',(0.5253894358926593,-0.8508618810667177,0.0));
#4984=AXIS2_PLACEMENT_3D('',#462,#1040,#4983);
#4985=PLANE('',#4984);
#4986=EDGE_LOOP('',(#4980,#4981,#4982));
#4987=FACE_BOUND('',#4986,.T.);
#4988=ADVANCED_FACE('',(#4987),#4985,.T.);
#4989=ORIENTED_EDGE('',*,*,#4979,.F.);
#4990=ORIENTED_EDGE('',*,*,#3544,.F.);
#4991=ORIENTED_EDGE('',*,*,#4833,.F.);
#4992=DIRECTION('',(-0.1766812068928431,-0.9842681296937783,0.0));
#4993=AXIS2_PLACEMENT_3D('',#462,#1144,#4992);
#4994=PLANE('',#4993);
#4995=EDGE_LOOP('',(#4989,#4990,#4991));
#4996=FACE_BOUND('',#4995,.T.);
#4997=ADVANCED_FACE('',(#4996),#4994,.T.);
#4998=DIRECTION('',(0.7951285990337985,-0.6064408553177705,0.0));
#4999=VECTOR('',#4998,1000.0);
#5000=LINE('',#424,#4999);
#5001=EDGE_CURVE('',#425,#433,#5000,.T.);
#5002=ORIENTED_EDGE('',*,*,#4244,.F.);
#5003=ORIENTED_EDGE('',*,*,#5001,.T.);
#5004=ORIENTED_EDGE('',*,*,#4332,.F.);
#5005=DIRECTION('',(0.0,0.0,-1.0));
#5006=DIRECTION('',(0.0,1.0,0.0));
#5007=AXIS2_PLACEMENT_3D('',#428,#5005,#5006);
#5008=PLANE('',#5007);
#5009=EDGE_LOOP('',(#5002,#5003,#5004));
#5010=FACE_BOUND('',#5009,.T.);
#5011=ADVANCED_FACE('',(#5010),#5008,.T.);
#5012=DIRECTION('',(-0.0253158946035149,-0.9996795013805293,0.0));
#5013=VECTOR('',#5012,1000.0);
#5014=LINE('',#426,#5013);
#5015=EDGE_CURVE('',#427,#433,#5014,.T.);
#5016=ORIENTED_EDGE('',*,*,#5001,.F.);
#5017=ORIENTED_EDGE('',*,*,#4202,.F.);
#5018=ORIENTED_EDGE('',*,*,#5015,.T.);
#5019=DIRECTION('',(0.0,0.0,-1.0));
#5020=DIRECTION('',(-0.7951285990337985,0.6064408553177705,0.0));
#5021=AXIS2_PLACEMENT_3D('',#432,#5019,#5020);
#5022=PLANE('',#5021);
#5023=EDGE_LOOP('',(#5016,#5017,#5018));
#5024=FACE_BOUND('',#5023,.T.);
#5025=ADVANCED_FACE('',(#5024),#5022,.T.);
#5026=DIRECTION('',(0.7597041743324353,-0.6502688424812254,0.0));
#5027=VECTOR('',#5026,1000.0);
#5028=LINE('',#426,#5027);
#5029=EDGE_CURVE('',#427,#431,#5028,.T.);
#5030=ORIENTED_EDGE('',*,*,#5015,.F.);
#5031=ORIENTED_EDGE('',*,*,#5029,.T.);
#5032=ORIENTED_EDGE('',*,*,#4301,.F.);
#5033=DIRECTION('',(0.0,0.0,-1.0));
#5034=DIRECTION('',(0.0253158946035149,0.9996795013805293,0.0));
#5035=AXIS2_PLACEMENT_3D('',#432,#5033,#5034);
#5036=PLANE('',#5035);
#5037=EDGE_LOOP('',(#5030,#5031,#5032));
#5038=FACE_BOUND('',#5037,.T.);
#5039=ADVANCED_FACE('',(#5038),#5036,.T.);
#5040=DIRECTION('',(-0.010477784715108763,-0.9999451065070841,0.0));
#5041=VECTOR('',#5040,1000.0);
#5042=LINE('',#410,#5041);
#5043=EDGE_CURVE('',#411,#431,#5042,.T.);
#5044=ORIENTED_EDGE('',*,*,#5029,.F.);
#5045=ORIENTED_EDGE('',*,*,#4233,.F.);
#5046=ORIENTED_EDGE('',*,*,#5043,.T.);
#5047=DIRECTION('',(0.0,0.0,-1.0));
#5048=DIRECTION('',(-0.7597041743324353,0.6502688424812254,0.0));
#5049=AXIS2_PLACEMENT_3D('',#430,#5047,#5048);
#5050=PLANE('',#5049);
#5051=EDGE_LOOP('',(#5044,#5045,#5046));
#5052=FACE_BOUND('',#5051,.T.);
#5053=ADVANCED_FACE('',(#5052),#5050,.T.);
#5054=DIRECTION('',(0.6273327955974404,-0.7787512847937397,0.0));
#5055=VECTOR('',#5054,1000.0);
#5056=LINE('',#410,#5055);
#5057=EDGE_CURVE('',#411,#447,#5056,.T.);
#5058=ORIENTED_EDGE('',*,*,#5043,.F.);
#5059=ORIENTED_EDGE('',*,*,#5057,.T.);
#5060=ORIENTED_EDGE('',*,*,#4566,.F.);
#5061=DIRECTION('',(0.0,0.0,-1.0));
#5062=DIRECTION('',(0.010477784715108763,0.9999451065070841,0.0));
#5063=AXIS2_PLACEMENT_3D('',#430,#5061,#5062);
#5064=PLANE('',#5063);
#5065=EDGE_LOOP('',(#5058,#5059,#5060));
#5066=FACE_BOUND('',#5065,.T.);
#5067=ADVANCED_FACE('',(#5066),#5064,.T.);
#5068=DIRECTION('',(-0.027695614750127374,-0.9996164028884343,0.0));
#5069=VECTOR('',#5068,1000.0);
#5070=LINE('',#412,#5069);
#5071=EDGE_CURVE('',#413,#447,#5070,.T.);
#5072=ORIENTED_EDGE('',*,*,#5057,.F.);
#5073=ORIENTED_EDGE('',*,*,#3965,.F.);
#5074=ORIENTED_EDGE('',*,*,#5071,.T.);
#5075=DIRECTION('',(0.0,0.0,-1.0));
#5076=DIRECTION('',(-0.6273327955974404,0.7787512847937397,0.0));
#5077=AXIS2_PLACEMENT_3D('',#446,#5075,#5076);
#5078=PLANE('',#5077);
#5079=EDGE_LOOP('',(#5072,#5073,#5074));
#5080=FACE_BOUND('',#5079,.T.);
#5081=ADVANCED_FACE('',(#5080),#5078,.T.);
#5082=DIRECTION('',(0.4569722675208318,-0.8894809423011092,0.0));
#5083=VECTOR('',#5082,1000.0);
#5084=LINE('',#412,#5083);
#5085=EDGE_CURVE('',#413,#445,#5084,.T.);
#5086=ORIENTED_EDGE('',*,*,#5071,.F.);
#5087=ORIENTED_EDGE('',*,*,#5085,.T.);
#5088=ORIENTED_EDGE('',*,*,#4534,.F.);
#5089=DIRECTION('',(0.0,0.0,-1.0));
#5090=DIRECTION('',(0.027695614750127374,0.9996164028884343,0.0));
#5091=AXIS2_PLACEMENT_3D('',#446,#5089,#5090);
#5092=PLANE('',#5091);
#5093=EDGE_LOOP('',(#5086,#5087,#5088));
#5094=FACE_BOUND('',#5093,.T.);
#5095=ADVANCED_FACE('',(#5094),#5092,.T.);
#5096=DIRECTION('',(-0.3475564005121783,-0.9376590790170052,0.0));
#5097=VECTOR('',#5096,1000.0);
#5098=LINE('',#414,#5097);
#5099=EDGE_CURVE('',#415,#445,#5098,.T.);
#5100=ORIENTED_EDGE('',*,*,#5085,.F.);
#5101=ORIENTED_EDGE('',*,*,#3996,.F.);
#5102=ORIENTED_EDGE('',*,*,#5099,.T.);
#5103=DIRECTION('',(0.0,0.0,-1.0));
#5104=DIRECTION('',(-0.4569722675208318,0.8894809423011092,0.0));
#5105=AXIS2_PLACEMENT_3D('',#444,#5103,#5104);
#5106=PLANE('',#5105);
#5107=EDGE_LOOP('',(#5100,#5101,#5102));
#5108=FACE_BOUND('',#5107,.T.);
#5109=ADVANCED_FACE('',(#5108),#5106,.T.);
#5110=DIRECTION('',(0.18842274767930048,-0.9820880144655991,0.0));
#5111=VECTOR('',#5110,1000.0);
#5112=LINE('',#414,#5111);
#5113=EDGE_CURVE('',#415,#443,#5112,.T.);
#5114=ORIENTED_EDGE('',*,*,#5099,.F.);
#5115=ORIENTED_EDGE('',*,*,#5113,.T.);
#5116=ORIENTED_EDGE('',*,*,#4502,.F.);
#5117=DIRECTION('',(0.0,0.0,-1.0));
#5118=DIRECTION('',(0.3475564005121783,0.9376590790170052,0.0));
#5119=AXIS2_PLACEMENT_3D('',#444,#5117,#5118);
#5120=PLANE('',#5119);
#5121=EDGE_LOOP('',(#5114,#5115,#5116));
#5122=FACE_BOUND('',#5121,.T.);
#5123=ADVANCED_FACE('',(#5122),#5120,.T.);
#5124=DIRECTION('',(-0.5524022454755027,-0.8335776863577998,0.0));
#5125=VECTOR('',#5124,1000.0);
#5126=LINE('',#416,#5125);
#5127=EDGE_CURVE('',#417,#443,#5126,.T.);
#5128=ORIENTED_EDGE('',*,*,#5113,.F.);
#5129=ORIENTED_EDGE('',*,*,#4030,.F.);
#5130=ORIENTED_EDGE('',*,*,#5127,.T.);
#5131=DIRECTION('',(0.0,0.0,-1.0));
#5132=DIRECTION('',(-0.18842274767930048,0.9820880144655991,0.0));
#5133=AXIS2_PLACEMENT_3D('',#442,#5131,#5132);
#5134=PLANE('',#5133);
#5135=EDGE_LOOP('',(#5128,#5129,#5130));
#5136=FACE_BOUND('',#5135,.T.);
#5137=ADVANCED_FACE('',(#5136),#5134,.T.);
#5138=DIRECTION('',(-0.030976488744519692,-0.9995201134269688,0.0));
#5139=VECTOR('',#5138,1000.0);
#5140=LINE('',#416,#5139);
#5141=EDGE_CURVE('',#417,#441,#5140,.T.);
#5142=ORIENTED_EDGE('',*,*,#5127,.F.);
#5143=ORIENTED_EDGE('',*,*,#5141,.T.);
#5144=ORIENTED_EDGE('',*,*,#4468,.F.);
#5145=DIRECTION('',(0.0,-0.0,-1.0));
#5146=DIRECTION('',(0.5524022454755027,0.8335776863577998,0.0));
#5147=AXIS2_PLACEMENT_3D('',#442,#5145,#5146);
#5148=PLANE('',#5147);
#5149=EDGE_LOOP('',(#5142,#5143,#5144));
#5150=FACE_BOUND('',#5149,.T.);
#5151=ADVANCED_FACE('',(#5150),#5148,.T.);
#5152=DIRECTION('',(-0.7713861770372072,-0.6363673199308104,0.0));
#5153=VECTOR('',#5152,1000.0);
#5154=LINE('',#418,#5153);
#5155=EDGE_CURVE('',#419,#441,#5154,.T.);
#5156=ORIENTED_EDGE('',*,*,#5141,.F.);
#5157=ORIENTED_EDGE('',*,*,#4064,.F.);
#5158=ORIENTED_EDGE('',*,*,#5155,.T.);
#5159=DIRECTION('',(0.0,0.0,-1.0));
#5160=DIRECTION('',(0.030976488744519692,0.9995201134269688,0.0));
#5161=AXIS2_PLACEMENT_3D('',#440,#5159,#5160);
#5162=PLANE('',#5161);
#5163=EDGE_LOOP('',(#5156,#5157,#5158));
#5164=FACE_BOUND('',#5163,.T.);
#5165=ADVANCED_FACE('',(#5164),#5162,.T.);
#5166=DIRECTION('',(-0.32823394296741143,-0.9445964634086167,0.0));
#5167=VECTOR('',#5166,1000.0);
#5168=LINE('',#418,#5167);
#5169=EDGE_CURVE('',#419,#439,#5168,.T.);
#5170=ORIENTED_EDGE('',*,*,#5155,.F.);
#5171=ORIENTED_EDGE('',*,*,#5169,.T.);
#5172=ORIENTED_EDGE('',*,*,#4434,.F.);
#5173=DIRECTION('',(0.0,-0.0,-1.0));
#5174=DIRECTION('',(0.7713861770372072,0.6363673199308104,0.0));
#5175=AXIS2_PLACEMENT_3D('',#440,#5173,#5174);
#5176=PLANE('',#5175);
#5177=EDGE_LOOP('',(#5170,#5171,#5172));
#5178=FACE_BOUND('',#5177,.T.);
#5179=ADVANCED_FACE('',(#5178),#5176,.T.);
#5180=DIRECTION('',(-0.8749501370958317,-0.4842130291472808,0.0));
#5181=VECTOR('',#5180,1000.0);
#5182=LINE('',#420,#5181);
#5183=EDGE_CURVE('',#421,#439,#5182,.T.);
#5184=ORIENTED_EDGE('',*,*,#5169,.F.);
#5185=ORIENTED_EDGE('',*,*,#4098,.F.);
#5186=ORIENTED_EDGE('',*,*,#5183,.T.);
#5187=DIRECTION('',(0.0,0.0,-1.0));
#5188=DIRECTION('',(0.32823394296741143,0.9445964634086167,0.0));
#5189=AXIS2_PLACEMENT_3D('',#438,#5187,#5188);
#5190=PLANE('',#5189);
#5191=EDGE_LOOP('',(#5184,#5185,#5186));
#5192=FACE_BOUND('',#5191,.T.);
#5193=ADVANCED_FACE('',(#5192),#5190,.T.);
#5194=DIRECTION('',(-0.4530950775687321,-0.891462198123389,0.0));
#5195=VECTOR('',#5194,1000.0);
#5196=LINE('',#420,#5195);
#5197=EDGE_CURVE('',#421,#437,#5196,.T.);
#5198=ORIENTED_EDGE('',*,*,#5183,.F.);
#5199=ORIENTED_EDGE('',*,*,#5197,.T.);
#5200=ORIENTED_EDGE('',*,*,#4400,.F.);
#5201=DIRECTION('',(0.0,-0.0,-1.0));
#5202=DIRECTION('',(0.8749501370958317,0.4842130291472808,0.0));
#5203=AXIS2_PLACEMENT_3D('',#438,#5201,#5202);
#5204=PLANE('',#5203);
#5205=EDGE_LOOP('',(#5198,#5199,#5200));
#5206=FACE_BOUND('',#5205,.T.);
#5207=ADVANCED_FACE('',(#5206),#5204,.T.);
#5208=DIRECTION('',(-0.9115733099946043,-0.4111375688324787,0.0));
#5209=VECTOR('',#5208,1000.0);
#5210=LINE('',#422,#5209);
#5211=EDGE_CURVE('',#423,#437,#5210,.T.);
#5212=ORIENTED_EDGE('',*,*,#5197,.F.);
#5213=ORIENTED_EDGE('',*,*,#4132,.F.);
#5214=ORIENTED_EDGE('',*,*,#5211,.T.);
#5215=DIRECTION('',(0.0,0.0,-1.0));
#5216=DIRECTION('',(0.4530950775687321,0.891462198123389,0.0));
#5217=AXIS2_PLACEMENT_3D('',#436,#5215,#5216);
#5218=PLANE('',#5217);
#5219=EDGE_LOOP('',(#5212,#5213,#5214));
#5220=FACE_BOUND('',#5219,.T.);
#5221=ADVANCED_FACE('',(#5220),#5218,.T.);
#5222=DIRECTION('',(-0.6664922523690925,-0.745511956666004,0.0));
#5223=VECTOR('',#5222,1000.0);
#5224=LINE('',#422,#5223);
#5225=EDGE_CURVE('',#423,#435,#5224,.T.);
#5226=ORIENTED_EDGE('',*,*,#5211,.F.);
#5227=ORIENTED_EDGE('',*,*,#5225,.T.);
#5228=ORIENTED_EDGE('',*,*,#4369,.F.);
#5229=DIRECTION('',(0.0,-0.0,-1.0));
#5230=DIRECTION('',(0.9115733099946043,0.4111375688324787,0.0));
#5231=AXIS2_PLACEMENT_3D('',#436,#5229,#5230);
#5232=PLANE('',#5231);
#5233=EDGE_LOOP('',(#5226,#5227,#5228));
#5234=FACE_BOUND('',#5233,.T.);
#5235=ADVANCED_FACE('',(#5234),#5232,.T.);
#5236=DIRECTION('',(-0.9981370490068739,0.06101173165752045,0.0));
#5237=VECTOR('',#5236,1000.0);
#5238=LINE('',#396,#5237);
#5239=EDGE_CURVE('',#397,#435,#5238,.T.);
#5240=ORIENTED_EDGE('',*,*,#5225,.F.);
#5241=ORIENTED_EDGE('',*,*,#4164,.F.);
#5242=ORIENTED_EDGE('',*,*,#5239,.T.);
#5243=DIRECTION('',(0.0,0.0,-1.0));
#5244=DIRECTION('',(0.6664922523690925,0.745511956666004,0.0));
#5245=AXIS2_PLACEMENT_3D('',#434,#5243,#5244);
#5246=PLANE('',#5245);
#5247=EDGE_LOOP('',(#5240,#5241,#5242));
#5248=FACE_BOUND('',#5247,.T.);
#5249=ADVANCED_FACE('',(#5248),#5246,.T.);
#5250=DIRECTION('',(-0.8217100458685387,-0.569905782141859,0.0));
#5251=VECTOR('',#5250,1000.0);
#5252=LINE('',#396,#5251);
#5253=EDGE_CURVE('',#397,#461,#5252,.T.);
#5254=ORIENTED_EDGE('',*,*,#5239,.F.);
#5255=ORIENTED_EDGE('',*,*,#5253,.T.);
#5256=ORIENTED_EDGE('',*,*,#4800,.F.);
#5257=DIRECTION('',(0.0,-0.0,-1.0));
#5258=DIRECTION('',(0.9981370490068739,-0.06101173165752045,0.0));
#5259=AXIS2_PLACEMENT_3D('',#434,#5257,#5258);
#5260=PLANE('',#5259);
#5261=EDGE_LOOP('',(#5254,#5255,#5256));
#5262=FACE_BOUND('',#5261,.T.);
#5263=ADVANCED_FACE('',(#5262),#5260,.T.);
#5264=DIRECTION('',(-0.9932234455077013,0.11622042545873919,0.0));
#5265=VECTOR('',#5264,1000.0);
#5266=LINE('',#398,#5265);
#5267=EDGE_CURVE('',#399,#461,#5266,.T.);
#5268=ORIENTED_EDGE('',*,*,#5253,.F.);
#5269=ORIENTED_EDGE('',*,*,#3718,.F.);
#5270=ORIENTED_EDGE('',*,*,#5267,.T.);
#5271=DIRECTION('',(0.0,-0.0,-1.0));
#5272=DIRECTION('',(0.8217100458685387,0.569905782141859,0.0));
#5273=AXIS2_PLACEMENT_3D('',#460,#5271,#5272);
#5274=PLANE('',#5273);
#5275=EDGE_LOOP('',(#5268,#5269,#5270));
#5276=FACE_BOUND('',#5275,.T.);
#5277=ADVANCED_FACE('',(#5276),#5274,.T.);
#5278=DIRECTION('',(-0.9172250311888,-0.3983694794543186,0.0));
#5279=VECTOR('',#5278,1000.0);
#5280=LINE('',#398,#5279);
#5281=EDGE_CURVE('',#399,#459,#5280,.T.);
#5282=ORIENTED_EDGE('',*,*,#5267,.F.);
#5283=ORIENTED_EDGE('',*,*,#5281,.T.);
#5284=ORIENTED_EDGE('',*,*,#4769,.F.);
#5285=DIRECTION('',(0.0,-0.0,-1.0));
#5286=DIRECTION('',(0.9932234455077013,-0.11622042545873919,0.0));
#5287=AXIS2_PLACEMENT_3D('',#460,#5285,#5286);
#5288=PLANE('',#5287);
#5289=EDGE_LOOP('',(#5282,#5283,#5284));
#5290=FACE_BOUND('',#5289,.T.);
#5291=ADVANCED_FACE('',(#5290),#5288,.T.);
#5292=DIRECTION('',(-0.9653569045536887,0.2609330313136312,0.0));
#5293=VECTOR('',#5292,1000.0);
#5294=LINE('',#400,#5293);
#5295=EDGE_CURVE('',#401,#459,#5294,.T.);
#5296=ORIENTED_EDGE('',*,*,#5281,.F.);
#5297=ORIENTED_EDGE('',*,*,#3751,.F.);
#5298=ORIENTED_EDGE('',*,*,#5295,.T.);
#5299=DIRECTION('',(0.0,-0.0,-1.0));
#5300=DIRECTION('',(0.9172250311888,0.3983694794543186,0.0));
#5301=AXIS2_PLACEMENT_3D('',#458,#5299,#5300);
#5302=PLANE('',#5301);
#5303=EDGE_LOOP('',(#5296,#5297,#5298));
#5304=FACE_BOUND('',#5303,.T.);
#5305=ADVANCED_FACE('',(#5304),#5302,.T.);
#5306=DIRECTION('',(-0.9815033325397611,-0.19144505272621487,0.0));
#5307=VECTOR('',#5306,1000.0);
#5308=LINE('',#400,#5307);
#5309=EDGE_CURVE('',#401,#457,#5308,.T.);
#5310=ORIENTED_EDGE('',*,*,#5295,.F.);
#5311=ORIENTED_EDGE('',*,*,#5309,.T.);
#5312=ORIENTED_EDGE('',*,*,#4736,.F.);
#5313=DIRECTION('',(0.0,-0.0,-1.0));
#5314=DIRECTION('',(0.9653569045536887,-0.2609330313136312,0.0));
#5315=AXIS2_PLACEMENT_3D('',#458,#5313,#5314);
#5316=PLANE('',#5315);
#5317=EDGE_LOOP('',(#5310,#5311,#5312));
#5318=FACE_BOUND('',#5317,.T.);
#5319=ADVANCED_FACE('',(#5318),#5316,.T.);
#5320=DIRECTION('',(-0.8900749896572335,0.45581412087239637,0.0));
#5321=VECTOR('',#5320,1000.0);
#5322=LINE('',#402,#5321);
#5323=EDGE_CURVE('',#403,#457,#5322,.T.);
#5324=ORIENTED_EDGE('',*,*,#5309,.F.);
#5325=ORIENTED_EDGE('',*,*,#3784,.F.);
#5326=ORIENTED_EDGE('',*,*,#5323,.T.);
#5327=DIRECTION('',(0.0,-0.0,-1.0));
#5328=DIRECTION('',(0.9815033325397611,0.19144505272621487,0.0));
#5329=AXIS2_PLACEMENT_3D('',#456,#5327,#5328);
#5330=PLANE('',#5329);
#5331=EDGE_LOOP('',(#5324,#5325,#5326));
#5332=FACE_BOUND('',#5331,.T.);
#5333=ADVANCED_FACE('',(#5332),#5330,.T.);
#5334=DIRECTION('',(-0.997495023023652,0.07073668809778957,0.0));
#5335=VECTOR('',#5334,1000.0);
#5336=LINE('',#402,#5335);
#5337=EDGE_CURVE('',#403,#455,#5336,.T.);
#5338=ORIENTED_EDGE('',*,*,#5323,.F.);
#5339=ORIENTED_EDGE('',*,*,#5337,.T.);
#5340=ORIENTED_EDGE('',*,*,#4703,.F.);
#5341=DIRECTION('',(0.8900749896572335,-0.45581412087239637,0.0));
#5342=AXIS2_PLACEMENT_3D('',#456,#1040,#5341);
#5343=PLANE('',#5342);
#5344=EDGE_LOOP('',(#5338,#5339,#5340));
#5345=FACE_BOUND('',#5344,.T.);
#5346=ADVANCED_FACE('',(#5345),#5343,.T.);
#5347=DIRECTION('',(-0.7096983774546974,0.7045056515303264,0.0));
#5348=VECTOR('',#5347,1000.0);
#5349=LINE('',#404,#5348);
#5350=EDGE_CURVE('',#405,#455,#5349,.T.);
#5351=ORIENTED_EDGE('',*,*,#5337,.F.);
#5352=ORIENTED_EDGE('',*,*,#3817,.F.);
#5353=ORIENTED_EDGE('',*,*,#5350,.T.);
#5354=DIRECTION('',(0.0,-0.0,-1.0));
#5355=DIRECTION('',(0.997495023023652,-0.07073668809778957,0.0));
#5356=AXIS2_PLACEMENT_3D('',#454,#5354,#5355);
#5357=PLANE('',#5356);
#5358=EDGE_LOOP('',(#5351,#5352,#5353));
#5359=FACE_BOUND('',#5358,.T.);
#5360=ADVANCED_FACE('',(#5359),#5357,.T.);
#5361=DIRECTION('',(-0.9513421313981373,0.3081365752825349,0.0));
#5362=VECTOR('',#5361,1000.0);
#5363=LINE('',#404,#5362);
#5364=EDGE_CURVE('',#405,#453,#5363,.T.);
#5365=ORIENTED_EDGE('',*,*,#5350,.F.);
#5366=ORIENTED_EDGE('',*,*,#5364,.T.);
#5367=ORIENTED_EDGE('',*,*,#4670,.F.);
#5368=DIRECTION('',(0.7096983774546974,-0.7045056515303264,0.0));
#5369=AXIS2_PLACEMENT_3D('',#454,#1040,#5368);
#5370=PLANE('',#5369);
#5371=EDGE_LOOP('',(#5365,#5366,#5367));
#5372=FACE_BOUND('',#5371,.T.);
#5373=ADVANCED_FACE('',(#5372),#5370,.T.);
#5374=DIRECTION('',(-0.5835348909704617,0.8120880685123328,0.0));
#5375=VECTOR('',#5374,1000.0);
#5376=LINE('',#406,#5375);
#5377=EDGE_CURVE('',#407,#453,#5376,.T.);
#5378=ORIENTED_EDGE('',*,*,#5364,.F.);
#5379=ORIENTED_EDGE('',*,*,#3850,.F.);
#5380=ORIENTED_EDGE('',*,*,#5377,.T.);
#5381=DIRECTION('',(0.0,-0.0,-1.0));
#5382=DIRECTION('',(0.9513421313981373,-0.3081365752825349,0.0));
#5383=AXIS2_PLACEMENT_3D('',#452,#5381,#5382);
#5384=PLANE('',#5383);
#5385=EDGE_LOOP('',(#5378,#5379,#5380));
#5386=FACE_BOUND('',#5385,.T.);
#5387=ADVANCED_FACE('',(#5386),#5384,.T.);
#5388=DIRECTION('',(-0.8909810226293786,0.45404054589244214,0.0));
#5389=VECTOR('',#5388,1000.0);
#5390=LINE('',#406,#5389);
#5391=EDGE_CURVE('',#407,#451,#5390,.T.);
#5392=ORIENTED_EDGE('',*,*,#5377,.F.);
#5393=ORIENTED_EDGE('',*,*,#5391,.T.);
#5394=ORIENTED_EDGE('',*,*,#4637,.F.);
#5395=DIRECTION('',(0.5835348909704617,-0.8120880685123328,0.0));
#5396=AXIS2_PLACEMENT_3D('',#452,#1040,#5395);
#5397=PLANE('',#5396);
#5398=EDGE_LOOP('',(#5392,#5393,#5394));
#5399=FACE_BOUND('',#5398,.T.);
#5400=ADVANCED_FACE('',(#5399),#5397,.T.);
#5401=DIRECTION('',(-0.4110842505916424,0.9115973556979572,0.0));
#5402=VECTOR('',#5401,1000.0);
#5403=LINE('',#408,#5402);
#5404=EDGE_CURVE('',#409,#451,#5403,.T.);
#5405=ORIENTED_EDGE('',*,*,#5391,.F.);
#5406=ORIENTED_EDGE('',*,*,#3881,.F.);
#5407=ORIENTED_EDGE('',*,*,#5404,.T.);
#5408=DIRECTION('',(0.0,-0.0,-1.0));
#5409=DIRECTION('',(0.8909810226293786,-0.45404054589244214,0.0));
#5410=AXIS2_PLACEMENT_3D('',#450,#5408,#5409);
#5411=PLANE('',#5410);
#5412=EDGE_LOOP('',(#5405,#5406,#5407));
#5413=FACE_BOUND('',#5412,.T.);
#5414=ADVANCED_FACE('',(#5413),#5411,.T.);
#5415=ORIENTED_EDGE('',*,*,#5404,.F.);
#5416=ORIENTED_EDGE('',*,*,#3898,.F.);
#5417=ORIENTED_EDGE('',*,*,#4913,.F.);
#5418=DIRECTION('',(0.0,-0.0,-1.0));
#5419=DIRECTION('',(0.4110842505916424,-0.9115973556979572,0.0));
#5420=AXIS2_PLACEMENT_3D('',#450,#5418,#5419);
#5421=PLANE('',#5420);
#5422=EDGE_LOOP('',(#5415,#5416,#5417));
#5423=FACE_BOUND('',#5422,.T.);
#5424=ADVANCED_FACE('',(#5423),#5421,.T.);
#5425=LINE('',#466,#487);
#5426=EDGE_CURVE('',#467,#469,#5425,.T.);
#5427=LINE('',#468,#3069);
#5428=EDGE_CURVE('',#469,#103,#5427,.T.);
#5429=LINE('',#102,#504);
#5430=EDGE_CURVE('',#103,#467,#5429,.T.);
#5431=ORIENTED_EDGE('',*,*,#5426,.T.);
#5432=ORIENTED_EDGE('',*,*,#5428,.T.);
#5433=ORIENTED_EDGE('',*,*,#5430,.T.);
#5434=AXIS2_PLACEMENT_3D('',#466,#12,#486);
#5435=PLANE('',#5434);
#5436=EDGE_LOOP('',(#5431,#5432,#5433));
#5437=FACE_BOUND('',#5436,.T.);
#5438=ADVANCED_FACE('',(#5437),#5435,.T.);
#5439=DIRECTION('',(0.0,0.0,-1.0));
#5440=VECTOR('',#5439,1000.0);
#5441=LINE('',#468,#5440);
#5442=EDGE_CURVE('',#469,#47,#5441,.T.);
#5443=DIRECTION('',(0.0,1.0,0.0));
#5444=VECTOR('',#5443,1000.0);
#5445=LINE('',#46,#5444);
#5446=EDGE_CURVE('',#47,#103,#5445,.T.);
#5447=ORIENTED_EDGE('',*,*,#5428,.F.);
#5448=ORIENTED_EDGE('',*,*,#5442,.T.);
#5449=ORIENTED_EDGE('',*,*,#5446,.T.);
#5450=AXIS2_PLACEMENT_3D('',#102,#12,#3093);
#5451=PLANE('',#5450);
#5452=EDGE_LOOP('',(#5447,#5448,#5449));
#5453=FACE_BOUND('',#5452,.T.);
#5454=ADVANCED_FACE('',(#5453),#5451,.T.);
#5455=LINE('',#468,#537);
#5456=EDGE_CURVE('',#469,#471,#5455,.T.);
#5457=DIRECTION('',(-0.9952689527349696,0.0,-0.09715817887258331));
#5458=VECTOR('',#5457,1000.0);
#5459=LINE('',#470,#5458);
#5460=EDGE_CURVE('',#471,#47,#5459,.T.);
#5461=ORIENTED_EDGE('',*,*,#5456,.T.);
#5462=ORIENTED_EDGE('',*,*,#5460,.T.);
#5463=ORIENTED_EDGE('',*,*,#5442,.F.);
#5464=AXIS2_PLACEMENT_3D('',#468,#822,#12);
#5465=PLANE('',#5464);
#5466=EDGE_LOOP('',(#5461,#5462,#5463));
#5467=FACE_BOUND('',#5466,.T.);
#5468=ADVANCED_FACE('',(#5467),#5465,.T.);
#5469=DIRECTION('',(0.0,0.0,-1.0));
#5470=VECTOR('',#5469,1000.0);
#5471=LINE('',#470,#5470);
#5472=EDGE_CURVE('',#471,#93,#5471,.T.);
#5473=LINE('',#92,#525);
#5474=EDGE_CURVE('',#93,#47,#5473,.T.);
#5475=ORIENTED_EDGE('',*,*,#5460,.F.);
#5476=ORIENTED_EDGE('',*,*,#5472,.T.);
#5477=ORIENTED_EDGE('',*,*,#5474,.T.);
#5478=DIRECTION('',(0.9952689527349696,0.0,0.09715817887258331));
#5479=AXIS2_PLACEMENT_3D('',#46,#822,#5478);
#5480=PLANE('',#5479);
#5481=EDGE_LOOP('',(#5475,#5476,#5477));
#5482=FACE_BOUND('',#5481,.T.);
#5483=ADVANCED_FACE('',(#5482),#5480,.T.);
#5484=DIRECTION('',(0.0,1.0,0.0));
#5485=VECTOR('',#5484,1000.0);
#5486=LINE('',#470,#5485);
#5487=EDGE_CURVE('',#471,#473,#5486,.T.);
#5488=LINE('',#472,#1517);
#5489=EDGE_CURVE('',#473,#93,#5488,.T.);
#5490=ORIENTED_EDGE('',*,*,#5487,.T.);
#5491=ORIENTED_EDGE('',*,*,#5489,.T.);
#5492=ORIENTED_EDGE('',*,*,#5472,.F.);
#5493=DIRECTION('',(-1.0,0.0,-0.0));
#5494=DIRECTION('',(0.0,1.0,0.0));
#5495=AXIS2_PLACEMENT_3D('',#470,#5493,#5494);
#5496=PLANE('',#5495);
#5497=EDGE_LOOP('',(#5490,#5491,#5492));
#5498=FACE_BOUND('',#5497,.T.);
#5499=ADVANCED_FACE('',(#5498),#5496,.T.);
#5500=DIRECTION('',(0.0,0.0,-1.0));
#5501=VECTOR('',#5500,1000.0);
#5502=LINE('',#472,#5501);
#5503=EDGE_CURVE('',#473,#91,#5502,.T.);
#5504=LINE('',#90,#487);
#5505=EDGE_CURVE('',#91,#93,#5504,.T.);
#5506=ORIENTED_EDGE('',*,*,#5489,.F.);
#5507=ORIENTED_EDGE('',*,*,#5503,.T.);
#5508=ORIENTED_EDGE('',*,*,#5505,.T.);
#5509=AXIS2_PLACEMENT_3D('',#92,#524,#1539);
#5510=PLANE('',#5509);
#5511=EDGE_LOOP('',(#5506,#5507,#5508));
#5512=FACE_BOUND('',#5511,.T.);
#5513=ADVANCED_FACE('',(#5512),#5510,.T.);
#5514=LINE('',#472,#525);
#5515=EDGE_CURVE('',#473,#475,#5514,.T.);
#5516=LINE('',#474,#1004);
#5517=EDGE_CURVE('',#475,#91,#5516,.T.);
#5518=ORIENTED_EDGE('',*,*,#5515,.T.);
#5519=ORIENTED_EDGE('',*,*,#5517,.T.);
#5520=ORIENTED_EDGE('',*,*,#5503,.F.);
#5521=AXIS2_PLACEMENT_3D('',#472,#1010,#524);
#5522=PLANE('',#5521);
#5523=EDGE_LOOP('',(#5518,#5519,#5520));
#5524=FACE_BOUND('',#5523,.T.);
#5525=ADVANCED_FACE('',(#5524),#5522,.T.);
#5526=DIRECTION('',(0.0,0.0,-1.0));
#5527=VECTOR('',#5526,1000.0);
#5528=LINE('',#474,#5527);
#5529=EDGE_CURVE('',#475,#89,#5528,.T.);
#5530=LINE('',#88,#537);
#5531=EDGE_CURVE('',#89,#91,#5530,.T.);
#5532=ORIENTED_EDGE('',*,*,#5517,.F.);
#5533=ORIENTED_EDGE('',*,*,#5529,.T.);
#5534=ORIENTED_EDGE('',*,*,#5531,.T.);
#5535=AXIS2_PLACEMENT_3D('',#90,#1010,#1021);
#5536=PLANE('',#5535);
#5537=EDGE_LOOP('',(#5532,#5533,#5534));
#5538=FACE_BOUND('',#5537,.T.);
#5539=ADVANCED_FACE('',(#5538),#5536,.T.);
#5540=LINE('',#474,#487);
#5541=EDGE_CURVE('',#475,#477,#5540,.T.);
#5542=DIRECTION('',(0.0,0.9984265241610701,-0.056075626181469794));
#5543=VECTOR('',#5542,1000.0);
#5544=LINE('',#476,#5543);
#5545=EDGE_CURVE('',#477,#89,#5544,.T.);
#5546=ORIENTED_EDGE('',*,*,#5541,.T.);
#5547=ORIENTED_EDGE('',*,*,#5545,.T.);
#5548=ORIENTED_EDGE('',*,*,#5529,.F.);
#5549=AXIS2_PLACEMENT_3D('',#474,#12,#486);
#5550=PLANE('',#5549);
#5551=EDGE_LOOP('',(#5546,#5547,#5548));
#5552=FACE_BOUND('',#5551,.T.);
#5553=ADVANCED_FACE('',(#5552),#5550,.T.);
#5554=DIRECTION('',(0.0,0.0,-1.0));
#5555=VECTOR('',#5554,1000.0);
#5556=LINE('',#476,#5555);
#5557=EDGE_CURVE('',#477,#107,#5556,.T.);
#5558=DIRECTION('',(0.0,1.0,0.0));
#5559=VECTOR('',#5558,1000.0);
#5560=LINE('',#106,#5559);
#5561=EDGE_CURVE('',#107,#89,#5560,.T.);
#5562=ORIENTED_EDGE('',*,*,#5545,.F.);
#5563=ORIENTED_EDGE('',*,*,#5557,.T.);
#5564=ORIENTED_EDGE('',*,*,#5561,.T.);
#5565=DIRECTION('',(0.0,-0.9984265241610701,0.056075626181469794));
#5566=AXIS2_PLACEMENT_3D('',#88,#12,#5565);
#5567=PLANE('',#5566);
#5568=EDGE_LOOP('',(#5562,#5563,#5564));
#5569=FACE_BOUND('',#5568,.T.);
#5570=ADVANCED_FACE('',(#5569),#5567,.T.);
#5571=LINE('',#476,#525);
#5572=EDGE_CURVE('',#477,#467,#5571,.T.);
#5573=DIRECTION('',(0.991367051141163,0.0,-0.13111586445459097));
#5574=VECTOR('',#5573,1000.0);
#5575=LINE('',#466,#5574);
#5576=EDGE_CURVE('',#467,#107,#5575,.T.);
#5577=ORIENTED_EDGE('',*,*,#5572,.T.);
#5578=ORIENTED_EDGE('',*,*,#5576,.T.);
#5579=ORIENTED_EDGE('',*,*,#5557,.F.);
#5580=AXIS2_PLACEMENT_3D('',#476,#1010,#524);
#5581=PLANE('',#5580);
#5582=EDGE_LOOP('',(#5577,#5578,#5579));
#5583=FACE_BOUND('',#5582,.T.);
#5584=ADVANCED_FACE('',(#5583),#5581,.T.);
#5585=LINE('',#102,#537);
#5586=EDGE_CURVE('',#103,#107,#5585,.T.);
#5587=ORIENTED_EDGE('',*,*,#5576,.F.);
#5588=ORIENTED_EDGE('',*,*,#5430,.F.);
#5589=ORIENTED_EDGE('',*,*,#5586,.T.);
#5590=DIRECTION('',(-0.991367051141163,0.0,0.13111586445459097));
#5591=AXIS2_PLACEMENT_3D('',#106,#1010,#5590);
#5592=PLANE('',#5591);
#5593=EDGE_LOOP('',(#5587,#5588,#5589));
#5594=FACE_BOUND('',#5593,.T.);
#5595=ADVANCED_FACE('',(#5594),#5592,.T.);
#5596=LINE('',#472,#2261);
#5597=EDGE_CURVE('',#473,#477,#5596,.T.);
#5598=ORIENTED_EDGE('',*,*,#5515,.F.);
#5599=ORIENTED_EDGE('',*,*,#5597,.T.);
#5600=ORIENTED_EDGE('',*,*,#5541,.F.);
#5601=DIRECTION('',(0.0,-0.0,-1.0));
#5602=AXIS2_PLACEMENT_3D('',#474,#5601,#12);
#5603=PLANE('',#5602);
#5604=EDGE_LOOP('',(#5598,#5599,#5600));
#5605=FACE_BOUND('',#5604,.T.);
#5606=ADVANCED_FACE('',(#5605),#5603,.T.);
#5607=LINE('',#470,#2279);
#5608=EDGE_CURVE('',#471,#477,#5607,.T.);
#5609=ORIENTED_EDGE('',*,*,#5597,.F.);
#5610=ORIENTED_EDGE('',*,*,#5487,.F.);
#5611=ORIENTED_EDGE('',*,*,#5608,.T.);
#5612=DIRECTION('',(0.0,0.0,-1.0));
#5613=AXIS2_PLACEMENT_3D('',#476,#5612,#2286);
#5614=PLANE('',#5613);
#5615=EDGE_LOOP('',(#5609,#5610,#5611));
#5616=FACE_BOUND('',#5615,.T.);
#5617=ADVANCED_FACE('',(#5616),#5614,.T.);
#5618=DIRECTION('',(-0.9778043696631155,0.2095199624563675,0.0));
#5619=VECTOR('',#5618,1000.0);
#5620=LINE('',#470,#5619);
#5621=EDGE_CURVE('',#471,#467,#5620,.T.);
#5622=ORIENTED_EDGE('',*,*,#5608,.F.);
#5623=ORIENTED_EDGE('',*,*,#5621,.T.);
#5624=ORIENTED_EDGE('',*,*,#5572,.F.);
#5625=AXIS2_PLACEMENT_3D('',#476,#1040,#2301);
#5626=PLANE('',#5625);
#5627=EDGE_LOOP('',(#5622,#5623,#5624));
#5628=FACE_BOUND('',#5627,.T.);
#5629=ADVANCED_FACE('',(#5628),#5626,.T.);
#5630=ORIENTED_EDGE('',*,*,#5621,.F.);
#5631=ORIENTED_EDGE('',*,*,#5456,.F.);
#5632=ORIENTED_EDGE('',*,*,#5426,.F.);
#5633=DIRECTION('',(0.9778043696631155,-0.2095199624563675,0.0));
#5634=AXIS2_PLACEMENT_3D('',#466,#1040,#5633);
#5635=PLANE('',#5634);
#5636=EDGE_LOOP('',(#5630,#5631,#5632));
#5637=FACE_BOUND('',#5636,.T.);
#5638=ADVANCED_FACE('',(#5637),#5635,.T.);
#5639=CLOSED_SHELL('',(#499,#515,#536,#549,#571,#582,#598,#610,#624,#634,#654,#667,#684,#698,#716,#725,#743,#753,#767,#776,#795,#812,#827,#842,#859,#876,#890,#905,#922,#939,#951,#965,#982,#1000,#1015,#1026,#1045,#1058,#1079,#1093,#1106,#1115,#1132,#1150,#1163,#1178,#1196,#1212,#1228,#1242,#1256,#1266,#1280,#1295,#1311,#1322,#1338,#1350,#1366,#1378,#1392,#1403,#1419,#1430,#1446,#1457,#1469,#1480,#1496,#1511,#1529,#1544,#1558,#1573,#1595,#1610,#1628,#1643,#1661,#1676,#1694,#1709,#1727,#1742,#1760,#1775,#1793,#1808,#1826,#1839,#1857,#1873,#1889,#1904,#1922,#1938,#1956,#1972,#1990,#2006,#2024,#2040,#2058,#2072,#2089,#2103,#2121,#2135,#2153,#2167,#2185,#2199,#2215,#2229,#2245,#2259,#2277,#2291,#2306,#2319,#2336,#2349,#2366,#2379,#2396,#2409,#2426,#2439,#2456,#2469,#2486,#2499,#2516,#2529,#2547,#2560,#2577,#2588,#2601,#2615,#2630,#2646,#2657,#2673,#2684,#2700,#2711,#2727,#2738,#2754,#2765,#2781,#2792,#2808,#2819,#2835,#2847,#2863,#2875,#2891,#2903,#2919,#2931,#2947,#2959,#2975,#2987,#3003,#3015,#3029,#3040,#3052,#3065,#3081,#3098,#3112,#3127,#3143,#3157,#3171,#3186,#3198,#3214,#3228,#3243,#3257,#3274,#3288,#3303,#3315,#3331,#3345,#3360,#3374,#3391,#3405,#3416,#3429,#3441,#3454,#3468,#3482,#3494,#3507,#3521,#3533,#3542,#3556,#3572,#3589,#3611,#3627,#3645,#3663,#3676,#3690,#3712,#3727,#3745,#3760,#3778,#3793,#3811,#3826,#3844,#3859,#3876,#3890,#3908,#3926,#3937,#3959,#3975,#3991,#4006,#4024,#4040,#4058,#4074,#4092,#4108,#4126,#4142,#4160,#4174,#4196,#4211,#4229,#4242,#4256,#4273,#4295,#4310,#4328,#4341,#4363,#4379,#4396,#4410,#4428,#4444,#4462,#4478,#4496,#4512,#4528,#4544,#4562,#4576,#4598,#4613,#4631,#4646,#4664,#4679,#4697,#4712,#4730,#4745,#4763,#4778,#4796,#4809,#4827,#4843,#4861,#4877,#4895,#4909,#4924,#4936,#4949,#4962,#4975,#4988,#4997,#5011,#5025,#5039,#5053,#5067,#5081,#5095,#5109,#5123,#5137,#5151,#5165,#5179,#5193,#5207,#5221,#5235,#5249,#5263,#5277,#5291,#5305,#5319,#5333,#5346,#5360,#5373,#5387,#5400,#5414,#5424,#5438,#5454,#5468,#5483,#5499,#5513,#5525,#5539,#5553,#5570,#5584,#5595,#5606,#5617,#5629,#5638));
#5640=MANIFOLD_SOLID_BREP('',#5639);
#5641=COLOUR_RGB('',0.25098039215686274,0.25098039215686274,0.25098039215686274);
#5642=FILL_AREA_STYLE_COLOUR('',#5641);
#5643=FILL_AREA_STYLE('',(#5642));
#5644=SURFACE_STYLE_FILL_AREA(#5643);
#5645=SURFACE_SIDE_STYLE('',(#5644));
#5646=SURFACE_STYLE_USAGE(.BOTH.,#5645);
#5647=PRESENTATION_STYLE_ASSIGNMENT((#5646));
#5648=STYLED_ITEM('',(#5647),#5640);
#5649=ADVANCED_BREP_SHAPE_REPRESENTATION('',(#5640),*);
#5650=PRODUCT_DEFINITION('','',*,*);
#5651=PRODUCT_DEFINITION_SHAPE('','',#5650);
#5652=SHAPE_REPRESENTATION('',(#13),*);
#5653=SHAPE_DEFINITION_REPRESENTATION(#5651,#5652);
#5654=SHAPE_REPRESENTATION_RELATIONSHIP('','',#5652,#5649);
#5655=CARTESIAN_POINT('',(0.8,0.65,0.55));
#5656=VERTEX_POINT('',#5655);
#5657=CARTESIAN_POINT('',(0.8,0.65,0.6));
#5658=VERTEX_POINT('',#5657);
#5659=CARTESIAN_POINT('',(0.95,0.65,0.55));
#5660=VERTEX_POINT('',#5659);
#5661=CARTESIAN_POINT('',(0.95,0.65,0.05));
#5662=VERTEX_POINT('',#5661);
#5663=CARTESIAN_POINT('',(0.6,0.65,0.05));
#5664=VERTEX_POINT('',#5663);
#5665=CARTESIAN_POINT('',(-0.6,0.65,0.05));
#5666=VERTEX_POINT('',#5665);
#5667=CARTESIAN_POINT('',(-0.95,0.65,0.05));
#5668=VERTEX_POINT('',#5667);
#5669=CARTESIAN_POINT('',(-0.95,0.65,0.55));
#5670=VERTEX_POINT('',#5669);
#5671=CARTESIAN_POINT('',(-0.8,0.65,0.55));
#5672=VERTEX_POINT('',#5671);
#5673=CARTESIAN_POINT('',(-0.8,0.65,0.6));
#5674=VERTEX_POINT('',#5673);
#5675=CARTESIAN_POINT('',(-0.8,0.55,0.6));
#5676=VERTEX_POINT('',#5675);
#5677=CARTESIAN_POINT('',(0.8,0.55,0.6));
#5678=VERTEX_POINT('',#5677);
#5679=CARTESIAN_POINT('',(-0.8,-0.65,0.6));
#5680=VERTEX_POINT('',#5679);
#5681=CARTESIAN_POINT('',(-0.8,-0.55,0.6));
#5682=VERTEX_POINT('',#5681);
#5683=CARTESIAN_POINT('',(0.8,-0.65,0.6));
#5684=VERTEX_POINT('',#5683);
#5685=CARTESIAN_POINT('',(0.8,-0.55,0.6));
#5686=VERTEX_POINT('',#5685);
#5687=CARTESIAN_POINT('',(0.6,-0.55,0.05));
#5688=VERTEX_POINT('',#5687);
#5689=CARTESIAN_POINT('',(0.6,-0.65,0.05));
#5690=VERTEX_POINT('',#5689);
#5691=CARTESIAN_POINT('',(0.6,0.55,0.05));
#5692=VERTEX_POINT('',#5691);
#5693=CARTESIAN_POINT('',(0.6,0.55,0.1));
#5694=VERTEX_POINT('',#5693);
#5695=CARTESIAN_POINT('',(0.6,-0.55,0.1));
#5696=VERTEX_POINT('',#5695);
#5697=CARTESIAN_POINT('',(-0.6,0.55,0.05));
#5698=VERTEX_POINT('',#5697);
#5699=CARTESIAN_POINT('',(-0.6,-0.65,0.05));
#5700=VERTEX_POINT('',#5699);
#5701=CARTESIAN_POINT('',(-0.6,-0.55,0.05));
#5702=VERTEX_POINT('',#5701);
#5703=CARTESIAN_POINT('',(-0.6,-0.55,0.1));
#5704=VERTEX_POINT('',#5703);
#5705=CARTESIAN_POINT('',(-0.6,0.55,0.1));
#5706=VERTEX_POINT('',#5705);
#5707=CARTESIAN_POINT('',(0.95,-0.65,0.05));
#5708=VERTEX_POINT('',#5707);
#5709=CARTESIAN_POINT('',(0.95,-0.65,0.55));
#5710=VERTEX_POINT('',#5709);
#5711=CARTESIAN_POINT('',(0.8,-0.65,0.55));
#5712=VERTEX_POINT('',#5711);
#5713=CARTESIAN_POINT('',(0.95,-0.55,0.05));
#5714=VERTEX_POINT('',#5713);
#5715=CARTESIAN_POINT('',(-0.8,-0.65,0.55));
#5716=VERTEX_POINT('',#5715);
#5717=CARTESIAN_POINT('',(-0.95,-0.65,0.55));
#5718=VERTEX_POINT('',#5717);
#5719=CARTESIAN_POINT('',(-0.95,-0.65,0.05));
#5720=VERTEX_POINT('',#5719);
#5721=CARTESIAN_POINT('',(0.95,-0.55,0.55));
#5722=VERTEX_POINT('',#5721);
#5723=CARTESIAN_POINT('',(-0.95,-0.55,0.05));
#5724=VERTEX_POINT('',#5723);
#5725=CARTESIAN_POINT('',(-0.95,-0.55,0.55));
#5726=VERTEX_POINT('',#5725);
#5727=CARTESIAN_POINT('',(-0.8,-0.55,0.55));
#5728=VERTEX_POINT('',#5727);
#5729=CARTESIAN_POINT('',(0.8,-0.55,0.55));
#5730=VERTEX_POINT('',#5729);
#5731=CARTESIAN_POINT('',(0.95,0.55,0.05));
#5732=VERTEX_POINT('',#5731);
#5733=CARTESIAN_POINT('',(-0.95,0.55,0.05));
#5734=VERTEX_POINT('',#5733);
#5735=CARTESIAN_POINT('',(-0.95,0.55,0.55));
#5736=VERTEX_POINT('',#5735);
#5737=CARTESIAN_POINT('',(-0.8,0.55,0.55));
#5738=VERTEX_POINT('',#5737);
#5739=CARTESIAN_POINT('',(0.8,0.55,0.55));
#5740=VERTEX_POINT('',#5739);
#5741=CARTESIAN_POINT('',(0.95,0.55,0.55));
#5742=VERTEX_POINT('',#5741);
#5743=CARTESIAN_POINT('',(0.085572,0.041792,0.05));
#5744=VERTEX_POINT('',#5743);
#5745=CARTESIAN_POINT('',(0.095419,0.040686,0.05));
#5746=VERTEX_POINT('',#5745);
#5747=CARTESIAN_POINT('',(0.063946,-0.033286,0.05));
#5748=VERTEX_POINT('',#5747);
#5749=CARTESIAN_POINT('',(0.111685,-0.045058,0.05));
#5750=VERTEX_POINT('',#5749);
#5751=CARTESIAN_POINT('',(0.145081,-0.048452,0.05));
#5752=VERTEX_POINT('',#5751);
#5753=CARTESIAN_POINT('',(0.101993,-0.048394,0.05));
#5754=VERTEX_POINT('',#5753);
#5755=CARTESIAN_POINT('',(0.09555,-0.049062,0.05));
#5756=VERTEX_POINT('',#5755);
#5757=CARTESIAN_POINT('',(0.073418,0.040213,0.05));
#5758=VERTEX_POINT('',#5757);
#5759=CARTESIAN_POINT('',(0.062154,-0.032294,0.05));
#5760=VERTEX_POINT('',#5759);
#5761=CARTESIAN_POINT('',(0.062154,0.035389,0.05));
#5762=VERTEX_POINT('',#5761);
#5763=CARTESIAN_POINT('',(0.052398,0.65,0.05));
#5764=VERTEX_POINT('',#5763);
#5765=CARTESIAN_POINT('',(0.062154,0.048804,0.05));
#5766=VERTEX_POINT('',#5765);
#5767=CARTESIAN_POINT('',(0.102904,0.037985,0.05));
#5768=VERTEX_POINT('',#5767);
#5769=CARTESIAN_POINT('',(0.109825,0.033354,0.05));
#5770=VERTEX_POINT('',#5769);
#5771=CARTESIAN_POINT('',(0.115864,0.026688,0.05));
#5772=VERTEX_POINT('',#5771);
#5773=CARTESIAN_POINT('',(0.123129,0.000481,0.05));
#5774=VERTEX_POINT('',#5773);
#5775=CARTESIAN_POINT('',(0.122117,-0.010345,0.05));
#5776=VERTEX_POINT('',#5775);
#5777=CARTESIAN_POINT('',(0.1194,-0.018946,0.05));
#5778=VERTEX_POINT('',#5777);
#5779=CARTESIAN_POINT('',(0.097148,-0.03765,0.05));
#5780=VERTEX_POINT('',#5779);
#5781=CARTESIAN_POINT('',(0.087821,-0.038696,0.05));
#5782=VERTEX_POINT('',#5781);
#5783=CARTESIAN_POINT('',(0.104434,-0.034967,0.05));
#5784=VERTEX_POINT('',#5783);
#5785=CARTESIAN_POINT('',(0.110572,-0.030831,0.05));
#5786=VERTEX_POINT('',#5785);
#5787=CARTESIAN_POINT('',(0.115264,-0.02588,0.05));
#5788=VERTEX_POINT('',#5787);
#5789=CARTESIAN_POINT('',(0.074547,-0.037223,0.05));
#5790=VERTEX_POINT('',#5789);
#5791=CARTESIAN_POINT('',(0.131266,0.025209,0.05));
#5792=VERTEX_POINT('',#5791);
#5793=CARTESIAN_POINT('',(0.125405,0.034559,0.05));
#5794=VERTEX_POINT('',#5793);
#5795=CARTESIAN_POINT('',(0.182886,0.051548,0.05));
#5796=VERTEX_POINT('',#5795);
#5797=CARTESIAN_POINT('',(0.1963,0.051548,0.05));
#5798=VERTEX_POINT('',#5797);
#5799=CARTESIAN_POINT('',(0.1963,-0.048452,0.05));
#5800=VERTEX_POINT('',#5799);
#5801=CARTESIAN_POINT('',(0.95,-0.049062,0.05));
#5802=VERTEX_POINT('',#5801);
#5803=CARTESIAN_POINT('',(0.119987,0.018967,0.05));
#5804=VERTEX_POINT('',#5803);
#5805=CARTESIAN_POINT('',(0.122652,0.008261,0.05));
#5806=VERTEX_POINT('',#5805);
#5807=CARTESIAN_POINT('',(0.119729,-0.039921,0.05));
#5808=VERTEX_POINT('',#5807);
#5809=CARTESIAN_POINT('',(0.12724,-0.032013,0.05));
#5810=VERTEX_POINT('',#5809);
#5811=CARTESIAN_POINT('',(0.145081,-0.037477,0.05));
#5812=VERTEX_POINT('',#5811);
#5813=CARTESIAN_POINT('',(0.132567,-0.022505,0.05));
#5814=VERTEX_POINT('',#5813);
#5815=CARTESIAN_POINT('',(0.182886,-0.037477,0.05));
#5816=VERTEX_POINT('',#5815);
#5817=CARTESIAN_POINT('',(0.116377,0.043241,0.05));
#5818=VERTEX_POINT('',#5817);
#5819=CARTESIAN_POINT('',(0.106879,0.048709,0.05));
#5820=VERTEX_POINT('',#5819);
#5821=CARTESIAN_POINT('',(0.095731,0.051947,0.05));
#5822=VERTEX_POINT('',#5821);
#5823=CARTESIAN_POINT('',(0.135577,-0.01192,0.05));
#5824=VERTEX_POINT('',#5823);
#5825=CARTESIAN_POINT('',(0.136544,-0.000339,0.05));
#5826=VERTEX_POINT('',#5825);
#5827=CARTESIAN_POINT('',(0.135106,0.013878,0.05));
#5828=VERTEX_POINT('',#5827);
#5829=CARTESIAN_POINT('',(0.085687,0.052767,0.05));
#5830=VERTEX_POINT('',#5829);
#5831=CARTESIAN_POINT('',(0.073715,0.051941,0.05));
#5832=VERTEX_POINT('',#5831);
#5833=CARTESIAN_POINT('',(0.062154,-0.043269,0.05));
#5834=VERTEX_POINT('',#5833);
#5835=CARTESIAN_POINT('',(0.072813,-0.047646,0.05));
#5836=VERTEX_POINT('',#5835);
#5837=CARTESIAN_POINT('',(0.052398,-0.049062,0.05));
#5838=VERTEX_POINT('',#5837);
#5839=CARTESIAN_POINT('',(0.082918,-0.049062,0.05));
#5840=VERTEX_POINT('',#5839);
#5841=CARTESIAN_POINT('',(0.052398,-0.65,0.05));
#5842=VERTEX_POINT('',#5841);
#5843=CARTESIAN_POINT('',(0.086935,-0.049625,0.05));
#5844=VERTEX_POINT('',#5843);
#5845=CARTESIAN_POINT('',(0.089669,-0.049672,0.05));
#5846=VERTEX_POINT('',#5845);
#5847=CARTESIAN_POINT('',(-0.030529,-0.048452,0.05));
#5848=VERTEX_POINT('',#5847);
#5849=CARTESIAN_POINT('',(-0.011017,-0.037477,0.05));
#5850=VERTEX_POINT('',#5849);
#5851=CARTESIAN_POINT('',(-0.011017,-0.048452,0.05));
#5852=VERTEX_POINT('',#5851);
#5853=CARTESIAN_POINT('',(0.042642,-0.048452,0.05));
#5854=VERTEX_POINT('',#5853);
#5855=CARTESIAN_POINT('',(0.042642,0.051548,0.05));
#5856=VERTEX_POINT('',#5855);
#5857=CARTESIAN_POINT('',(-0.008578,0.051548,0.05));
#5858=VERTEX_POINT('',#5857);
#5859=CARTESIAN_POINT('',(-0.118334,-0.048452,0.05));
#5860=VERTEX_POINT('',#5859);
#5861=CARTESIAN_POINT('',(-0.106023,-0.021044,0.05));
#5862=VERTEX_POINT('',#5861);
#5863=CARTESIAN_POINT('',(-0.100289,-0.029989,0.05));
#5864=VERTEX_POINT('',#5863);
#5865=CARTESIAN_POINT('',(-0.156139,0.051548,0.05));
#5866=VERTEX_POINT('',#5865);
#5867=CARTESIAN_POINT('',(-0.169554,0.051548,0.05));
#5868=VERTEX_POINT('',#5867);
#5869=CARTESIAN_POINT('',(-0.95,-0.049062,0.05));
#5870=VERTEX_POINT('',#5869);
#5871=CARTESIAN_POINT('',(0.029227,0.040572,0.05));
#5872=VERTEX_POINT('',#5871);
#5873=CARTESIAN_POINT('',(0.029227,0.007645,0.05));
#5874=VERTEX_POINT('',#5873);
#5875=CARTESIAN_POINT('',(-0.008578,0.040572,0.05));
#5876=VERTEX_POINT('',#5875);
#5877=CARTESIAN_POINT('',(-0.006139,0.007645,0.05));
#5878=VERTEX_POINT('',#5877);
#5879=CARTESIAN_POINT('',(-0.006139,-0.00333,0.05));
#5880=VERTEX_POINT('',#5879);
#5881=CARTESIAN_POINT('',(0.029227,-0.00333,0.05));
#5882=VERTEX_POINT('',#5881);
#5883=CARTESIAN_POINT('',(0.029227,-0.037477,0.05));
#5884=VERTEX_POINT('',#5883);
#5885=CARTESIAN_POINT('',(-0.092058,-0.03787,0.05));
#5886=VERTEX_POINT('',#5885);
#5887=CARTESIAN_POINT('',(-0.081616,-0.043938,0.05));
#5888=VERTEX_POINT('',#5887);
#5889=CARTESIAN_POINT('',(-0.070094,-0.047372,0.05));
#5890=VERTEX_POINT('',#5889);
#5891=CARTESIAN_POINT('',(-0.030529,0.051548,0.05));
#5892=VERTEX_POINT('',#5891);
#5893=CARTESIAN_POINT('',(-0.073197,0.050003,0.05));
#5894=VERTEX_POINT('',#5893);
#5895=CARTESIAN_POINT('',(-0.084897,0.045895,0.05));
#5896=VERTEX_POINT('',#5895);
#5897=CARTESIAN_POINT('',(-0.095781,0.038601,0.05));
#5898=VERTEX_POINT('',#5897);
#5899=CARTESIAN_POINT('',(-0.058749,0.051548,0.05));
#5900=VERTEX_POINT('',#5899);
#5901=CARTESIAN_POINT('',(-0.095885,0.038509,0.05));
#5902=VERTEX_POINT('',#5901);
#5903=CARTESIAN_POINT('',(-0.102957,0.030668,0.05));
#5904=VERTEX_POINT('',#5903);
#5905=CARTESIAN_POINT('',(-0.107604,0.022068,0.05));
#5906=VERTEX_POINT('',#5905);
#5907=CARTESIAN_POINT('',(-0.11029,0.012215,0.05));
#5908=VERTEX_POINT('',#5907);
#5909=CARTESIAN_POINT('',(-0.111017,0.002805,0.05));
#5910=VERTEX_POINT('',#5909);
#5911=CARTESIAN_POINT('',(-0.109614,-0.010577,0.05));
#5912=VERTEX_POINT('',#5911);
#5913=CARTESIAN_POINT('',(-0.208578,-0.048452,0.05));
#5914=VERTEX_POINT('',#5913);
#5915=CARTESIAN_POINT('',(-0.193944,-0.048452,0.05));
#5916=VERTEX_POINT('',#5915);
#5917=CARTESIAN_POINT('',(-0.05772,-0.048452,0.05));
#5918=VERTEX_POINT('',#5917);
#5919=CARTESIAN_POINT('',(-0.183826,-0.020403,0.05));
#5920=VERTEX_POINT('',#5919);
#5921=CARTESIAN_POINT('',(-0.142515,-0.020403,0.05));
#5922=VERTEX_POINT('',#5921);
#5923=CARTESIAN_POINT('',(-0.132968,-0.048452,0.05));
#5924=VERTEX_POINT('',#5923);
#5925=CARTESIAN_POINT('',(-0.145887,-0.009428,0.05));
#5926=VERTEX_POINT('',#5925);
#5927=CARTESIAN_POINT('',(-0.179329,-0.009428,0.05));
#5928=VERTEX_POINT('',#5927);
#5929=CARTESIAN_POINT('',(-0.160807,0.03234,0.05));
#5930=VERTEX_POINT('',#5929);
#5931=CARTESIAN_POINT('',(-0.16177,0.035809,0.05));
#5932=VERTEX_POINT('',#5931);
#5933=CARTESIAN_POINT('',(-0.162408,0.039353,0.05));
#5934=VERTEX_POINT('',#5933);
#5935=CARTESIAN_POINT('',(-0.162732,0.039353,0.05));
#5936=VERTEX_POINT('',#5935);
#5937=CARTESIAN_POINT('',(-0.163384,0.035819,0.05));
#5938=VERTEX_POINT('',#5937);
#5939=CARTESIAN_POINT('',(-0.164275,0.03234,0.05));
#5940=VERTEX_POINT('',#5939);
#5941=CARTESIAN_POINT('',(-0.058692,0.040572,0.05));
#5942=VERTEX_POINT('',#5941);
#5943=CARTESIAN_POINT('',(-0.043944,0.040572,0.05));
#5944=VERTEX_POINT('',#5943);
#5945=CARTESIAN_POINT('',(-0.070528,0.039314,0.05));
#5946=VERTEX_POINT('',#5945);
#5947=CARTESIAN_POINT('',(-0.078783,0.036425,0.05));
#5948=VERTEX_POINT('',#5947);
#5949=CARTESIAN_POINT('',(-0.086087,0.031707,0.05));
#5950=VERTEX_POINT('',#5949);
#5951=CARTESIAN_POINT('',(-0.090944,0.026549,0.05));
#5952=VERTEX_POINT('',#5951);
#5953=CARTESIAN_POINT('',(-0.094418,0.020381,0.05));
#5954=VERTEX_POINT('',#5953);
#5955=CARTESIAN_POINT('',(-0.096753,0.012472,0.05));
#5956=VERTEX_POINT('',#5955);
#5957=CARTESIAN_POINT('',(-0.097602,0.00252,0.05));
#5958=VERTEX_POINT('',#5957);
#5959=CARTESIAN_POINT('',(-0.096684,-0.007984,0.05));
#5960=VERTEX_POINT('',#5959);
#5961=CARTESIAN_POINT('',(-0.093751,-0.017384,0.05));
#5962=VERTEX_POINT('',#5961);
#5963=CARTESIAN_POINT('',(-0.089533,-0.024278,0.05));
#5964=VERTEX_POINT('',#5963);
#5965=CARTESIAN_POINT('',(-0.083925,-0.029818,0.05));
#5966=VERTEX_POINT('',#5965);
#5967=CARTESIAN_POINT('',(-0.077105,-0.033868,0.05));
#5968=VERTEX_POINT('',#5967);
#5969=CARTESIAN_POINT('',(-0.06869,-0.036495,0.05));
#5970=VERTEX_POINT('',#5969);
#5971=CARTESIAN_POINT('',(-0.05814,-0.037477,0.05));
#5972=VERTEX_POINT('',#5971);
#5973=CARTESIAN_POINT('',(-0.043944,-0.037477,0.05));
#5974=VERTEX_POINT('',#5973);
#5975=LINE('',#5689,#537);
#5976=EDGE_CURVE('',#5690,#5708,#5975,.T.);
#5977=DIRECTION('',(-0.9615239476408233,0.274721127897378,0.0));
#5978=VECTOR('',#5977,1000.0);
#5979=LINE('',#5707,#5978);
#5980=EDGE_CURVE('',#5708,#5688,#5979,.T.);
#5981=LINE('',#5687,#487);
#5982=EDGE_CURVE('',#5688,#5690,#5981,.T.);
#5983=ORIENTED_EDGE('',*,*,#5976,.T.);
#5984=ORIENTED_EDGE('',*,*,#5980,.T.);
#5985=ORIENTED_EDGE('',*,*,#5982,.T.);
#5986=AXIS2_PLACEMENT_3D('',#5689,#648,#12);
#5987=PLANE('',#5986);
#5988=EDGE_LOOP('',(#5983,#5984,#5985));
#5989=FACE_BOUND('',#5988,.T.);
#5990=ADVANCED_FACE('',(#5989),#5987,.T.);
#5991=DIRECTION('',(0.0,1.0,0.0));
#5992=VECTOR('',#5991,1000.0);
#5993=LINE('',#5707,#5992);
#5994=EDGE_CURVE('',#5708,#5714,#5993,.T.);
#5995=LINE('',#5713,#525);
#5996=EDGE_CURVE('',#5714,#5688,#5995,.T.);
#5997=ORIENTED_EDGE('',*,*,#5980,.F.);
#5998=ORIENTED_EDGE('',*,*,#5994,.T.);
#5999=ORIENTED_EDGE('',*,*,#5996,.T.);
#6000=DIRECTION('',(-0.0,0.0,1.0));
#6001=DIRECTION('',(0.9615239476408233,-0.274721127897378,0.0));
#6002=AXIS2_PLACEMENT_3D('',#5687,#6000,#6001);
#6003=PLANE('',#6002);
#6004=EDGE_LOOP('',(#5997,#5998,#5999));
#6005=FACE_BOUND('',#6004,.T.);
#6006=ADVANCED_FACE('',(#6005),#6003,.T.);
#6007=DIRECTION('',(0.0,0.0,-1.0));
#6008=VECTOR('',#6007,1000.0);
#6009=LINE('',#5721,#6008);
#6010=EDGE_CURVE('',#5722,#5714,#6009,.T.);
#6011=DIRECTION('',(0.0,-0.196116135138184,0.9805806756909201));
#6012=VECTOR('',#6011,1000.0);
#6013=LINE('',#5713,#6012);
#6014=EDGE_CURVE('',#5714,#5710,#6013,.T.);
#6015=DIRECTION('',(0.0,1.0,0.0));
#6016=VECTOR('',#6015,1000.0);
#6017=LINE('',#5709,#6016);
#6018=EDGE_CURVE('',#5710,#5722,#6017,.T.);
#6019=ORIENTED_EDGE('',*,*,#6010,.T.);
#6020=ORIENTED_EDGE('',*,*,#6014,.T.);
#6021=ORIENTED_EDGE('',*,*,#6018,.T.);
#6022=DIRECTION('',(0.0,0.0,-1.0));
#6023=AXIS2_PLACEMENT_3D('',#5721,#565,#6022);
#6024=PLANE('',#6023);
#6025=EDGE_LOOP('',(#6019,#6020,#6021));
#6026=FACE_BOUND('',#6025,.T.);
#6027=ADVANCED_FACE('',(#6026),#6024,.T.);
#6028=LINE('',#5707,#504);
#6029=EDGE_CURVE('',#5708,#5710,#6028,.T.);
#6030=ORIENTED_EDGE('',*,*,#6014,.F.);
#6031=ORIENTED_EDGE('',*,*,#5994,.F.);
#6032=ORIENTED_EDGE('',*,*,#6029,.T.);
#6033=DIRECTION('',(0.0,0.196116135138184,-0.9805806756909201));
#6034=AXIS2_PLACEMENT_3D('',#5709,#565,#6033);
#6035=PLANE('',#6034);
#6036=EDGE_LOOP('',(#6030,#6031,#6032));
#6037=FACE_BOUND('',#6036,.T.);
#6038=ADVANCED_FACE('',(#6037),#6035,.T.);
#6039=LINE('',#5701,#525);
#6040=EDGE_CURVE('',#5702,#5724,#6039,.T.);
#6041=VECTOR('',#6001,1000.0);
#6042=LINE('',#5723,#6041);
#6043=EDGE_CURVE('',#5724,#5700,#6042,.T.);
#6044=DIRECTION('',(0.0,1.0,0.0));
#6045=VECTOR('',#6044,1000.0);
#6046=LINE('',#5699,#6045);
#6047=EDGE_CURVE('',#5700,#5702,#6046,.T.);
#6048=ORIENTED_EDGE('',*,*,#6040,.T.);
#6049=ORIENTED_EDGE('',*,*,#6043,.T.);
#6050=ORIENTED_EDGE('',*,*,#6047,.T.);
#6051=AXIS2_PLACEMENT_3D('',#5701,#11,#524);
#6052=PLANE('',#6051);
#6053=EDGE_LOOP('',(#6048,#6049,#6050));
#6054=FACE_BOUND('',#6053,.T.);
#6055=ADVANCED_FACE('',(#6054),#6052,.T.);
#6056=LINE('',#5723,#487);
#6057=EDGE_CURVE('',#5724,#5720,#6056,.T.);
#6058=LINE('',#5719,#537);
#6059=EDGE_CURVE('',#5720,#5700,#6058,.T.);
#6060=ORIENTED_EDGE('',*,*,#6043,.F.);
#6061=ORIENTED_EDGE('',*,*,#6057,.T.);
#6062=ORIENTED_EDGE('',*,*,#6059,.T.);
#6063=AXIS2_PLACEMENT_3D('',#5699,#11,#5977);
#6064=PLANE('',#6063);
#6065=EDGE_LOOP('',(#6060,#6061,#6062));
#6066=FACE_BOUND('',#6065,.T.);
#6067=ADVANCED_FACE('',(#6066),#6064,.T.);
#6068=LINE('',#5723,#504);
#6069=EDGE_CURVE('',#5724,#5726,#6068,.T.);
#6070=DIRECTION('',(0.0,-0.196116135138184,-0.9805806756909201));
#6071=VECTOR('',#6070,1000.0);
#6072=LINE('',#5725,#6071);
#6073=EDGE_CURVE('',#5726,#5720,#6072,.T.);
#6074=ORIENTED_EDGE('',*,*,#6069,.T.);
#6075=ORIENTED_EDGE('',*,*,#6073,.T.);
#6076=ORIENTED_EDGE('',*,*,#6057,.F.);
#6077=DIRECTION('',(1.0,0.0,-0.0));
#6078=AXIS2_PLACEMENT_3D('',#5723,#6077,#11);
#6079=PLANE('',#6078);
#6080=EDGE_LOOP('',(#6074,#6075,#6076));
#6081=FACE_BOUND('',#6080,.T.);
#6082=ADVANCED_FACE('',(#6081),#6079,.T.);
#6083=LINE('',#5725,#487);
#6084=EDGE_CURVE('',#5726,#5718,#6083,.T.);
#6085=DIRECTION('',(0.0,0.0,-1.0));
#6086=VECTOR('',#6085,1000.0);
#6087=LINE('',#5717,#6086);
#6088=EDGE_CURVE('',#5718,#5720,#6087,.T.);
#6089=ORIENTED_EDGE('',*,*,#6073,.F.);
#6090=ORIENTED_EDGE('',*,*,#6084,.T.);
#6091=ORIENTED_EDGE('',*,*,#6088,.T.);
#6092=DIRECTION('',(1.0,0.0,-0.0));
#6093=DIRECTION('',(0.0,0.196116135138184,0.9805806756909201));
#6094=AXIS2_PLACEMENT_3D('',#5719,#6092,#6093);
#6095=PLANE('',#6094);
#6096=EDGE_LOOP('',(#6089,#6090,#6091));
#6097=FACE_BOUND('',#6096,.T.);
#6098=ADVANCED_FACE('',(#6097),#6095,.T.);
#6099=LINE('',#5725,#537);
#6100=EDGE_CURVE('',#5726,#5728,#6099,.T.);
#6101=DIRECTION('',(-0.8320502943378435,-0.5547001962252293,0.0));
#6102=VECTOR('',#6101,1000.0);
#6103=LINE('',#5727,#6102);
#6104=EDGE_CURVE('',#5728,#5718,#6103,.T.);
#6105=ORIENTED_EDGE('',*,*,#6100,.T.);
#6106=ORIENTED_EDGE('',*,*,#6104,.T.);
#6107=ORIENTED_EDGE('',*,*,#6084,.F.);
#6108=DIRECTION('',(0.0,-0.0,-1.0));
#6109=AXIS2_PLACEMENT_3D('',#5725,#6108,#12);
#6110=PLANE('',#6109);
#6111=EDGE_LOOP('',(#6105,#6106,#6107));
#6112=FACE_BOUND('',#6111,.T.);
#6113=ADVANCED_FACE('',(#6112),#6110,.T.);
#6114=LINE('',#5727,#487);
#6115=EDGE_CURVE('',#5728,#5716,#6114,.T.);
#6116=LINE('',#5715,#525);
#6117=EDGE_CURVE('',#5716,#5718,#6116,.T.);
#6118=ORIENTED_EDGE('',*,*,#6104,.F.);
#6119=ORIENTED_EDGE('',*,*,#6115,.T.);
#6120=ORIENTED_EDGE('',*,*,#6117,.T.);
#6121=DIRECTION('',(0.0,0.0,-1.0));
#6122=DIRECTION('',(0.8320502943378435,0.5547001962252293,0.0));
#6123=AXIS2_PLACEMENT_3D('',#5717,#6121,#6122);
#6124=PLANE('',#6123);
#6125=EDGE_LOOP('',(#6118,#6119,#6120));
#6126=FACE_BOUND('',#6125,.T.);
#6127=ADVANCED_FACE('',(#6126),#6124,.T.);
#6128=LINE('',#5727,#504);
#6129=EDGE_CURVE('',#5728,#5682,#6128,.T.);
#6130=DIRECTION('',(0.0,-0.8944271909999161,-0.44721359549995754));
#6131=VECTOR('',#6130,1000.0);
#6132=LINE('',#5681,#6131);
#6133=EDGE_CURVE('',#5682,#5716,#6132,.T.);
#6134=ORIENTED_EDGE('',*,*,#6129,.T.);
#6135=ORIENTED_EDGE('',*,*,#6133,.T.);
#6136=ORIENTED_EDGE('',*,*,#6115,.F.);
#6137=DIRECTION('',(1.0,0.0,-0.0));
#6138=AXIS2_PLACEMENT_3D('',#5727,#6137,#11);
#6139=PLANE('',#6138);
#6140=EDGE_LOOP('',(#6134,#6135,#6136));
#6141=FACE_BOUND('',#6140,.T.);
#6142=ADVANCED_FACE('',(#6141),#6139,.T.);
#6143=LINE('',#5681,#487);
#6144=EDGE_CURVE('',#5682,#5680,#6143,.T.);
#6145=DIRECTION('',(0.0,0.0,-1.0));
#6146=VECTOR('',#6145,1000.0);
#6147=LINE('',#5679,#6146);
#6148=EDGE_CURVE('',#5680,#5716,#6147,.T.);
#6149=ORIENTED_EDGE('',*,*,#6133,.F.);
#6150=ORIENTED_EDGE('',*,*,#6144,.T.);
#6151=ORIENTED_EDGE('',*,*,#6148,.T.);
#6152=DIRECTION('',(1.0,0.0,-0.0));
#6153=AXIS2_PLACEMENT_3D('',#5715,#6152,#679);
#6154=PLANE('',#6153);
#6155=EDGE_LOOP('',(#6149,#6150,#6151));
#6156=FACE_BOUND('',#6155,.T.);
#6157=ADVANCED_FACE('',(#6156),#6154,.T.);
#6158=DIRECTION('',(0.0,0.0,-1.0));
#6159=VECTOR('',#6158,1000.0);
#6160=LINE('',#5685,#6159);
#6161=EDGE_CURVE('',#5686,#5730,#6160,.T.);
#6162=VECTOR('',#761,1000.0);
#6163=LINE('',#5729,#6162);
#6164=EDGE_CURVE('',#5730,#5684,#6163,.T.);
#6165=DIRECTION('',(0.0,1.0,0.0));
#6166=VECTOR('',#6165,1000.0);
#6167=LINE('',#5683,#6166);
#6168=EDGE_CURVE('',#5684,#5686,#6167,.T.);
#6169=ORIENTED_EDGE('',*,*,#6161,.T.);
#6170=ORIENTED_EDGE('',*,*,#6164,.T.);
#6171=ORIENTED_EDGE('',*,*,#6168,.T.);
#6172=DIRECTION('',(0.0,0.0,-1.0));
#6173=AXIS2_PLACEMENT_3D('',#5685,#565,#6172);
#6174=PLANE('',#6173);
#6175=EDGE_LOOP('',(#6169,#6170,#6171));
#6176=FACE_BOUND('',#6175,.T.);
#6177=ADVANCED_FACE('',(#6176),#6174,.T.);
#6178=LINE('',#5729,#487);
#6179=EDGE_CURVE('',#5730,#5712,#6178,.T.);
#6180=LINE('',#5711,#504);
#6181=EDGE_CURVE('',#5712,#5684,#6180,.T.);
#6182=ORIENTED_EDGE('',*,*,#6164,.F.);
#6183=ORIENTED_EDGE('',*,*,#6179,.T.);
#6184=ORIENTED_EDGE('',*,*,#6181,.T.);
#6185=DIRECTION('',(0.0,0.8944271909999161,-0.44721359549995754));
#6186=AXIS2_PLACEMENT_3D('',#5683,#565,#6185);
#6187=PLANE('',#6186);
#6188=EDGE_LOOP('',(#6182,#6183,#6184));
#6189=FACE_BOUND('',#6188,.T.);
#6190=ADVANCED_FACE('',(#6189),#6187,.T.);
#6191=LINE('',#5729,#537);
#6192=EDGE_CURVE('',#5730,#5722,#6191,.T.);
#6193=LINE('',#5721,#6102);
#6194=EDGE_CURVE('',#5722,#5712,#6193,.T.);
#6195=ORIENTED_EDGE('',*,*,#6192,.T.);
#6196=ORIENTED_EDGE('',*,*,#6194,.T.);
#6197=ORIENTED_EDGE('',*,*,#6179,.F.);
#6198=DIRECTION('',(0.0,-0.0,-1.0));
#6199=AXIS2_PLACEMENT_3D('',#5729,#6198,#12);
#6200=PLANE('',#6199);
#6201=EDGE_LOOP('',(#6195,#6196,#6197));
#6202=FACE_BOUND('',#6201,.T.);
#6203=ADVANCED_FACE('',(#6202),#6200,.T.);
#6204=LINE('',#5709,#525);
#6205=EDGE_CURVE('',#5710,#5712,#6204,.T.);
#6206=ORIENTED_EDGE('',*,*,#6194,.F.);
#6207=ORIENTED_EDGE('',*,*,#6018,.F.);
#6208=ORIENTED_EDGE('',*,*,#6205,.T.);
#6209=DIRECTION('',(0.0,0.0,-1.0));
#6210=AXIS2_PLACEMENT_3D('',#5711,#6209,#6122);
#6211=PLANE('',#6210);
#6212=EDGE_LOOP('',(#6206,#6207,#6208));
#6213=FACE_BOUND('',#6212,.T.);
#6214=ADVANCED_FACE('',(#6213),#6211,.T.);
#6215=DIRECTION('',(-0.9899494936611666,0.0,0.14142135623730953));
#6216=VECTOR('',#6215,1000.0);
#6217=LINE('',#5713,#6216);
#6218=EDGE_CURVE('',#5714,#5696,#6217,.T.);
#6219=DIRECTION('',(0.0,0.0,-1.0));
#6220=VECTOR('',#6219,1000.0);
#6221=LINE('',#5695,#6220);
#6222=EDGE_CURVE('',#5696,#5688,#6221,.T.);
#6223=ORIENTED_EDGE('',*,*,#5996,.F.);
#6224=ORIENTED_EDGE('',*,*,#6218,.T.);
#6225=ORIENTED_EDGE('',*,*,#6222,.T.);
#6226=AXIS2_PLACEMENT_3D('',#5687,#486,#12);
#6227=PLANE('',#6226);
#6228=EDGE_LOOP('',(#6223,#6224,#6225));
#6229=FACE_BOUND('',#6228,.T.);
#6230=ADVANCED_FACE('',(#6229),#6227,.T.);
#6231=DIRECTION('',(-0.6139406135149204,0.0,-0.7893522173763263));
#6232=VECTOR('',#6231,1000.0);
#6233=LINE('',#5721,#6232);
#6234=EDGE_CURVE('',#5722,#5696,#6233,.T.);
#6235=ORIENTED_EDGE('',*,*,#6218,.F.);
#6236=ORIENTED_EDGE('',*,*,#6010,.F.);
#6237=ORIENTED_EDGE('',*,*,#6234,.T.);
#6238=DIRECTION('',(0.9899494936611666,0.0,-0.14142135623730953));
#6239=AXIS2_PLACEMENT_3D('',#5695,#486,#6238);
#6240=PLANE('',#6239);
#6241=EDGE_LOOP('',(#6235,#6236,#6237));
#6242=FACE_BOUND('',#6241,.T.);
#6243=ADVANCED_FACE('',(#6242),#6240,.T.);
#6244=LINE('',#5685,#525);
#6245=EDGE_CURVE('',#5686,#5682,#6244,.T.);
#6246=DIRECTION('',(0.9995120760870788,0.0,-0.031234752377721168));
#6247=VECTOR('',#6246,1000.0);
#6248=LINE('',#5681,#6247);
#6249=EDGE_CURVE('',#5682,#5730,#6248,.T.);
#6250=ORIENTED_EDGE('',*,*,#6245,.T.);
#6251=ORIENTED_EDGE('',*,*,#6249,.T.);
#6252=ORIENTED_EDGE('',*,*,#6161,.F.);
#6253=AXIS2_PLACEMENT_3D('',#5685,#1010,#524);
#6254=PLANE('',#6253);
#6255=EDGE_LOOP('',(#6250,#6251,#6252));
#6256=FACE_BOUND('',#6255,.T.);
#6257=ADVANCED_FACE('',(#6256),#6254,.T.);
#6258=LINE('',#5727,#537);
#6259=EDGE_CURVE('',#5728,#5730,#6258,.T.);
#6260=ORIENTED_EDGE('',*,*,#6249,.F.);
#6261=ORIENTED_EDGE('',*,*,#6129,.F.);
#6262=ORIENTED_EDGE('',*,*,#6259,.T.);
#6263=DIRECTION('',(-0.9995120760870788,0.0,0.031234752377721168));
#6264=AXIS2_PLACEMENT_3D('',#5729,#1010,#6263);
#6265=PLANE('',#6264);
#6266=EDGE_LOOP('',(#6260,#6261,#6262));
#6267=FACE_BOUND('',#6266,.T.);
#6268=ADVANCED_FACE('',(#6267),#6265,.T.);
#6269=DIRECTION('',(-0.40613846605344767,0.0,-0.913811548620257));
#6270=VECTOR('',#6269,1000.0);
#6271=LINE('',#5729,#6270);
#6272=EDGE_CURVE('',#5730,#5696,#6271,.T.);
#6273=ORIENTED_EDGE('',*,*,#6192,.F.);
#6274=ORIENTED_EDGE('',*,*,#6272,.T.);
#6275=ORIENTED_EDGE('',*,*,#6234,.F.);
#6276=DIRECTION('',(-0.0,-1.0,0.0));
#6277=AXIS2_PLACEMENT_3D('',#5721,#6276,#524);
#6278=PLANE('',#6277);
#6279=EDGE_LOOP('',(#6273,#6274,#6275));
#6280=FACE_BOUND('',#6279,.T.);
#6281=ADVANCED_FACE('',(#6280),#6278,.T.);
#6282=DIRECTION('',(0.9520285612852643,0.0,-0.3060091804131207));
#6283=VECTOR('',#6282,1000.0);
#6284=LINE('',#5727,#6283);
#6285=EDGE_CURVE('',#5728,#5696,#6284,.T.);
#6286=ORIENTED_EDGE('',*,*,#6272,.F.);
#6287=ORIENTED_EDGE('',*,*,#6259,.F.);
#6288=ORIENTED_EDGE('',*,*,#6285,.T.);
#6289=DIRECTION('',(0.40613846605344767,0.0,0.913811548620257));
#6290=AXIS2_PLACEMENT_3D('',#5695,#486,#6289);
#6291=PLANE('',#6290);
#6292=EDGE_LOOP('',(#6286,#6287,#6288));
#6293=FACE_BOUND('',#6292,.T.);
#6294=ADVANCED_FACE('',(#6293),#6291,.T.);
#6295=DIRECTION('',(0.40613846605344767,0.0,-0.913811548620257));
#6296=VECTOR('',#6295,1000.0);
#6297=LINE('',#5727,#6296);
#6298=EDGE_CURVE('',#5728,#5704,#6297,.T.);
#6299=LINE('',#5703,#537);
#6300=EDGE_CURVE('',#5704,#5696,#6299,.T.);
#6301=ORIENTED_EDGE('',*,*,#6285,.F.);
#6302=ORIENTED_EDGE('',*,*,#6298,.T.);
#6303=ORIENTED_EDGE('',*,*,#6300,.T.);
#6304=DIRECTION('',(-0.9520285612852643,0.0,0.3060091804131207));
#6305=AXIS2_PLACEMENT_3D('',#5695,#1010,#6304);
#6306=PLANE('',#6305);
#6307=EDGE_LOOP('',(#6301,#6302,#6303));
#6308=FACE_BOUND('',#6307,.T.);
#6309=ADVANCED_FACE('',(#6308),#6306,.T.);
#6310=DIRECTION('',(0.6139406135149204,0.0,-0.7893522173763263));
#6311=VECTOR('',#6310,1000.0);
#6312=LINE('',#5725,#6311);
#6313=EDGE_CURVE('',#5726,#5704,#6312,.T.);
#6314=ORIENTED_EDGE('',*,*,#6298,.F.);
#6315=ORIENTED_EDGE('',*,*,#6100,.F.);
#6316=ORIENTED_EDGE('',*,*,#6313,.T.);
#6317=DIRECTION('',(-0.40613846605344767,0.0,0.913811548620257));
#6318=AXIS2_PLACEMENT_3D('',#5703,#486,#6317);
#6319=PLANE('',#6318);
#6320=EDGE_LOOP('',(#6314,#6315,#6316));
#6321=FACE_BOUND('',#6320,.T.);
#6322=ADVANCED_FACE('',(#6321),#6319,.T.);
#6323=DIRECTION('',(0.5734623443633283,0.0,-0.8192319205190405));
#6324=VECTOR('',#6323,1000.0);
#6325=LINE('',#5725,#6324);
#6326=EDGE_CURVE('',#5726,#5702,#6325,.T.);
#6327=LINE('',#5701,#504);
#6328=EDGE_CURVE('',#5702,#5704,#6327,.T.);
#6329=ORIENTED_EDGE('',*,*,#6313,.F.);
#6330=ORIENTED_EDGE('',*,*,#6326,.T.);
#6331=ORIENTED_EDGE('',*,*,#6328,.T.);
#6332=DIRECTION('',(-0.6139406135149204,0.0,0.7893522173763263));
#6333=AXIS2_PLACEMENT_3D('',#5703,#1010,#6332);
#6334=PLANE('',#6333);
#6335=EDGE_LOOP('',(#6329,#6330,#6331));
#6336=FACE_BOUND('',#6335,.T.);
#6337=ADVANCED_FACE('',(#6336),#6334,.T.);
#6338=ORIENTED_EDGE('',*,*,#6326,.F.);
#6339=ORIENTED_EDGE('',*,*,#6069,.F.);
#6340=ORIENTED_EDGE('',*,*,#6040,.F.);
#6341=DIRECTION('',(-0.5734623443633283,0.0,0.8192319205190405));
#6342=AXIS2_PLACEMENT_3D('',#5701,#1010,#6341);
#6343=PLANE('',#6342);
#6344=EDGE_LOOP('',(#6338,#6339,#6340));
#6345=FACE_BOUND('',#6344,.T.);
#6346=ADVANCED_FACE('',(#6345),#6343,.T.);
#6347=DIRECTION('',(0.0,1.0,0.0));
#6348=VECTOR('',#6347,1000.0);
#6349=LINE('',#5731,#6348);
#6350=EDGE_CURVE('',#5732,#5662,#6349,.T.);
#6351=DIRECTION('',(-0.9615239476408233,-0.274721127897378,0.0));
#6352=VECTOR('',#6351,1000.0);
#6353=LINE('',#5661,#6352);
#6354=EDGE_CURVE('',#5662,#5692,#6353,.T.);
#6355=LINE('',#5691,#537);
#6356=EDGE_CURVE('',#5692,#5732,#6355,.T.);
#6357=ORIENTED_EDGE('',*,*,#6350,.T.);
#6358=ORIENTED_EDGE('',*,*,#6354,.T.);
#6359=ORIENTED_EDGE('',*,*,#6356,.T.);
#6360=DIRECTION('',(0.0,1.0,0.0));
#6361=AXIS2_PLACEMENT_3D('',#5731,#648,#6360);
#6362=PLANE('',#6361);
#6363=EDGE_LOOP('',(#6357,#6358,#6359));
#6364=FACE_BOUND('',#6363,.T.);
#6365=ADVANCED_FACE('',(#6364),#6362,.T.);
#6366=LINE('',#5661,#525);
#6367=EDGE_CURVE('',#5662,#5664,#6366,.T.);
#6368=LINE('',#5663,#487);
#6369=EDGE_CURVE('',#5664,#5692,#6368,.T.);
#6370=ORIENTED_EDGE('',*,*,#6354,.F.);
#6371=ORIENTED_EDGE('',*,*,#6367,.T.);
#6372=ORIENTED_EDGE('',*,*,#6369,.T.);
#6373=DIRECTION('',(0.9615239476408233,0.274721127897378,0.0));
#6374=AXIS2_PLACEMENT_3D('',#5691,#648,#6373);
#6375=PLANE('',#6374);
#6376=EDGE_LOOP('',(#6370,#6371,#6372));
#6377=FACE_BOUND('',#6376,.T.);
#6378=ADVANCED_FACE('',(#6377),#6375,.T.);
#6379=LINE('',#5667,#487);
#6380=EDGE_CURVE('',#5668,#5734,#6379,.T.);
#6381=VECTOR('',#6373,1000.0);
#6382=LINE('',#5733,#6381);
#6383=EDGE_CURVE('',#5734,#5666,#6382,.T.);
#6384=LINE('',#5665,#525);
#6385=EDGE_CURVE('',#5666,#5668,#6384,.T.);
#6386=ORIENTED_EDGE('',*,*,#6380,.T.);
#6387=ORIENTED_EDGE('',*,*,#6383,.T.);
#6388=ORIENTED_EDGE('',*,*,#6385,.T.);
#6389=DIRECTION('',(-0.0,0.0,1.0));
#6390=AXIS2_PLACEMENT_3D('',#5667,#6389,#486);
#6391=PLANE('',#6390);
#6392=EDGE_LOOP('',(#6386,#6387,#6388));
#6393=FACE_BOUND('',#6392,.T.);
#6394=ADVANCED_FACE('',(#6393),#6391,.T.);
#6395=LINE('',#5733,#537);
#6396=EDGE_CURVE('',#5734,#5698,#6395,.T.);
#6397=DIRECTION('',(0.0,1.0,0.0));
#6398=VECTOR('',#6397,1000.0);
#6399=LINE('',#5697,#6398);
#6400=EDGE_CURVE('',#5698,#5666,#6399,.T.);
#6401=ORIENTED_EDGE('',*,*,#6383,.F.);
#6402=ORIENTED_EDGE('',*,*,#6396,.T.);
#6403=ORIENTED_EDGE('',*,*,#6400,.T.);
#6404=DIRECTION('',(-0.0,0.0,1.0));
#6405=AXIS2_PLACEMENT_3D('',#5665,#6404,#6351);
#6406=PLANE('',#6405);
#6407=EDGE_LOOP('',(#6401,#6402,#6403));
#6408=FACE_BOUND('',#6407,.T.);
#6409=ADVANCED_FACE('',(#6408),#6406,.T.);
#6410=DIRECTION('',(0.9899494936611666,0.0,0.14142135623730953));
#6411=VECTOR('',#6410,1000.0);
#6412=LINE('',#5733,#6411);
#6413=EDGE_CURVE('',#5734,#5706,#6412,.T.);
#6414=DIRECTION('',(0.0,0.0,-1.0));
#6415=VECTOR('',#6414,1000.0);
#6416=LINE('',#5705,#6415);
#6417=EDGE_CURVE('',#5706,#5698,#6416,.T.);
#6418=ORIENTED_EDGE('',*,*,#6396,.F.);
#6419=ORIENTED_EDGE('',*,*,#6413,.T.);
#6420=ORIENTED_EDGE('',*,*,#6417,.T.);
#6421=DIRECTION('',(0.0,1.0,-0.0));
#6422=AXIS2_PLACEMENT_3D('',#5697,#6421,#524);
#6423=PLANE('',#6422);
#6424=EDGE_LOOP('',(#6418,#6419,#6420));
#6425=FACE_BOUND('',#6424,.T.);
#6426=ADVANCED_FACE('',(#6425),#6423,.T.);
#6427=LINE('',#5733,#504);
#6428=EDGE_CURVE('',#5734,#5736,#6427,.T.);
#6429=LINE('',#5735,#6311);
#6430=EDGE_CURVE('',#5736,#5706,#6429,.T.);
#6431=ORIENTED_EDGE('',*,*,#6413,.F.);
#6432=ORIENTED_EDGE('',*,*,#6428,.T.);
#6433=ORIENTED_EDGE('',*,*,#6430,.T.);
#6434=DIRECTION('',(0.0,1.0,-0.0));
#6435=DIRECTION('',(-0.9899494936611666,0.0,-0.14142135623730953));
#6436=AXIS2_PLACEMENT_3D('',#5705,#6434,#6435);
#6437=PLANE('',#6436);
#6438=EDGE_LOOP('',(#6431,#6432,#6433));
#6439=FACE_BOUND('',#6438,.T.);
#6440=ADVANCED_FACE('',(#6439),#6437,.T.);
#6441=LINE('',#5675,#537);
#6442=EDGE_CURVE('',#5676,#5678,#6441,.T.);
#6443=DIRECTION('',(-0.9995120760870788,0.0,-0.031234752377721168));
#6444=VECTOR('',#6443,1000.0);
#6445=LINE('',#5677,#6444);
#6446=EDGE_CURVE('',#5678,#5738,#6445,.T.);
#6447=LINE('',#5737,#504);
#6448=EDGE_CURVE('',#5738,#5676,#6447,.T.);
#6449=ORIENTED_EDGE('',*,*,#6442,.T.);
#6450=ORIENTED_EDGE('',*,*,#6446,.T.);
#6451=ORIENTED_EDGE('',*,*,#6448,.T.);
#6452=AXIS2_PLACEMENT_3D('',#5675,#822,#12);
#6453=PLANE('',#6452);
#6454=EDGE_LOOP('',(#6449,#6450,#6451));
#6455=FACE_BOUND('',#6454,.T.);
#6456=ADVANCED_FACE('',(#6455),#6453,.T.);
#6457=DIRECTION('',(0.0,0.0,-1.0));
#6458=VECTOR('',#6457,1000.0);
#6459=LINE('',#5677,#6458);
#6460=EDGE_CURVE('',#5678,#5740,#6459,.T.);
#6461=LINE('',#5739,#525);
#6462=EDGE_CURVE('',#5740,#5738,#6461,.T.);
#6463=ORIENTED_EDGE('',*,*,#6446,.F.);
#6464=ORIENTED_EDGE('',*,*,#6460,.T.);
#6465=ORIENTED_EDGE('',*,*,#6462,.T.);
#6466=DIRECTION('',(0.9995120760870788,0.0,0.031234752377721168));
#6467=AXIS2_PLACEMENT_3D('',#5737,#822,#6466);
#6468=PLANE('',#6467);
#6469=EDGE_LOOP('',(#6463,#6464,#6465));
#6470=FACE_BOUND('',#6469,.T.);
#6471=ADVANCED_FACE('',(#6470),#6468,.T.);
#6472=LINE('',#5735,#537);
#6473=EDGE_CURVE('',#5736,#5738,#6472,.T.);
#6474=DIRECTION('',(0.40613846605344767,0.0,-0.913811548620257));
#6475=VECTOR('',#6474,1000.0);
#6476=LINE('',#5737,#6475);
#6477=EDGE_CURVE('',#5738,#5706,#6476,.T.);
#6478=ORIENTED_EDGE('',*,*,#6473,.T.);
#6479=ORIENTED_EDGE('',*,*,#6477,.T.);
#6480=ORIENTED_EDGE('',*,*,#6430,.F.);
#6481=AXIS2_PLACEMENT_3D('',#5735,#822,#12);
#6482=PLANE('',#6481);
#6483=EDGE_LOOP('',(#6478,#6479,#6480));
#6484=FACE_BOUND('',#6483,.T.);
#6485=ADVANCED_FACE('',(#6484),#6482,.T.);
#6486=DIRECTION('',(-0.9520285612852643,0.0,-0.3060091804131207));
#6487=VECTOR('',#6486,1000.0);
#6488=LINE('',#5739,#6487);
#6489=EDGE_CURVE('',#5740,#5706,#6488,.T.);
#6490=ORIENTED_EDGE('',*,*,#6477,.F.);
#6491=ORIENTED_EDGE('',*,*,#6462,.F.);
#6492=ORIENTED_EDGE('',*,*,#6489,.T.);
#6493=DIRECTION('',(0.0,1.0,-0.0));
#6494=DIRECTION('',(-0.40613846605344767,0.0,0.913811548620257));
#6495=AXIS2_PLACEMENT_3D('',#5705,#6493,#6494);
#6496=PLANE('',#6495);
#6497=EDGE_LOOP('',(#6490,#6491,#6492));
#6498=FACE_BOUND('',#6497,.T.);
#6499=ADVANCED_FACE('',(#6498),#6496,.T.);
#6500=LINE('',#5739,#6270);
#6501=EDGE_CURVE('',#5740,#5694,#6500,.T.);
#6502=LINE('',#5693,#525);
#6503=EDGE_CURVE('',#5694,#5706,#6502,.T.);
#6504=ORIENTED_EDGE('',*,*,#6489,.F.);
#6505=ORIENTED_EDGE('',*,*,#6501,.T.);
#6506=ORIENTED_EDGE('',*,*,#6503,.T.);
#6507=DIRECTION('',(0.9520285612852643,0.0,0.3060091804131207));
#6508=AXIS2_PLACEMENT_3D('',#5705,#822,#6507);
#6509=PLANE('',#6508);
#6510=EDGE_LOOP('',(#6504,#6505,#6506));
#6511=FACE_BOUND('',#6510,.T.);
#6512=ADVANCED_FACE('',(#6511),#6509,.T.);
#6513=LINE('',#5739,#537);
#6514=EDGE_CURVE('',#5740,#5742,#6513,.T.);
#6515=LINE('',#5741,#6232);
#6516=EDGE_CURVE('',#5742,#5694,#6515,.T.);
#6517=ORIENTED_EDGE('',*,*,#6501,.F.);
#6518=ORIENTED_EDGE('',*,*,#6514,.T.);
#6519=ORIENTED_EDGE('',*,*,#6516,.T.);
#6520=DIRECTION('',(0.0,1.0,0.0));
#6521=AXIS2_PLACEMENT_3D('',#5693,#6520,#6289);
#6522=PLANE('',#6521);
#6523=EDGE_LOOP('',(#6517,#6518,#6519));
#6524=FACE_BOUND('',#6523,.T.);
#6525=ADVANCED_FACE('',(#6524),#6522,.T.);
#6526=DIRECTION('',(-0.5734623443633283,0.0,-0.8192319205190405));
#6527=VECTOR('',#6526,1000.0);
#6528=LINE('',#5741,#6527);
#6529=EDGE_CURVE('',#5742,#5692,#6528,.T.);
#6530=LINE('',#5691,#504);
#6531=EDGE_CURVE('',#5692,#5694,#6530,.T.);
#6532=ORIENTED_EDGE('',*,*,#6516,.F.);
#6533=ORIENTED_EDGE('',*,*,#6529,.T.);
#6534=ORIENTED_EDGE('',*,*,#6531,.T.);
#6535=DIRECTION('',(0.6139406135149204,0.0,0.7893522173763263));
#6536=AXIS2_PLACEMENT_3D('',#5693,#822,#6535);
#6537=PLANE('',#6536);
#6538=EDGE_LOOP('',(#6532,#6533,#6534));
#6539=FACE_BOUND('',#6538,.T.);
#6540=ADVANCED_FACE('',(#6539),#6537,.T.);
#6541=DIRECTION('',(0.0,0.0,-1.0));
#6542=VECTOR('',#6541,1000.0);
#6543=LINE('',#5741,#6542);
#6544=EDGE_CURVE('',#5742,#5732,#6543,.T.);
#6545=ORIENTED_EDGE('',*,*,#6529,.F.);
#6546=ORIENTED_EDGE('',*,*,#6544,.T.);
#6547=ORIENTED_EDGE('',*,*,#6356,.F.);
#6548=DIRECTION('',(0.5734623443633283,0.0,0.8192319205190405));
#6549=AXIS2_PLACEMENT_3D('',#5691,#822,#6548);
#6550=PLANE('',#6549);
#6551=EDGE_LOOP('',(#6545,#6546,#6547));
#6552=FACE_BOUND('',#6551,.T.);
#6553=ADVANCED_FACE('',(#6552),#6550,.T.);
#6554=VECTOR('',#6033,1000.0);
#6555=LINE('',#5741,#6554);
#6556=EDGE_CURVE('',#5742,#5662,#6555,.T.);
#6557=ORIENTED_EDGE('',*,*,#6544,.F.);
#6558=ORIENTED_EDGE('',*,*,#6556,.T.);
#6559=ORIENTED_EDGE('',*,*,#6350,.F.);
#6560=AXIS2_PLACEMENT_3D('',#5731,#524,#11);
#6561=PLANE('',#6560);
#6562=EDGE_LOOP('',(#6557,#6558,#6559));
#6563=FACE_BOUND('',#6562,.T.);
#6564=ADVANCED_FACE('',(#6563),#6561,.T.);
#6565=DIRECTION('',(0.0,1.0,0.0));
#6566=VECTOR('',#6565,1000.0);
#6567=LINE('',#5741,#6566);
#6568=EDGE_CURVE('',#5742,#5660,#6567,.T.);
#6569=DIRECTION('',(0.0,0.0,-1.0));
#6570=VECTOR('',#6569,1000.0);
#6571=LINE('',#5659,#6570);
#6572=EDGE_CURVE('',#5660,#5662,#6571,.T.);
#6573=ORIENTED_EDGE('',*,*,#6556,.F.);
#6574=ORIENTED_EDGE('',*,*,#6568,.T.);
#6575=ORIENTED_EDGE('',*,*,#6572,.T.);
#6576=AXIS2_PLACEMENT_3D('',#5661,#524,#6011);
#6577=PLANE('',#6576);
#6578=EDGE_LOOP('',(#6573,#6574,#6575));
#6579=FACE_BOUND('',#6578,.T.);
#6580=ADVANCED_FACE('',(#6579),#6577,.T.);
#6581=VECTOR('',#6122,1000.0);
#6582=LINE('',#5739,#6581);
#6583=EDGE_CURVE('',#5740,#5660,#6582,.T.);
#6584=ORIENTED_EDGE('',*,*,#6514,.F.);
#6585=ORIENTED_EDGE('',*,*,#6583,.T.);
#6586=ORIENTED_EDGE('',*,*,#6568,.F.);
#6587=DIRECTION('',(0.0,0.0,-1.0));
#6588=AXIS2_PLACEMENT_3D('',#5741,#6587,#524);
#6589=PLANE('',#6588);
#6590=EDGE_LOOP('',(#6584,#6585,#6586));
#6591=FACE_BOUND('',#6590,.T.);
#6592=ADVANCED_FACE('',(#6591),#6589,.T.);
#6593=DIRECTION('',(0.0,1.0,0.0));
#6594=VECTOR('',#6593,1000.0);
#6595=LINE('',#5739,#6594);
#6596=EDGE_CURVE('',#5740,#5656,#6595,.T.);
#6597=LINE('',#5655,#537);
#6598=EDGE_CURVE('',#5656,#5660,#6597,.T.);
#6599=ORIENTED_EDGE('',*,*,#6583,.F.);
#6600=ORIENTED_EDGE('',*,*,#6596,.T.);
#6601=ORIENTED_EDGE('',*,*,#6598,.T.);
#6602=AXIS2_PLACEMENT_3D('',#5659,#1144,#6101);
#6603=PLANE('',#6602);
#6604=EDGE_LOOP('',(#6599,#6600,#6601));
#6605=FACE_BOUND('',#6604,.T.);
#6606=ADVANCED_FACE('',(#6605),#6603,.T.);
#6607=DIRECTION('',(0.0,0.8944271909999161,-0.44721359549995754));
#6608=VECTOR('',#6607,1000.0);
#6609=LINE('',#5677,#6608);
#6610=EDGE_CURVE('',#5678,#5656,#6609,.T.);
#6611=ORIENTED_EDGE('',*,*,#6460,.F.);
#6612=ORIENTED_EDGE('',*,*,#6610,.T.);
#6613=ORIENTED_EDGE('',*,*,#6596,.F.);
#6614=AXIS2_PLACEMENT_3D('',#5739,#524,#11);
#6615=PLANE('',#6614);
#6616=EDGE_LOOP('',(#6611,#6612,#6613));
#6617=FACE_BOUND('',#6616,.T.);
#6618=ADVANCED_FACE('',(#6617),#6615,.T.);
#6619=DIRECTION('',(0.0,1.0,0.0));
#6620=VECTOR('',#6619,1000.0);
#6621=LINE('',#5677,#6620);
#6622=EDGE_CURVE('',#5678,#5658,#6621,.T.);
#6623=DIRECTION('',(0.0,0.0,-1.0));
#6624=VECTOR('',#6623,1000.0);
#6625=LINE('',#5657,#6624);
#6626=EDGE_CURVE('',#5658,#5656,#6625,.T.);
#6627=ORIENTED_EDGE('',*,*,#6610,.F.);
#6628=ORIENTED_EDGE('',*,*,#6622,.T.);
#6629=ORIENTED_EDGE('',*,*,#6626,.T.);
#6630=AXIS2_PLACEMENT_3D('',#5655,#524,#761);
#6631=PLANE('',#6630);
#6632=EDGE_LOOP('',(#6627,#6628,#6629));
#6633=FACE_BOUND('',#6632,.T.);
#6634=ADVANCED_FACE('',(#6633),#6631,.T.);
#6635=VECTOR('',#679,1000.0);
#6636=LINE('',#5737,#6635);
#6637=EDGE_CURVE('',#5738,#5674,#6636,.T.);
#6638=LINE('',#5673,#487);
#6639=EDGE_CURVE('',#5674,#5676,#6638,.T.);
#6640=ORIENTED_EDGE('',*,*,#6448,.F.);
#6641=ORIENTED_EDGE('',*,*,#6637,.T.);
#6642=ORIENTED_EDGE('',*,*,#6639,.T.);
#6643=DIRECTION('',(0.0,0.0,-1.0));
#6644=AXIS2_PLACEMENT_3D('',#5675,#493,#6643);
#6645=PLANE('',#6644);
#6646=EDGE_LOOP('',(#6640,#6641,#6642));
#6647=FACE_BOUND('',#6646,.T.);
#6648=ADVANCED_FACE('',(#6647),#6645,.T.);
#6649=DIRECTION('',(0.0,1.0,0.0));
#6650=VECTOR('',#6649,1000.0);
#6651=LINE('',#5737,#6650);
#6652=EDGE_CURVE('',#5738,#5672,#6651,.T.);
#6653=LINE('',#5671,#504);
#6654=EDGE_CURVE('',#5672,#5674,#6653,.T.);
#6655=ORIENTED_EDGE('',*,*,#6637,.F.);
#6656=ORIENTED_EDGE('',*,*,#6652,.T.);
#6657=ORIENTED_EDGE('',*,*,#6654,.T.);
#6658=DIRECTION('',(0.0,-0.8944271909999161,-0.44721359549995754));
#6659=AXIS2_PLACEMENT_3D('',#5673,#493,#6658);
#6660=PLANE('',#6659);
#6661=EDGE_LOOP('',(#6655,#6656,#6657));
#6662=FACE_BOUND('',#6661,.T.);
#6663=ADVANCED_FACE('',(#6662),#6660,.T.);
#6664=LINE('',#5735,#6581);
#6665=EDGE_CURVE('',#5736,#5672,#6664,.T.);
#6666=ORIENTED_EDGE('',*,*,#6473,.F.);
#6667=ORIENTED_EDGE('',*,*,#6665,.T.);
#6668=ORIENTED_EDGE('',*,*,#6652,.F.);
#6669=DIRECTION('',(0.0,0.0,-1.0));
#6670=AXIS2_PLACEMENT_3D('',#5737,#6669,#524);
#6671=PLANE('',#6670);
#6672=EDGE_LOOP('',(#6666,#6667,#6668));
#6673=FACE_BOUND('',#6672,.T.);
#6674=ADVANCED_FACE('',(#6673),#6671,.T.);
#6675=DIRECTION('',(0.0,1.0,0.0));
#6676=VECTOR('',#6675,1000.0);
#6677=LINE('',#5735,#6676);
#6678=EDGE_CURVE('',#5736,#5670,#6677,.T.);
#6679=LINE('',#5669,#537);
#6680=EDGE_CURVE('',#5670,#5672,#6679,.T.);
#6681=ORIENTED_EDGE('',*,*,#6665,.F.);
#6682=ORIENTED_EDGE('',*,*,#6678,.T.);
#6683=ORIENTED_EDGE('',*,*,#6680,.T.);
#6684=AXIS2_PLACEMENT_3D('',#5671,#1144,#6101);
#6685=PLANE('',#6684);
#6686=EDGE_LOOP('',(#6681,#6682,#6683));
#6687=FACE_BOUND('',#6686,.T.);
#6688=ADVANCED_FACE('',(#6687),#6685,.T.);
#6689=DIRECTION('',(0.0,0.196116135138184,0.9805806756909201));
#6690=VECTOR('',#6689,1000.0);
#6691=LINE('',#5733,#6690);
#6692=EDGE_CURVE('',#5734,#5670,#6691,.T.);
#6693=ORIENTED_EDGE('',*,*,#6428,.F.);
#6694=ORIENTED_EDGE('',*,*,#6692,.T.);
#6695=ORIENTED_EDGE('',*,*,#6678,.F.);
#6696=DIRECTION('',(0.0,0.0,-1.0));
#6697=AXIS2_PLACEMENT_3D('',#5735,#493,#6696);
#6698=PLANE('',#6697);
#6699=EDGE_LOOP('',(#6693,#6694,#6695));
#6700=FACE_BOUND('',#6699,.T.);
#6701=ADVANCED_FACE('',(#6700),#6698,.T.);
#6702=LINE('',#5667,#504);
#6703=EDGE_CURVE('',#5668,#5670,#6702,.T.);
#6704=ORIENTED_EDGE('',*,*,#6692,.F.);
#6705=ORIENTED_EDGE('',*,*,#6380,.F.);
#6706=ORIENTED_EDGE('',*,*,#6703,.T.);
#6707=DIRECTION('',(0.0,-0.196116135138184,-0.9805806756909201));
#6708=AXIS2_PLACEMENT_3D('',#5669,#493,#6707);
#6709=PLANE('',#6708);
#6710=EDGE_LOOP('',(#6704,#6705,#6706));
#6711=FACE_BOUND('',#6710,.T.);
#6712=ADVANCED_FACE('',(#6711),#6709,.T.);
#6713=LINE('',#5743,#4564);
#6714=EDGE_CURVE('',#5744,#5746,#6713,.T.);
#6715=DIRECTION('',(-0.3915083283308472,-0.9201745643341732,0.0));
#6716=VECTOR('',#6715,1000.0);
#6717=LINE('',#5745,#6716);
#6718=EDGE_CURVE('',#5746,#5748,#6717,.T.);
#6719=DIRECTION('',(0.27679297526828117,0.9609295753811163,0.0));
#6720=VECTOR('',#6719,1000.0);
#6721=LINE('',#5747,#6720);
#6722=EDGE_CURVE('',#5748,#5744,#6721,.T.);
#6723=ORIENTED_EDGE('',*,*,#6714,.T.);
#6724=ORIENTED_EDGE('',*,*,#6718,.T.);
#6725=ORIENTED_EDGE('',*,*,#6722,.T.);
#6726=DIRECTION('',(0.0,-0.0,-1.0));
#6727=AXIS2_PLACEMENT_3D('',#5743,#6726,#4563);
#6728=PLANE('',#6727);
#6729=EDGE_LOOP('',(#6723,#6724,#6725));
#6730=FACE_BOUND('',#6729,.T.);
#6731=ADVANCED_FACE('',(#6730),#6728,.T.);
#6732=DIRECTION('',(0.9948754420504642,-0.10110813421724993,0.0));
#6733=VECTOR('',#6732,1000.0);
#6734=LINE('',#5749,#6733);
#6735=EDGE_CURVE('',#5750,#5752,#6734,.T.);
#6736=DIRECTION('',(-0.9999990940322689,0.0013460812164378508,0.0));
#6737=VECTOR('',#6736,1000.0);
#6738=LINE('',#5751,#6737);
#6739=EDGE_CURVE('',#5752,#5754,#6738,.T.);
#6740=LINE('',#5753,#3879);
#6741=EDGE_CURVE('',#5754,#5750,#6740,.T.);
#6742=ORIENTED_EDGE('',*,*,#6735,.T.);
#6743=ORIENTED_EDGE('',*,*,#6739,.T.);
#6744=ORIENTED_EDGE('',*,*,#6741,.T.);
#6745=AXIS2_PLACEMENT_3D('',#5749,#1040,#6732);
#6746=PLANE('',#6745);
#6747=EDGE_LOOP('',(#6742,#6743,#6744));
#6748=FACE_BOUND('',#6747,.T.);
#6749=ADVANCED_FACE('',(#6748),#6746,.T.);
#6750=DIRECTION('',(-0.9999241726143769,-0.012314585719948506,0.0));
#6751=VECTOR('',#6750,1000.0);
#6752=LINE('',#5751,#6751);
#6753=EDGE_CURVE('',#5752,#5756,#6752,.T.);
#6754=LINE('',#5755,#3896);
#6755=EDGE_CURVE('',#5756,#5754,#6754,.T.);
#6756=ORIENTED_EDGE('',*,*,#6739,.F.);
#6757=ORIENTED_EDGE('',*,*,#6753,.T.);
#6758=ORIENTED_EDGE('',*,*,#6755,.T.);
#6759=DIRECTION('',(0.0,-0.0,-1.0));
#6760=DIRECTION('',(0.9999990940322689,-0.0013460812164378508,0.0));
#6761=AXIS2_PLACEMENT_3D('',#5753,#6759,#6760);
#6762=PLANE('',#6761);
#6763=EDGE_LOOP('',(#6756,#6757,#6758));
#6764=FACE_BOUND('',#6763,.T.);
#6765=ADVANCED_FACE('',(#6764),#6762,.T.);
#6766=LINE('',#5747,#2338);
#6767=EDGE_CURVE('',#5748,#5758,#6766,.T.);
#6768=LINE('',#5757,#4299);
#6769=EDGE_CURVE('',#5758,#5744,#6768,.T.);
#6770=ORIENTED_EDGE('',*,*,#6722,.F.);
#6771=ORIENTED_EDGE('',*,*,#6767,.T.);
#6772=ORIENTED_EDGE('',*,*,#6769,.T.);
#6773=DIRECTION('',(-0.27679297526828117,-0.9609295753811163,0.0));
#6774=AXIS2_PLACEMENT_3D('',#5743,#1144,#6773);
#6775=PLANE('',#6774);
#6776=EDGE_LOOP('',(#6770,#6771,#6772));
#6777=FACE_BOUND('',#6776,.T.);
#6778=ADVANCED_FACE('',(#6777),#6775,.T.);
#6779=LINE('',#5747,#4831);
#6780=EDGE_CURVE('',#5748,#5760,#6779,.T.);
#6781=DIRECTION('',(0.1535091825642334,0.9881472212522084,0.0));
#6782=VECTOR('',#6781,1000.0);
#6783=LINE('',#5759,#6782);
#6784=EDGE_CURVE('',#5760,#5758,#6783,.T.);
#6785=ORIENTED_EDGE('',*,*,#6767,.F.);
#6786=ORIENTED_EDGE('',*,*,#6780,.T.);
#6787=ORIENTED_EDGE('',*,*,#6784,.T.);
#6788=AXIS2_PLACEMENT_3D('',#5757,#1144,#2361);
#6789=PLANE('',#6788);
#6790=EDGE_LOOP('',(#6785,#6786,#6787));
#6791=FACE_BOUND('',#6790,.T.);
#6792=ADVANCED_FACE('',(#6791),#6789,.T.);
#6793=DIRECTION('',(0.0,1.0,0.0));
#6794=VECTOR('',#6793,1000.0);
#6795=LINE('',#5759,#6794);
#6796=EDGE_CURVE('',#5760,#5762,#6795,.T.);
#6797=LINE('',#5761,#4330);
#6798=EDGE_CURVE('',#5762,#5758,#6797,.T.);
#6799=ORIENTED_EDGE('',*,*,#6784,.F.);
#6800=ORIENTED_EDGE('',*,*,#6796,.T.);
#6801=ORIENTED_EDGE('',*,*,#6798,.T.);
#6802=DIRECTION('',(-0.1535091825642334,-0.9881472212522084,0.0));
#6803=AXIS2_PLACEMENT_3D('',#5757,#1144,#6802);
#6804=PLANE('',#6803);
#6805=EDGE_LOOP('',(#6799,#6800,#6801));
#6806=FACE_BOUND('',#6805,.T.);
#6807=ADVANCED_FACE('',(#6806),#6804,.T.);
#6808=DIRECTION('',(-0.01429735981134007,0.9998977875275177,0.0));
#6809=VECTOR('',#6808,1000.0);
#6810=LINE('',#5759,#6809);
#6811=EDGE_CURVE('',#5760,#5764,#6810,.T.);
#6812=DIRECTION('',(0.01587145550484069,-0.9998740405171833,0.0));
#6813=VECTOR('',#6812,1000.0);
#6814=LINE('',#5763,#6813);
#6815=EDGE_CURVE('',#5764,#5762,#6814,.T.);
#6816=ORIENTED_EDGE('',*,*,#6796,.F.);
#6817=ORIENTED_EDGE('',*,*,#6811,.T.);
#6818=ORIENTED_EDGE('',*,*,#6815,.T.);
#6819=AXIS2_PLACEMENT_3D('',#5761,#1040,#486);
#6820=PLANE('',#6819);
#6821=EDGE_LOOP('',(#6816,#6817,#6818));
#6822=FACE_BOUND('',#6821,.T.);
#6823=ADVANCED_FACE('',(#6822),#6820,.T.);
#6824=DIRECTION('',(0.01622551663207566,-0.9998683576401557,0.0));
#6825=VECTOR('',#6824,1000.0);
#6826=LINE('',#5763,#6825);
#6827=EDGE_CURVE('',#5764,#5766,#6826,.T.);
#6828=LINE('',#5765,#487);
#6829=EDGE_CURVE('',#5766,#5762,#6828,.T.);
#6830=ORIENTED_EDGE('',*,*,#6815,.F.);
#6831=ORIENTED_EDGE('',*,*,#6827,.T.);
#6832=ORIENTED_EDGE('',*,*,#6829,.T.);
#6833=DIRECTION('',(0.0,0.0,-1.0));
#6834=DIRECTION('',(-0.01587145550484069,0.9998740405171833,0.0));
#6835=AXIS2_PLACEMENT_3D('',#5761,#6833,#6834);
#6836=PLANE('',#6835);
#6837=EDGE_LOOP('',(#6830,#6831,#6832));
#6838=FACE_BOUND('',#6837,.T.);
#6839=ADVANCED_FACE('',(#6838),#6836,.T.);
#6840=LINE('',#5745,#4532);
#6841=EDGE_CURVE('',#5746,#5768,#6840,.T.);
#6842=DIRECTION('',(-0.47963863157524084,-0.8774661150726165,0.0));
#6843=VECTOR('',#6842,1000.0);
#6844=LINE('',#5767,#6843);
#6845=EDGE_CURVE('',#5768,#5748,#6844,.T.);
#6846=ORIENTED_EDGE('',*,*,#6841,.T.);
#6847=ORIENTED_EDGE('',*,*,#6845,.T.);
#6848=ORIENTED_EDGE('',*,*,#6718,.F.);
#6849=DIRECTION('',(0.0,-0.0,-1.0));
#6850=AXIS2_PLACEMENT_3D('',#5745,#6849,#4531);
#6851=PLANE('',#6850);
#6852=EDGE_LOOP('',(#6846,#6847,#6848));
#6853=FACE_BOUND('',#6852,.T.);
#6854=ADVANCED_FACE('',(#6853),#6851,.T.);
#6855=LINE('',#5767,#4500);
#6856=EDGE_CURVE('',#5768,#5770,#6855,.T.);
#6857=DIRECTION('',(-0.5670658556962286,-0.823672456321992,0.0));
#6858=VECTOR('',#6857,1000.0);
#6859=LINE('',#5769,#6858);
#6860=EDGE_CURVE('',#5770,#5748,#6859,.T.);
#6861=ORIENTED_EDGE('',*,*,#6845,.F.);
#6862=ORIENTED_EDGE('',*,*,#6856,.T.);
#6863=ORIENTED_EDGE('',*,*,#6860,.T.);
#6864=DIRECTION('',(0.0,0.0,-1.0));
#6865=DIRECTION('',(0.47963863157524084,0.8774661150726165,0.0));
#6866=AXIS2_PLACEMENT_3D('',#5747,#6864,#6865);
#6867=PLANE('',#6866);
#6868=EDGE_LOOP('',(#6861,#6862,#6863));
#6869=FACE_BOUND('',#6868,.T.);
#6870=ADVANCED_FACE('',(#6869),#6867,.T.);
#6871=LINE('',#5769,#4466);
#6872=EDGE_CURVE('',#5770,#5772,#6871,.T.);
#6873=DIRECTION('',(-0.6545023255310639,-0.7560599882776692,0.0));
#6874=VECTOR('',#6873,1000.0);
#6875=LINE('',#5771,#6874);
#6876=EDGE_CURVE('',#5772,#5748,#6875,.T.);
#6877=ORIENTED_EDGE('',*,*,#6860,.F.);
#6878=ORIENTED_EDGE('',*,*,#6872,.T.);
#6879=ORIENTED_EDGE('',*,*,#6876,.T.);
#6880=DIRECTION('',(0.0,0.0,-1.0));
#6881=DIRECTION('',(0.5670658556962286,0.823672456321992,0.0));
#6882=AXIS2_PLACEMENT_3D('',#5747,#6880,#6881);
#6883=PLANE('',#6882);
#6884=EDGE_LOOP('',(#6877,#6878,#6879));
#6885=FACE_BOUND('',#6884,.T.);
#6886=ADVANCED_FACE('',(#6885),#6883,.T.);
#6887=LINE('',#5773,#4798);
#6888=EDGE_CURVE('',#5774,#5776,#6887,.T.);
#6889=DIRECTION('',(-0.9302711624998076,-0.366872681214146,0.0));
#6890=VECTOR('',#6889,1000.0);
#6891=LINE('',#5775,#6890);
#6892=EDGE_CURVE('',#5776,#5748,#6891,.T.);
#6893=DIRECTION('',(0.8685707922434927,0.4955651106176778,0.0));
#6894=VECTOR('',#6893,1000.0);
#6895=LINE('',#5747,#6894);
#6896=EDGE_CURVE('',#5748,#5774,#6895,.T.);
#6897=ORIENTED_EDGE('',*,*,#6888,.T.);
#6898=ORIENTED_EDGE('',*,*,#6892,.T.);
#6899=ORIENTED_EDGE('',*,*,#6896,.T.);
#6900=DIRECTION('',(0.0,0.0,-1.0));
#6901=AXIS2_PLACEMENT_3D('',#5773,#6900,#4797);
#6902=PLANE('',#6901);
#6903=EDGE_LOOP('',(#6897,#6898,#6899));
#6904=FACE_BOUND('',#6903,.T.);
#6905=ADVANCED_FACE('',(#6904),#6902,.T.);
#6906=LINE('',#5775,#4767);
#6907=EDGE_CURVE('',#5776,#5778,#6906,.T.);
#6908=DIRECTION('',(-0.9681534783485493,-0.25035742921192694,0.0));
#6909=VECTOR('',#6908,1000.0);
#6910=LINE('',#5777,#6909);
#6911=EDGE_CURVE('',#5778,#5748,#6910,.T.);
#6912=ORIENTED_EDGE('',*,*,#6892,.F.);
#6913=ORIENTED_EDGE('',*,*,#6907,.T.);
#6914=ORIENTED_EDGE('',*,*,#6911,.T.);
#6915=DIRECTION('',(0.0,-0.0,-1.0));
#6916=DIRECTION('',(0.9302711624998076,0.366872681214146,0.0));
#6917=AXIS2_PLACEMENT_3D('',#5747,#6915,#6916);
#6918=PLANE('',#6917);
#6919=EDGE_LOOP('',(#6912,#6913,#6914));
#6920=FACE_BOUND('',#6919,.T.);
#6921=ADVANCED_FACE('',(#6920),#6918,.T.);
#6922=LINE('',#5779,#4602);
#6923=EDGE_CURVE('',#5780,#5782,#6922,.T.);
#6924=DIRECTION('',(0.9757218874757908,0.219013237729322,0.0));
#6925=VECTOR('',#6924,1000.0);
#6926=LINE('',#5781,#6925);
#6927=EDGE_CURVE('',#5782,#5784,#6926,.T.);
#6928=LINE('',#5783,#4635);
#6929=EDGE_CURVE('',#5784,#5780,#6928,.T.);
#6930=ORIENTED_EDGE('',*,*,#6923,.T.);
#6931=ORIENTED_EDGE('',*,*,#6927,.T.);
#6932=ORIENTED_EDGE('',*,*,#6929,.T.);
#6933=AXIS2_PLACEMENT_3D('',#5779,#1144,#4601);
#6934=PLANE('',#6933);
#6935=EDGE_LOOP('',(#6930,#6931,#6932));
#6936=FACE_BOUND('',#6935,.T.);
#6937=ADVANCED_FACE('',(#6936),#6934,.T.);
#6938=DIRECTION('',(0.9451188526211196,0.32672672743462283,0.0));
#6939=VECTOR('',#6938,1000.0);
#6940=LINE('',#5781,#6939);
#6941=EDGE_CURVE('',#5782,#5786,#6940,.T.);
#6942=LINE('',#5785,#4668);
#6943=EDGE_CURVE('',#5786,#5784,#6942,.T.);
#6944=ORIENTED_EDGE('',*,*,#6927,.F.);
#6945=ORIENTED_EDGE('',*,*,#6941,.T.);
#6946=ORIENTED_EDGE('',*,*,#6943,.T.);
#6947=DIRECTION('',(-0.9757218874757908,-0.219013237729322,0.0));
#6948=AXIS2_PLACEMENT_3D('',#5783,#1144,#6947);
#6949=PLANE('',#6948);
#6950=EDGE_LOOP('',(#6944,#6945,#6946));
#6951=FACE_BOUND('',#6950,.T.);
#6952=ADVANCED_FACE('',(#6951),#6949,.T.);
#6953=LINE('',#5777,#4734);
#6954=EDGE_CURVE('',#5778,#5788,#6953,.T.);
#6955=DIRECTION('',(-0.9897463597062722,-0.14283607194326853,0.0));
#6956=VECTOR('',#6955,1000.0);
#6957=LINE('',#5787,#6956);
#6958=EDGE_CURVE('',#5788,#5748,#6957,.T.);
#6959=ORIENTED_EDGE('',*,*,#6954,.T.);
#6960=ORIENTED_EDGE('',*,*,#6958,.T.);
#6961=ORIENTED_EDGE('',*,*,#6911,.F.);
#6962=DIRECTION('',(0.0,0.0,-1.0));
#6963=AXIS2_PLACEMENT_3D('',#5777,#6962,#4733);
#6964=PLANE('',#6963);
#6965=EDGE_LOOP('',(#6959,#6960,#6961));
#6966=FACE_BOUND('',#6965,.T.);
#6967=ADVANCED_FACE('',(#6966),#6964,.T.);
#6968=LINE('',#5787,#4701);
#6969=EDGE_CURVE('',#5788,#5786,#6968,.T.);
#6970=DIRECTION('',(-0.998616704976278,-0.05258019153941502,0.0));
#6971=VECTOR('',#6970,1000.0);
#6972=LINE('',#5785,#6971);
#6973=EDGE_CURVE('',#5786,#5748,#6972,.T.);
#6974=ORIENTED_EDGE('',*,*,#6958,.F.);
#6975=ORIENTED_EDGE('',*,*,#6969,.T.);
#6976=ORIENTED_EDGE('',*,*,#6973,.T.);
#6977=DIRECTION('',(0.0,-0.0,-1.0));
#6978=DIRECTION('',(0.9897463597062722,0.14283607194326853,0.0));
#6979=AXIS2_PLACEMENT_3D('',#5747,#6977,#6978);
#6980=PLANE('',#6979);
#6981=EDGE_LOOP('',(#6974,#6975,#6976));
#6982=FACE_BOUND('',#6981,.T.);
#6983=ADVANCED_FACE('',(#6982),#6980,.T.);
#6984=DIRECTION('',(-0.9846210670324518,-0.1747036186112819,0.0));
#6985=VECTOR('',#6984,1000.0);
#6986=LINE('',#5785,#6985);
#6987=EDGE_CURVE('',#5786,#5790,#6986,.T.);
#6988=LINE('',#5789,#4865);
#6989=EDGE_CURVE('',#5790,#5748,#6988,.T.);
#6990=ORIENTED_EDGE('',*,*,#6973,.F.);
#6991=ORIENTED_EDGE('',*,*,#6987,.T.);
#6992=ORIENTED_EDGE('',*,*,#6989,.T.);
#6993=DIRECTION('',(0.0,-0.0,-1.0));
#6994=DIRECTION('',(0.998616704976278,0.05258019153941502,0.0));
#6995=AXIS2_PLACEMENT_3D('',#5747,#6993,#6994);
#6996=PLANE('',#6995);
#6997=EDGE_LOOP('',(#6990,#6991,#6992));
#6998=FACE_BOUND('',#6997,.T.);
#6999=ADVANCED_FACE('',(#6998),#6996,.T.);
#7000=LINE('',#5781,#4897);
#7001=EDGE_CURVE('',#5782,#5790,#7000,.T.);
#7002=ORIENTED_EDGE('',*,*,#6987,.F.);
#7003=ORIENTED_EDGE('',*,*,#6941,.F.);
#7004=ORIENTED_EDGE('',*,*,#7001,.T.);
#7005=DIRECTION('',(0.0,-0.0,-1.0));
#7006=DIRECTION('',(0.9846210670324518,0.1747036186112819,0.0));
#7007=AXIS2_PLACEMENT_3D('',#5789,#7005,#7006);
#7008=PLANE('',#7007);
#7009=EDGE_LOOP('',(#7002,#7003,#7004));
#7010=FACE_BOUND('',#7009,.T.);
#7011=ADVANCED_FACE('',(#7010),#7008,.T.);
#7012=LINE('',#5791,#4096);
#7013=EDGE_CURVE('',#5792,#5794,#7012,.T.);
#7014=DIRECTION('',(0.9589906056857056,0.2834378559870992,0.0));
#7015=VECTOR('',#7014,1000.0);
#7016=LINE('',#5793,#7015);
#7017=EDGE_CURVE('',#5794,#5796,#7016,.T.);
#7018=DIRECTION('',(-0.8907460446693632,-0.45450135743018905,0.0));
#7019=VECTOR('',#7018,1000.0);
#7020=LINE('',#5795,#7019);
#7021=EDGE_CURVE('',#5796,#5792,#7020,.T.);
#7022=ORIENTED_EDGE('',*,*,#7013,.T.);
#7023=ORIENTED_EDGE('',*,*,#7017,.T.);
#7024=ORIENTED_EDGE('',*,*,#7021,.T.);
#7025=DIRECTION('',(0.0,0.0,-1.0));
#7026=AXIS2_PLACEMENT_3D('',#5791,#7025,#4095);
#7027=PLANE('',#7026);
#7028=EDGE_LOOP('',(#7022,#7023,#7024));
#7029=FACE_BOUND('',#7028,.T.);
#7030=ADVANCED_FACE('',(#7029),#7027,.T.);
#7031=DIRECTION('',(-0.1177995631024553,0.9930373925149397,0.0));
#7032=VECTOR('',#7031,1000.0);
#7033=LINE('',#5793,#7032);
#7034=EDGE_CURVE('',#5794,#5764,#7033,.T.);
#7035=DIRECTION('',(0.21303718507278827,-0.9770440920328328,0.0));
#7036=VECTOR('',#7035,1000.0);
#7037=LINE('',#5763,#7036);
#7038=EDGE_CURVE('',#5764,#5796,#7037,.T.);
#7039=ORIENTED_EDGE('',*,*,#7017,.F.);
#7040=ORIENTED_EDGE('',*,*,#7034,.T.);
#7041=ORIENTED_EDGE('',*,*,#7038,.T.);
#7042=DIRECTION('',(-0.9589906056857056,-0.2834378559870992,0.0));
#7043=AXIS2_PLACEMENT_3D('',#5795,#1144,#7042);
#7044=PLANE('',#7043);
#7045=EDGE_LOOP('',(#7039,#7040,#7041));
#7046=FACE_BOUND('',#7045,.T.);
#7047=ADVANCED_FACE('',(#7046),#7044,.T.);
#7048=DIRECTION('',(0.23379310792393926,-0.9722863686626821,0.0));
#7049=VECTOR('',#7048,1000.0);
#7050=LINE('',#5763,#7049);
#7051=EDGE_CURVE('',#5764,#5798,#7050,.T.);
#7052=LINE('',#5797,#525);
#7053=EDGE_CURVE('',#5798,#5796,#7052,.T.);
#7054=ORIENTED_EDGE('',*,*,#7038,.F.);
#7055=ORIENTED_EDGE('',*,*,#7051,.T.);
#7056=ORIENTED_EDGE('',*,*,#7053,.T.);
#7057=DIRECTION('',(0.0,0.0,-1.0));
#7058=DIRECTION('',(-0.21303718507278827,0.9770440920328328,0.0));
#7059=AXIS2_PLACEMENT_3D('',#5795,#7057,#7058);
#7060=PLANE('',#7059);
#7061=EDGE_LOOP('',(#7054,#7055,#7056));
#7062=FACE_BOUND('',#7061,.T.);
#7063=ADVANCED_FACE('',(#7062),#7060,.T.);
#7064=LINE('',#5763,#537);
#7065=EDGE_CURVE('',#5764,#5662,#7064,.T.);
#7066=DIRECTION('',(-0.7831485304716006,-0.621834688016174,0.0));
#7067=VECTOR('',#7066,1000.0);
#7068=LINE('',#5661,#7067);
#7069=EDGE_CURVE('',#5662,#5798,#7068,.T.);
#7070=ORIENTED_EDGE('',*,*,#7051,.F.);
#7071=ORIENTED_EDGE('',*,*,#7065,.T.);
#7072=ORIENTED_EDGE('',*,*,#7069,.T.);
#7073=DIRECTION('',(0.0,0.0,-1.0));
#7074=DIRECTION('',(-0.23379310792393926,0.9722863686626821,0.0));
#7075=AXIS2_PLACEMENT_3D('',#5797,#7073,#7074);
#7076=PLANE('',#7075);
#7077=EDGE_LOOP('',(#7070,#7071,#7072));
#7078=FACE_BOUND('',#7077,.T.);
#7079=ADVANCED_FACE('',(#7078),#7076,.T.);
#7080=LINE('',#5661,#640);
#7081=EDGE_CURVE('',#5662,#5800,#7080,.T.);
#7082=DIRECTION('',(0.0,1.0,0.0));
#7083=VECTOR('',#7082,1000.0);
#7084=LINE('',#5799,#7083);
#7085=EDGE_CURVE('',#5800,#5798,#7084,.T.);
#7086=ORIENTED_EDGE('',*,*,#7069,.F.);
#7087=ORIENTED_EDGE('',*,*,#7081,.T.);
#7088=ORIENTED_EDGE('',*,*,#7085,.T.);
#7089=DIRECTION('',(0.0,-0.0,-1.0));
#7090=DIRECTION('',(0.7831485304716006,0.621834688016174,0.0));
#7091=AXIS2_PLACEMENT_3D('',#5797,#7089,#7090);
#7092=PLANE('',#7091);
#7093=EDGE_LOOP('',(#7086,#7087,#7088));
#7094=FACE_BOUND('',#7093,.T.);
#7095=ADVANCED_FACE('',(#7094),#7092,.T.);
#7096=LINE('',#5661,#487);
#7097=EDGE_CURVE('',#5662,#5802,#7096,.T.);
#7098=DIRECTION('',(-0.9999996724840684,0.0008093403213682914,0.0));
#7099=VECTOR('',#7098,1000.0);
#7100=LINE('',#5801,#7099);
#7101=EDGE_CURVE('',#5802,#5800,#7100,.T.);
#7102=ORIENTED_EDGE('',*,*,#7081,.F.);
#7103=ORIENTED_EDGE('',*,*,#7097,.T.);
#7104=ORIENTED_EDGE('',*,*,#7101,.T.);
#7105=DIRECTION('',(0.0,0.0,-1.0));
#7106=AXIS2_PLACEMENT_3D('',#5799,#7105,#662);
#7107=PLANE('',#7106);
#7108=EDGE_LOOP('',(#7102,#7103,#7104));
#7109=FACE_BOUND('',#7108,.T.);
#7110=ADVANCED_FACE('',(#7109),#7107,.T.);
#7111=LINE('',#5771,#4432);
#7112=EDGE_CURVE('',#5772,#5804,#7111,.T.);
#7113=DIRECTION('',(-0.7313932655044896,-0.6819559305224051,0.0));
#7114=VECTOR('',#7113,1000.0);
#7115=LINE('',#5803,#7114);
#7116=EDGE_CURVE('',#5804,#5748,#7115,.T.);
#7117=ORIENTED_EDGE('',*,*,#7112,.T.);
#7118=ORIENTED_EDGE('',*,*,#7116,.T.);
#7119=ORIENTED_EDGE('',*,*,#6876,.F.);
#7120=DIRECTION('',(0.0,-0.0,-1.0));
#7121=AXIS2_PLACEMENT_3D('',#5771,#7120,#4431);
#7122=PLANE('',#7121);
#7123=EDGE_LOOP('',(#7117,#7118,#7119));
#7124=FACE_BOUND('',#7123,.T.);
#7125=ADVANCED_FACE('',(#7124),#7122,.T.);
#7126=LINE('',#5803,#2187);
#7127=EDGE_CURVE('',#5804,#5806,#7126,.T.);
#7128=DIRECTION('',(-0.8162632431576481,-0.5776801172532758,0.0));
#7129=VECTOR('',#7128,1000.0);
#7130=LINE('',#5805,#7129);
#7131=EDGE_CURVE('',#5806,#5748,#7130,.T.);
#7132=ORIENTED_EDGE('',*,*,#7116,.F.);
#7133=ORIENTED_EDGE('',*,*,#7127,.T.);
#7134=ORIENTED_EDGE('',*,*,#7131,.T.);
#7135=DIRECTION('',(0.0,0.0,-1.0));
#7136=DIRECTION('',(0.7313932655044896,0.6819559305224051,0.0));
#7137=AXIS2_PLACEMENT_3D('',#5747,#7135,#7136);
#7138=PLANE('',#7137);
#7139=EDGE_LOOP('',(#7132,#7133,#7134));
#7140=FACE_BOUND('',#7139,.T.);
#7141=ADVANCED_FACE('',(#7140),#7138,.T.);
#7142=LINE('',#5805,#4367);
#7143=EDGE_CURVE('',#5806,#5774,#7142,.T.);
#7144=ORIENTED_EDGE('',*,*,#7131,.F.);
#7145=ORIENTED_EDGE('',*,*,#7143,.T.);
#7146=ORIENTED_EDGE('',*,*,#6896,.F.);
#7147=DIRECTION('',(0.0,0.0,-1.0));
#7148=DIRECTION('',(0.8162632431576481,0.5776801172532758,0.0));
#7149=AXIS2_PLACEMENT_3D('',#5747,#7147,#7148);
#7150=PLANE('',#7149);
#7151=EDGE_LOOP('',(#7144,#7145,#7146));
#7152=FACE_BOUND('',#7151,.T.);
#7153=ADVANCED_FACE('',(#7152),#7150,.T.);
#7154=LINE('',#5749,#3848);
#7155=EDGE_CURVE('',#5750,#5808,#7154,.T.);
#7156=DIRECTION('',(0.9477784748119887,-0.3189294007818351,0.0));
#7157=VECTOR('',#7156,1000.0);
#7158=LINE('',#5807,#7157);
#7159=EDGE_CURVE('',#5808,#5752,#7158,.T.);
#7160=ORIENTED_EDGE('',*,*,#7155,.T.);
#7161=ORIENTED_EDGE('',*,*,#7159,.T.);
#7162=ORIENTED_EDGE('',*,*,#6735,.F.);
#7163=DIRECTION('',(0.0,0.0,-1.0));
#7164=AXIS2_PLACEMENT_3D('',#5749,#7163,#3847);
#7165=PLANE('',#7164);
#7166=EDGE_LOOP('',(#7160,#7161,#7162));
#7167=FACE_BOUND('',#7166,.T.);
#7168=ADVANCED_FACE('',(#7167),#7165,.T.);
#7169=LINE('',#5807,#3815);
#7170=EDGE_CURVE('',#5808,#5810,#7169,.T.);
#7171=DIRECTION('',(0.7354115766029757,-0.6776206999482273,0.0));
#7172=VECTOR('',#7171,1000.0);
#7173=LINE('',#5809,#7172);
#7174=EDGE_CURVE('',#5810,#5752,#7173,.T.);
#7175=ORIENTED_EDGE('',*,*,#7159,.F.);
#7176=ORIENTED_EDGE('',*,*,#7170,.T.);
#7177=ORIENTED_EDGE('',*,*,#7174,.T.);
#7178=DIRECTION('',(0.0,0.0,-1.0));
#7179=DIRECTION('',(-0.9477784748119887,0.3189294007818351,0.0));
#7180=AXIS2_PLACEMENT_3D('',#5751,#7178,#7179);
#7181=PLANE('',#7180);
#7182=EDGE_LOOP('',(#7175,#7176,#7177));
#7183=FACE_BOUND('',#7182,.T.);
#7184=ADVANCED_FACE('',(#7183),#7181,.T.);
#7185=DIRECTION('',(0.9561629058359021,-0.2928352736666876,0.0));
#7186=VECTOR('',#7185,1000.0);
#7187=LINE('',#5809,#7186);
#7188=EDGE_CURVE('',#5810,#5812,#7187,.T.);
#7189=LINE('',#5811,#487);
#7190=EDGE_CURVE('',#5812,#5752,#7189,.T.);
#7191=ORIENTED_EDGE('',*,*,#7174,.F.);
#7192=ORIENTED_EDGE('',*,*,#7188,.T.);
#7193=ORIENTED_EDGE('',*,*,#7190,.T.);
#7194=DIRECTION('',(0.0,0.0,-1.0));
#7195=DIRECTION('',(-0.7354115766029757,0.6776206999482273,0.0));
#7196=AXIS2_PLACEMENT_3D('',#5751,#7194,#7195);
#7197=PLANE('',#7196);
#7198=EDGE_LOOP('',(#7191,#7192,#7193));
#7199=FACE_BOUND('',#7198,.T.);
#7200=ADVANCED_FACE('',(#7199),#7197,.T.);
#7201=LINE('',#5809,#3782);
#7202=EDGE_CURVE('',#5810,#5814,#7201,.T.);
#7203=DIRECTION('',(0.6413128362697964,-0.7672795097196257,0.0));
#7204=VECTOR('',#7203,1000.0);
#7205=LINE('',#5813,#7204);
#7206=EDGE_CURVE('',#5814,#5812,#7205,.T.);
#7207=ORIENTED_EDGE('',*,*,#7188,.F.);
#7208=ORIENTED_EDGE('',*,*,#7202,.T.);
#7209=ORIENTED_EDGE('',*,*,#7206,.T.);
#7210=DIRECTION('',(0.0,0.0,-1.0));
#7211=DIRECTION('',(-0.9561629058359021,0.2928352736666876,0.0));
#7212=AXIS2_PLACEMENT_3D('',#5811,#7210,#7211);
#7213=PLANE('',#7212);
#7214=EDGE_LOOP('',(#7207,#7208,#7209));
#7215=FACE_BOUND('',#7214,.T.);
#7216=ADVANCED_FACE('',(#7215),#7213,.T.);
#7217=DIRECTION('',(0.9584723490003109,-0.2851854768423986,0.0));
#7218=VECTOR('',#7217,1000.0);
#7219=LINE('',#5813,#7218);
#7220=EDGE_CURVE('',#5814,#5816,#7219,.T.);
#7221=LINE('',#5815,#525);
#7222=EDGE_CURVE('',#5816,#5812,#7221,.T.);
#7223=ORIENTED_EDGE('',*,*,#7206,.F.);
#7224=ORIENTED_EDGE('',*,*,#7220,.T.);
#7225=ORIENTED_EDGE('',*,*,#7222,.T.);
#7226=DIRECTION('',(0.0,0.0,-1.0));
#7227=DIRECTION('',(-0.6413128362697964,0.7672795097196257,0.0));
#7228=AXIS2_PLACEMENT_3D('',#5811,#7226,#7227);
#7229=PLANE('',#7228);
#7230=EDGE_LOOP('',(#7223,#7224,#7225));
#7231=FACE_BOUND('',#7230,.T.);
#7232=ADVANCED_FACE('',(#7231),#7229,.T.);
#7233=LINE('',#5793,#4062);
#7234=EDGE_CURVE('',#5794,#5818,#7233,.T.);
#7235=DIRECTION('',(-0.10486250140094378,0.9944867298259625,0.0));
#7236=VECTOR('',#7235,1000.0);
#7237=LINE('',#5817,#7236);
#7238=EDGE_CURVE('',#5818,#5764,#7237,.T.);
#7239=ORIENTED_EDGE('',*,*,#7234,.T.);
#7240=ORIENTED_EDGE('',*,*,#7238,.T.);
#7241=ORIENTED_EDGE('',*,*,#7034,.F.);
#7242=DIRECTION('',(0.0,0.0,-1.0));
#7243=AXIS2_PLACEMENT_3D('',#5793,#7242,#4061);
#7244=PLANE('',#7243);
#7245=EDGE_LOOP('',(#7239,#7240,#7241));
#7246=FACE_BOUND('',#7245,.T.);
#7247=ADVANCED_FACE('',(#7246),#7244,.T.);
#7248=LINE('',#5817,#4028);
#7249=EDGE_CURVE('',#5818,#5820,#7248,.T.);
#7250=DIRECTION('',(-0.09023706431262453,0.9959203141939816,0.0));
#7251=VECTOR('',#7250,1000.0);
#7252=LINE('',#5819,#7251);
#7253=EDGE_CURVE('',#5820,#5764,#7252,.T.);
#7254=ORIENTED_EDGE('',*,*,#7238,.F.);
#7255=ORIENTED_EDGE('',*,*,#7249,.T.);
#7256=ORIENTED_EDGE('',*,*,#7253,.T.);
#7257=DIRECTION('',(0.10486250140094378,-0.9944867298259625,0.0));
#7258=AXIS2_PLACEMENT_3D('',#5763,#1040,#7257);
#7259=PLANE('',#7258);
#7260=EDGE_LOOP('',(#7254,#7255,#7256));
#7261=FACE_BOUND('',#7260,.T.);
#7262=ADVANCED_FACE('',(#7261),#7259,.T.);
#7263=LINE('',#5819,#3994);
#7264=EDGE_CURVE('',#5820,#5822,#7263,.T.);
#7265=DIRECTION('',(-0.07226733601688268,0.9973852977385536,0.0));
#7266=VECTOR('',#7265,1000.0);
#7267=LINE('',#5821,#7266);
#7268=EDGE_CURVE('',#5822,#5764,#7267,.T.);
#7269=ORIENTED_EDGE('',*,*,#7253,.F.);
#7270=ORIENTED_EDGE('',*,*,#7264,.T.);
#7271=ORIENTED_EDGE('',*,*,#7268,.T.);
#7272=DIRECTION('',(0.09023706431262453,-0.9959203141939816,0.0));
#7273=AXIS2_PLACEMENT_3D('',#5763,#1040,#7272);
#7274=PLANE('',#7273);
#7275=EDGE_LOOP('',(#7269,#7270,#7271));
#7276=FACE_BOUND('',#7275,.T.);
#7277=ADVANCED_FACE('',(#7276),#7274,.T.);
#7278=LINE('',#5813,#3749);
#7279=EDGE_CURVE('',#5814,#5824,#7278,.T.);
#7280=VECTOR('',#1655,1000.0);
#7281=LINE('',#5823,#7280);
#7282=EDGE_CURVE('',#5824,#5816,#7281,.T.);
#7283=ORIENTED_EDGE('',*,*,#7279,.T.);
#7284=ORIENTED_EDGE('',*,*,#7282,.T.);
#7285=ORIENTED_EDGE('',*,*,#7220,.F.);
#7286=DIRECTION('',(0.0,0.0,-1.0));
#7287=AXIS2_PLACEMENT_3D('',#5813,#7286,#3748);
#7288=PLANE('',#7287);
#7289=EDGE_LOOP('',(#7283,#7284,#7285));
#7290=FACE_BOUND('',#7289,.T.);
#7291=ADVANCED_FACE('',(#7290),#7288,.T.);
#7292=LINE('',#5823,#3716);
#7293=EDGE_CURVE('',#5824,#5826,#7292,.T.);
#7294=DIRECTION('',(0.78033954753731,-0.625356051021549,0.0));
#7295=VECTOR('',#7294,1000.0);
#7296=LINE('',#5825,#7295);
#7297=EDGE_CURVE('',#5826,#5816,#7296,.T.);
#7298=ORIENTED_EDGE('',*,*,#7282,.F.);
#7299=ORIENTED_EDGE('',*,*,#7293,.T.);
#7300=ORIENTED_EDGE('',*,*,#7297,.T.);
#7301=DIRECTION('',(0.0,0.0,-1.0));
#7302=DIRECTION('',(-0.8798265436641536,0.47529491167483523,0.0));
#7303=AXIS2_PLACEMENT_3D('',#5815,#7301,#7302);
#7304=PLANE('',#7303);
#7305=EDGE_LOOP('',(#7298,#7299,#7300));
#7306=FACE_BOUND('',#7305,.T.);
#7307=ADVANCED_FACE('',(#7306),#7304,.T.);
#7308=VECTOR('',#5244,1000.0);
#7309=LINE('',#5825,#7308);
#7310=EDGE_CURVE('',#5826,#5796,#7309,.T.);
#7311=LINE('',#5795,#487);
#7312=EDGE_CURVE('',#5796,#5816,#7311,.T.);
#7313=ORIENTED_EDGE('',*,*,#7297,.F.);
#7314=ORIENTED_EDGE('',*,*,#7310,.T.);
#7315=ORIENTED_EDGE('',*,*,#7312,.T.);
#7316=DIRECTION('',(0.0,0.0,-1.0));
#7317=DIRECTION('',(-0.78033954753731,0.625356051021549,0.0));
#7318=AXIS2_PLACEMENT_3D('',#5815,#7316,#7317);
#7319=PLANE('',#7318);
#7320=EDGE_LOOP('',(#7313,#7314,#7315));
#7321=FACE_BOUND('',#7320,.T.);
#7322=ADVANCED_FACE('',(#7321),#7319,.T.);
#7323=LINE('',#5825,#4162);
#7324=EDGE_CURVE('',#5826,#5828,#7323,.T.);
#7325=DIRECTION('',(0.7852906794225927,0.6191272476736934,0.0));
#7326=VECTOR('',#7325,1000.0);
#7327=LINE('',#5827,#7326);
#7328=EDGE_CURVE('',#5828,#5796,#7327,.T.);
#7329=ORIENTED_EDGE('',*,*,#7310,.F.);
#7330=ORIENTED_EDGE('',*,*,#7324,.T.);
#7331=ORIENTED_EDGE('',*,*,#7328,.T.);
#7332=AXIS2_PLACEMENT_3D('',#5795,#1144,#5222);
#7333=PLANE('',#7332);
#7334=EDGE_LOOP('',(#7329,#7330,#7331));
#7335=FACE_BOUND('',#7334,.T.);
#7336=ADVANCED_FACE('',(#7335),#7333,.T.);
#7337=LINE('',#5827,#4130);
#7338=EDGE_CURVE('',#5828,#5792,#7337,.T.);
#7339=ORIENTED_EDGE('',*,*,#7328,.F.);
#7340=ORIENTED_EDGE('',*,*,#7338,.T.);
#7341=ORIENTED_EDGE('',*,*,#7021,.F.);
#7342=DIRECTION('',(-0.7852906794225927,-0.6191272476736934,0.0));
#7343=AXIS2_PLACEMENT_3D('',#5795,#1144,#7342);
#7344=PLANE('',#7343);
#7345=EDGE_LOOP('',(#7339,#7340,#7341));
#7346=FACE_BOUND('',#7345,.T.);
#7347=ADVANCED_FACE('',(#7346),#7344,.T.);
#7348=LINE('',#5821,#3963);
#7349=EDGE_CURVE('',#5822,#5830,#7348,.T.);
#7350=DIRECTION('',(-0.05565233162980142,0.9984502080645616,0.0));
#7351=VECTOR('',#7350,1000.0);
#7352=LINE('',#5829,#7351);
#7353=EDGE_CURVE('',#5830,#5764,#7352,.T.);
#7354=ORIENTED_EDGE('',*,*,#7349,.T.);
#7355=ORIENTED_EDGE('',*,*,#7353,.T.);
#7356=ORIENTED_EDGE('',*,*,#7268,.F.);
#7357=DIRECTION('',(0.0,0.0,-1.0));
#7358=AXIS2_PLACEMENT_3D('',#5821,#7357,#3962);
#7359=PLANE('',#7358);
#7360=EDGE_LOOP('',(#7354,#7355,#7356));
#7361=FACE_BOUND('',#7360,.T.);
#7362=ADVANCED_FACE('',(#7361),#7359,.T.);
#7363=LINE('',#5829,#4231);
#7364=EDGE_CURVE('',#5830,#5832,#7363,.T.);
#7365=DIRECTION('',(-0.03562101999001077,0.9993653700898742,0.0));
#7366=VECTOR('',#7365,1000.0);
#7367=LINE('',#5831,#7366);
#7368=EDGE_CURVE('',#5832,#5764,#7367,.T.);
#7369=ORIENTED_EDGE('',*,*,#7353,.F.);
#7370=ORIENTED_EDGE('',*,*,#7364,.T.);
#7371=ORIENTED_EDGE('',*,*,#7368,.T.);
#7372=DIRECTION('',(0.0,-0.0,-1.0));
#7373=DIRECTION('',(0.05565233162980142,-0.9984502080645616,0.0));
#7374=AXIS2_PLACEMENT_3D('',#5763,#7372,#7373);
#7375=PLANE('',#7374);
#7376=EDGE_LOOP('',(#7369,#7370,#7371));
#7377=FACE_BOUND('',#7376,.T.);
#7378=ADVANCED_FACE('',(#7377),#7375,.T.);
#7379=LINE('',#5831,#4200);
#7380=EDGE_CURVE('',#5832,#5766,#7379,.T.);
#7381=ORIENTED_EDGE('',*,*,#7368,.F.);
#7382=ORIENTED_EDGE('',*,*,#7380,.T.);
#7383=ORIENTED_EDGE('',*,*,#6827,.F.);
#7384=DIRECTION('',(0.0,-0.0,-1.0));
#7385=DIRECTION('',(0.03562101999001077,-0.9993653700898742,0.0));
#7386=AXIS2_PLACEMENT_3D('',#5763,#7384,#7385);
#7387=PLANE('',#7386);
#7388=EDGE_LOOP('',(#7381,#7382,#7383));
#7389=FACE_BOUND('',#7388,.T.);
#7390=ADVANCED_FACE('',(#7389),#7387,.T.);
#7391=LINE('',#5833,#3574);
#7392=EDGE_CURVE('',#5834,#5836,#7391,.T.);
#7393=DIRECTION('',(-0.9976031868890621,-0.06919451935512674,0.0));
#7394=VECTOR('',#7393,1000.0);
#7395=LINE('',#5835,#7394);
#7396=EDGE_CURVE('',#5836,#5838,#7395,.T.);
#7397=DIRECTION('',(0.8598402347085136,0.5105631897977059,0.0));
#7398=VECTOR('',#7397,1000.0);
#7399=LINE('',#5837,#7398);
#7400=EDGE_CURVE('',#5838,#5834,#7399,.T.);
#7401=ORIENTED_EDGE('',*,*,#7392,.T.);
#7402=ORIENTED_EDGE('',*,*,#7396,.T.);
#7403=ORIENTED_EDGE('',*,*,#7400,.T.);
#7404=DIRECTION('',(0.0,-0.0,-1.0));
#7405=AXIS2_PLACEMENT_3D('',#5833,#7404,#3573);
#7406=PLANE('',#7405);
#7407=EDGE_LOOP('',(#7401,#7402,#7403));
#7408=FACE_BOUND('',#7407,.T.);
#7409=ADVANCED_FACE('',(#7408),#7406,.T.);
#7410=LINE('',#5835,#3651);
#7411=EDGE_CURVE('',#5836,#5840,#7410,.T.);
#7412=LINE('',#5839,#525);
#7413=EDGE_CURVE('',#5840,#5838,#7412,.T.);
#7414=ORIENTED_EDGE('',*,*,#7396,.F.);
#7415=ORIENTED_EDGE('',*,*,#7411,.T.);
#7416=ORIENTED_EDGE('',*,*,#7413,.T.);
#7417=DIRECTION('',(0.0,0.0,-1.0));
#7418=DIRECTION('',(0.9976031868890621,0.06919451935512674,0.0));
#7419=AXIS2_PLACEMENT_3D('',#5837,#7417,#7418);
#7420=PLANE('',#7419);
#7421=EDGE_LOOP('',(#7414,#7415,#7416));
#7422=FACE_BOUND('',#7421,.T.);
#7423=ADVANCED_FACE('',(#7422),#7420,.T.);
#7424=DIRECTION('',(-0.050721896684400615,-0.9987128161772716,0.0));
#7425=VECTOR('',#7424,1000.0);
#7426=LINE('',#5839,#7425);
#7427=EDGE_CURVE('',#5840,#5842,#7426,.T.);
#7428=DIRECTION('',(0.0,1.0,0.0));
#7429=VECTOR('',#7428,1000.0);
#7430=LINE('',#5841,#7429);
#7431=EDGE_CURVE('',#5842,#5838,#7430,.T.);
#7432=ORIENTED_EDGE('',*,*,#7413,.F.);
#7433=ORIENTED_EDGE('',*,*,#7427,.T.);
#7434=ORIENTED_EDGE('',*,*,#7431,.T.);
#7435=DIRECTION('',(0.0,-0.0,-1.0));
#7436=AXIS2_PLACEMENT_3D('',#5837,#7435,#12);
#7437=PLANE('',#7436);
#7438=EDGE_LOOP('',(#7432,#7433,#7434));
#7439=FACE_BOUND('',#7438,.T.);
#7440=ADVANCED_FACE('',(#7439),#7437,.T.);
#7441=LINE('',#5839,#3651);
#7442=EDGE_CURVE('',#5840,#5844,#7441,.T.);
#7443=DIRECTION('',(-0.05743076641440055,-0.9983494914452828,0.0));
#7444=VECTOR('',#7443,1000.0);
#7445=LINE('',#5843,#7444);
#7446=EDGE_CURVE('',#5844,#5842,#7445,.T.);
#7447=ORIENTED_EDGE('',*,*,#7427,.F.);
#7448=ORIENTED_EDGE('',*,*,#7442,.T.);
#7449=ORIENTED_EDGE('',*,*,#7446,.T.);
#7450=DIRECTION('',(0.0,0.0,-1.0));
#7451=DIRECTION('',(0.050721896684400615,0.9987128161772716,0.0));
#7452=AXIS2_PLACEMENT_3D('',#5841,#7450,#7451);
#7453=PLANE('',#7452);
#7454=EDGE_LOOP('',(#7447,#7448,#7449));
#7455=FACE_BOUND('',#7454,.T.);
#7456=ADVANCED_FACE('',(#7455),#7453,.T.);
#7457=DIRECTION('',(0.8209132471881313,-0.571052922758511,0.0));
#7458=VECTOR('',#7457,1000.0);
#7459=LINE('',#5843,#7458);
#7460=EDGE_CURVE('',#5844,#5708,#7459,.T.);
#7461=LINE('',#5707,#525);
#7462=EDGE_CURVE('',#5708,#5842,#7461,.T.);
#7463=ORIENTED_EDGE('',*,*,#7446,.F.);
#7464=ORIENTED_EDGE('',*,*,#7460,.T.);
#7465=ORIENTED_EDGE('',*,*,#7462,.T.);
#7466=DIRECTION('',(0.0,0.0,-1.0));
#7467=DIRECTION('',(0.05743076641440055,0.9983494914452828,0.0));
#7468=AXIS2_PLACEMENT_3D('',#5841,#7466,#7467);
#7469=PLANE('',#7468);
#7470=EDGE_LOOP('',(#7463,#7464,#7465));
#7471=FACE_BOUND('',#7470,.T.);
#7472=ADVANCED_FACE('',(#7471),#7469,.T.);
#7473=LINE('',#5843,#3615);
#7474=EDGE_CURVE('',#5844,#5846,#7473,.T.);
#7475=DIRECTION('',(0.8200835317738994,-0.5722438299477312,0.0));
#7476=VECTOR('',#7475,1000.0);
#7477=LINE('',#5845,#7476);
#7478=EDGE_CURVE('',#5846,#5708,#7477,.T.);
#7479=ORIENTED_EDGE('',*,*,#7460,.F.);
#7480=ORIENTED_EDGE('',*,*,#7474,.T.);
#7481=ORIENTED_EDGE('',*,*,#7478,.T.);
#7482=DIRECTION('',(0.0,0.0,-1.0));
#7483=DIRECTION('',(-0.8209132471881313,0.571052922758511,0.0));
#7484=AXIS2_PLACEMENT_3D('',#5707,#7482,#7483);
#7485=PLANE('',#7484);
#7486=EDGE_LOOP('',(#7479,#7480,#7481));
#7487=FACE_BOUND('',#7486,.T.);
#7488=ADVANCED_FACE('',(#7487),#7485,.T.);
#7489=DIRECTION('',(0.9999997486387272,0.0007090292534729343,0.0));
#7490=VECTOR('',#7489,1000.0);
#7491=LINE('',#5845,#7490);
#7492=EDGE_CURVE('',#5846,#5802,#7491,.T.);
#7493=LINE('',#5801,#487);
#7494=EDGE_CURVE('',#5802,#5708,#7493,.T.);
#7495=ORIENTED_EDGE('',*,*,#7478,.F.);
#7496=ORIENTED_EDGE('',*,*,#7492,.T.);
#7497=ORIENTED_EDGE('',*,*,#7494,.T.);
#7498=DIRECTION('',(0.0,0.0,-1.0));
#7499=DIRECTION('',(-0.8200835317738994,0.5722438299477312,0.0));
#7500=AXIS2_PLACEMENT_3D('',#5707,#7498,#7499);
#7501=PLANE('',#7500);
#7502=EDGE_LOOP('',(#7495,#7496,#7497));
#7503=FACE_BOUND('',#7502,.T.);
#7504=ADVANCED_FACE('',(#7503),#7501,.T.);
#7505=LINE('',#5845,#3896);
#7506=EDGE_CURVE('',#5846,#5756,#7505,.T.);
#7507=LINE('',#5755,#537);
#7508=EDGE_CURVE('',#5756,#5802,#7507,.T.);
#7509=ORIENTED_EDGE('',*,*,#7492,.F.);
#7510=ORIENTED_EDGE('',*,*,#7506,.T.);
#7511=ORIENTED_EDGE('',*,*,#7508,.T.);
#7512=DIRECTION('',(-0.9999997486387272,-0.0007090292534729343,0.0));
#7513=AXIS2_PLACEMENT_3D('',#5801,#1144,#7512);
#7514=PLANE('',#7513);
#7515=EDGE_LOOP('',(#7509,#7510,#7511));
#7516=FACE_BOUND('',#7515,.T.);
#7517=ADVANCED_FACE('',(#7516),#7514,.T.);
#7518=DIRECTION('',(0.9999816714704253,0.006054479598977258,0.0));
#7519=VECTOR('',#7518,1000.0);
#7520=LINE('',#5755,#7519);
#7521=EDGE_CURVE('',#5756,#5800,#7520,.T.);
#7522=ORIENTED_EDGE('',*,*,#7508,.F.);
#7523=ORIENTED_EDGE('',*,*,#7521,.T.);
#7524=ORIENTED_EDGE('',*,*,#7101,.F.);
#7525=DIRECTION('',(0.0,0.0,-1.0));
#7526=AXIS2_PLACEMENT_3D('',#5801,#7525,#524);
#7527=PLANE('',#7526);
#7528=EDGE_LOOP('',(#7522,#7523,#7524));
#7529=FACE_BOUND('',#7528,.T.);
#7530=ADVANCED_FACE('',(#7529),#7527,.T.);
#7531=LINE('',#5751,#537);
#7532=EDGE_CURVE('',#5752,#5800,#7531,.T.);
#7533=ORIENTED_EDGE('',*,*,#7521,.F.);
#7534=ORIENTED_EDGE('',*,*,#6753,.F.);
#7535=ORIENTED_EDGE('',*,*,#7532,.T.);
#7536=DIRECTION('',(-0.9999816714704253,-0.006054479598977258,0.0));
#7537=AXIS2_PLACEMENT_3D('',#5799,#1144,#7536);
#7538=PLANE('',#7537);
#7539=EDGE_LOOP('',(#7533,#7534,#7535));
#7540=FACE_BOUND('',#7539,.T.);
#7541=ADVANCED_FACE('',(#7540),#7538,.T.);
#7542=DIRECTION('',(0.871585080523535,0.49024427320345404,0.0));
#7543=VECTOR('',#7542,1000.0);
#7544=LINE('',#5847,#7543);
#7545=EDGE_CURVE('',#5848,#5850,#7544,.T.);
#7546=LINE('',#5849,#487);
#7547=EDGE_CURVE('',#5850,#5852,#7546,.T.);
#7548=LINE('',#5851,#525);
#7549=EDGE_CURVE('',#5852,#5848,#7548,.T.);
#7550=ORIENTED_EDGE('',*,*,#7545,.T.);
#7551=ORIENTED_EDGE('',*,*,#7547,.T.);
#7552=ORIENTED_EDGE('',*,*,#7549,.T.);
#7553=DIRECTION('',(0.0,0.0,-1.0));
#7554=AXIS2_PLACEMENT_3D('',#5847,#7553,#7542);
#7555=PLANE('',#7554);
#7556=EDGE_LOOP('',(#7550,#7551,#7552));
#7557=FACE_BOUND('',#7556,.T.);
#7558=ADVANCED_FACE('',(#7557),#7555,.T.);
#7559=DIRECTION('',(-0.9980509859204076,0.06240376193229275,0.0));
#7560=VECTOR('',#7559,1000.0);
#7561=LINE('',#5837,#7560);
#7562=EDGE_CURVE('',#5838,#5854,#7561,.T.);
#7563=DIRECTION('',(0.0,1.0,0.0));
#7564=VECTOR('',#7563,1000.0);
#7565=LINE('',#5853,#7564);
#7566=EDGE_CURVE('',#5854,#5856,#7565,.T.);
#7567=DIRECTION('',(0.0965157902778939,-0.9953314534500723,0.0));
#7568=VECTOR('',#7567,1000.0);
#7569=LINE('',#5855,#7568);
#7570=EDGE_CURVE('',#5856,#5838,#7569,.T.);
#7571=ORIENTED_EDGE('',*,*,#7562,.T.);
#7572=ORIENTED_EDGE('',*,*,#7566,.T.);
#7573=ORIENTED_EDGE('',*,*,#7570,.T.);
#7574=DIRECTION('',(0.0,0.0,-1.0));
#7575=AXIS2_PLACEMENT_3D('',#5837,#7574,#7559);
#7576=PLANE('',#7575);
#7577=EDGE_LOOP('',(#7571,#7572,#7573));
#7578=FACE_BOUND('',#7577,.T.);
#7579=ADVANCED_FACE('',(#7578),#7576,.T.);
#7580=DIRECTION('',(-0.8439191089371147,0.5364704442658386,0.0));
#7581=VECTOR('',#7580,1000.0);
#7582=LINE('',#5857,#7581);
#7583=EDGE_CURVE('',#5858,#5668,#7582,.T.);
#7584=DIRECTION('',(0.8563998240663467,-0.516313220186284,0.0));
#7585=VECTOR('',#7584,1000.0);
#7586=LINE('',#5667,#7585);
#7587=EDGE_CURVE('',#5668,#5856,#7586,.T.);
#7588=LINE('',#5855,#525);
#7589=EDGE_CURVE('',#5856,#5858,#7588,.T.);
#7590=ORIENTED_EDGE('',*,*,#7583,.T.);
#7591=ORIENTED_EDGE('',*,*,#7587,.T.);
#7592=ORIENTED_EDGE('',*,*,#7589,.T.);
#7593=DIRECTION('',(0.0,0.0,-1.0));
#7594=AXIS2_PLACEMENT_3D('',#5857,#7593,#7580);
#7595=PLANE('',#7594);
#7596=EDGE_LOOP('',(#7590,#7591,#7592));
#7597=FACE_BOUND('',#7596,.T.);
#7598=ADVANCED_FACE('',(#7597),#7595,.T.);
#7599=LINE('',#5667,#537);
#7600=EDGE_CURVE('',#5668,#5764,#7599,.T.);
#7601=DIRECTION('',(-0.016299893550381205,-0.9998671479102842,0.0));
#7602=VECTOR('',#7601,1000.0);
#7603=LINE('',#5763,#7602);
#7604=EDGE_CURVE('',#5764,#5856,#7603,.T.);
#7605=ORIENTED_EDGE('',*,*,#7587,.F.);
#7606=ORIENTED_EDGE('',*,*,#7600,.T.);
#7607=ORIENTED_EDGE('',*,*,#7604,.T.);
#7608=DIRECTION('',(0.0,0.0,-1.0));
#7609=DIRECTION('',(-0.8563998240663467,0.516313220186284,0.0));
#7610=AXIS2_PLACEMENT_3D('',#5855,#7608,#7609);
#7611=PLANE('',#7610);
#7612=EDGE_LOOP('',(#7605,#7606,#7607));
#7613=FACE_BOUND('',#7612,.T.);
#7614=ADVANCED_FACE('',(#7613),#7611,.T.);
#7615=LINE('',#5763,#487);
#7616=EDGE_CURVE('',#5764,#5838,#7615,.T.);
#7617=ORIENTED_EDGE('',*,*,#7604,.F.);
#7618=ORIENTED_EDGE('',*,*,#7616,.T.);
#7619=ORIENTED_EDGE('',*,*,#7570,.F.);
#7620=DIRECTION('',(0.0,0.0,-1.0));
#7621=DIRECTION('',(0.016299893550381205,0.9998671479102842,0.0));
#7622=AXIS2_PLACEMENT_3D('',#5855,#7620,#7621);
#7623=PLANE('',#7622);
#7624=EDGE_LOOP('',(#7617,#7618,#7619));
#7625=FACE_BOUND('',#7624,.T.);
#7626=ADVANCED_FACE('',(#7625),#7623,.T.);
#7627=DIRECTION('',(-0.5028963790979234,-0.8643467081502642,0.0));
#7628=VECTOR('',#7627,1000.0);
#7629=LINE('',#5759,#7628);
#7630=EDGE_CURVE('',#5760,#5838,#7629,.T.);
#7631=ORIENTED_EDGE('',*,*,#7616,.F.);
#7632=ORIENTED_EDGE('',*,*,#6811,.F.);
#7633=ORIENTED_EDGE('',*,*,#7630,.T.);
#7634=DIRECTION('',(0.0,0.0,-1.0));
#7635=DIRECTION('',(0.0,1.0,0.0));
#7636=AXIS2_PLACEMENT_3D('',#5837,#7634,#7635);
#7637=PLANE('',#7636);
#7638=EDGE_LOOP('',(#7631,#7632,#7633));
#7639=FACE_BOUND('',#7638,.T.);
#7640=ADVANCED_FACE('',(#7639),#7637,.T.);
#7641=LINE('',#5759,#487);
#7642=EDGE_CURVE('',#5760,#5834,#7641,.T.);
#7643=ORIENTED_EDGE('',*,*,#7630,.F.);
#7644=ORIENTED_EDGE('',*,*,#7642,.T.);
#7645=ORIENTED_EDGE('',*,*,#7400,.F.);
#7646=DIRECTION('',(0.0,0.0,-1.0));
#7647=DIRECTION('',(0.5028963790979234,0.8643467081502642,0.0));
#7648=AXIS2_PLACEMENT_3D('',#5837,#7646,#7647);
#7649=PLANE('',#7648);
#7650=EDGE_LOOP('',(#7643,#7644,#7645));
#7651=FACE_BOUND('',#7650,.T.);
#7652=ADVANCED_FACE('',(#7651),#7649,.T.);
#7653=DIRECTION('',(0.40973906626924594,0.9122027721799614,0.0));
#7654=VECTOR('',#7653,1000.0);
#7655=LINE('',#5859,#7654);
#7656=EDGE_CURVE('',#5860,#5862,#7655,.T.);
#7657=LINE('',#5861,#1994);
#7658=EDGE_CURVE('',#5862,#5864,#7657,.T.);
#7659=DIRECTION('',(-0.6989649171760498,-0.7151559582056756,0.0));
#7660=VECTOR('',#7659,1000.0);
#7661=LINE('',#5863,#7660);
#7662=EDGE_CURVE('',#5864,#5860,#7661,.T.);
#7663=ORIENTED_EDGE('',*,*,#7656,.T.);
#7664=ORIENTED_EDGE('',*,*,#7658,.T.);
#7665=ORIENTED_EDGE('',*,*,#7662,.T.);
#7666=DIRECTION('',(0.0,0.0,-1.0));
#7667=AXIS2_PLACEMENT_3D('',#5859,#7666,#7653);
#7668=PLANE('',#7667);
#7669=EDGE_LOOP('',(#7663,#7664,#7665));
#7670=FACE_BOUND('',#7669,.T.);
#7671=ADVANCED_FACE('',(#7670),#7668,.T.);
#7672=LINE('',#5865,#525);
#7673=EDGE_CURVE('',#5866,#5868,#7672,.T.);
#7674=DIRECTION('',(-0.7935523194008538,0.6085020265977144,0.0));
#7675=VECTOR('',#7674,1000.0);
#7676=LINE('',#5867,#7675);
#7677=EDGE_CURVE('',#5868,#5668,#7676,.T.);
#7678=DIRECTION('',(0.7985219674808288,-0.6019656696611081,0.0));
#7679=VECTOR('',#7678,1000.0);
#7680=LINE('',#5667,#7679);
#7681=EDGE_CURVE('',#5668,#5866,#7680,.T.);
#7682=ORIENTED_EDGE('',*,*,#7673,.T.);
#7683=ORIENTED_EDGE('',*,*,#7677,.T.);
#7684=ORIENTED_EDGE('',*,*,#7681,.T.);
#7685=DIRECTION('',(0.0,0.0,-1.0));
#7686=AXIS2_PLACEMENT_3D('',#5865,#7685,#524);
#7687=PLANE('',#7686);
#7688=EDGE_LOOP('',(#7682,#7683,#7684));
#7689=FACE_BOUND('',#7688,.T.);
#7690=ADVANCED_FACE('',(#7689),#7687,.T.);
#7691=DIRECTION('',(-0.9917928129308844,-0.12785545048469246,0.0));
#7692=VECTOR('',#7691,1000.0);
#7693=LINE('',#5867,#7692);
#7694=EDGE_CURVE('',#5868,#5870,#7693,.T.);
#7695=DIRECTION('',(0.0,1.0,0.0));
#7696=VECTOR('',#7695,1000.0);
#7697=LINE('',#5869,#7696);
#7698=EDGE_CURVE('',#5870,#5668,#7697,.T.);
#7699=ORIENTED_EDGE('',*,*,#7677,.F.);
#7700=ORIENTED_EDGE('',*,*,#7694,.T.);
#7701=ORIENTED_EDGE('',*,*,#7698,.T.);
#7702=DIRECTION('',(0.0,-0.0,-1.0));
#7703=DIRECTION('',(0.7935523194008538,-0.6085020265977144,0.0));
#7704=AXIS2_PLACEMENT_3D('',#5667,#7702,#7703);
#7705=PLANE('',#7704);
#7706=EDGE_LOOP('',(#7699,#7700,#7701));
#7707=FACE_BOUND('',#7706,.T.);
#7708=ADVANCED_FACE('',(#7707),#7705,.T.);
#7709=LINE('',#5871,#487);
#7710=EDGE_CURVE('',#5872,#5874,#7709,.T.);
#7711=DIRECTION('',(-0.7540809585391837,0.656781476572403,0.0));
#7712=VECTOR('',#7711,1000.0);
#7713=LINE('',#5873,#7712);
#7714=EDGE_CURVE('',#5874,#5876,#7713,.T.);
#7715=LINE('',#5875,#537);
#7716=EDGE_CURVE('',#5876,#5872,#7715,.T.);
#7717=ORIENTED_EDGE('',*,*,#7710,.T.);
#7718=ORIENTED_EDGE('',*,*,#7714,.T.);
#7719=ORIENTED_EDGE('',*,*,#7716,.T.);
#7720=AXIS2_PLACEMENT_3D('',#5871,#1040,#486);
#7721=PLANE('',#7720);
#7722=EDGE_LOOP('',(#7717,#7718,#7719));
#7723=FACE_BOUND('',#7722,.T.);
#7724=ADVANCED_FACE('',(#7723),#7721,.T.);
#7725=LINE('',#5873,#525);
#7726=EDGE_CURVE('',#5874,#5878,#7725,.T.);
#7727=DIRECTION('',(-0.0738705698871807,0.9972678370952025,0.0));
#7728=VECTOR('',#7727,1000.0);
#7729=LINE('',#5877,#7728);
#7730=EDGE_CURVE('',#5878,#5876,#7729,.T.);
#7731=ORIENTED_EDGE('',*,*,#7714,.F.);
#7732=ORIENTED_EDGE('',*,*,#7726,.T.);
#7733=ORIENTED_EDGE('',*,*,#7730,.T.);
#7734=DIRECTION('',(0.7540809585391837,-0.656781476572403,0.0));
#7735=AXIS2_PLACEMENT_3D('',#5875,#1040,#7734);
#7736=PLANE('',#7735);
#7737=EDGE_LOOP('',(#7731,#7732,#7733));
#7738=FACE_BOUND('',#7737,.T.);
#7739=ADVANCED_FACE('',(#7738),#7736,.T.);
#7740=LINE('',#5879,#537);
#7741=EDGE_CURVE('',#5880,#5882,#7740,.T.);
#7742=LINE('',#5881,#487);
#7743=EDGE_CURVE('',#5882,#5884,#7742,.T.);
#7744=DIRECTION('',(-0.719396203110814,0.6945999589330137,0.0));
#7745=VECTOR('',#7744,1000.0);
#7746=LINE('',#5883,#7745);
#7747=EDGE_CURVE('',#5884,#5880,#7746,.T.);
#7748=ORIENTED_EDGE('',*,*,#7741,.T.);
#7749=ORIENTED_EDGE('',*,*,#7743,.T.);
#7750=ORIENTED_EDGE('',*,*,#7747,.T.);
#7751=DIRECTION('',(0.0,0.0,-1.0));
#7752=AXIS2_PLACEMENT_3D('',#5879,#7751,#12);
#7753=PLANE('',#7752);
#7754=EDGE_LOOP('',(#7748,#7749,#7750));
#7755=FACE_BOUND('',#7754,.T.);
#7756=ADVANCED_FACE('',(#7755),#7753,.T.);
#7757=LINE('',#5863,#1960);
#7758=EDGE_CURVE('',#5864,#5886,#7757,.T.);
#7759=DIRECTION('',(-0.927602533023425,-0.37356865597708505,0.0));
#7760=VECTOR('',#7759,1000.0);
#7761=LINE('',#5885,#7760);
#7762=EDGE_CURVE('',#5886,#5860,#7761,.T.);
#7763=ORIENTED_EDGE('',*,*,#7758,.T.);
#7764=ORIENTED_EDGE('',*,*,#7762,.T.);
#7765=ORIENTED_EDGE('',*,*,#7662,.F.);
#7766=DIRECTION('',(0.0,-0.0,-1.0));
#7767=AXIS2_PLACEMENT_3D('',#5863,#7766,#1959);
#7768=PLANE('',#7767);
#7769=EDGE_LOOP('',(#7763,#7764,#7765));
#7770=FACE_BOUND('',#7769,.T.);
#7771=ADVANCED_FACE('',(#7770),#7768,.T.);
#7772=LINE('',#5885,#1926);
#7773=EDGE_CURVE('',#5886,#5888,#7772,.T.);
#7774=DIRECTION('',(-0.9925278415599629,-0.12201837455203651,0.0));
#7775=VECTOR('',#7774,1000.0);
#7776=LINE('',#5887,#7775);
#7777=EDGE_CURVE('',#5888,#5860,#7776,.T.);
#7778=ORIENTED_EDGE('',*,*,#7762,.F.);
#7779=ORIENTED_EDGE('',*,*,#7773,.T.);
#7780=ORIENTED_EDGE('',*,*,#7777,.T.);
#7781=DIRECTION('',(0.0,0.0,-1.0));
#7782=DIRECTION('',(0.927602533023425,0.37356865597708505,0.0));
#7783=AXIS2_PLACEMENT_3D('',#5859,#7781,#7782);
#7784=PLANE('',#7783);
#7785=EDGE_LOOP('',(#7778,#7779,#7780));
#7786=FACE_BOUND('',#7785,.T.);
#7787=ADVANCED_FACE('',(#7786),#7784,.T.);
#7788=LINE('',#5887,#1892);
#7789=EDGE_CURVE('',#5888,#5890,#7788,.T.);
#7790=DIRECTION('',(-0.9997494815620874,-0.022382451079748324,0.0));
#7791=VECTOR('',#7790,1000.0);
#7792=LINE('',#5889,#7791);
#7793=EDGE_CURVE('',#5890,#5860,#7792,.T.);
#7794=ORIENTED_EDGE('',*,*,#7777,.F.);
#7795=ORIENTED_EDGE('',*,*,#7789,.T.);
#7796=ORIENTED_EDGE('',*,*,#7793,.T.);
#7797=DIRECTION('',(0.0,0.0,-1.0));
#7798=DIRECTION('',(0.9925278415599629,0.12201837455203651,0.0));
#7799=AXIS2_PLACEMENT_3D('',#5859,#7797,#7798);
#7800=PLANE('',#7799);
#7801=EDGE_LOOP('',(#7794,#7795,#7796));
#7802=FACE_BOUND('',#7801,.T.);
#7803=ADVANCED_FACE('',(#7802),#7800,.T.);
#7804=LINE('',#5883,#525);
#7805=EDGE_CURVE('',#5884,#5850,#7804,.T.);
#7806=DIRECTION('',(0.14141729751909493,0.9899500734695643,0.0));
#7807=VECTOR('',#7806,1000.0);
#7808=LINE('',#5849,#7807);
#7809=EDGE_CURVE('',#5850,#5880,#7808,.T.);
#7810=ORIENTED_EDGE('',*,*,#7805,.T.);
#7811=ORIENTED_EDGE('',*,*,#7809,.T.);
#7812=ORIENTED_EDGE('',*,*,#7747,.F.);
#7813=DIRECTION('',(0.0,0.0,-1.0));
#7814=AXIS2_PLACEMENT_3D('',#5883,#7813,#524);
#7815=PLANE('',#7814);
#7816=EDGE_LOOP('',(#7810,#7811,#7812));
#7817=FACE_BOUND('',#7816,.T.);
#7818=ADVANCED_FACE('',(#7817),#7815,.T.);
#7819=DIRECTION('',(0.47551295657422227,0.879708717775402,0.0));
#7820=VECTOR('',#7819,1000.0);
#7821=LINE('',#5847,#7820);
#7822=EDGE_CURVE('',#5848,#5880,#7821,.T.);
#7823=ORIENTED_EDGE('',*,*,#7809,.F.);
#7824=ORIENTED_EDGE('',*,*,#7545,.F.);
#7825=ORIENTED_EDGE('',*,*,#7822,.T.);
#7826=DIRECTION('',(0.0,0.0,-1.0));
#7827=DIRECTION('',(-0.14141729751909493,-0.9899500734695643,0.0));
#7828=AXIS2_PLACEMENT_3D('',#5879,#7826,#7827);
#7829=PLANE('',#7828);
#7830=EDGE_LOOP('',(#7823,#7824,#7825));
#7831=FACE_BOUND('',#7830,.T.);
#7832=ADVANCED_FACE('',(#7831),#7829,.T.);
#7833=DIRECTION('',(0.39872611141445,0.9170700562532349,0.0));
#7834=VECTOR('',#7833,1000.0);
#7835=LINE('',#5847,#7834);
#7836=EDGE_CURVE('',#5848,#5878,#7835,.T.);
#7837=LINE('',#5877,#487);
#7838=EDGE_CURVE('',#5878,#5880,#7837,.T.);
#7839=ORIENTED_EDGE('',*,*,#7822,.F.);
#7840=ORIENTED_EDGE('',*,*,#7836,.T.);
#7841=ORIENTED_EDGE('',*,*,#7838,.T.);
#7842=DIRECTION('',(-0.47551295657422227,-0.879708717775402,0.0));
#7843=AXIS2_PLACEMENT_3D('',#5879,#1144,#7842);
#7844=PLANE('',#7843);
#7845=EDGE_LOOP('',(#7839,#7840,#7841));
#7846=FACE_BOUND('',#7845,.T.);
#7847=ADVANCED_FACE('',(#7846),#7844,.T.);
#7848=DIRECTION('',(0.0,1.0,0.0));
#7849=VECTOR('',#7848,1000.0);
#7850=LINE('',#5847,#7849);
#7851=EDGE_CURVE('',#5848,#5892,#7850,.T.);
#7852=DIRECTION('',(0.48563447828260214,-0.8741619721214055,0.0));
#7853=VECTOR('',#7852,1000.0);
#7854=LINE('',#5891,#7853);
#7855=EDGE_CURVE('',#5892,#5878,#7854,.T.);
#7856=ORIENTED_EDGE('',*,*,#7836,.F.);
#7857=ORIENTED_EDGE('',*,*,#7851,.T.);
#7858=ORIENTED_EDGE('',*,*,#7855,.T.);
#7859=DIRECTION('',(-0.39872611141445,-0.9170700562532349,0.0));
#7860=AXIS2_PLACEMENT_3D('',#5877,#1144,#7859);
#7861=PLANE('',#7860);
#7862=EDGE_LOOP('',(#7856,#7857,#7858));
#7863=FACE_BOUND('',#7862,.T.);
#7864=ADVANCED_FACE('',(#7863),#7861,.T.);
#7865=DIRECTION('',(0.8944190416186582,-0.44722989389123013,0.0));
#7866=VECTOR('',#7865,1000.0);
#7867=LINE('',#5891,#7866);
#7868=EDGE_CURVE('',#5892,#5876,#7867,.T.);
#7869=ORIENTED_EDGE('',*,*,#7855,.F.);
#7870=ORIENTED_EDGE('',*,*,#7868,.T.);
#7871=ORIENTED_EDGE('',*,*,#7730,.F.);
#7872=DIRECTION('',(0.0,0.0,-1.0));
#7873=DIRECTION('',(-0.48563447828260214,0.8741619721214055,0.0));
#7874=AXIS2_PLACEMENT_3D('',#5877,#7872,#7873);
#7875=PLANE('',#7874);
#7876=EDGE_LOOP('',(#7869,#7870,#7871));
#7877=FACE_BOUND('',#7876,.T.);
#7878=ADVANCED_FACE('',(#7877),#7875,.T.);
#7879=LINE('',#5893,#1797);
#7880=EDGE_CURVE('',#5894,#5896,#7879,.T.);
#7881=DIRECTION('',(-0.9968666361692466,0.07910063016569929,0.0));
#7882=VECTOR('',#7881,1000.0);
#7883=LINE('',#5895,#7882);
#7884=EDGE_CURVE('',#5896,#5866,#7883,.T.);
#7885=DIRECTION('',(0.999826553730476,-0.018624243754835706,0.0));
#7886=VECTOR('',#7885,1000.0);
#7887=LINE('',#5865,#7886);
#7888=EDGE_CURVE('',#5866,#5894,#7887,.T.);
#7889=ORIENTED_EDGE('',*,*,#7880,.T.);
#7890=ORIENTED_EDGE('',*,*,#7884,.T.);
#7891=ORIENTED_EDGE('',*,*,#7888,.T.);
#7892=AXIS2_PLACEMENT_3D('',#5893,#1144,#1796);
#7893=PLANE('',#7892);
#7894=EDGE_LOOP('',(#7889,#7890,#7891));
#7895=FACE_BOUND('',#7894,.T.);
#7896=ADVANCED_FACE('',(#7895),#7893,.T.);
#7897=LINE('',#5895,#1764);
#7898=EDGE_CURVE('',#5896,#5898,#7897,.T.);
#7899=LINE('',#5897,#5619);
#7900=EDGE_CURVE('',#5898,#5866,#7899,.T.);
#7901=ORIENTED_EDGE('',*,*,#7884,.F.);
#7902=ORIENTED_EDGE('',*,*,#7898,.T.);
#7903=ORIENTED_EDGE('',*,*,#7900,.T.);
#7904=DIRECTION('',(0.0,-0.0,-1.0));
#7905=DIRECTION('',(0.9968666361692466,-0.07910063016569929,0.0));
#7906=AXIS2_PLACEMENT_3D('',#5865,#7904,#7905);
#7907=PLANE('',#7906);
#7908=EDGE_LOOP('',(#7901,#7902,#7903));
#7909=FACE_BOUND('',#7908,.T.);
#7910=ADVANCED_FACE('',(#7909),#7907,.T.);
#7911=LINE('',#5865,#537);
#7912=EDGE_CURVE('',#5866,#5900,#7911,.T.);
#7913=LINE('',#5899,#1828);
#7914=EDGE_CURVE('',#5900,#5894,#7913,.T.);
#7915=ORIENTED_EDGE('',*,*,#7888,.F.);
#7916=ORIENTED_EDGE('',*,*,#7912,.T.);
#7917=ORIENTED_EDGE('',*,*,#7914,.T.);
#7918=DIRECTION('',(0.0,0.0,-1.0));
#7919=DIRECTION('',(-0.999826553730476,0.018624243754835706,0.0));
#7920=AXIS2_PLACEMENT_3D('',#5893,#7918,#7919);
#7921=PLANE('',#7920);
#7922=EDGE_LOOP('',(#7915,#7916,#7917));
#7923=FACE_BOUND('',#7922,.T.);
#7924=ADVANCED_FACE('',(#7923),#7921,.T.);
#7925=DIRECTION('',(0.8302036219067258,-0.5574602642098846,0.0));
#7926=VECTOR('',#7925,1000.0);
#7927=LINE('',#5667,#7926);
#7928=EDGE_CURVE('',#5668,#5900,#7927,.T.);
#7929=ORIENTED_EDGE('',*,*,#7912,.F.);
#7930=ORIENTED_EDGE('',*,*,#7681,.F.);
#7931=ORIENTED_EDGE('',*,*,#7928,.T.);
#7932=DIRECTION('',(0.0,0.0,-1.0));
#7933=AXIS2_PLACEMENT_3D('',#5899,#7932,#524);
#7934=PLANE('',#7933);
#7935=EDGE_LOOP('',(#7929,#7930,#7931));
#7936=FACE_BOUND('',#7935,.T.);
#7937=ADVANCED_FACE('',(#7936),#7934,.T.);
#7938=LINE('',#5667,#2201);
#7939=EDGE_CURVE('',#5668,#5892,#7938,.T.);
#7940=LINE('',#5891,#525);
#7941=EDGE_CURVE('',#5892,#5900,#7940,.T.);
#7942=ORIENTED_EDGE('',*,*,#7928,.F.);
#7943=ORIENTED_EDGE('',*,*,#7939,.T.);
#7944=ORIENTED_EDGE('',*,*,#7941,.T.);
#7945=DIRECTION('',(0.0,0.0,-1.0));
#7946=DIRECTION('',(-0.8302036219067258,0.5574602642098846,0.0));
#7947=AXIS2_PLACEMENT_3D('',#5899,#7945,#7946);
#7948=PLANE('',#7947);
#7949=EDGE_LOOP('',(#7942,#7943,#7944));
#7950=FACE_BOUND('',#7949,.T.);
#7951=ADVANCED_FACE('',(#7950),#7948,.T.);
#7952=LINE('',#5857,#525);
#7953=EDGE_CURVE('',#5858,#5892,#7952,.T.);
#7954=ORIENTED_EDGE('',*,*,#7939,.F.);
#7955=ORIENTED_EDGE('',*,*,#7583,.F.);
#7956=ORIENTED_EDGE('',*,*,#7953,.T.);
#7957=DIRECTION('',(0.0,0.0,-1.0));
#7958=AXIS2_PLACEMENT_3D('',#5891,#7957,#2224);
#7959=PLANE('',#7958);
#7960=EDGE_LOOP('',(#7954,#7955,#7956));
#7961=FACE_BOUND('',#7960,.T.);
#7962=ADVANCED_FACE('',(#7961),#7959,.T.);
#7963=LINE('',#5857,#487);
#7964=EDGE_CURVE('',#5858,#5876,#7963,.T.);
#7965=ORIENTED_EDGE('',*,*,#7953,.F.);
#7966=ORIENTED_EDGE('',*,*,#7964,.T.);
#7967=ORIENTED_EDGE('',*,*,#7868,.F.);
#7968=DIRECTION('',(0.0,0.0,-1.0));
#7969=AXIS2_PLACEMENT_3D('',#5891,#7968,#12);
#7970=PLANE('',#7969);
#7971=EDGE_LOOP('',(#7965,#7966,#7967));
#7972=FACE_BOUND('',#7971,.T.);
#7973=ADVANCED_FACE('',(#7972),#7970,.T.);
#7974=LINE('',#5897,#1731);
#7975=EDGE_CURVE('',#5898,#5902,#7974,.T.);
#7976=DIRECTION('',(-0.97737693152885,0.2115049259834147,0.0));
#7977=VECTOR('',#7976,1000.0);
#7978=LINE('',#5901,#7977);
#7979=EDGE_CURVE('',#5902,#5866,#7978,.T.);
#7980=ORIENTED_EDGE('',*,*,#7975,.T.);
#7981=ORIENTED_EDGE('',*,*,#7979,.T.);
#7982=ORIENTED_EDGE('',*,*,#7900,.F.);
#7983=AXIS2_PLACEMENT_3D('',#5897,#1144,#1730);
#7984=PLANE('',#7983);
#7985=EDGE_LOOP('',(#7980,#7981,#7982));
#7986=FACE_BOUND('',#7985,.T.);
#7987=ADVANCED_FACE('',(#7986),#7984,.T.);
#7988=LINE('',#5901,#1698);
#7989=EDGE_CURVE('',#5902,#5904,#7988,.T.);
#7990=DIRECTION('',(-0.9308284846680652,0.3654563340955436,0.0));
#7991=VECTOR('',#7990,1000.0);
#7992=LINE('',#5903,#7991);
#7993=EDGE_CURVE('',#5904,#5866,#7992,.T.);
#7994=ORIENTED_EDGE('',*,*,#7979,.F.);
#7995=ORIENTED_EDGE('',*,*,#7989,.T.);
#7996=ORIENTED_EDGE('',*,*,#7993,.T.);
#7997=DIRECTION('',(0.0,-0.0,-1.0));
#7998=DIRECTION('',(0.97737693152885,-0.2115049259834147,0.0));
#7999=AXIS2_PLACEMENT_3D('',#5865,#7997,#7998);
#8000=PLANE('',#7999);
#8001=EDGE_LOOP('',(#7994,#7995,#7996));
#8002=FACE_BOUND('',#8001,.T.);
#8003=ADVANCED_FACE('',(#8002),#8000,.T.);
#8004=LINE('',#5903,#1665);
#8005=EDGE_CURVE('',#5904,#5906,#8004,.T.);
#8006=DIRECTION('',(-0.8546912456931298,0.5191366626771087,0.0));
#8007=VECTOR('',#8006,1000.0);
#8008=LINE('',#5905,#8007);
#8009=EDGE_CURVE('',#5906,#5866,#8008,.T.);
#8010=ORIENTED_EDGE('',*,*,#7993,.F.);
#8011=ORIENTED_EDGE('',*,*,#8005,.T.);
#8012=ORIENTED_EDGE('',*,*,#8009,.T.);
#8013=DIRECTION('',(0.0,-0.0,-1.0));
#8014=DIRECTION('',(0.9308284846680652,-0.3654563340955436,0.0));
#8015=AXIS2_PLACEMENT_3D('',#5865,#8013,#8014);
#8016=PLANE('',#8015);
#8017=EDGE_LOOP('',(#8010,#8011,#8012));
#8018=FACE_BOUND('',#8017,.T.);
#8019=ADVANCED_FACE('',(#8018),#8016,.T.);
#8020=LINE('',#5905,#1632);
#8021=EDGE_CURVE('',#5906,#5908,#8020,.T.);
#8022=DIRECTION('',(-0.7589795966715595,0.6511144076399146,0.0));
#8023=VECTOR('',#8022,1000.0);
#8024=LINE('',#5907,#8023);
#8025=EDGE_CURVE('',#5908,#5866,#8024,.T.);
#8026=ORIENTED_EDGE('',*,*,#8021,.T.);
#8027=ORIENTED_EDGE('',*,*,#8025,.T.);
#8028=ORIENTED_EDGE('',*,*,#8009,.F.);
#8029=AXIS2_PLACEMENT_3D('',#5905,#1144,#1631);
#8030=PLANE('',#8029);
#8031=EDGE_LOOP('',(#8026,#8027,#8028));
#8032=FACE_BOUND('',#8031,.T.);
#8033=ADVANCED_FACE('',(#8032),#8030,.T.);
#8034=LINE('',#5907,#1599);
#8035=EDGE_CURVE('',#5908,#5910,#8034,.T.);
#8036=DIRECTION('',(-0.6793236663762914,0.7338387808647572,0.0));
#8037=VECTOR('',#8036,1000.0);
#8038=LINE('',#5909,#8037);
#8039=EDGE_CURVE('',#5910,#5866,#8038,.T.);
#8040=ORIENTED_EDGE('',*,*,#8025,.F.);
#8041=ORIENTED_EDGE('',*,*,#8035,.T.);
#8042=ORIENTED_EDGE('',*,*,#8039,.T.);
#8043=DIRECTION('',(0.0,-0.0,-1.0));
#8044=DIRECTION('',(0.7589795966715595,-0.6511144076399146,0.0));
#8045=AXIS2_PLACEMENT_3D('',#5865,#8043,#8044);
#8046=PLANE('',#8045);
#8047=EDGE_LOOP('',(#8040,#8041,#8042));
#8048=FACE_BOUND('',#8047,.T.);
#8049=ADVANCED_FACE('',(#8048),#8046,.T.);
#8050=VECTOR('',#7827,1000.0);
#8051=LINE('',#5909,#8050);
#8052=EDGE_CURVE('',#5910,#5860,#8051,.T.);
#8053=LINE('',#5859,#967);
#8054=EDGE_CURVE('',#5860,#5866,#8053,.T.);
#8055=ORIENTED_EDGE('',*,*,#8039,.F.);
#8056=ORIENTED_EDGE('',*,*,#8052,.T.);
#8057=ORIENTED_EDGE('',*,*,#8054,.T.);
#8058=DIRECTION('',(0.0,-0.0,-1.0));
#8059=DIRECTION('',(0.6793236663762914,-0.7338387808647572,0.0));
#8060=AXIS2_PLACEMENT_3D('',#5865,#8058,#8059);
#8061=PLANE('',#8060);
#8062=EDGE_LOOP('',(#8055,#8056,#8057));
#8063=FACE_BOUND('',#8062,.T.);
#8064=ADVANCED_FACE('',(#8063),#8061,.T.);
#8065=LINE('',#5909,#2060);
#8066=EDGE_CURVE('',#5910,#5912,#8065,.T.);
#8067=DIRECTION('',(-0.22436150972756916,-0.9745059840517996,0.0));
#8068=VECTOR('',#8067,1000.0);
#8069=LINE('',#5911,#8068);
#8070=EDGE_CURVE('',#5912,#5860,#8069,.T.);
#8071=ORIENTED_EDGE('',*,*,#8052,.F.);
#8072=ORIENTED_EDGE('',*,*,#8066,.T.);
#8073=ORIENTED_EDGE('',*,*,#8070,.T.);
#8074=DIRECTION('',(0.0,0.0,-1.0));
#8075=AXIS2_PLACEMENT_3D('',#5859,#8074,#7806);
#8076=PLANE('',#8075);
#8077=EDGE_LOOP('',(#8071,#8072,#8073));
#8078=FACE_BOUND('',#8077,.T.);
#8079=ADVANCED_FACE('',(#8078),#8076,.T.);
#8080=LINE('',#5911,#2028);
#8081=EDGE_CURVE('',#5912,#5862,#8080,.T.);
#8082=ORIENTED_EDGE('',*,*,#8070,.F.);
#8083=ORIENTED_EDGE('',*,*,#8081,.T.);
#8084=ORIENTED_EDGE('',*,*,#7656,.F.);
#8085=DIRECTION('',(0.0,0.0,-1.0));
#8086=DIRECTION('',(0.22436150972756916,0.9745059840517996,0.0));
#8087=AXIS2_PLACEMENT_3D('',#5859,#8085,#8086);
#8088=PLANE('',#8087);
#8089=EDGE_LOOP('',(#8082,#8083,#8084));
#8090=FACE_BOUND('',#8089,.T.);
#8091=ADVANCED_FACE('',(#8090),#8088,.T.);
#8092=LINE('',#5913,#537);
#8093=EDGE_CURVE('',#5914,#5916,#8092,.T.);
#8094=DIRECTION('',(0.9999969341510708,-0.002476224638235269,0.0));
#8095=VECTOR('',#8094,1000.0);
#8096=LINE('',#5915,#8095);
#8097=EDGE_CURVE('',#5916,#5838,#8096,.T.);
#8098=DIRECTION('',(-0.999997268339303,0.0023373732974946906,0.0));
#8099=VECTOR('',#8098,1000.0);
#8100=LINE('',#5837,#8099);
#8101=EDGE_CURVE('',#5838,#5914,#8100,.T.);
#8102=ORIENTED_EDGE('',*,*,#8093,.T.);
#8103=ORIENTED_EDGE('',*,*,#8097,.T.);
#8104=ORIENTED_EDGE('',*,*,#8101,.T.);
#8105=DIRECTION('',(0.0,0.0,-1.0));
#8106=AXIS2_PLACEMENT_3D('',#5913,#8105,#12);
#8107=PLANE('',#8106);
#8108=EDGE_LOOP('',(#8102,#8103,#8104));
#8109=FACE_BOUND('',#8108,.T.);
#8110=ADVANCED_FACE('',(#8109),#8107,.T.);
#8111=LINE('',#5917,#537);
#8112=EDGE_CURVE('',#5918,#5848,#8111,.T.);
#8113=DIRECTION('',(0.9999729467066661,-0.007355668208075364,0.0));
#8114=VECTOR('',#8113,1000.0);
#8115=LINE('',#5847,#8114);
#8116=EDGE_CURVE('',#5848,#5838,#8115,.T.);
#8117=DIRECTION('',(-0.9999846572556234,0.005539427168364207,0.0));
#8118=VECTOR('',#8117,1000.0);
#8119=LINE('',#5837,#8118);
#8120=EDGE_CURVE('',#5838,#5918,#8119,.T.);
#8121=ORIENTED_EDGE('',*,*,#8112,.T.);
#8122=ORIENTED_EDGE('',*,*,#8116,.T.);
#8123=ORIENTED_EDGE('',*,*,#8120,.T.);
#8124=DIRECTION('',(0.0,0.0,-1.0));
#8125=AXIS2_PLACEMENT_3D('',#5917,#8124,#12);
#8126=PLANE('',#8125);
#8127=EDGE_LOOP('',(#8121,#8122,#8123));
#8128=FACE_BOUND('',#8127,.T.);
#8129=ADVANCED_FACE('',(#8128),#8126,.T.);
#8130=DIRECTION('',(0.9999537389438502,-0.00961873028078133,0.0));
#8131=VECTOR('',#8130,1000.0);
#8132=LINE('',#5851,#8131);
#8133=EDGE_CURVE('',#5852,#5838,#8132,.T.);
#8134=ORIENTED_EDGE('',*,*,#8116,.F.);
#8135=ORIENTED_EDGE('',*,*,#7549,.F.);
#8136=ORIENTED_EDGE('',*,*,#8133,.T.);
#8137=DIRECTION('',(0.0,0.0,-1.0));
#8138=DIRECTION('',(-0.9999729467066661,0.007355668208075364,0.0));
#8139=AXIS2_PLACEMENT_3D('',#5837,#8137,#8138);
#8140=PLANE('',#8139);
#8141=EDGE_LOOP('',(#8134,#8135,#8136));
#8142=FACE_BOUND('',#8141,.T.);
#8143=ADVANCED_FACE('',(#8142),#8140,.T.);
#8144=LINE('',#5851,#537);
#8145=EDGE_CURVE('',#5852,#5854,#8144,.T.);
#8146=ORIENTED_EDGE('',*,*,#8133,.F.);
#8147=ORIENTED_EDGE('',*,*,#8145,.T.);
#8148=ORIENTED_EDGE('',*,*,#7562,.F.);
#8149=DIRECTION('',(0.0,0.0,-1.0));
#8150=DIRECTION('',(-0.9999537389438502,0.00961873028078133,0.0));
#8151=AXIS2_PLACEMENT_3D('',#5837,#8149,#8150);
#8152=PLANE('',#8151);
#8153=EDGE_LOOP('',(#8146,#8147,#8148));
#8154=FACE_BOUND('',#8153,.T.);
#8155=ADVANCED_FACE('',(#8154),#8152,.T.);
#8156=LINE('',#5919,#537);
#8157=EDGE_CURVE('',#5920,#5922,#8156,.T.);
#8158=DIRECTION('',(-0.8779184050603973,-0.4788102693721263,0.0));
#8159=VECTOR('',#8158,1000.0);
#8160=LINE('',#5921,#8159);
#8161=EDGE_CURVE('',#5922,#5916,#8160,.T.);
#8162=LINE('',#5915,#844);
#8163=EDGE_CURVE('',#5916,#5920,#8162,.T.);
#8164=ORIENTED_EDGE('',*,*,#8157,.T.);
#8165=ORIENTED_EDGE('',*,*,#8161,.T.);
#8166=ORIENTED_EDGE('',*,*,#8163,.T.);
#8167=DIRECTION('',(0.0,-0.0,-1.0));
#8168=AXIS2_PLACEMENT_3D('',#5919,#8167,#12);
#8169=PLANE('',#8168);
#8170=EDGE_LOOP('',(#8164,#8165,#8166));
#8171=FACE_BOUND('',#8170,.T.);
#8172=ADVANCED_FACE('',(#8171),#8169,.T.);
#8173=LINE('',#5921,#907);
#8174=EDGE_CURVE('',#5922,#5924,#8173,.T.);
#8175=LINE('',#5923,#525);
#8176=EDGE_CURVE('',#5924,#5916,#8175,.T.);
#8177=ORIENTED_EDGE('',*,*,#8161,.F.);
#8178=ORIENTED_EDGE('',*,*,#8174,.T.);
#8179=ORIENTED_EDGE('',*,*,#8176,.T.);
#8180=DIRECTION('',(0.0,0.0,-1.0));
#8181=DIRECTION('',(0.8779184050603973,0.4788102693721263,0.0));
#8182=AXIS2_PLACEMENT_3D('',#5915,#8180,#8181);
#8183=PLANE('',#8182);
#8184=EDGE_LOOP('',(#8177,#8178,#8179));
#8185=FACE_BOUND('',#8184,.T.);
#8186=ADVANCED_FACE('',(#8185),#8183,.T.);
#8187=DIRECTION('',(0.9999945854048464,-0.0032907690574159004,0.0));
#8188=VECTOR('',#8187,1000.0);
#8189=LINE('',#5923,#8188);
#8190=EDGE_CURVE('',#5924,#5838,#8189,.T.);
#8191=ORIENTED_EDGE('',*,*,#8176,.F.);
#8192=ORIENTED_EDGE('',*,*,#8190,.T.);
#8193=ORIENTED_EDGE('',*,*,#8097,.F.);
#8194=DIRECTION('',(0.0,0.0,-1.0));
#8195=AXIS2_PLACEMENT_3D('',#5915,#8194,#12);
#8196=PLANE('',#8195);
#8197=EDGE_LOOP('',(#8191,#8192,#8193));
#8198=FACE_BOUND('',#8197,.T.);
#8199=ADVANCED_FACE('',(#8198),#8196,.T.);
#8200=LINE('',#5923,#537);
#8201=EDGE_CURVE('',#5924,#5860,#8200,.T.);
#8202=DIRECTION('',(0.999993617428908,-0.003572828213994057,0.0));
#8203=VECTOR('',#8202,1000.0);
#8204=LINE('',#5859,#8203);
#8205=EDGE_CURVE('',#5860,#5838,#8204,.T.);
#8206=ORIENTED_EDGE('',*,*,#8190,.F.);
#8207=ORIENTED_EDGE('',*,*,#8201,.T.);
#8208=ORIENTED_EDGE('',*,*,#8205,.T.);
#8209=DIRECTION('',(0.0,0.0,-1.0));
#8210=DIRECTION('',(-0.9999945854048464,0.0032907690574159004,0.0));
#8211=AXIS2_PLACEMENT_3D('',#5837,#8209,#8210);
#8212=PLANE('',#8211);
#8213=EDGE_LOOP('',(#8206,#8207,#8208));
#8214=FACE_BOUND('',#8213,.T.);
#8215=ADVANCED_FACE('',(#8214),#8212,.T.);
#8216=LINE('',#5859,#537);
#8217=EDGE_CURVE('',#5860,#5918,#8216,.T.);
#8218=ORIENTED_EDGE('',*,*,#8205,.F.);
#8219=ORIENTED_EDGE('',*,*,#8217,.T.);
#8220=ORIENTED_EDGE('',*,*,#8120,.F.);
#8221=DIRECTION('',(0.0,0.0,-1.0));
#8222=DIRECTION('',(-0.999993617428908,0.003572828213994057,0.0));
#8223=AXIS2_PLACEMENT_3D('',#5837,#8221,#8222);
#8224=PLANE('',#8223);
#8225=EDGE_LOOP('',(#8218,#8219,#8220));
#8226=FACE_BOUND('',#8225,.T.);
#8227=ADVANCED_FACE('',(#8226),#8224,.T.);
#8228=LINE('',#5889,#1861);
#8229=EDGE_CURVE('',#5890,#5918,#8228,.T.);
#8230=ORIENTED_EDGE('',*,*,#8217,.F.);
#8231=ORIENTED_EDGE('',*,*,#7793,.F.);
#8232=ORIENTED_EDGE('',*,*,#8229,.T.);
#8233=DIRECTION('',(0.0,0.0,-1.0));
#8234=AXIS2_PLACEMENT_3D('',#5917,#8233,#524);
#8235=PLANE('',#8234);
#8236=EDGE_LOOP('',(#8230,#8231,#8232));
#8237=FACE_BOUND('',#8236,.T.);
#8238=ADVANCED_FACE('',(#8237),#8235,.T.);
#8239=LINE('',#5867,#778);
#8240=EDGE_CURVE('',#5868,#5914,#8239,.T.);
#8241=DIRECTION('',(-0.999999661546884,-0.0008227430445058262,0.0));
#8242=VECTOR('',#8241,1000.0);
#8243=LINE('',#5913,#8242);
#8244=EDGE_CURVE('',#5914,#5870,#8243,.T.);
#8245=ORIENTED_EDGE('',*,*,#8240,.T.);
#8246=ORIENTED_EDGE('',*,*,#8244,.T.);
#8247=ORIENTED_EDGE('',*,*,#7694,.F.);
#8248=DIRECTION('',(0.0,0.0,-1.0));
#8249=AXIS2_PLACEMENT_3D('',#5867,#8248,#777);
#8250=PLANE('',#8249);
#8251=EDGE_LOOP('',(#8245,#8246,#8247));
#8252=FACE_BOUND('',#8251,.T.);
#8253=ADVANCED_FACE('',(#8252),#8250,.T.);
#8254=LINE('',#5837,#525);
#8255=EDGE_CURVE('',#5838,#5870,#8254,.T.);
#8256=ORIENTED_EDGE('',*,*,#8244,.F.);
#8257=ORIENTED_EDGE('',*,*,#8101,.F.);
#8258=ORIENTED_EDGE('',*,*,#8255,.T.);
#8259=DIRECTION('',(0.0,0.0,-1.0));
#8260=DIRECTION('',(0.999999661546884,0.0008227430445058262,0.0));
#8261=AXIS2_PLACEMENT_3D('',#5869,#8259,#8260);
#8262=PLANE('',#8261);
#8263=EDGE_LOOP('',(#8256,#8257,#8258));
#8264=FACE_BOUND('',#8263,.T.);
#8265=ADVANCED_FACE('',(#8264),#8262,.T.);
#8266=DIRECTION('',(-0.8576819117513187,-0.5141806474913297,0.0));
#8267=VECTOR('',#8266,1000.0);
#8268=LINE('',#5837,#8267);
#8269=EDGE_CURVE('',#5838,#5720,#8268,.T.);
#8270=DIRECTION('',(0.0,1.0,0.0));
#8271=VECTOR('',#8270,1000.0);
#8272=LINE('',#5719,#8271);
#8273=EDGE_CURVE('',#5720,#5870,#8272,.T.);
#8274=ORIENTED_EDGE('',*,*,#8255,.F.);
#8275=ORIENTED_EDGE('',*,*,#8269,.T.);
#8276=ORIENTED_EDGE('',*,*,#8273,.T.);
#8277=DIRECTION('',(0.0,-0.0,-1.0));
#8278=AXIS2_PLACEMENT_3D('',#5869,#8277,#12);
#8279=PLANE('',#8278);
#8280=EDGE_LOOP('',(#8274,#8275,#8276));
#8281=FACE_BOUND('',#8280,.T.);
#8282=ADVANCED_FACE('',(#8281),#8279,.T.);
#8283=LINE('',#5841,#525);
#8284=EDGE_CURVE('',#5842,#5720,#8283,.T.);
#8285=ORIENTED_EDGE('',*,*,#8269,.F.);
#8286=ORIENTED_EDGE('',*,*,#7431,.F.);
#8287=ORIENTED_EDGE('',*,*,#8284,.T.);
#8288=DIRECTION('',(0.0,0.0,-1.0));
#8289=DIRECTION('',(0.8576819117513187,0.5141806474913297,0.0));
#8290=AXIS2_PLACEMENT_3D('',#5719,#8288,#8289);
#8291=PLANE('',#8290);
#8292=EDGE_LOOP('',(#8285,#8286,#8287));
#8293=FACE_BOUND('',#8292,.T.);
#8294=ADVANCED_FACE('',(#8293),#8291,.T.);
#8295=DIRECTION('',(0.0,-0.8133646010655894,-0.5817542657629718));
#8296=VECTOR('',#8295,1000.0);
#8297=LINE('',#5659,#8296);
#8298=EDGE_CURVE('',#5660,#5802,#8297,.T.);
#8299=ORIENTED_EDGE('',*,*,#6572,.F.);
#8300=ORIENTED_EDGE('',*,*,#8298,.T.);
#8301=ORIENTED_EDGE('',*,*,#7097,.F.);
#8302=DIRECTION('',(1.0,0.0,-0.0));
#8303=AXIS2_PLACEMENT_3D('',#5661,#8302,#11);
#8304=PLANE('',#8303);
#8305=EDGE_LOOP('',(#8299,#8300,#8301));
#8306=FACE_BOUND('',#8305,.T.);
#8307=ADVANCED_FACE('',(#8306),#8304,.T.);
#8308=LINE('',#5659,#487);
#8309=EDGE_CURVE('',#5660,#5710,#8308,.T.);
#8310=DIRECTION('',(0.0,0.7687128064566086,-0.6395941065938654));
#8311=VECTOR('',#8310,1000.0);
#8312=LINE('',#5709,#8311);
#8313=EDGE_CURVE('',#5710,#5802,#8312,.T.);
#8314=ORIENTED_EDGE('',*,*,#8298,.F.);
#8315=ORIENTED_EDGE('',*,*,#8309,.T.);
#8316=ORIENTED_EDGE('',*,*,#8313,.T.);
#8317=DIRECTION('',(1.0,0.0,-0.0));
#8318=DIRECTION('',(0.0,0.8133646010655894,0.5817542657629718));
#8319=AXIS2_PLACEMENT_3D('',#5801,#8317,#8318);
#8320=PLANE('',#8319);
#8321=EDGE_LOOP('',(#8314,#8315,#8316));
#8322=FACE_BOUND('',#8321,.T.);
#8323=ADVANCED_FACE('',(#8322),#8320,.T.);
#8324=ORIENTED_EDGE('',*,*,#8313,.F.);
#8325=ORIENTED_EDGE('',*,*,#6029,.F.);
#8326=ORIENTED_EDGE('',*,*,#7494,.F.);
#8327=DIRECTION('',(0.0,-0.7687128064566086,0.6395941065938654));
#8328=AXIS2_PLACEMENT_3D('',#5801,#12,#8327);
#8329=PLANE('',#8328);
#8330=EDGE_LOOP('',(#8324,#8325,#8326));
#8331=FACE_BOUND('',#8330,.T.);
#8332=ADVANCED_FACE('',(#8331),#8329,.T.);
#8333=DIRECTION('',(0.0,-0.9333456062030595,0.358979079308869));
#8334=VECTOR('',#8333,1000.0);
#8335=LINE('',#5667,#8334);
#8336=EDGE_CURVE('',#5668,#5718,#8335,.T.);
#8337=DIRECTION('',(0.0,1.0,0.0));
#8338=VECTOR('',#8337,1000.0);
#8339=LINE('',#5717,#8338);
#8340=EDGE_CURVE('',#5718,#5670,#8339,.T.);
#8341=ORIENTED_EDGE('',*,*,#6703,.F.);
#8342=ORIENTED_EDGE('',*,*,#8336,.T.);
#8343=ORIENTED_EDGE('',*,*,#8340,.T.);
#8344=DIRECTION('',(0.0,0.0,-1.0));
#8345=AXIS2_PLACEMENT_3D('',#5669,#565,#8344);
#8346=PLANE('',#8345);
#8347=EDGE_LOOP('',(#8341,#8342,#8343));
#8348=FACE_BOUND('',#8347,.T.);
#8349=ADVANCED_FACE('',(#8348),#8346,.T.);
#8350=VECTOR('',#8327,1000.0);
#8351=LINE('',#5869,#8350);
#8352=EDGE_CURVE('',#5870,#5718,#8351,.T.);
#8353=ORIENTED_EDGE('',*,*,#8336,.F.);
#8354=ORIENTED_EDGE('',*,*,#7698,.F.);
#8355=ORIENTED_EDGE('',*,*,#8352,.T.);
#8356=DIRECTION('',(0.0,0.9333456062030595,-0.358979079308869));
#8357=AXIS2_PLACEMENT_3D('',#5717,#565,#8356);
#8358=PLANE('',#8357);
#8359=EDGE_LOOP('',(#8353,#8354,#8355));
#8360=FACE_BOUND('',#8359,.T.);
#8361=ADVANCED_FACE('',(#8360),#8358,.T.);
#8362=ORIENTED_EDGE('',*,*,#8352,.F.);
#8363=ORIENTED_EDGE('',*,*,#8273,.F.);
#8364=ORIENTED_EDGE('',*,*,#6088,.F.);
#8365=AXIS2_PLACEMENT_3D('',#5717,#565,#8310);
#8366=PLANE('',#8365);
#8367=EDGE_LOOP('',(#8362,#8363,#8364));
#8368=FACE_BOUND('',#8367,.T.);
#8369=ADVANCED_FACE('',(#8368),#8366,.T.);
#8370=DIRECTION('',(-0.8253072612498318,-0.5646839155919903,0.0));
#8371=VECTOR('',#8370,1000.0);
#8372=LINE('',#5659,#8371);
#8373=EDGE_CURVE('',#5660,#5718,#8372,.T.);
#8374=LINE('',#5717,#537);
#8375=EDGE_CURVE('',#5718,#5710,#8374,.T.);
#8376=ORIENTED_EDGE('',*,*,#8309,.F.);
#8377=ORIENTED_EDGE('',*,*,#8373,.T.);
#8378=ORIENTED_EDGE('',*,*,#8375,.T.);
#8379=DIRECTION('',(0.0,1.0,0.0));
#8380=AXIS2_PLACEMENT_3D('',#5709,#648,#8379);
#8381=PLANE('',#8380);
#8382=EDGE_LOOP('',(#8376,#8377,#8378));
#8383=FACE_BOUND('',#8382,.T.);
#8384=ADVANCED_FACE('',(#8383),#8381,.T.);
#8385=LINE('',#5659,#525);
#8386=EDGE_CURVE('',#5660,#5670,#8385,.T.);
#8387=ORIENTED_EDGE('',*,*,#8373,.F.);
#8388=ORIENTED_EDGE('',*,*,#8386,.T.);
#8389=ORIENTED_EDGE('',*,*,#8340,.F.);
#8390=DIRECTION('',(0.8253072612498318,0.5646839155919903,0.0));
#8391=AXIS2_PLACEMENT_3D('',#5717,#648,#8390);
#8392=PLANE('',#8391);
#8393=EDGE_LOOP('',(#8387,#8388,#8389));
#8394=FACE_BOUND('',#8393,.T.);
#8395=ADVANCED_FACE('',(#8394),#8392,.T.);
#8396=DIRECTION('',(0.8948549268384135,0.0,-0.4463570990955756));
#8397=VECTOR('',#8396,1000.0);
#8398=LINE('',#5669,#8397);
#8399=EDGE_CURVE('',#5670,#5764,#8398,.T.);
#8400=ORIENTED_EDGE('',*,*,#8399,.T.);
#8401=ORIENTED_EDGE('',*,*,#7600,.F.);
#8402=AXIS2_PLACEMENT_3D('',#5667,#822,#11);
#8403=PLANE('',#8402);
#8404=EDGE_LOOP('',(#6706,#8400,#8401));
#8405=FACE_BOUND('',#8404,.T.);
#8406=ADVANCED_FACE('',(#8405),#8403,.T.);
#8407=DIRECTION('',(-0.8736062679393393,0.0,-0.48663342324289566));
#8408=VECTOR('',#8407,1000.0);
#8409=LINE('',#5659,#8408);
#8410=EDGE_CURVE('',#5660,#5764,#8409,.T.);
#8411=ORIENTED_EDGE('',*,*,#8399,.F.);
#8412=ORIENTED_EDGE('',*,*,#8386,.F.);
#8413=ORIENTED_EDGE('',*,*,#8410,.T.);
#8414=DIRECTION('',(0.0,1.0,-0.0));
#8415=DIRECTION('',(-0.8948549268384135,0.0,0.4463570990955756));
#8416=AXIS2_PLACEMENT_3D('',#5763,#8414,#8415);
#8417=PLANE('',#8416);
#8418=EDGE_LOOP('',(#8411,#8412,#8413));
#8419=FACE_BOUND('',#8418,.T.);
#8420=ADVANCED_FACE('',(#8419),#8417,.T.);
#8421=ORIENTED_EDGE('',*,*,#8410,.F.);
#8422=ORIENTED_EDGE('',*,*,#7065,.F.);
#8423=DIRECTION('',(0.8736062679393393,0.0,0.48663342324289566));
#8424=AXIS2_PLACEMENT_3D('',#5763,#822,#8423);
#8425=PLANE('',#8424);
#8426=EDGE_LOOP('',(#8421,#6575,#8422));
#8427=FACE_BOUND('',#8426,.T.);
#8428=ADVANCED_FACE('',(#8427),#8425,.T.);
#8429=DIRECTION('',(0.9670745372626464,0.0,0.2544932992796438));
#8430=VECTOR('',#8429,1000.0);
#8431=LINE('',#5719,#8430);
#8432=EDGE_CURVE('',#5720,#5710,#8431,.T.);
#8433=ORIENTED_EDGE('',*,*,#8432,.T.);
#8434=ORIENTED_EDGE('',*,*,#8375,.F.);
#8435=DIRECTION('',(0.0,0.0,-1.0));
#8436=AXIS2_PLACEMENT_3D('',#5717,#486,#8435);
#8437=PLANE('',#8436);
#8438=EDGE_LOOP('',(#6091,#8433,#8434));
#8439=FACE_BOUND('',#8438,.T.);
#8440=ADVANCED_FACE('',(#8439),#8437,.T.);
#8441=VECTOR('',#8423,1000.0);
#8442=LINE('',#5841,#8441);
#8443=EDGE_CURVE('',#5842,#5710,#8442,.T.);
#8444=ORIENTED_EDGE('',*,*,#8432,.F.);
#8445=ORIENTED_EDGE('',*,*,#8284,.F.);
#8446=ORIENTED_EDGE('',*,*,#8443,.T.);
#8447=DIRECTION('',(0.0,-1.0,-0.0));
#8448=DIRECTION('',(-0.9670745372626464,0.0,-0.2544932992796438));
#8449=AXIS2_PLACEMENT_3D('',#5709,#8447,#8448);
#8450=PLANE('',#8449);
#8451=EDGE_LOOP('',(#8444,#8445,#8446));
#8452=FACE_BOUND('',#8451,.T.);
#8453=ADVANCED_FACE('',(#8452),#8450,.T.);
#8454=ORIENTED_EDGE('',*,*,#8443,.F.);
#8455=ORIENTED_EDGE('',*,*,#7462,.F.);
#8456=DIRECTION('',(0.0,-1.0,-0.0));
#8457=AXIS2_PLACEMENT_3D('',#5709,#8456,#8407);
#8458=PLANE('',#8457);
#8459=EDGE_LOOP('',(#8454,#8455,#6032));
#8460=FACE_BOUND('',#8459,.T.);
#8461=ADVANCED_FACE('',(#8460),#8458,.T.);
#8462=LINE('',#5925,#525);
#8463=EDGE_CURVE('',#5926,#5928,#8462,.T.);
#8464=DIRECTION('',(0.4053788471151081,0.914148779089939,0.0));
#8465=VECTOR('',#8464,1000.0);
#8466=LINE('',#5927,#8465);
#8467=EDGE_CURVE('',#5928,#5930,#8466,.T.);
#8468=VECTOR('',#1306,1000.0);
#8469=LINE('',#5929,#8468);
#8470=EDGE_CURVE('',#5930,#5926,#8469,.T.);
#8471=ORIENTED_EDGE('',*,*,#8463,.T.);
#8472=ORIENTED_EDGE('',*,*,#8467,.T.);
#8473=ORIENTED_EDGE('',*,*,#8470,.T.);
#8474=DIRECTION('',(0.0,0.0,-1.0));
#8475=AXIS2_PLACEMENT_3D('',#5925,#8474,#524);
#8476=PLANE('',#8475);
#8477=EDGE_LOOP('',(#8471,#8472,#8473));
#8478=FACE_BOUND('',#8477,.T.);
#8479=ADVANCED_FACE('',(#8478),#8476,.T.);
#8480=LINE('',#5927,#844);
#8481=EDGE_CURVE('',#5928,#5940,#8480,.T.);
#8482=LINE('',#5939,#537);
#8483=EDGE_CURVE('',#5940,#5930,#8482,.T.);
#8484=ORIENTED_EDGE('',*,*,#8467,.F.);
#8485=ORIENTED_EDGE('',*,*,#8481,.T.);
#8486=ORIENTED_EDGE('',*,*,#8483,.T.);
#8487=DIRECTION('',(-0.4053788471151081,-0.914148779089939,0.0));
#8488=AXIS2_PLACEMENT_3D('',#5929,#1144,#8487);
#8489=PLANE('',#8488);
#8490=EDGE_LOOP('',(#8484,#8485,#8486));
#8491=FACE_BOUND('',#8490,.T.);
#8492=ADVANCED_FACE('',(#8491),#8489,.T.);
#8493=DIRECTION('',(0.5854308223975483,0.8107223644299757,0.0));
#8494=VECTOR('',#8493,1000.0);
#8495=LINE('',#5939,#8494);
#8496=EDGE_CURVE('',#5940,#5932,#8495,.T.);
#8497=DIRECTION('',(0.26748627516901036,-0.9635616703648026,0.0));
#8498=VECTOR('',#8497,1000.0);
#8499=LINE('',#5931,#8498);
#8500=EDGE_CURVE('',#5932,#5930,#8499,.T.);
#8501=ORIENTED_EDGE('',*,*,#8483,.F.);
#8502=ORIENTED_EDGE('',*,*,#8496,.T.);
#8503=ORIENTED_EDGE('',*,*,#8500,.T.);
#8504=DIRECTION('',(0.0,0.0,-1.0));
#8505=AXIS2_PLACEMENT_3D('',#5929,#8504,#524);
#8506=PLANE('',#8505);
#8507=EDGE_LOOP('',(#8501,#8502,#8503));
#8508=FACE_BOUND('',#8507,.T.);
#8509=ADVANCED_FACE('',(#8508),#8506,.T.);
#8510=DIRECTION('',(0.24810066746791706,0.9687342560279233,0.0));
#8511=VECTOR('',#8510,1000.0);
#8512=LINE('',#5939,#8511);
#8513=EDGE_CURVE('',#5940,#5938,#8512,.T.);
#8514=DIRECTION('',(0.9999808066651525,-0.006195667947117485,0.0));
#8515=VECTOR('',#8514,1000.0);
#8516=LINE('',#5937,#8515);
#8517=EDGE_CURVE('',#5938,#5932,#8516,.T.);
#8518=ORIENTED_EDGE('',*,*,#8496,.F.);
#8519=ORIENTED_EDGE('',*,*,#8513,.T.);
#8520=ORIENTED_EDGE('',*,*,#8517,.T.);
#8521=DIRECTION('',(-0.5854308223975483,-0.8107223644299757,0.0));
#8522=AXIS2_PLACEMENT_3D('',#5931,#1144,#8521);
#8523=PLANE('',#8522);
#8524=EDGE_LOOP('',(#8518,#8519,#8520));
#8525=FACE_BOUND('',#8524,.T.);
#8526=ADVANCED_FACE('',(#8525),#8523,.T.);
#8527=DIRECTION('',(0.2662086736113816,0.9639154226871095,0.0));
#8528=VECTOR('',#8527,1000.0);
#8529=LINE('',#5937,#8528);
#8530=EDGE_CURVE('',#5938,#5934,#8529,.T.);
#8531=DIRECTION('',(0.1771745172969539,-0.9841794503141139,0.0));
#8532=VECTOR('',#8531,1000.0);
#8533=LINE('',#5933,#8532);
#8534=EDGE_CURVE('',#5934,#5932,#8533,.T.);
#8535=ORIENTED_EDGE('',*,*,#8517,.F.);
#8536=ORIENTED_EDGE('',*,*,#8530,.T.);
#8537=ORIENTED_EDGE('',*,*,#8534,.T.);
#8538=DIRECTION('',(0.0,0.0,-1.0));
#8539=DIRECTION('',(-0.9999808066651525,0.006195667947117485,0.0));
#8540=AXIS2_PLACEMENT_3D('',#5931,#8538,#8539);
#8541=PLANE('',#8540);
#8542=EDGE_LOOP('',(#8535,#8536,#8537));
#8543=FACE_BOUND('',#8542,.T.);
#8544=ADVANCED_FACE('',(#8543),#8541,.T.);
#8545=DIRECTION('',(0.18143155920694032,0.9834035739836106,0.0));
#8546=VECTOR('',#8545,1000.0);
#8547=LINE('',#5937,#8546);
#8548=EDGE_CURVE('',#5938,#5936,#8547,.T.);
#8549=LINE('',#5935,#537);
#8550=EDGE_CURVE('',#5936,#5934,#8549,.T.);
#8551=ORIENTED_EDGE('',*,*,#8530,.F.);
#8552=ORIENTED_EDGE('',*,*,#8548,.T.);
#8553=ORIENTED_EDGE('',*,*,#8550,.T.);
#8554=DIRECTION('',(-0.2662086736113816,-0.9639154226871095,0.0));
#8555=AXIS2_PLACEMENT_3D('',#5933,#1144,#8554);
#8556=PLANE('',#8555);
#8557=EDGE_LOOP('',(#8551,#8552,#8553));
#8558=FACE_BOUND('',#8557,.T.);
#8559=ADVANCED_FACE('',(#8558),#8556,.T.);
#8560=LINE('',#5943,#487);
#8561=EDGE_CURVE('',#5944,#5974,#8560,.T.);
#8562=DIRECTION('',(-0.185672551613493,0.9826116748631347,0.0));
#8563=VECTOR('',#8562,1000.0);
#8564=LINE('',#5973,#8563);
#8565=EDGE_CURVE('',#5974,#5942,#8564,.T.);
#8566=LINE('',#5941,#537);
#8567=EDGE_CURVE('',#5942,#5944,#8566,.T.);
#8568=ORIENTED_EDGE('',*,*,#8561,.T.);
#8569=ORIENTED_EDGE('',*,*,#8565,.T.);
#8570=ORIENTED_EDGE('',*,*,#8567,.T.);
#8571=AXIS2_PLACEMENT_3D('',#5943,#1040,#486);
#8572=PLANE('',#8571);
#8573=EDGE_LOOP('',(#8568,#8569,#8570));
#8574=FACE_BOUND('',#8573,.T.);
#8575=ADVANCED_FACE('',(#8574),#8572,.T.);
#8576=LINE('',#5973,#525);
#8577=EDGE_CURVE('',#5974,#5972,#8576,.T.);
#8578=DIRECTION('',(-0.007072303232646503,0.9999749909507665,0.0));
#8579=VECTOR('',#8578,1000.0);
#8580=LINE('',#5971,#8579);
#8581=EDGE_CURVE('',#5972,#5942,#8580,.T.);
#8582=ORIENTED_EDGE('',*,*,#8565,.F.);
#8583=ORIENTED_EDGE('',*,*,#8577,.T.);
#8584=ORIENTED_EDGE('',*,*,#8581,.T.);
#8585=DIRECTION('',(0.185672551613493,-0.9826116748631347,0.0));
#8586=AXIS2_PLACEMENT_3D('',#5941,#1040,#8585);
#8587=PLANE('',#8586);
#8588=EDGE_LOOP('',(#8582,#8583,#8584));
#8589=FACE_BOUND('',#8588,.T.);
#8590=ADVANCED_FACE('',(#8589),#8587,.T.);
#8591=DIRECTION('',(-0.9956959514402992,0.09267994543264238,0.0));
#8592=VECTOR('',#8591,1000.0);
#8593=LINE('',#5971,#8592);
#8594=EDGE_CURVE('',#5972,#5970,#8593,.T.);
#8595=DIRECTION('',(0.1286531606585531,0.9916896511775065,0.0));
#8596=VECTOR('',#8595,1000.0);
#8597=LINE('',#5969,#8596);
#8598=EDGE_CURVE('',#5970,#5942,#8597,.T.);
#8599=ORIENTED_EDGE('',*,*,#8581,.F.);
#8600=ORIENTED_EDGE('',*,*,#8594,.T.);
#8601=ORIENTED_EDGE('',*,*,#8598,.T.);
#8602=DIRECTION('',(0.007072303232646503,-0.9999749909507665,0.0));
#8603=AXIS2_PLACEMENT_3D('',#5941,#1040,#8602);
#8604=PLANE('',#8603);
#8605=EDGE_LOOP('',(#8599,#8600,#8601));
#8606=FACE_BOUND('',#8605,.T.);
#8607=ADVANCED_FACE('',(#8606),#8604,.T.);
#8608=DIRECTION('',(0.08500074095058135,0.996380888033212,0.0));
#8609=VECTOR('',#8608,1000.0);
#8610=LINE('',#5957,#8609);
#8611=EDGE_CURVE('',#5958,#5956,#8610,.T.);
#8612=DIRECTION('',(0.8044997714774783,0.5939529591581181,0.0));
#8613=VECTOR('',#8612,1000.0);
#8614=LINE('',#5955,#8613);
#8615=EDGE_CURVE('',#5956,#5942,#8614,.T.);
#8616=DIRECTION('',(-0.7149454339449053,-0.6991802532118102,0.0));
#8617=VECTOR('',#8616,1000.0);
#8618=LINE('',#5941,#8617);
#8619=EDGE_CURVE('',#5942,#5958,#8618,.T.);
#8620=ORIENTED_EDGE('',*,*,#8611,.T.);
#8621=ORIENTED_EDGE('',*,*,#8615,.T.);
#8622=ORIENTED_EDGE('',*,*,#8619,.T.);
#8623=DIRECTION('',(0.0,0.0,-1.0));
#8624=AXIS2_PLACEMENT_3D('',#5957,#8623,#8608);
#8625=PLANE('',#8624);
#8626=EDGE_LOOP('',(#8620,#8621,#8622));
#8627=FACE_BOUND('',#8626,.T.);
#8628=ADVANCED_FACE('',(#8627),#8625,.T.);
#8629=DIRECTION('',(0.28315096092775577,0.9590753533094719,0.0));
#8630=VECTOR('',#8629,1000.0);
#8631=LINE('',#5955,#8630);
#8632=EDGE_CURVE('',#5956,#5954,#8631,.T.);
#8633=DIRECTION('',(0.8705832612912047,0.4920211226762221,0.0));
#8634=VECTOR('',#8633,1000.0);
#8635=LINE('',#5953,#8634);
#8636=EDGE_CURVE('',#5954,#5942,#8635,.T.);
#8637=ORIENTED_EDGE('',*,*,#8615,.F.);
#8638=ORIENTED_EDGE('',*,*,#8632,.T.);
#8639=ORIENTED_EDGE('',*,*,#8636,.T.);
#8640=DIRECTION('',(-0.8044997714774783,-0.5939529591581181,0.0));
#8641=AXIS2_PLACEMENT_3D('',#5941,#1144,#8640);
#8642=PLANE('',#8641);
#8643=EDGE_LOOP('',(#8637,#8638,#8639));
#8644=FACE_BOUND('',#8643,.T.);
#8645=ADVANCED_FACE('',(#8644),#8642,.T.);
#8646=DIRECTION('',(0.7837250865382955,0.62110787205649,0.0));
#8647=VECTOR('',#8646,1000.0);
#8648=LINE('',#5953,#8647);
#8649=EDGE_CURVE('',#5954,#5946,#8648,.T.);
#8650=LINE('',#5945,#1810);
#8651=EDGE_CURVE('',#5946,#5942,#8650,.T.);
#8652=ORIENTED_EDGE('',*,*,#8636,.F.);
#8653=ORIENTED_EDGE('',*,*,#8649,.T.);
#8654=ORIENTED_EDGE('',*,*,#8651,.T.);
#8655=DIRECTION('',(-0.8705832612912047,-0.4920211226762221,0.0));
#8656=AXIS2_PLACEMENT_3D('',#5941,#1144,#8655);
#8657=PLANE('',#8656);
#8658=EDGE_LOOP('',(#8652,#8653,#8654));
#8659=FACE_BOUND('',#8658,.T.);
#8660=ADVANCED_FACE('',(#8659),#8657,.T.);
#8661=DIRECTION('',(-0.9545667305493855,0.2979972431554642,0.0));
#8662=VECTOR('',#8661,1000.0);
#8663=LINE('',#5969,#8662);
#8664=EDGE_CURVE('',#5970,#5968,#8663,.T.);
#8665=DIRECTION('',(0.24011698689480418,0.9707439583147351,0.0));
#8666=VECTOR('',#8665,1000.0);
#8667=LINE('',#5967,#8666);
#8668=EDGE_CURVE('',#5968,#5942,#8667,.T.);
#8669=ORIENTED_EDGE('',*,*,#8664,.T.);
#8670=ORIENTED_EDGE('',*,*,#8668,.T.);
#8671=ORIENTED_EDGE('',*,*,#8598,.F.);
#8672=DIRECTION('',(0.0,0.0,-1.0));
#8673=AXIS2_PLACEMENT_3D('',#5969,#8672,#8661);
#8674=PLANE('',#8673);
#8675=EDGE_LOOP('',(#8669,#8670,#8671));
#8676=FACE_BOUND('',#8675,.T.);
#8677=ADVANCED_FACE('',(#8676),#8674,.T.);
#8678=DIRECTION('',(-0.8598201513489939,0.5105970106984502,0.0));
#8679=VECTOR('',#8678,1000.0);
#8680=LINE('',#5967,#8679);
#8681=EDGE_CURVE('',#5968,#5966,#8680,.T.);
#8682=DIRECTION('',(0.33744765674885013,0.9413442935263964,0.0));
#8683=VECTOR('',#8682,1000.0);
#8684=LINE('',#5965,#8683);
#8685=EDGE_CURVE('',#5966,#5942,#8684,.T.);
#8686=ORIENTED_EDGE('',*,*,#8668,.F.);
#8687=ORIENTED_EDGE('',*,*,#8681,.T.);
#8688=ORIENTED_EDGE('',*,*,#8685,.T.);
#8689=DIRECTION('',(-0.24011698689480418,-0.9707439583147351,0.0));
#8690=AXIS2_PLACEMENT_3D('',#5941,#1144,#8689);
#8691=PLANE('',#8690);
#8692=EDGE_LOOP('',(#8686,#8687,#8688));
#8693=FACE_BOUND('',#8692,.T.);
#8694=ADVANCED_FACE('',(#8693),#8691,.T.);
#8695=DIRECTION('',(-0.7114067204415152,0.7027805333890856,0.0));
#8696=VECTOR('',#8695,1000.0);
#8697=LINE('',#5965,#8696);
#8698=EDGE_CURVE('',#5966,#5964,#8697,.T.);
#8699=DIRECTION('',(0.4294800040173129,0.9030763678390045,0.0));
#8700=VECTOR('',#8699,1000.0);
#8701=LINE('',#5963,#8700);
#8702=EDGE_CURVE('',#5964,#5942,#8701,.T.);
#8703=ORIENTED_EDGE('',*,*,#8685,.F.);
#8704=ORIENTED_EDGE('',*,*,#8698,.T.);
#8705=ORIENTED_EDGE('',*,*,#8702,.T.);
#8706=DIRECTION('',(-0.33744765674885013,-0.9413442935263964,0.0));
#8707=AXIS2_PLACEMENT_3D('',#5941,#1144,#8706);
#8708=PLANE('',#8707);
#8709=EDGE_LOOP('',(#8703,#8704,#8705));
#8710=FACE_BOUND('',#8709,.T.);
#8711=ADVANCED_FACE('',(#8710),#8708,.T.);
#8712=DIRECTION('',(-0.5219003758523287,0.8530064464499656,0.0));
#8713=VECTOR('',#8712,1000.0);
#8714=LINE('',#5963,#8713);
#8715=EDGE_CURVE('',#5964,#5962,#8714,.T.);
#8716=DIRECTION('',(0.5175905432305771,0.8556284412981351,0.0));
#8717=VECTOR('',#8716,1000.0);
#8718=LINE('',#5961,#8717);
#8719=EDGE_CURVE('',#5962,#5942,#8718,.T.);
#8720=ORIENTED_EDGE('',*,*,#8715,.T.);
#8721=ORIENTED_EDGE('',*,*,#8719,.T.);
#8722=ORIENTED_EDGE('',*,*,#8702,.F.);
#8723=DIRECTION('',(0.0,0.0,-1.0));
#8724=AXIS2_PLACEMENT_3D('',#5963,#8723,#8712);
#8725=PLANE('',#8724);
#8726=EDGE_LOOP('',(#8720,#8721,#8722));
#8727=FACE_BOUND('',#8726,.T.);
#8728=ADVANCED_FACE('',(#8727),#8725,.T.);
#8729=DIRECTION('',(-0.29785862845740235,0.9546099923285296,0.0));
#8730=VECTOR('',#8729,1000.0);
#8731=LINE('',#5961,#8730);
#8732=EDGE_CURVE('',#5962,#5960,#8731,.T.);
#8733=DIRECTION('',(0.6162242876643211,0.7875707125665606,0.0));
#8734=VECTOR('',#8733,1000.0);
#8735=LINE('',#5959,#8734);
#8736=EDGE_CURVE('',#5960,#5942,#8735,.T.);
#8737=ORIENTED_EDGE('',*,*,#8719,.F.);
#8738=ORIENTED_EDGE('',*,*,#8732,.T.);
#8739=ORIENTED_EDGE('',*,*,#8736,.T.);
#8740=DIRECTION('',(-0.5175905432305771,-0.8556284412981351,0.0));
#8741=AXIS2_PLACEMENT_3D('',#5941,#1144,#8740);
#8742=PLANE('',#8741);
#8743=EDGE_LOOP('',(#8737,#8738,#8739));
#8744=FACE_BOUND('',#8743,.T.);
#8745=ADVANCED_FACE('',(#8744),#8742,.T.);
#8746=DIRECTION('',(-0.08706341811746987,0.9962027711393412,0.0));
#8747=VECTOR('',#8746,1000.0);
#8748=LINE('',#5959,#8747);
#8749=EDGE_CURVE('',#5960,#5958,#8748,.T.);
#8750=ORIENTED_EDGE('',*,*,#8736,.F.);
#8751=ORIENTED_EDGE('',*,*,#8749,.T.);
#8752=ORIENTED_EDGE('',*,*,#8619,.F.);
#8753=DIRECTION('',(-0.6162242876643211,-0.7875707125665606,0.0));
#8754=AXIS2_PLACEMENT_3D('',#5941,#1144,#8753);
#8755=PLANE('',#8754);
#8756=EDGE_LOOP('',(#8750,#8751,#8752));
#8757=FACE_BOUND('',#8756,.T.);
#8758=ADVANCED_FACE('',(#8757),#8755,.T.);
#8759=DIRECTION('',(0.6855451891921637,0.728030077383813,0.0));
#8760=VECTOR('',#8759,1000.0);
#8761=LINE('',#5951,#8760);
#8762=EDGE_CURVE('',#5952,#5950,#8761,.T.);
#8763=DIRECTION('',(-0.5925316505012076,-0.805547170036811,0.0));
#8764=VECTOR('',#8763,1000.0);
#8765=LINE('',#5949,#8764);
#8766=EDGE_CURVE('',#5950,#5954,#8765,.T.);
#8767=DIRECTION('',(0.49074405394015125,0.8713037779800946,0.0));
#8768=VECTOR('',#8767,1000.0);
#8769=LINE('',#5953,#8768);
#8770=EDGE_CURVE('',#5954,#5952,#8769,.T.);
#8771=ORIENTED_EDGE('',*,*,#8762,.T.);
#8772=ORIENTED_EDGE('',*,*,#8766,.T.);
#8773=ORIENTED_EDGE('',*,*,#8770,.T.);
#8774=DIRECTION('',(0.0,-0.0,-1.0));
#8775=AXIS2_PLACEMENT_3D('',#5951,#8774,#8759);
#8776=PLANE('',#8775);
#8777=EDGE_LOOP('',(#8771,#8772,#8773));
#8778=FACE_BOUND('',#8777,.T.);
#8779=ADVANCED_FACE('',(#8778),#8776,.T.);
#8780=DIRECTION('',(0.8399956978457094,0.5425930589315527,0.0));
#8781=VECTOR('',#8780,1000.0);
#8782=LINE('',#5949,#8781);
#8783=EDGE_CURVE('',#5950,#5948,#8782,.T.);
#8784=DIRECTION('',(-0.6979193296041211,-0.7161763814626493,0.0));
#8785=VECTOR('',#8784,1000.0);
#8786=LINE('',#5947,#8785);
#8787=EDGE_CURVE('',#5948,#5954,#8786,.T.);
#8788=ORIENTED_EDGE('',*,*,#8766,.F.);
#8789=ORIENTED_EDGE('',*,*,#8783,.T.);
#8790=ORIENTED_EDGE('',*,*,#8787,.T.);
#8791=DIRECTION('',(0.0,0.0,-1.0));
#8792=DIRECTION('',(0.5925316505012076,0.805547170036811,0.0));
#8793=AXIS2_PLACEMENT_3D('',#5953,#8791,#8792);
#8794=PLANE('',#8793);
#8795=EDGE_LOOP('',(#8788,#8789,#8790));
#8796=FACE_BOUND('',#8795,.T.);
#8797=ADVANCED_FACE('',(#8796),#8794,.T.);
#8798=DIRECTION('',(0.94386726885103,0.3303249593834796,0.0));
#8799=VECTOR('',#8798,1000.0);
#8800=LINE('',#5947,#8799);
#8801=EDGE_CURVE('',#5948,#5946,#8800,.T.);
#8802=ORIENTED_EDGE('',*,*,#8787,.F.);
#8803=ORIENTED_EDGE('',*,*,#8801,.T.);
#8804=ORIENTED_EDGE('',*,*,#8649,.F.);
#8805=DIRECTION('',(0.0,0.0,-1.0));
#8806=DIRECTION('',(0.6979193296041211,0.7161763814626493,0.0));
#8807=AXIS2_PLACEMENT_3D('',#5953,#8805,#8806);
#8808=PLANE('',#8807);
#8809=EDGE_LOOP('',(#8802,#8803,#8804));
#8810=FACE_BOUND('',#8809,.T.);
#8811=ADVANCED_FACE('',(#8810),#8808,.T.);
#8812=CLOSED_SHELL('',(#5990,#6006,#6027,#6038,#6055,#6067,#6082,#6098,#6113,#6127,#6142,#6157,#6177,#6190,#6203,#6214,#6230,#6243,#6257,#6268,#6281,#6294,#6309,#6322,#6337,#6346,#6365,#6378,#6394,#6409,#6426,#6440,#6456,#6471,#6485,#6499,#6512,#6525,#6540,#6553,#6564,#6580,#6592,#6606,#6618,#6634,#6648,#6663,#6674,#6688,#6701,#6712,#6731,#6749,#6765,#6778,#6792,#6807,#6823,#6839,#6854,#6870,#6886,#6905,#6921,#6937,#6952,#6967,#6983,#6999,#7011,#7030,#7047,#7063,#7079,#7095,#7110,#7125,#7141,#7153,#7168,#7184,#7200,#7216,#7232,#7247,#7262,#7277,#7291,#7307,#7322,#7336,#7347,#7362,#7378,#7390,#7409,#7423,#7440,#7456,#7472,#7488,#7504,#7517,#7530,#7541,#7558,#7579,#7598,#7614,#7626,#7640,#7652,#7671,#7690,#7708,#7724,#7739,#7756,#7771,#7787,#7803,#7818,#7832,#7847,#7864,#7878,#7896,#7910,#7924,#7937,#7951,#7962,#7973,#7987,#8003,#8019,#8033,#8049,#8064,#8079,#8091,#8110,#8129,#8143,#8155,#8172,#8186,#8199,#8215,#8227,#8238,#8253,#8265,#8282,#8294,#8307,#8323,#8332,#8349,#8361,#8369,#8384,#8395,#8406,#8420,#8428,#8440,#8453,#8461,#8479,#8492,#8509,#8526,#8544,#8559,#8575,#8590,#8607,#8628,#8645,#8660,#8677,#8694,#8711,#8728,#8745,#8758,#8779,#8797,#8811));
#8813=MANIFOLD_SOLID_BREP('',#8812);
#8814=COLOUR_RGB('',1.0,1.0,1.0);
#8815=FILL_AREA_STYLE_COLOUR('',#8814);
#8816=FILL_AREA_STYLE('',(#8815));
#8817=SURFACE_STYLE_FILL_AREA(#8816);
#8818=SURFACE_SIDE_STYLE('',(#8817));
#8819=SURFACE_STYLE_USAGE(.BOTH.,#8818);
#8820=PRESENTATION_STYLE_ASSIGNMENT((#8819));
#8821=STYLED_ITEM('',(#8820),#8813);
#8822=ADVANCED_BREP_SHAPE_REPRESENTATION('',(#8813),*);
#8823=PRODUCT_DEFINITION('','',*,*);
#8824=PRODUCT_DEFINITION_SHAPE('','',#8823);
#8825=SHAPE_REPRESENTATION('',(#13),*);
#8826=SHAPE_DEFINITION_REPRESENTATION(#8824,#8825);
#8827=SHAPE_REPRESENTATION_RELATIONSHIP('','',#8825,#8822);
#8828=CARTESIAN_POINT('',(0.8,0.65,0.55));
#8829=VERTEX_POINT('',#8828);
#8830=CARTESIAN_POINT('',(0.8,0.65,0.6));
#8831=VERTEX_POINT('',#8830);
#8832=CARTESIAN_POINT('',(0.95,0.65,0.55));
#8833=VERTEX_POINT('',#8832);
#8834=CARTESIAN_POINT('',(1.0,0.65,0.6));
#8835=VERTEX_POINT('',#8834);
#8836=CARTESIAN_POINT('',(0.95,0.65,0.05));
#8837=VERTEX_POINT('',#8836);
#8838=CARTESIAN_POINT('',(1.0,0.65,0.0));
#8839=VERTEX_POINT('',#8838);
#8840=CARTESIAN_POINT('',(0.6,0.65,0.05));
#8841=VERTEX_POINT('',#8840);
#8842=CARTESIAN_POINT('',(0.6,0.65,0.0));
#8843=VERTEX_POINT('',#8842);
#8844=CARTESIAN_POINT('',(-0.6,0.65,0.05));
#8845=VERTEX_POINT('',#8844);
#8846=CARTESIAN_POINT('',(-0.6,0.65,0.0));
#8847=VERTEX_POINT('',#8846);
#8848=CARTESIAN_POINT('',(-0.95,0.65,0.05));
#8849=VERTEX_POINT('',#8848);
#8850=CARTESIAN_POINT('',(-1.0,0.65,0.0));
#8851=VERTEX_POINT('',#8850);
#8852=CARTESIAN_POINT('',(-0.95,0.65,0.55));
#8853=VERTEX_POINT('',#8852);
#8854=CARTESIAN_POINT('',(-1.0,0.65,0.6));
#8855=VERTEX_POINT('',#8854);
#8856=CARTESIAN_POINT('',(-0.8,0.65,0.55));
#8857=VERTEX_POINT('',#8856);
#8858=CARTESIAN_POINT('',(-0.8,0.65,0.6));
#8859=VERTEX_POINT('',#8858);
#8860=CARTESIAN_POINT('',(-0.8,0.55,0.6));
#8861=VERTEX_POINT('',#8860);
#8862=CARTESIAN_POINT('',(1.0,-0.65,0.6));
#8863=VERTEX_POINT('',#8862);
#8864=CARTESIAN_POINT('',(0.8,0.55,0.6));
#8865=VERTEX_POINT('',#8864);
#8866=CARTESIAN_POINT('',(-1.0,-0.65,0.6));
#8867=VERTEX_POINT('',#8866);
#8868=CARTESIAN_POINT('',(-0.8,-0.65,0.6));
#8869=VERTEX_POINT('',#8868);
#8870=CARTESIAN_POINT('',(-0.8,-0.55,0.6));
#8871=VERTEX_POINT('',#8870);
#8872=CARTESIAN_POINT('',(0.8,-0.65,0.6));
#8873=VERTEX_POINT('',#8872);
#8874=CARTESIAN_POINT('',(0.8,-0.55,0.6));
#8875=VERTEX_POINT('',#8874);
#8876=CARTESIAN_POINT('',(0.6,-0.65,0.0));
#8877=VERTEX_POINT('',#8876);
#8878=CARTESIAN_POINT('',(0.6,-0.55,0.05));
#8879=VERTEX_POINT('',#8878);
#8880=CARTESIAN_POINT('',(0.6,-0.65,0.05));
#8881=VERTEX_POINT('',#8880);
#8882=CARTESIAN_POINT('',(0.6,0.55,0.05));
#8883=VERTEX_POINT('',#8882);
#8884=CARTESIAN_POINT('',(0.6,0.55,0.1));
#8885=VERTEX_POINT('',#8884);
#8886=CARTESIAN_POINT('',(0.6,-0.55,0.1));
#8887=VERTEX_POINT('',#8886);
#8888=CARTESIAN_POINT('',(-0.6,-0.65,0.0));
#8889=VERTEX_POINT('',#8888);
#8890=CARTESIAN_POINT('',(-0.6,0.55,0.05));
#8891=VERTEX_POINT('',#8890);
#8892=CARTESIAN_POINT('',(-0.6,-0.65,0.05));
#8893=VERTEX_POINT('',#8892);
#8894=CARTESIAN_POINT('',(-0.6,-0.55,0.05));
#8895=VERTEX_POINT('',#8894);
#8896=CARTESIAN_POINT('',(-0.6,-0.55,0.1));
#8897=VERTEX_POINT('',#8896);
#8898=CARTESIAN_POINT('',(-0.6,0.55,0.1));
#8899=VERTEX_POINT('',#8898);
#8900=CARTESIAN_POINT('',(0.95,-0.65,0.05));
#8901=VERTEX_POINT('',#8900);
#8902=CARTESIAN_POINT('',(1.0,-0.65,0.0));
#8903=VERTEX_POINT('',#8902);
#8904=CARTESIAN_POINT('',(0.95,-0.65,0.55));
#8905=VERTEX_POINT('',#8904);
#8906=CARTESIAN_POINT('',(0.8,-0.65,0.55));
#8907=VERTEX_POINT('',#8906);
#8908=CARTESIAN_POINT('',(-1.0,-0.65,0.0));
#8909=VERTEX_POINT('',#8908);
#8910=CARTESIAN_POINT('',(-0.8,-0.65,0.55));
#8911=VERTEX_POINT('',#8910);
#8912=CARTESIAN_POINT('',(-0.95,-0.65,0.55));
#8913=VERTEX_POINT('',#8912);
#8914=CARTESIAN_POINT('',(-0.95,-0.65,0.05));
#8915=VERTEX_POINT('',#8914);
#8916=LINE('',#8828,#504);
#8917=EDGE_CURVE('',#8829,#8831,#8916,.T.);
#8918=DIRECTION('',(0.9486832980505139,0.0,-0.3162277660168377));
#8919=VECTOR('',#8918,1000.0);
#8920=LINE('',#8830,#8919);
#8921=EDGE_CURVE('',#8831,#8833,#8920,.T.);
#8922=LINE('',#8832,#525);
#8923=EDGE_CURVE('',#8833,#8829,#8922,.T.);
#8924=ORIENTED_EDGE('',*,*,#8917,.T.);
#8925=ORIENTED_EDGE('',*,*,#8921,.T.);
#8926=ORIENTED_EDGE('',*,*,#8923,.T.);
#8927=AXIS2_PLACEMENT_3D('',#8828,#822,#11);
#8928=PLANE('',#8927);
#8929=EDGE_LOOP('',(#8924,#8925,#8926));
#8930=FACE_BOUND('',#8929,.T.);
#8931=ADVANCED_FACE('',(#8930),#8928,.T.);
#8932=LINE('',#8830,#537);
#8933=EDGE_CURVE('',#8831,#8835,#8932,.T.);
#8934=DIRECTION('',(-0.7071067811865483,0.0,-0.7071067811865467));
#8935=VECTOR('',#8934,1000.0);
#8936=LINE('',#8834,#8935);
#8937=EDGE_CURVE('',#8835,#8833,#8936,.T.);
#8938=ORIENTED_EDGE('',*,*,#8921,.F.);
#8939=ORIENTED_EDGE('',*,*,#8933,.T.);
#8940=ORIENTED_EDGE('',*,*,#8937,.T.);
#8941=DIRECTION('',(0.0,1.0,-0.0));
#8942=DIRECTION('',(-0.9486832980505139,0.0,0.3162277660168377));
#8943=AXIS2_PLACEMENT_3D('',#8832,#8941,#8942);
#8944=PLANE('',#8943);
#8945=EDGE_LOOP('',(#8938,#8939,#8940));
#8946=FACE_BOUND('',#8945,.T.);
#8947=ADVANCED_FACE('',(#8946),#8944,.T.);
#8948=DIRECTION('',(-0.09053574604251861,0.0,-0.9958932064677037));
#8949=VECTOR('',#8948,1000.0);
#8950=LINE('',#8834,#8949);
#8951=EDGE_CURVE('',#8835,#8837,#8950,.T.);
#8952=LINE('',#8836,#504);
#8953=EDGE_CURVE('',#8837,#8833,#8952,.T.);
#8954=ORIENTED_EDGE('',*,*,#8937,.F.);
#8955=ORIENTED_EDGE('',*,*,#8951,.T.);
#8956=ORIENTED_EDGE('',*,*,#8953,.T.);
#8957=DIRECTION('',(0.7071067811865483,0.0,0.7071067811865467));
#8958=AXIS2_PLACEMENT_3D('',#8832,#822,#8957);
#8959=PLANE('',#8958);
#8960=EDGE_LOOP('',(#8954,#8955,#8956));
#8961=FACE_BOUND('',#8960,.T.);
#8962=ADVANCED_FACE('',(#8961),#8959,.T.);
#8963=DIRECTION('',(0.0,0.0,-1.0));
#8964=VECTOR('',#8963,1000.0);
#8965=LINE('',#8834,#8964);
#8966=EDGE_CURVE('',#8835,#8839,#8965,.T.);
#8967=DIRECTION('',(-0.7071067811865479,0.0,0.7071067811865472));
#8968=VECTOR('',#8967,1000.0);
#8969=LINE('',#8838,#8968);
#8970=EDGE_CURVE('',#8839,#8837,#8969,.T.);
#8971=ORIENTED_EDGE('',*,*,#8951,.F.);
#8972=ORIENTED_EDGE('',*,*,#8966,.T.);
#8973=ORIENTED_EDGE('',*,*,#8970,.T.);
#8974=DIRECTION('',(0.09053574604251861,0.0,0.9958932064677037));
#8975=AXIS2_PLACEMENT_3D('',#8836,#822,#8974);
#8976=PLANE('',#8975);
#8977=EDGE_LOOP('',(#8971,#8972,#8973));
#8978=FACE_BOUND('',#8977,.T.);
#8979=ADVANCED_FACE('',(#8978),#8976,.T.);
#8980=DIRECTION('',(-0.9922778767136676,0.0,0.12403473458920845));
#8981=VECTOR('',#8980,1000.0);
#8982=LINE('',#8838,#8981);
#8983=EDGE_CURVE('',#8839,#8841,#8982,.T.);
#8984=LINE('',#8840,#537);
#8985=EDGE_CURVE('',#8841,#8837,#8984,.T.);
#8986=ORIENTED_EDGE('',*,*,#8970,.F.);
#8987=ORIENTED_EDGE('',*,*,#8983,.T.);
#8988=ORIENTED_EDGE('',*,*,#8985,.T.);
#8989=DIRECTION('',(0.0,1.0,0.0));
#8990=DIRECTION('',(0.7071067811865479,0.0,-0.7071067811865472));
#8991=AXIS2_PLACEMENT_3D('',#8836,#8989,#8990);
#8992=PLANE('',#8991);
#8993=EDGE_LOOP('',(#8986,#8987,#8988));
#8994=FACE_BOUND('',#8993,.T.);
#8995=ADVANCED_FACE('',(#8994),#8992,.T.);
#8996=LINE('',#8838,#525);
#8997=EDGE_CURVE('',#8839,#8843,#8996,.T.);
#8998=LINE('',#8842,#504);
#8999=EDGE_CURVE('',#8843,#8841,#8998,.T.);
#9000=ORIENTED_EDGE('',*,*,#8983,.F.);
#9001=ORIENTED_EDGE('',*,*,#8997,.T.);
#9002=ORIENTED_EDGE('',*,*,#8999,.T.);
#9003=DIRECTION('',(0.0,1.0,0.0));
#9004=DIRECTION('',(0.9922778767136676,0.0,-0.12403473458920845));
#9005=AXIS2_PLACEMENT_3D('',#8840,#9003,#9004);
#9006=PLANE('',#9005);
#9007=EDGE_LOOP('',(#9000,#9001,#9002));
#9008=FACE_BOUND('',#9007,.T.);
#9009=ADVANCED_FACE('',(#9008),#9006,.T.);
#9010=DIRECTION('',(0.0,0.0,-1.0));
#9011=VECTOR('',#9010,1000.0);
#9012=LINE('',#8844,#9011);
#9013=EDGE_CURVE('',#8845,#8847,#9012,.T.);
#9014=DIRECTION('',(-0.9899494936611666,0.0,0.14142135623730953));
#9015=VECTOR('',#9014,1000.0);
#9016=LINE('',#8846,#9015);
#9017=EDGE_CURVE('',#8847,#8849,#9016,.T.);
#9018=LINE('',#8848,#537);
#9019=EDGE_CURVE('',#8849,#8845,#9018,.T.);
#9020=ORIENTED_EDGE('',*,*,#9013,.T.);
#9021=ORIENTED_EDGE('',*,*,#9017,.T.);
#9022=ORIENTED_EDGE('',*,*,#9019,.T.);
#9023=DIRECTION('',(0.0,1.0,0.0));
#9024=DIRECTION('',(0.0,0.0,-1.0));
#9025=AXIS2_PLACEMENT_3D('',#8844,#9023,#9024);
#9026=PLANE('',#9025);
#9027=EDGE_LOOP('',(#9020,#9021,#9022));
#9028=FACE_BOUND('',#9027,.T.);
#9029=ADVANCED_FACE('',(#9028),#9026,.T.);
#9030=LINE('',#8846,#525);
#9031=EDGE_CURVE('',#8847,#8851,#9030,.T.);
#9032=VECTOR('',#8957,1000.0);
#9033=LINE('',#8850,#9032);
#9034=EDGE_CURVE('',#8851,#8849,#9033,.T.);
#9035=ORIENTED_EDGE('',*,*,#9017,.F.);
#9036=ORIENTED_EDGE('',*,*,#9031,.T.);
#9037=ORIENTED_EDGE('',*,*,#9034,.T.);
#9038=DIRECTION('',(0.0,1.0,0.0));
#9039=DIRECTION('',(0.9899494936611666,0.0,-0.14142135623730953));
#9040=AXIS2_PLACEMENT_3D('',#8848,#9038,#9039);
#9041=PLANE('',#9040);
#9042=EDGE_LOOP('',(#9035,#9036,#9037));
#9043=FACE_BOUND('',#9042,.T.);
#9044=ADVANCED_FACE('',(#9043),#9041,.T.);
#9045=VECTOR('',#8974,1000.0);
#9046=LINE('',#8850,#9045);
#9047=EDGE_CURVE('',#8851,#8853,#9046,.T.);
#9048=DIRECTION('',(0.0,0.0,-1.0));
#9049=VECTOR('',#9048,1000.0);
#9050=LINE('',#8852,#9049);
#9051=EDGE_CURVE('',#8853,#8849,#9050,.T.);
#9052=ORIENTED_EDGE('',*,*,#9034,.F.);
#9053=ORIENTED_EDGE('',*,*,#9047,.T.);
#9054=ORIENTED_EDGE('',*,*,#9051,.T.);
#9055=DIRECTION('',(0.0,1.0,-0.0));
#9056=AXIS2_PLACEMENT_3D('',#8848,#9055,#8934);
#9057=PLANE('',#9056);
#9058=EDGE_LOOP('',(#9052,#9053,#9054));
#9059=FACE_BOUND('',#9058,.T.);
#9060=ADVANCED_FACE('',(#9059),#9057,.T.);
#9061=LINE('',#8850,#504);
#9062=EDGE_CURVE('',#8851,#8855,#9061,.T.);
#9063=DIRECTION('',(0.7071067811865483,0.0,-0.7071067811865467));
#9064=VECTOR('',#9063,1000.0);
#9065=LINE('',#8854,#9064);
#9066=EDGE_CURVE('',#8855,#8853,#9065,.T.);
#9067=ORIENTED_EDGE('',*,*,#9047,.F.);
#9068=ORIENTED_EDGE('',*,*,#9062,.T.);
#9069=ORIENTED_EDGE('',*,*,#9066,.T.);
#9070=DIRECTION('',(0.0,1.0,-0.0));
#9071=AXIS2_PLACEMENT_3D('',#8852,#9070,#8948);
#9072=PLANE('',#9071);
#9073=EDGE_LOOP('',(#9067,#9068,#9069));
#9074=FACE_BOUND('',#9073,.T.);
#9075=ADVANCED_FACE('',(#9074),#9072,.T.);
#9076=DIRECTION('',(0.9701425001453319,0.0,-0.24253562503633272));
#9077=VECTOR('',#9076,1000.0);
#9078=LINE('',#8854,#9077);
#9079=EDGE_CURVE('',#8855,#8857,#9078,.T.);
#9080=LINE('',#8856,#525);
#9081=EDGE_CURVE('',#8857,#8853,#9080,.T.);
#9082=ORIENTED_EDGE('',*,*,#9066,.F.);
#9083=ORIENTED_EDGE('',*,*,#9079,.T.);
#9084=ORIENTED_EDGE('',*,*,#9081,.T.);
#9085=DIRECTION('',(-0.0,1.0,-0.0));
#9086=DIRECTION('',(-0.7071067811865483,0.0,0.7071067811865467));
#9087=AXIS2_PLACEMENT_3D('',#8852,#9085,#9086);
#9088=PLANE('',#9087);
#9089=EDGE_LOOP('',(#9082,#9083,#9084));
#9090=FACE_BOUND('',#9089,.T.);
#9091=ADVANCED_FACE('',(#9090),#9088,.T.);
#9092=LINE('',#8854,#537);
#9093=EDGE_CURVE('',#8855,#8859,#9092,.T.);
#9094=DIRECTION('',(0.0,0.0,-1.0));
#9095=VECTOR('',#9094,1000.0);
#9096=LINE('',#8858,#9095);
#9097=EDGE_CURVE('',#8859,#8857,#9096,.T.);
#9098=ORIENTED_EDGE('',*,*,#9079,.F.);
#9099=ORIENTED_EDGE('',*,*,#9093,.T.);
#9100=ORIENTED_EDGE('',*,*,#9097,.T.);
#9101=DIRECTION('',(0.0,1.0,-0.0));
#9102=DIRECTION('',(-0.9701425001453319,0.0,0.24253562503633272));
#9103=AXIS2_PLACEMENT_3D('',#8856,#9101,#9102);
#9104=PLANE('',#9103);
#9105=EDGE_LOOP('',(#9098,#9099,#9100));
#9106=FACE_BOUND('',#9105,.T.);
#9107=ADVANCED_FACE('',(#9106),#9104,.T.);
#9108=DIRECTION('',(0.0,1.0,0.0));
#9109=VECTOR('',#9108,1000.0);
#9110=LINE('',#8860,#9109);
#9111=EDGE_CURVE('',#8861,#8859,#9110,.T.);
#9112=LINE('',#8854,#7866);
#9113=EDGE_CURVE('',#8855,#8861,#9112,.T.);
#9114=ORIENTED_EDGE('',*,*,#9111,.T.);
#9115=ORIENTED_EDGE('',*,*,#9093,.F.);
#9116=ORIENTED_EDGE('',*,*,#9113,.T.);
#9117=DIRECTION('',(0.0,1.0,0.0));
#9118=AXIS2_PLACEMENT_3D('',#8860,#648,#9117);
#9119=PLANE('',#9118);
#9120=EDGE_LOOP('',(#9114,#9115,#9116));
#9121=FACE_BOUND('',#9120,.T.);
#9122=ADVANCED_FACE('',(#9121),#9119,.T.);
#9123=DIRECTION('',(0.0,1.0,0.0));
#9124=VECTOR('',#9123,1000.0);
#9125=LINE('',#8862,#9124);
#9126=EDGE_CURVE('',#8863,#8835,#9125,.T.);
#9127=DIRECTION('',(-0.894427190999916,-0.447213595499958,0.0));
#9128=VECTOR('',#9127,1000.0);
#9129=LINE('',#8834,#9128);
#9130=EDGE_CURVE('',#8835,#8865,#9129,.T.);
#9131=DIRECTION('',(0.16439898730535724,-0.9863939238321437,0.0));
#9132=VECTOR('',#9131,1000.0);
#9133=LINE('',#8864,#9132);
#9134=EDGE_CURVE('',#8865,#8863,#9133,.T.);
#9135=ORIENTED_EDGE('',*,*,#9126,.T.);
#9136=ORIENTED_EDGE('',*,*,#9130,.T.);
#9137=ORIENTED_EDGE('',*,*,#9134,.T.);
#9138=DIRECTION('',(0.0,1.0,0.0));
#9139=AXIS2_PLACEMENT_3D('',#8862,#648,#9138);
#9140=PLANE('',#9139);
#9141=EDGE_LOOP('',(#9135,#9136,#9137));
#9142=FACE_BOUND('',#9141,.T.);
#9143=ADVANCED_FACE('',(#9142),#9140,.T.);
#9144=LINE('',#8830,#487);
#9145=EDGE_CURVE('',#8831,#8865,#9144,.T.);
#9146=ORIENTED_EDGE('',*,*,#9130,.F.);
#9147=ORIENTED_EDGE('',*,*,#8933,.F.);
#9148=ORIENTED_EDGE('',*,*,#9145,.T.);
#9149=DIRECTION('',(0.894427190999916,0.447213595499958,0.0));
#9150=AXIS2_PLACEMENT_3D('',#8864,#648,#9149);
#9151=PLANE('',#9150);
#9152=EDGE_LOOP('',(#9146,#9147,#9148));
#9153=FACE_BOUND('',#9152,.T.);
#9154=ADVANCED_FACE('',(#9153),#9151,.T.);
#9155=LINE('',#8866,#537);
#9156=EDGE_CURVE('',#8867,#8869,#9155,.T.);
#9157=DIRECTION('',(0.0,1.0,0.0));
#9158=VECTOR('',#9157,1000.0);
#9159=LINE('',#8868,#9158);
#9160=EDGE_CURVE('',#8869,#8871,#9159,.T.);
#9161=LINE('',#8870,#9128);
#9162=EDGE_CURVE('',#8871,#8867,#9161,.T.);
#9163=ORIENTED_EDGE('',*,*,#9156,.T.);
#9164=ORIENTED_EDGE('',*,*,#9160,.T.);
#9165=ORIENTED_EDGE('',*,*,#9162,.T.);
#9166=AXIS2_PLACEMENT_3D('',#8866,#11,#12);
#9167=PLANE('',#9166);
#9168=EDGE_LOOP('',(#9163,#9164,#9165));
#9169=FACE_BOUND('',#9168,.T.);
#9170=ADVANCED_FACE('',(#9169),#9167,.T.);
#9171=LINE('',#8872,#537);
#9172=EDGE_CURVE('',#8873,#8863,#9171,.T.);
#9173=DIRECTION('',(-0.894427190999916,0.447213595499958,0.0));
#9174=VECTOR('',#9173,1000.0);
#9175=LINE('',#8862,#9174);
#9176=EDGE_CURVE('',#8863,#8875,#9175,.T.);
#9177=LINE('',#8874,#487);
#9178=EDGE_CURVE('',#8875,#8873,#9177,.T.);
#9179=ORIENTED_EDGE('',*,*,#9172,.T.);
#9180=ORIENTED_EDGE('',*,*,#9176,.T.);
#9181=ORIENTED_EDGE('',*,*,#9178,.T.);
#9182=AXIS2_PLACEMENT_3D('',#8872,#648,#12);
#9183=PLANE('',#9182);
#9184=EDGE_LOOP('',(#9179,#9180,#9181));
#9185=FACE_BOUND('',#9184,.T.);
#9186=ADVANCED_FACE('',(#9185),#9183,.T.);
#9187=LINE('',#8864,#487);
#9188=EDGE_CURVE('',#8865,#8875,#9187,.T.);
#9189=ORIENTED_EDGE('',*,*,#9176,.F.);
#9190=ORIENTED_EDGE('',*,*,#9134,.F.);
#9191=ORIENTED_EDGE('',*,*,#9188,.T.);
#9192=DIRECTION('',(-0.0,-0.0,1.0));
#9193=AXIS2_PLACEMENT_3D('',#8874,#9192,#7865);
#9194=PLANE('',#9193);
#9195=EDGE_LOOP('',(#9189,#9190,#9191));
#9196=FACE_BOUND('',#9195,.T.);
#9197=ADVANCED_FACE('',(#9196),#9194,.T.);
#9198=DIRECTION('',(-0.8240419241993676,-0.5665288228870652,0.0));
#9199=VECTOR('',#9198,1000.0);
#9200=LINE('',#8864,#9199);
#9201=EDGE_CURVE('',#8865,#8871,#9200,.T.);
#9202=LINE('',#8870,#537);
#9203=EDGE_CURVE('',#8871,#8875,#9202,.T.);
#9204=ORIENTED_EDGE('',*,*,#9188,.F.);
#9205=ORIENTED_EDGE('',*,*,#9201,.T.);
#9206=ORIENTED_EDGE('',*,*,#9203,.T.);
#9207=DIRECTION('',(0.0,1.0,0.0));
#9208=AXIS2_PLACEMENT_3D('',#8874,#648,#9207);
#9209=PLANE('',#9208);
#9210=EDGE_LOOP('',(#9204,#9205,#9206));
#9211=FACE_BOUND('',#9210,.T.);
#9212=ADVANCED_FACE('',(#9211),#9209,.T.);
#9213=LINE('',#8864,#525);
#9214=EDGE_CURVE('',#8865,#8861,#9213,.T.);
#9215=LINE('',#8860,#487);
#9216=EDGE_CURVE('',#8861,#8871,#9215,.T.);
#9217=ORIENTED_EDGE('',*,*,#9201,.F.);
#9218=ORIENTED_EDGE('',*,*,#9214,.T.);
#9219=ORIENTED_EDGE('',*,*,#9216,.T.);
#9220=DIRECTION('',(0.8240419241993676,0.5665288228870652,0.0));
#9221=AXIS2_PLACEMENT_3D('',#8870,#648,#9220);
#9222=PLANE('',#9221);
#9223=EDGE_LOOP('',(#9217,#9218,#9219));
#9224=FACE_BOUND('',#9223,.T.);
#9225=ADVANCED_FACE('',(#9224),#9222,.T.);
#9226=VECTOR('',#4970,1000.0);
#9227=LINE('',#8860,#9226);
#9228=EDGE_CURVE('',#8861,#8867,#9227,.T.);
#9229=ORIENTED_EDGE('',*,*,#9216,.F.);
#9230=ORIENTED_EDGE('',*,*,#9228,.T.);
#9231=ORIENTED_EDGE('',*,*,#9162,.F.);
#9232=DIRECTION('',(0.0,1.0,0.0));
#9233=AXIS2_PLACEMENT_3D('',#8870,#648,#9232);
#9234=PLANE('',#9233);
#9235=EDGE_LOOP('',(#9229,#9230,#9231));
#9236=FACE_BOUND('',#9235,.T.);
#9237=ADVANCED_FACE('',(#9236),#9234,.T.);
#9238=LINE('',#8854,#487);
#9239=EDGE_CURVE('',#8855,#8867,#9238,.T.);
#9240=ORIENTED_EDGE('',*,*,#9228,.F.);
#9241=ORIENTED_EDGE('',*,*,#9113,.F.);
#9242=ORIENTED_EDGE('',*,*,#9239,.T.);
#9243=AXIS2_PLACEMENT_3D('',#8866,#648,#4950);
#9244=PLANE('',#9243);
#9245=EDGE_LOOP('',(#9240,#9241,#9242));
#9246=FACE_BOUND('',#9245,.T.);
#9247=ADVANCED_FACE('',(#9246),#9244,.T.);
#9248=LINE('',#8842,#487);
#9249=EDGE_CURVE('',#8843,#8877,#9248,.T.);
#9250=LINE('',#8876,#6635);
#9251=EDGE_CURVE('',#8877,#8879,#9250,.T.);
#9252=DIRECTION('',(0.0,0.9991330730923519,-0.041630544712181326));
#9253=VECTOR('',#9252,1000.0);
#9254=LINE('',#8878,#9253);
#9255=EDGE_CURVE('',#8879,#8843,#9254,.T.);
#9256=ORIENTED_EDGE('',*,*,#9249,.T.);
#9257=ORIENTED_EDGE('',*,*,#9251,.T.);
#9258=ORIENTED_EDGE('',*,*,#9255,.T.);
#9259=AXIS2_PLACEMENT_3D('',#8842,#524,#486);
#9260=PLANE('',#9259);
#9261=EDGE_LOOP('',(#9256,#9257,#9258));
#9262=FACE_BOUND('',#9261,.T.);
#9263=ADVANCED_FACE('',(#9262),#9260,.T.);
#9264=LINE('',#8876,#504);
#9265=EDGE_CURVE('',#8877,#8881,#9264,.T.);
#9266=DIRECTION('',(0.0,1.0,0.0));
#9267=VECTOR('',#9266,1000.0);
#9268=LINE('',#8880,#9267);
#9269=EDGE_CURVE('',#8881,#8879,#9268,.T.);
#9270=ORIENTED_EDGE('',*,*,#9251,.F.);
#9271=ORIENTED_EDGE('',*,*,#9265,.T.);
#9272=ORIENTED_EDGE('',*,*,#9269,.T.);
#9273=DIRECTION('',(-1.0,-0.0,0.0));
#9274=DIRECTION('',(0.0,-0.8944271909999159,-0.44721359549995804));
#9275=AXIS2_PLACEMENT_3D('',#8878,#9273,#9274);
#9276=PLANE('',#9275);
#9277=EDGE_LOOP('',(#9270,#9271,#9272));
#9278=FACE_BOUND('',#9277,.T.);
#9279=ADVANCED_FACE('',(#9278),#9276,.T.);
#9280=LINE('',#8842,#6162);
#9281=EDGE_CURVE('',#8843,#8883,#9280,.T.);
#9282=DIRECTION('',(0.0,1.0,0.0));
#9283=VECTOR('',#9282,1000.0);
#9284=LINE('',#8882,#9283);
#9285=EDGE_CURVE('',#8883,#8841,#9284,.T.);
#9286=ORIENTED_EDGE('',*,*,#8999,.F.);
#9287=ORIENTED_EDGE('',*,*,#9281,.T.);
#9288=ORIENTED_EDGE('',*,*,#9285,.T.);
#9289=DIRECTION('',(0.0,0.0,-1.0));
#9290=AXIS2_PLACEMENT_3D('',#8840,#565,#9289);
#9291=PLANE('',#9290);
#9292=EDGE_LOOP('',(#9286,#9287,#9288));
#9293=FACE_BOUND('',#9292,.T.);
#9294=ADVANCED_FACE('',(#9293),#9291,.T.);
#9295=DIRECTION('',(0.0,1.0,0.0));
#9296=VECTOR('',#9295,1000.0);
#9297=LINE('',#8878,#9296);
#9298=EDGE_CURVE('',#8879,#8883,#9297,.T.);
#9299=ORIENTED_EDGE('',*,*,#9281,.F.);
#9300=ORIENTED_EDGE('',*,*,#9255,.F.);
#9301=ORIENTED_EDGE('',*,*,#9298,.T.);
#9302=DIRECTION('',(0.0,0.8944271909999159,-0.44721359549995804));
#9303=AXIS2_PLACEMENT_3D('',#8882,#565,#9302);
#9304=PLANE('',#9303);
#9305=EDGE_LOOP('',(#9299,#9300,#9301));
#9306=FACE_BOUND('',#9305,.T.);
#9307=ADVANCED_FACE('',(#9306),#9304,.T.);
#9308=DIRECTION('',(0.0,0.9989685402102996,0.04540766091864998));
#9309=VECTOR('',#9308,1000.0);
#9310=LINE('',#8878,#9309);
#9311=EDGE_CURVE('',#8879,#8885,#9310,.T.);
#9312=DIRECTION('',(0.0,0.0,-1.0));
#9313=VECTOR('',#9312,1000.0);
#9314=LINE('',#8884,#9313);
#9315=EDGE_CURVE('',#8885,#8883,#9314,.T.);
#9316=ORIENTED_EDGE('',*,*,#9298,.F.);
#9317=ORIENTED_EDGE('',*,*,#9311,.T.);
#9318=ORIENTED_EDGE('',*,*,#9315,.T.);
#9319=AXIS2_PLACEMENT_3D('',#8882,#524,#486);
#9320=PLANE('',#9319);
#9321=EDGE_LOOP('',(#9316,#9317,#9318));
#9322=FACE_BOUND('',#9321,.T.);
#9323=ADVANCED_FACE('',(#9322),#9320,.T.);
#9324=LINE('',#8878,#504);
#9325=EDGE_CURVE('',#8879,#8887,#9324,.T.);
#9326=DIRECTION('',(0.0,1.0,0.0));
#9327=VECTOR('',#9326,1000.0);
#9328=LINE('',#8886,#9327);
#9329=EDGE_CURVE('',#8887,#8885,#9328,.T.);
#9330=ORIENTED_EDGE('',*,*,#9311,.F.);
#9331=ORIENTED_EDGE('',*,*,#9325,.T.);
#9332=ORIENTED_EDGE('',*,*,#9329,.T.);
#9333=DIRECTION('',(-1.0,-0.0,0.0));
#9334=DIRECTION('',(0.0,-0.9989685402102996,-0.04540766091864998));
#9335=AXIS2_PLACEMENT_3D('',#8884,#9333,#9334);
#9336=PLANE('',#9335);
#9337=EDGE_LOOP('',(#9330,#9331,#9332));
#9338=FACE_BOUND('',#9337,.T.);
#9339=ADVANCED_FACE('',(#9338),#9336,.T.);
#9340=DIRECTION('',(0.0,1.0,0.0));
#9341=VECTOR('',#9340,1000.0);
#9342=LINE('',#8888,#9341);
#9343=EDGE_CURVE('',#8889,#8847,#9342,.T.);
#9344=LINE('',#8846,#6162);
#9345=EDGE_CURVE('',#8847,#8891,#9344,.T.);
#9346=DIRECTION('',(0.0,-0.9991330730923519,-0.041630544712181326));
#9347=VECTOR('',#9346,1000.0);
#9348=LINE('',#8890,#9347);
#9349=EDGE_CURVE('',#8891,#8889,#9348,.T.);
#9350=ORIENTED_EDGE('',*,*,#9343,.T.);
#9351=ORIENTED_EDGE('',*,*,#9345,.T.);
#9352=ORIENTED_EDGE('',*,*,#9349,.T.);
#9353=DIRECTION('',(1.0,0.0,-0.0));
#9354=DIRECTION('',(0.0,1.0,0.0));
#9355=AXIS2_PLACEMENT_3D('',#8888,#9353,#9354);
#9356=PLANE('',#9355);
#9357=EDGE_LOOP('',(#9350,#9351,#9352));
#9358=FACE_BOUND('',#9357,.T.);
#9359=ADVANCED_FACE('',(#9358),#9356,.T.);
#9360=LINE('',#8844,#487);
#9361=EDGE_CURVE('',#8845,#8891,#9360,.T.);
#9362=ORIENTED_EDGE('',*,*,#9345,.F.);
#9363=ORIENTED_EDGE('',*,*,#9013,.F.);
#9364=ORIENTED_EDGE('',*,*,#9361,.T.);
#9365=DIRECTION('',(0.0,0.8944271909999159,-0.44721359549995804));
#9366=AXIS2_PLACEMENT_3D('',#8890,#493,#9365);
#9367=PLANE('',#9366);
#9368=EDGE_LOOP('',(#9362,#9363,#9364));
#9369=FACE_BOUND('',#9368,.T.);
#9370=ADVANCED_FACE('',(#9369),#9367,.T.);
#9371=DIRECTION('',(0.0,0.0,-1.0));
#9372=VECTOR('',#9371,1000.0);
#9373=LINE('',#8892,#9372);
#9374=EDGE_CURVE('',#8893,#8889,#9373,.T.);
#9375=LINE('',#8888,#6635);
#9376=EDGE_CURVE('',#8889,#8895,#9375,.T.);
#9377=LINE('',#8894,#487);
#9378=EDGE_CURVE('',#8895,#8893,#9377,.T.);
#9379=ORIENTED_EDGE('',*,*,#9374,.T.);
#9380=ORIENTED_EDGE('',*,*,#9376,.T.);
#9381=ORIENTED_EDGE('',*,*,#9378,.T.);
#9382=DIRECTION('',(0.0,0.0,-1.0));
#9383=AXIS2_PLACEMENT_3D('',#8892,#493,#9382);
#9384=PLANE('',#9383);
#9385=EDGE_LOOP('',(#9379,#9380,#9381));
#9386=FACE_BOUND('',#9385,.T.);
#9387=ADVANCED_FACE('',(#9386),#9384,.T.);
#9388=LINE('',#8890,#487);
#9389=EDGE_CURVE('',#8891,#8895,#9388,.T.);
#9390=ORIENTED_EDGE('',*,*,#9376,.F.);
#9391=ORIENTED_EDGE('',*,*,#9349,.F.);
#9392=ORIENTED_EDGE('',*,*,#9389,.T.);
#9393=DIRECTION('',(0.0,-0.8944271909999159,-0.44721359549995804));
#9394=AXIS2_PLACEMENT_3D('',#8894,#493,#9393);
#9395=PLANE('',#9394);
#9396=EDGE_LOOP('',(#9390,#9391,#9392));
#9397=FACE_BOUND('',#9396,.T.);
#9398=ADVANCED_FACE('',(#9397),#9395,.T.);
#9399=DIRECTION('',(0.0,-0.9989685402102996,0.04540766091864998));
#9400=VECTOR('',#9399,1000.0);
#9401=LINE('',#8890,#9400);
#9402=EDGE_CURVE('',#8891,#8897,#9401,.T.);
#9403=DIRECTION('',(0.0,0.0,-1.0));
#9404=VECTOR('',#9403,1000.0);
#9405=LINE('',#8896,#9404);
#9406=EDGE_CURVE('',#8897,#8895,#9405,.T.);
#9407=ORIENTED_EDGE('',*,*,#9389,.F.);
#9408=ORIENTED_EDGE('',*,*,#9402,.T.);
#9409=ORIENTED_EDGE('',*,*,#9406,.T.);
#9410=DIRECTION('',(1.0,0.0,-0.0));
#9411=DIRECTION('',(0.0,1.0,0.0));
#9412=AXIS2_PLACEMENT_3D('',#8894,#9410,#9411);
#9413=PLANE('',#9412);
#9414=EDGE_LOOP('',(#9407,#9408,#9409));
#9415=FACE_BOUND('',#9414,.T.);
#9416=ADVANCED_FACE('',(#9415),#9413,.T.);
#9417=LINE('',#8890,#504);
#9418=EDGE_CURVE('',#8891,#8899,#9417,.T.);
#9419=LINE('',#8898,#487);
#9420=EDGE_CURVE('',#8899,#8897,#9419,.T.);
#9421=ORIENTED_EDGE('',*,*,#9402,.F.);
#9422=ORIENTED_EDGE('',*,*,#9418,.T.);
#9423=ORIENTED_EDGE('',*,*,#9420,.T.);
#9424=DIRECTION('',(0.0,0.9989685402102996,-0.04540766091864998));
#9425=AXIS2_PLACEMENT_3D('',#8896,#493,#9424);
#9426=PLANE('',#9425);
#9427=EDGE_LOOP('',(#9421,#9422,#9423));
#9428=FACE_BOUND('',#9427,.T.);
#9429=ADVANCED_FACE('',(#9428),#9426,.T.);
#9430=LINE('',#8886,#525);
#9431=EDGE_CURVE('',#8887,#8897,#9430,.T.);
#9432=DIRECTION('',(0.7371541402007413,0.6757246285173463,0.0));
#9433=VECTOR('',#9432,1000.0);
#9434=LINE('',#8896,#9433);
#9435=EDGE_CURVE('',#8897,#8885,#9434,.T.);
#9436=ORIENTED_EDGE('',*,*,#9431,.T.);
#9437=ORIENTED_EDGE('',*,*,#9435,.T.);
#9438=ORIENTED_EDGE('',*,*,#9329,.F.);
#9439=DIRECTION('',(0.0,0.0,-1.0));
#9440=AXIS2_PLACEMENT_3D('',#8886,#9439,#524);
#9441=PLANE('',#9440);
#9442=EDGE_LOOP('',(#9436,#9437,#9438));
#9443=FACE_BOUND('',#9442,.T.);
#9444=ADVANCED_FACE('',(#9443),#9441,.T.);
#9445=LINE('',#8898,#537);
#9446=EDGE_CURVE('',#8899,#8885,#9445,.T.);
#9447=ORIENTED_EDGE('',*,*,#9435,.F.);
#9448=ORIENTED_EDGE('',*,*,#9420,.F.);
#9449=ORIENTED_EDGE('',*,*,#9446,.T.);
#9450=DIRECTION('',(-0.7371541402007413,-0.6757246285173463,0.0));
#9451=AXIS2_PLACEMENT_3D('',#8884,#1144,#9450);
#9452=PLANE('',#9451);
#9453=EDGE_LOOP('',(#9447,#9448,#9449));
#9454=FACE_BOUND('',#9453,.T.);
#9455=ADVANCED_FACE('',(#9454),#9452,.T.);
#9456=DIRECTION('',(0.9899494936611666,0.0,0.14142135623730953));
#9457=VECTOR('',#9456,1000.0);
#9458=LINE('',#8876,#9457);
#9459=EDGE_CURVE('',#8877,#8901,#9458,.T.);
#9460=LINE('',#8900,#525);
#9461=EDGE_CURVE('',#8901,#8881,#9460,.T.);
#9462=ORIENTED_EDGE('',*,*,#9265,.F.);
#9463=ORIENTED_EDGE('',*,*,#9459,.T.);
#9464=ORIENTED_EDGE('',*,*,#9461,.T.);
#9465=DIRECTION('',(0.0,0.0,-1.0));
#9466=AXIS2_PLACEMENT_3D('',#8880,#486,#9465);
#9467=PLANE('',#9466);
#9468=EDGE_LOOP('',(#9462,#9463,#9464));
#9469=FACE_BOUND('',#9468,.T.);
#9470=ADVANCED_FACE('',(#9469),#9467,.T.);
#9471=LINE('',#8876,#537);
#9472=EDGE_CURVE('',#8877,#8903,#9471,.T.);
#9473=DIRECTION('',(-0.7071067811865479,0.0,0.7071067811865472));
#9474=VECTOR('',#9473,1000.0);
#9475=LINE('',#8902,#9474);
#9476=EDGE_CURVE('',#8903,#8901,#9475,.T.);
#9477=ORIENTED_EDGE('',*,*,#9459,.F.);
#9478=ORIENTED_EDGE('',*,*,#9472,.T.);
#9479=ORIENTED_EDGE('',*,*,#9476,.T.);
#9480=DIRECTION('',(0.0,-1.0,-0.0));
#9481=DIRECTION('',(-0.9899494936611666,0.0,-0.14142135623730953));
#9482=AXIS2_PLACEMENT_3D('',#8900,#9480,#9481);
#9483=PLANE('',#9482);
#9484=EDGE_LOOP('',(#9477,#9478,#9479));
#9485=FACE_BOUND('',#9484,.T.);
#9486=ADVANCED_FACE('',(#9485),#9483,.T.);
#9487=DIRECTION('',(-0.09053574604251861,0.0,0.995893206467704));
#9488=VECTOR('',#9487,1000.0);
#9489=LINE('',#8902,#9488);
#9490=EDGE_CURVE('',#8903,#8905,#9489,.T.);
#9491=DIRECTION('',(0.0,0.0,-1.0));
#9492=VECTOR('',#9491,1000.0);
#9493=LINE('',#8904,#9492);
#9494=EDGE_CURVE('',#8905,#8901,#9493,.T.);
#9495=ORIENTED_EDGE('',*,*,#9476,.F.);
#9496=ORIENTED_EDGE('',*,*,#9490,.T.);
#9497=ORIENTED_EDGE('',*,*,#9494,.T.);
#9498=DIRECTION('',(0.7071067811865479,0.0,-0.7071067811865472));
#9499=AXIS2_PLACEMENT_3D('',#8900,#486,#9498);
#9500=PLANE('',#9499);
#9501=EDGE_LOOP('',(#9495,#9496,#9497));
#9502=FACE_BOUND('',#9501,.T.);
#9503=ADVANCED_FACE('',(#9502),#9500,.T.);
#9504=LINE('',#8902,#504);
#9505=EDGE_CURVE('',#8903,#8863,#9504,.T.);
#9506=LINE('',#8862,#8935);
#9507=EDGE_CURVE('',#8863,#8905,#9506,.T.);
#9508=ORIENTED_EDGE('',*,*,#9490,.F.);
#9509=ORIENTED_EDGE('',*,*,#9505,.T.);
#9510=ORIENTED_EDGE('',*,*,#9507,.T.);
#9511=DIRECTION('',(0.09053574604251861,0.0,-0.995893206467704));
#9512=AXIS2_PLACEMENT_3D('',#8904,#486,#9511);
#9513=PLANE('',#9512);
#9514=EDGE_LOOP('',(#9508,#9509,#9510));
#9515=FACE_BOUND('',#9514,.T.);
#9516=ADVANCED_FACE('',(#9515),#9513,.T.);
#9517=DIRECTION('',(-0.9701425001453319,0.0,-0.24253562503633272));
#9518=VECTOR('',#9517,1000.0);
#9519=LINE('',#8862,#9518);
#9520=EDGE_CURVE('',#8863,#8907,#9519,.T.);
#9521=LINE('',#8906,#537);
#9522=EDGE_CURVE('',#8907,#8905,#9521,.T.);
#9523=ORIENTED_EDGE('',*,*,#9507,.F.);
#9524=ORIENTED_EDGE('',*,*,#9520,.T.);
#9525=ORIENTED_EDGE('',*,*,#9522,.T.);
#9526=DIRECTION('',(-0.0,-1.0,0.0));
#9527=AXIS2_PLACEMENT_3D('',#8904,#9526,#8957);
#9528=PLANE('',#9527);
#9529=EDGE_LOOP('',(#9523,#9524,#9525));
#9530=FACE_BOUND('',#9529,.T.);
#9531=ADVANCED_FACE('',(#9530),#9528,.T.);
#9532=DIRECTION('',(0.0,0.0,-1.0));
#9533=VECTOR('',#9532,1000.0);
#9534=LINE('',#8872,#9533);
#9535=EDGE_CURVE('',#8873,#8907,#9534,.T.);
#9536=ORIENTED_EDGE('',*,*,#9520,.F.);
#9537=ORIENTED_EDGE('',*,*,#9172,.F.);
#9538=ORIENTED_EDGE('',*,*,#9535,.T.);
#9539=DIRECTION('',(0.9701425001453319,0.0,0.24253562503633272));
#9540=AXIS2_PLACEMENT_3D('',#8906,#486,#9539);
#9541=PLANE('',#9540);
#9542=EDGE_LOOP('',(#9536,#9537,#9538));
#9543=FACE_BOUND('',#9542,.T.);
#9544=ADVANCED_FACE('',(#9543),#9541,.T.);
#9545=LINE('',#8838,#487);
#9546=EDGE_CURVE('',#8839,#8903,#9545,.T.);
#9547=DIRECTION('',(-0.29408584883752314,0.9557790087219502,0.0));
#9548=VECTOR('',#9547,1000.0);
#9549=LINE('',#8902,#9548);
#9550=EDGE_CURVE('',#8903,#8843,#9549,.T.);
#9551=ORIENTED_EDGE('',*,*,#9546,.T.);
#9552=ORIENTED_EDGE('',*,*,#9550,.T.);
#9553=ORIENTED_EDGE('',*,*,#8997,.F.);
#9554=AXIS2_PLACEMENT_3D('',#8838,#1040,#486);
#9555=PLANE('',#9554);
#9556=EDGE_LOOP('',(#9551,#9552,#9553));
#9557=FACE_BOUND('',#9556,.T.);
#9558=ADVANCED_FACE('',(#9557),#9555,.T.);
#9559=ORIENTED_EDGE('',*,*,#9550,.F.);
#9560=ORIENTED_EDGE('',*,*,#9472,.F.);
#9561=ORIENTED_EDGE('',*,*,#9249,.F.);
#9562=AXIS2_PLACEMENT_3D('',#8842,#1040,#1027);
#9563=PLANE('',#9562);
#9564=EDGE_LOOP('',(#9559,#9560,#9561));
#9565=FACE_BOUND('',#9564,.T.);
#9566=ADVANCED_FACE('',(#9565),#9563,.T.);
#9567=DIRECTION('',(0.0,0.9079593845004515,-0.41905817746174684));
#9568=VECTOR('',#9567,1000.0);
#9569=LINE('',#8862,#9568);
#9570=EDGE_CURVE('',#8863,#8839,#9569,.T.);
#9571=ORIENTED_EDGE('',*,*,#9126,.F.);
#9572=ORIENTED_EDGE('',*,*,#9570,.T.);
#9573=ORIENTED_EDGE('',*,*,#8966,.F.);
#9574=AXIS2_PLACEMENT_3D('',#8834,#12,#486);
#9575=PLANE('',#9574);
#9576=EDGE_LOOP('',(#9571,#9572,#9573));
#9577=FACE_BOUND('',#9576,.T.);
#9578=ADVANCED_FACE('',(#9577),#9575,.T.);
#9579=ORIENTED_EDGE('',*,*,#9570,.F.);
#9580=ORIENTED_EDGE('',*,*,#9505,.F.);
#9581=ORIENTED_EDGE('',*,*,#9546,.F.);
#9582=DIRECTION('',(0.0,-0.9079593845004515,0.41905817746174684));
#9583=AXIS2_PLACEMENT_3D('',#8838,#12,#9582);
#9584=PLANE('',#9583);
#9585=EDGE_LOOP('',(#9579,#9580,#9581));
#9586=FACE_BOUND('',#9585,.T.);
#9587=ADVANCED_FACE('',(#9586),#9584,.T.);
#9588=DIRECTION('',(0.0,-0.9079593845004515,-0.41905817746174684));
#9589=VECTOR('',#9588,1000.0);
#9590=LINE('',#8854,#9589);
#9591=EDGE_CURVE('',#8855,#8909,#9590,.T.);
#9592=LINE('',#8908,#504);
#9593=EDGE_CURVE('',#8909,#8867,#9592,.T.);
#9594=ORIENTED_EDGE('',*,*,#9239,.F.);
#9595=ORIENTED_EDGE('',*,*,#9591,.T.);
#9596=ORIENTED_EDGE('',*,*,#9593,.T.);
#9597=DIRECTION('',(-1.0,0.0,-0.0));
#9598=DIRECTION('',(0.0,1.0,0.0));
#9599=AXIS2_PLACEMENT_3D('',#8866,#9597,#9598);
#9600=PLANE('',#9599);
#9601=EDGE_LOOP('',(#9594,#9595,#9596));
#9602=FACE_BOUND('',#9601,.T.);
#9603=ADVANCED_FACE('',(#9602),#9600,.T.);
#9604=LINE('',#8850,#487);
#9605=EDGE_CURVE('',#8851,#8909,#9604,.T.);
#9606=ORIENTED_EDGE('',*,*,#9591,.F.);
#9607=ORIENTED_EDGE('',*,*,#9062,.F.);
#9608=ORIENTED_EDGE('',*,*,#9605,.T.);
#9609=DIRECTION('',(0.0,0.9079593845004515,0.41905817746174684));
#9610=AXIS2_PLACEMENT_3D('',#8908,#524,#9609);
#9611=PLANE('',#9610);
#9612=EDGE_LOOP('',(#9606,#9607,#9608));
#9613=FACE_BOUND('',#9612,.T.);
#9614=ADVANCED_FACE('',(#9613),#9611,.T.);
#9615=LINE('',#8910,#504);
#9616=EDGE_CURVE('',#8911,#8869,#9615,.T.);
#9617=DIRECTION('',(-0.9486832980505139,0.0,-0.3162277660168377));
#9618=VECTOR('',#9617,1000.0);
#9619=LINE('',#8868,#9618);
#9620=EDGE_CURVE('',#8869,#8913,#9619,.T.);
#9621=LINE('',#8912,#537);
#9622=EDGE_CURVE('',#8913,#8911,#9621,.T.);
#9623=ORIENTED_EDGE('',*,*,#9616,.T.);
#9624=ORIENTED_EDGE('',*,*,#9620,.T.);
#9625=ORIENTED_EDGE('',*,*,#9622,.T.);
#9626=DIRECTION('',(-0.0,-1.0,0.0));
#9627=AXIS2_PLACEMENT_3D('',#8910,#9626,#11);
#9628=PLANE('',#9627);
#9629=EDGE_LOOP('',(#9623,#9624,#9625));
#9630=FACE_BOUND('',#9629,.T.);
#9631=ADVANCED_FACE('',(#9630),#9628,.T.);
#9632=DIRECTION('',(0.7071067811865483,0.0,-0.7071067811865467));
#9633=VECTOR('',#9632,1000.0);
#9634=LINE('',#8866,#9633);
#9635=EDGE_CURVE('',#8867,#8913,#9634,.T.);
#9636=ORIENTED_EDGE('',*,*,#9620,.F.);
#9637=ORIENTED_EDGE('',*,*,#9156,.F.);
#9638=ORIENTED_EDGE('',*,*,#9635,.T.);
#9639=DIRECTION('',(0.9486832980505139,0.0,0.3162277660168377));
#9640=AXIS2_PLACEMENT_3D('',#8912,#486,#9639);
#9641=PLANE('',#9640);
#9642=EDGE_LOOP('',(#9636,#9637,#9638));
#9643=FACE_BOUND('',#9642,.T.);
#9644=ADVANCED_FACE('',(#9643),#9641,.T.);
#9645=DIRECTION('',(0.09053574604251861,0.0,-0.9958932064677037));
#9646=VECTOR('',#9645,1000.0);
#9647=LINE('',#8866,#9646);
#9648=EDGE_CURVE('',#8867,#8915,#9647,.T.);
#9649=LINE('',#8914,#504);
#9650=EDGE_CURVE('',#8915,#8913,#9649,.T.);
#9651=ORIENTED_EDGE('',*,*,#9635,.F.);
#9652=ORIENTED_EDGE('',*,*,#9648,.T.);
#9653=ORIENTED_EDGE('',*,*,#9650,.T.);
#9654=DIRECTION('',(-0.7071067811865483,0.0,0.7071067811865467));
#9655=AXIS2_PLACEMENT_3D('',#8912,#1010,#9654);
#9656=PLANE('',#9655);
#9657=EDGE_LOOP('',(#9651,#9652,#9653));
#9658=FACE_BOUND('',#9657,.T.);
#9659=ADVANCED_FACE('',(#9658),#9656,.T.);
#9660=LINE('',#8908,#9032);
#9661=EDGE_CURVE('',#8909,#8915,#9660,.T.);
#9662=ORIENTED_EDGE('',*,*,#9648,.F.);
#9663=ORIENTED_EDGE('',*,*,#9593,.F.);
#9664=ORIENTED_EDGE('',*,*,#9661,.T.);
#9665=DIRECTION('',(-0.09053574604251861,0.0,0.9958932064677037));
#9666=AXIS2_PLACEMENT_3D('',#8914,#1010,#9665);
#9667=PLANE('',#9666);
#9668=EDGE_LOOP('',(#9662,#9663,#9664));
#9669=FACE_BOUND('',#9668,.T.);
#9670=ADVANCED_FACE('',(#9669),#9667,.T.);
#9671=DIRECTION('',(0.9922778767136676,0.0,0.12403473458920845));
#9672=VECTOR('',#9671,1000.0);
#9673=LINE('',#8908,#9672);
#9674=EDGE_CURVE('',#8909,#8893,#9673,.T.);
#9675=LINE('',#8892,#525);
#9676=EDGE_CURVE('',#8893,#8915,#9675,.T.);
#9677=ORIENTED_EDGE('',*,*,#9661,.F.);
#9678=ORIENTED_EDGE('',*,*,#9674,.T.);
#9679=ORIENTED_EDGE('',*,*,#9676,.T.);
#9680=DIRECTION('',(0.0,-1.0,-0.0));
#9681=AXIS2_PLACEMENT_3D('',#8914,#9680,#8934);
#9682=PLANE('',#9681);
#9683=EDGE_LOOP('',(#9677,#9678,#9679));
#9684=FACE_BOUND('',#9683,.T.);
#9685=ADVANCED_FACE('',(#9684),#9682,.T.);
#9686=LINE('',#8908,#537);
#9687=EDGE_CURVE('',#8909,#8889,#9686,.T.);
#9688=ORIENTED_EDGE('',*,*,#9674,.F.);
#9689=ORIENTED_EDGE('',*,*,#9687,.T.);
#9690=ORIENTED_EDGE('',*,*,#9374,.F.);
#9691=DIRECTION('',(0.0,-1.0,-0.0));
#9692=DIRECTION('',(-0.9922778767136676,0.0,-0.12403473458920845));
#9693=AXIS2_PLACEMENT_3D('',#8892,#9691,#9692);
#9694=PLANE('',#9693);
#9695=EDGE_LOOP('',(#9688,#9689,#9690));
#9696=FACE_BOUND('',#9695,.T.);
#9697=ADVANCED_FACE('',(#9696),#9694,.T.);
#9698=LINE('',#8850,#1028);
#9699=EDGE_CURVE('',#8851,#8889,#9698,.T.);
#9700=ORIENTED_EDGE('',*,*,#9605,.F.);
#9701=ORIENTED_EDGE('',*,*,#9699,.T.);
#9702=ORIENTED_EDGE('',*,*,#9687,.F.);
#9703=DIRECTION('',(0.0,0.0,-1.0));
#9704=DIRECTION('',(0.0,1.0,0.0));
#9705=AXIS2_PLACEMENT_3D('',#8908,#9703,#9704);
#9706=PLANE('',#9705);
#9707=EDGE_LOOP('',(#9700,#9701,#9702));
#9708=FACE_BOUND('',#9707,.T.);
#9709=ADVANCED_FACE('',(#9708),#9706,.T.);
#9710=ORIENTED_EDGE('',*,*,#9699,.F.);
#9711=ORIENTED_EDGE('',*,*,#9031,.F.);
#9712=ORIENTED_EDGE('',*,*,#9343,.F.);
#9713=DIRECTION('',(0.0,0.0,-1.0));
#9714=AXIS2_PLACEMENT_3D('',#8888,#9713,#9547);
#9715=PLANE('',#9714);
#9716=EDGE_LOOP('',(#9710,#9711,#9712));
#9717=FACE_BOUND('',#9716,.T.);
#9718=ADVANCED_FACE('',(#9717),#9715,.T.);
#9719=CLOSED_SHELL('',(#8931,#8947,#8962,#8979,#8995,#9009,#9029,#9044,#9060,#9075,#9091,#9107,#9122,#9143,#9154,#9170,#9186,#9197,#9212,#9225,#9237,#9247,#9263,#9279,#9294,#9307,#9323,#9339,#9359,#9370,#9387,#9398,#9416,#9429,#9444,#9455,#9470,#9486,#9503,#9516,#9531,#9544,#9558,#9566,#9578,#9587,#9603,#9614,#9631,#9644,#9659,#9670,#9685,#9697,#9709,#9718));
#9720=MANIFOLD_SOLID_BREP('',#9719);
#9721=COLOUR_RGB('',0.8549019607843137,0.8549019607843137,0.8549019607843137);
#9722=FILL_AREA_STYLE_COLOUR('',#9721);
#9723=FILL_AREA_STYLE('',(#9722));
#9724=SURFACE_STYLE_FILL_AREA(#9723);
#9725=SURFACE_SIDE_STYLE('',(#9724));
#9726=SURFACE_STYLE_USAGE(.BOTH.,#9725);
#9727=PRESENTATION_STYLE_ASSIGNMENT((#9726));
#9728=STYLED_ITEM('',(#9727),#9720);
#9729=ADVANCED_BREP_SHAPE_REPRESENTATION('',(#9720),*);
#9730=PRODUCT_DEFINITION('','',*,*);
#9731=PRODUCT_DEFINITION_SHAPE('','',#9730);
#9732=SHAPE_REPRESENTATION('',(#13),*);
#9733=SHAPE_DEFINITION_REPRESENTATION(#9731,#9732);
#9734=SHAPE_REPRESENTATION_RELATIONSHIP('','',#9732,#9729);
ENDSEC;
END-ISO-10303-21;
